fir_id,person_id,role,confidence,source
FIR0001,P0981,suspect,0.69,FIR0001
FIR0001,P0520,suspect,0.53,FIR0001
FIR0001,P0536,mentioned_person,0.44,FIR0001
FIR0001,P0624,mentioned_person,0.41,FIR0001
FIR0001,P0144,mentioned_person,0.54,FIR0001
FIR0001,P0887,mentioned_person,0.69,FIR0001
FIR0001,P0607,mentioned_person,0.73,FIR0001
FIR0001,P0201,mentioned_person,0.59,FIR0001
FIR0001,P0914,mentioned_person,0.48,FIR0001
FIR0001,P0469,mentioned_person,0.45,FIR0001
FIR0001,P0163,mentioned_person,0.67,FIR0001
FIR0001,P0019,mentioned_person,0.92,FIR0001
FIR0001,P0635,mentioned_person,0.63,FIR0001
FIR0001,P0745,mentioned_person,0.45,FIR0001
FIR0001,P0107,mentioned_person,0.44,FIR0001
FIR0001,P0076,mentioned_person,0.41,FIR0001
FIR0001,P0270,mentioned_person,0.64,FIR0001
FIR0001,P0493,mentioned_person,0.57,FIR0001
FIR0001,P0824,mentioned_person,0.8,FIR0001
FIR0001,P0980,mentioned_person,0.55,FIR0001
FIR0001,P0013,mentioned_person,0.61,FIR0001
FIR0001,P0269,mentioned_person,0.6,FIR0001
FIR0001,P0867,mentioned_person,0.75,FIR0001
FIR0001,P0344,mentioned_person,0.47,FIR0001
FIR0001,P0172,mentioned_person,0.4,FIR0001
FIR0001,P0508,mentioned_person,0.88,FIR0001
FIR0001,P0119,mentioned_person,0.93,FIR0001
FIR0001,P0212,mentioned_person,0.7,FIR0001
FIR0001,P0338,mentioned_person,0.79,FIR0001
FIR0001,P0083,mentioned_person,0.52,FIR0001
FIR0001,P0286,mentioned_person,0.75,FIR0001
FIR0001,P0236,mentioned_person,0.54,FIR0001
FIR0001,P0321,mentioned_person,0.67,FIR0001
FIR0001,P0861,victim,0.69,FIR0001
FIR0001,P0967,mentioned_person,0.41,FIR0001
FIR0001,P0475,mentioned_person,0.95,FIR0001
FIR0001,P0038,mentioned_person,0.41,FIR0001
FIR0001,P0907,mentioned_person,0.89,FIR0001
FIR0001,P0006,mentioned_person,0.47,FIR0001
FIR0002,P0905,suspect,0.72,FIR0002
FIR0002,P0555,suspect,0.5,FIR0002
FIR0002,P0017,mentioned_person,0.48,FIR0002
FIR0002,P0665,mentioned_person,0.59,FIR0002
FIR0002,P0029,mentioned_person,0.94,FIR0002
FIR0002,P0417,mentioned_person,0.85,FIR0002
FIR0002,P0082,mentioned_person,0.62,FIR0002
FIR0002,P0925,mentioned_person,0.88,FIR0002
FIR0002,P0920,mentioned_person,0.64,FIR0002
FIR0002,P0325,mentioned_person,0.92,FIR0002
FIR0002,P0917,mentioned_person,0.6,FIR0002
FIR0002,P0060,mentioned_person,0.41,FIR0002
FIR0002,P0063,mentioned_person,0.76,FIR0002
FIR0002,P0919,mentioned_person,0.66,FIR0002
FIR0002,P0524,mentioned_person,0.75,FIR0002
FIR0002,P0677,mentioned_person,0.48,FIR0002
FIR0002,P0730,mentioned_person,0.52,FIR0002
FIR0002,P0003,mentioned_person,0.73,FIR0002
FIR0002,P0320,mentioned_person,0.74,FIR0002
FIR0002,P0552,mentioned_person,0.48,FIR0002
FIR0002,P0125,mentioned_person,0.64,FIR0002
FIR0002,P0916,mentioned_person,0.88,FIR0002
FIR0002,P0844,mentioned_person,0.88,FIR0002
FIR0002,P0964,mentioned_person,0.46,FIR0002
FIR0002,P0904,mentioned_person,0.55,FIR0002
FIR0002,P0949,mentioned_person,0.81,FIR0002
FIR0002,P0049,mentioned_person,0.78,FIR0002
FIR0002,P0773,victim,0.69,FIR0002
FIR0002,P0234,mentioned_person,0.89,FIR0002
FIR0002,P0663,mentioned_person,0.6,FIR0002
FIR0002,P0182,mentioned_person,0.81,FIR0002
FIR0003,P0037,suspect,0.9,FIR0003
FIR0003,P0217,suspect,0.51,FIR0003
FIR0003,P0154,mentioned_person,0.5,FIR0003
FIR0003,P0605,mentioned_person,0.65,FIR0003
FIR0003,P0990,mentioned_person,0.91,FIR0003
FIR0003,P0423,victim,0.84,FIR0003
FIR0003,P0019,mentioned_person,0.7,FIR0003
FIR0003,P0539,mentioned_person,0.6,FIR0003
FIR0003,P0584,mentioned_person,0.46,FIR0003
FIR0003,P0001,mentioned_person,0.4,FIR0003
FIR0003,P1000,mentioned_person,0.63,FIR0003
FIR0003,P0894,mentioned_person,0.64,FIR0003
FIR0003,P0351,mentioned_person,0.64,FIR0003
FIR0003,P0421,mentioned_person,0.5,FIR0003
FIR0003,P0173,mentioned_person,0.44,FIR0003
FIR0003,P0523,mentioned_person,0.92,FIR0003
FIR0003,P0607,mentioned_person,0.43,FIR0003
FIR0003,P0784,mentioned_person,0.43,FIR0003
FIR0004,P0662,suspect,0.54,FIR0004
FIR0004,P0595,suspect,0.54,FIR0004
FIR0004,P0257,mentioned_person,0.52,FIR0004
FIR0004,P0726,mentioned_person,0.71,FIR0004
FIR0004,P0841,mentioned_person,0.77,FIR0004
FIR0004,P0976,mentioned_person,0.71,FIR0004
FIR0004,P0081,mentioned_person,0.77,FIR0004
FIR0004,P0179,mentioned_person,0.76,FIR0004
FIR0004,P0792,victim,0.62,FIR0004
FIR0004,P0307,mentioned_person,0.55,FIR0004
FIR0004,P0775,mentioned_person,0.52,FIR0004
FIR0004,P0964,mentioned_person,0.63,FIR0004
FIR0005,P0509,suspect,0.94,FIR0005
FIR0005,P0765,suspect,0.43,FIR0005
FIR0005,P0639,mentioned_person,0.58,FIR0005
FIR0005,P0450,mentioned_person,0.63,FIR0005
FIR0005,P0705,mentioned_person,0.76,FIR0005
FIR0005,P0327,mentioned_person,0.59,FIR0005
FIR0005,P0414,mentioned_person,0.48,FIR0005
FIR0005,P0432,mentioned_person,0.69,FIR0005
FIR0005,P0782,mentioned_person,0.49,FIR0005
FIR0005,P0093,mentioned_person,0.52,FIR0005
FIR0005,P0622,victim,0.65,FIR0005
FIR0006,P0575,suspect,0.43,FIR0006
FIR0006,P0036,suspect,0.47,FIR0006
FIR0006,P0095,victim,0.79,FIR0006
FIR0007,P0207,suspect,0.9,FIR0007
FIR0007,P0303,suspect,0.53,FIR0007
FIR0007,P0586,mentioned_person,0.56,FIR0007
FIR0007,P0918,mentioned_person,0.6,FIR0007
FIR0007,P0267,victim,0.74,FIR0007
FIR0007,P0584,mentioned_person,0.76,FIR0007
FIR0007,P0053,mentioned_person,0.51,FIR0007
FIR0007,P0158,mentioned_person,0.43,FIR0007
FIR0008,P0922,suspect,0.69,FIR0008
FIR0008,P0913,suspect,0.87,FIR0008
FIR0008,P0220,mentioned_person,0.44,FIR0008
FIR0008,P0004,mentioned_person,0.93,FIR0008
FIR0008,P0066,mentioned_person,0.51,FIR0008
FIR0008,P0414,mentioned_person,0.62,FIR0008
FIR0008,P0954,mentioned_person,0.64,FIR0008
FIR0008,P0788,mentioned_person,0.8,FIR0008
FIR0008,P0722,mentioned_person,0.52,FIR0008
FIR0008,P0463,mentioned_person,0.58,FIR0008
FIR0008,P0945,mentioned_person,0.47,FIR0008
FIR0008,P0662,mentioned_person,0.58,FIR0008
FIR0008,P0298,mentioned_person,0.42,FIR0008
FIR0008,P0667,mentioned_person,0.58,FIR0008
FIR0008,P0876,mentioned_person,0.84,FIR0008
FIR0008,P0941,mentioned_person,0.76,FIR0008
FIR0008,P0593,mentioned_person,0.79,FIR0008
FIR0008,P0885,mentioned_person,0.5,FIR0008
FIR0008,P0459,mentioned_person,0.55,FIR0008
FIR0008,P0736,mentioned_person,0.72,FIR0008
FIR0008,P0218,mentioned_person,0.71,FIR0008
FIR0008,P0108,mentioned_person,0.51,FIR0008
FIR0008,P0377,mentioned_person,0.41,FIR0008
FIR0008,P0844,mentioned_person,0.85,FIR0008
FIR0008,P0490,mentioned_person,0.42,FIR0008
FIR0008,P0205,mentioned_person,0.94,FIR0008
FIR0008,P0351,mentioned_person,0.51,FIR0008
FIR0008,P0135,mentioned_person,0.78,FIR0008
FIR0008,P0001,mentioned_person,0.88,FIR0008
FIR0008,P0902,victim,0.68,FIR0008
FIR0008,P0926,mentioned_person,0.45,FIR0008
FIR0008,P0154,mentioned_person,0.75,FIR0008
FIR0008,P0966,mentioned_person,0.62,FIR0008
FIR0008,P0763,mentioned_person,0.71,FIR0008
FIR0008,P0408,mentioned_person,0.48,FIR0008
FIR0008,P0195,mentioned_person,0.95,FIR0008
FIR0008,P0447,mentioned_person,0.88,FIR0008
FIR0008,P0470,mentioned_person,0.69,FIR0008
FIR0008,P0188,mentioned_person,0.79,FIR0008
FIR0008,P0806,mentioned_person,0.71,FIR0008
FIR0008,P0505,mentioned_person,0.95,FIR0008
FIR0008,P0774,mentioned_person,0.58,FIR0008
FIR0008,P0023,mentioned_person,0.52,FIR0008
FIR0008,P0555,mentioned_person,0.46,FIR0008
FIR0008,P0996,mentioned_person,0.46,FIR0008
FIR0008,P0661,mentioned_person,0.64,FIR0008
FIR0008,P0760,mentioned_person,0.86,FIR0008
FIR0008,P0212,mentioned_person,0.58,FIR0008
FIR0008,P0746,mentioned_person,0.86,FIR0008
FIR0008,P0333,mentioned_person,0.55,FIR0008
FIR0008,P0669,mentioned_person,0.83,FIR0008
FIR0008,P0908,mentioned_person,0.58,FIR0008
FIR0008,P0777,mentioned_person,0.57,FIR0008
FIR0008,P0528,mentioned_person,0.76,FIR0008
FIR0008,P0586,mentioned_person,0.77,FIR0008
FIR0008,P0451,mentioned_person,0.94,FIR0008
FIR0008,P0617,mentioned_person,0.9,FIR0008
FIR0008,P0043,mentioned_person,0.46,FIR0008
FIR0008,P0318,mentioned_person,0.44,FIR0008
FIR0008,P0035,mentioned_person,0.92,FIR0008
FIR0008,P0674,mentioned_person,0.87,FIR0008
FIR0008,P0085,mentioned_person,0.69,FIR0008
FIR0008,P0375,mentioned_person,0.82,FIR0008
FIR0008,P0148,mentioned_person,0.54,FIR0008
FIR0008,P0860,mentioned_person,0.93,FIR0008
FIR0008,P0229,mentioned_person,0.84,FIR0008
FIR0008,P0964,mentioned_person,0.56,FIR0008
FIR0008,P0424,mentioned_person,0.5,FIR0008
FIR0008,P0289,mentioned_person,0.76,FIR0008
FIR0008,P0293,mentioned_person,0.76,FIR0008
FIR0008,P0805,mentioned_person,0.69,FIR0008
FIR0008,P0049,mentioned_person,0.71,FIR0008
FIR0008,P0301,mentioned_person,0.89,FIR0008
FIR0008,P0171,mentioned_person,0.85,FIR0008
FIR0009,P0763,suspect,0.86,FIR0009
FIR0009,P0399,suspect,0.56,FIR0009
FIR0009,P0967,mentioned_person,0.41,FIR0009
FIR0009,P0979,mentioned_person,0.79,FIR0009
FIR0009,P0013,mentioned_person,0.59,FIR0009
FIR0009,P0351,mentioned_person,0.57,FIR0009
FIR0009,P0838,mentioned_person,0.44,FIR0009
FIR0009,P0016,mentioned_person,0.55,FIR0009
FIR0009,P0472,mentioned_person,0.54,FIR0009
FIR0009,P0529,mentioned_person,0.47,FIR0009
FIR0009,P0137,mentioned_person,0.79,FIR0009
FIR0009,P0141,mentioned_person,0.71,FIR0009
FIR0009,P0029,mentioned_person,0.45,FIR0009
FIR0009,P0858,mentioned_person,0.79,FIR0009
FIR0009,P0012,mentioned_person,0.87,FIR0009
FIR0009,P0871,mentioned_person,0.43,FIR0009
FIR0009,P0055,mentioned_person,0.76,FIR0009
FIR0009,P0725,mentioned_person,0.9,FIR0009
FIR0009,P0208,mentioned_person,0.44,FIR0009
FIR0009,P0124,mentioned_person,0.48,FIR0009
FIR0009,P0430,mentioned_person,0.91,FIR0009
FIR0009,P0547,mentioned_person,0.72,FIR0009
FIR0009,P0225,mentioned_person,0.81,FIR0009
FIR0009,P0083,mentioned_person,0.63,FIR0009
FIR0009,P0798,mentioned_person,0.7,FIR0009
FIR0009,P0125,mentioned_person,0.81,FIR0009
FIR0009,P0670,mentioned_person,0.67,FIR0009
FIR0009,P0228,mentioned_person,0.61,FIR0009
FIR0009,P0340,mentioned_person,0.55,FIR0009
FIR0009,P0282,mentioned_person,0.5,FIR0009
FIR0009,P0374,mentioned_person,0.42,FIR0009
FIR0009,P0517,mentioned_person,0.81,FIR0009
FIR0009,P0814,mentioned_person,0.93,FIR0009
FIR0009,P0599,mentioned_person,0.71,FIR0009
FIR0009,P0905,mentioned_person,0.6,FIR0009
FIR0009,P0426,mentioned_person,0.53,FIR0009
FIR0009,P0380,mentioned_person,0.63,FIR0009
FIR0009,P0103,mentioned_person,0.45,FIR0009
FIR0009,P0964,mentioned_person,0.88,FIR0009
FIR0009,P0076,mentioned_person,0.9,FIR0009
FIR0009,P0315,mentioned_person,0.53,FIR0009
FIR0009,P0255,mentioned_person,0.59,FIR0009
FIR0009,P0740,mentioned_person,0.46,FIR0009
FIR0009,P0505,mentioned_person,0.76,FIR0009
FIR0009,P0332,mentioned_person,0.4,FIR0009
FIR0009,P0445,mentioned_person,0.66,FIR0009
FIR0009,P0008,mentioned_person,0.45,FIR0009
FIR0009,P0140,victim,0.87,FIR0009
FIR0009,P0400,mentioned_person,0.45,FIR0009
FIR0009,P0886,mentioned_person,0.66,FIR0009
FIR0009,P0538,mentioned_person,0.69,FIR0009
FIR0009,P0164,mentioned_person,0.72,FIR0009
FIR0009,P0709,mentioned_person,0.47,FIR0009
FIR0009,P0397,mentioned_person,0.67,FIR0009
FIR0009,P0248,mentioned_person,0.59,FIR0009
FIR0009,P0609,mentioned_person,0.83,FIR0009
FIR0009,P0436,mentioned_person,0.86,FIR0009
FIR0009,P0200,mentioned_person,0.77,FIR0009
FIR0009,P0133,mentioned_person,0.56,FIR0009
FIR0009,P0567,mentioned_person,0.62,FIR0009
FIR0009,P0323,mentioned_person,0.94,FIR0009
FIR0009,P0755,mentioned_person,0.52,FIR0009
FIR0009,P0041,mentioned_person,0.84,FIR0009
FIR0009,P0250,mentioned_person,0.44,FIR0009
FIR0009,P0826,mentioned_person,0.6,FIR0009
FIR0009,P0840,mentioned_person,0.85,FIR0009
FIR0009,P0990,mentioned_person,0.84,FIR0009
FIR0009,P0440,mentioned_person,0.71,FIR0009
FIR0009,P0421,mentioned_person,0.46,FIR0009
FIR0009,P0787,mentioned_person,0.42,FIR0009
FIR0009,P0376,mentioned_person,0.74,FIR0009
FIR0009,P0572,mentioned_person,0.81,FIR0009
FIR0009,P0651,mentioned_person,0.63,FIR0009
FIR0009,P0247,mentioned_person,0.84,FIR0009
FIR0009,P0153,mentioned_person,0.94,FIR0009
FIR0009,P0658,mentioned_person,0.62,FIR0009
FIR0009,P0294,mentioned_person,0.91,FIR0009
FIR0009,P0861,mentioned_person,0.84,FIR0009
FIR0009,P0827,mentioned_person,0.51,FIR0009
FIR0010,P0288,suspect,0.48,FIR0010
FIR0010,P0534,suspect,0.84,FIR0010
FIR0010,P0141,mentioned_person,0.59,FIR0010
FIR0010,P0978,mentioned_person,0.43,FIR0010
FIR0010,P0730,mentioned_person,0.44,FIR0010
FIR0010,P0231,mentioned_person,0.81,FIR0010
FIR0010,P0794,mentioned_person,0.91,FIR0010
FIR0010,P0353,mentioned_person,0.46,FIR0010
FIR0010,P0210,mentioned_person,0.56,FIR0010
FIR0010,P0006,mentioned_person,0.42,FIR0010
FIR0010,P0720,mentioned_person,0.88,FIR0010
FIR0010,P0815,mentioned_person,0.78,FIR0010
FIR0010,P0694,mentioned_person,0.86,FIR0010
FIR0010,P0319,mentioned_person,0.44,FIR0010
FIR0010,P0960,mentioned_person,0.82,FIR0010
FIR0010,P0129,mentioned_person,0.63,FIR0010
FIR0010,P0510,mentioned_person,0.57,FIR0010
FIR0010,P0746,mentioned_person,0.46,FIR0010
FIR0010,P0967,mentioned_person,0.52,FIR0010
FIR0010,P0486,mentioned_person,0.6,FIR0010
FIR0010,P0061,mentioned_person,0.64,FIR0010
FIR0010,P0124,mentioned_person,0.84,FIR0010
FIR0010,P0809,mentioned_person,0.45,FIR0010
FIR0010,P0159,mentioned_person,0.5,FIR0010
FIR0010,P0506,mentioned_person,0.93,FIR0010
FIR0010,P0814,mentioned_person,0.54,FIR0010
FIR0010,P0440,mentioned_person,0.43,FIR0010
FIR0010,P0436,mentioned_person,0.57,FIR0010
FIR0010,P0499,mentioned_person,0.94,FIR0010
FIR0010,P0832,mentioned_person,0.41,FIR0010
FIR0010,P0076,mentioned_person,0.56,FIR0010
FIR0010,P0594,mentioned_person,0.9,FIR0010
FIR0010,P0428,mentioned_person,0.9,FIR0010
FIR0010,P0280,mentioned_person,0.42,FIR0010
FIR0010,P0144,mentioned_person,0.8,FIR0010
FIR0010,P0999,mentioned_person,0.74,FIR0010
FIR0010,P0983,victim,0.81,FIR0010
FIR0010,P0939,mentioned_person,0.74,FIR0010
FIR0010,P0028,mentioned_person,0.82,FIR0010
FIR0010,P0830,mentioned_person,0.67,FIR0010
FIR0010,P0085,mentioned_person,0.95,FIR0010
FIR0010,P0416,mentioned_person,0.44,FIR0010
FIR0010,P0840,mentioned_person,0.58,FIR0010
FIR0010,P0807,mentioned_person,0.41,FIR0010
FIR0010,P0565,mentioned_person,0.93,FIR0010
FIR0010,P0904,mentioned_person,0.52,FIR0010
FIR0011,P0649,suspect,0.46,FIR0011
FIR0011,P0510,suspect,0.74,FIR0011
FIR0011,P0437,mentioned_person,0.47,FIR0011
FIR0011,P0137,mentioned_person,0.57,FIR0011
FIR0011,P0361,mentioned_person,0.61,FIR0011
FIR0011,P0705,mentioned_person,0.72,FIR0011
FIR0011,P0402,victim,0.7,FIR0011
FIR0011,P0842,mentioned_person,0.91,FIR0011
FIR0011,P0549,mentioned_person,0.91,FIR0011
FIR0011,P0587,mentioned_person,0.75,FIR0011
FIR0011,P0794,mentioned_person,0.71,FIR0011
FIR0011,P0416,mentioned_person,0.82,FIR0011
FIR0011,P0034,mentioned_person,0.79,FIR0011
FIR0012,P0174,suspect,0.54,FIR0012
FIR0012,P0927,suspect,0.91,FIR0012
FIR0012,P0235,mentioned_person,0.79,FIR0012
FIR0012,P0670,mentioned_person,0.6,FIR0012
FIR0012,P0715,mentioned_person,0.48,FIR0012
FIR0012,P0637,mentioned_person,0.61,FIR0012
FIR0012,P0257,mentioned_person,0.56,FIR0012
FIR0012,P0096,mentioned_person,0.48,FIR0012
FIR0013,P0196,suspect,0.88,FIR0013
FIR0013,P0325,suspect,0.84,FIR0013
FIR0013,P0309,mentioned_person,0.59,FIR0013
FIR0013,P0759,victim,0.58,FIR0013
FIR0013,P0383,mentioned_person,0.92,FIR0013
FIR0013,P0344,mentioned_person,0.58,FIR0013
FIR0013,P0443,mentioned_person,0.93,FIR0013
FIR0013,P0517,mentioned_person,0.67,FIR0013
FIR0014,P0454,suspect,0.71,FIR0014
FIR0014,P0801,suspect,0.92,FIR0014
FIR0014,P0233,mentioned_person,0.92,FIR0014
FIR0014,P0754,mentioned_person,0.95,FIR0014
FIR0014,P0842,victim,0.53,FIR0014
FIR0014,P0026,mentioned_person,0.64,FIR0014
FIR0014,P0234,mentioned_person,0.6,FIR0014
FIR0014,P0666,mentioned_person,0.5,FIR0014
FIR0014,P0610,mentioned_person,0.81,FIR0014
FIR0014,P0332,mentioned_person,0.54,FIR0014
FIR0014,P0889,mentioned_person,0.81,FIR0014
FIR0014,P0703,mentioned_person,0.78,FIR0014
FIR0014,P0643,mentioned_person,0.72,FIR0014
FIR0014,P0414,mentioned_person,0.51,FIR0014
FIR0014,P0861,mentioned_person,0.44,FIR0014
FIR0014,P0266,mentioned_person,0.42,FIR0014
FIR0014,P0627,mentioned_person,0.72,FIR0014
FIR0014,P0807,mentioned_person,0.44,FIR0014
FIR0014,P0342,mentioned_person,0.6,FIR0014
FIR0014,P0843,mentioned_person,0.91,FIR0014
FIR0014,P0168,mentioned_person,0.68,FIR0014
FIR0014,P0697,mentioned_person,0.77,FIR0014
FIR0014,P0171,mentioned_person,0.63,FIR0014
FIR0014,P0001,mentioned_person,0.69,FIR0014
FIR0014,P0691,mentioned_person,0.47,FIR0014
FIR0014,P0116,mentioned_person,0.5,FIR0014
FIR0014,P0616,mentioned_person,0.59,FIR0014
FIR0014,P0449,mentioned_person,0.92,FIR0014
FIR0014,P0502,mentioned_person,0.95,FIR0014
FIR0015,P0930,suspect,0.58,FIR0015
FIR0015,P0261,suspect,0.91,FIR0015
FIR0015,P0587,victim,0.45,FIR0015
FIR0015,P0611,mentioned_person,0.52,FIR0015
FIR0015,P0046,mentioned_person,0.88,FIR0015
FIR0016,P0486,suspect,0.71,FIR0016
FIR0016,P0704,suspect,0.66,FIR0016
FIR0016,P0099,mentioned_person,0.87,FIR0016
FIR0016,P0130,mentioned_person,0.94,FIR0016
FIR0016,P0550,mentioned_person,0.91,FIR0016
FIR0016,P0979,mentioned_person,0.56,FIR0016
FIR0016,P0591,mentioned_person,0.95,FIR0016
FIR0016,P0319,mentioned_person,0.4,FIR0016
FIR0016,P0566,mentioned_person,0.87,FIR0016
FIR0016,P0926,mentioned_person,0.83,FIR0016
FIR0016,P0547,victim,0.6,FIR0016
FIR0016,P0875,mentioned_person,0.67,FIR0016
FIR0016,P0962,mentioned_person,0.77,FIR0016
FIR0016,P0861,mentioned_person,0.66,FIR0016
FIR0016,P0343,mentioned_person,0.64,FIR0016
FIR0016,P0859,mentioned_person,0.65,FIR0016
FIR0016,P0801,mentioned_person,0.52,FIR0016
FIR0016,P0452,mentioned_person,0.79,FIR0016
FIR0016,P0913,mentioned_person,0.48,FIR0016
FIR0016,P0729,mentioned_person,0.83,FIR0016
FIR0016,P0355,mentioned_person,0.62,FIR0016
FIR0016,P0092,mentioned_person,0.53,FIR0016
FIR0016,P0826,mentioned_person,0.93,FIR0016
FIR0016,P0737,mentioned_person,0.66,FIR0016
FIR0016,P0521,mentioned_person,0.6,FIR0016
FIR0016,P0786,mentioned_person,0.48,FIR0016
FIR0016,P0909,mentioned_person,0.44,FIR0016
FIR0016,P0029,mentioned_person,0.69,FIR0016
FIR0016,P0150,mentioned_person,0.47,FIR0016
FIR0016,P0189,mentioned_person,0.92,FIR0016
FIR0016,P0384,mentioned_person,0.67,FIR0016
FIR0016,P0002,mentioned_person,0.81,FIR0016
FIR0016,P0906,mentioned_person,0.61,FIR0016
FIR0016,P0534,mentioned_person,0.53,FIR0016
FIR0016,P0730,mentioned_person,0.8,FIR0016
FIR0016,P0489,mentioned_person,0.81,FIR0016
FIR0016,P0889,mentioned_person,0.81,FIR0016
FIR0016,P0447,mentioned_person,0.62,FIR0016
FIR0016,P0956,mentioned_person,0.75,FIR0016
FIR0016,P0210,mentioned_person,0.51,FIR0016
FIR0016,P0829,mentioned_person,0.93,FIR0016
FIR0016,P0076,mentioned_person,0.44,FIR0016
FIR0016,P0732,mentioned_person,0.73,FIR0016
FIR0016,P0032,mentioned_person,0.78,FIR0016
FIR0017,P0186,suspect,0.54,FIR0017
FIR0017,P0723,suspect,0.81,FIR0017
FIR0017,P0695,mentioned_person,0.78,FIR0017
FIR0017,P0727,mentioned_person,0.77,FIR0017
FIR0017,P0139,mentioned_person,0.48,FIR0017
FIR0017,P0862,mentioned_person,0.77,FIR0017
FIR0017,P0318,mentioned_person,0.43,FIR0017
FIR0017,P0870,mentioned_person,0.58,FIR0017
FIR0017,P0219,mentioned_person,0.65,FIR0017
FIR0017,P0624,mentioned_person,0.42,FIR0017
FIR0017,P0313,mentioned_person,0.94,FIR0017
FIR0017,P0730,mentioned_person,0.65,FIR0017
FIR0017,P0579,mentioned_person,0.61,FIR0017
FIR0017,P1000,mentioned_person,0.75,FIR0017
FIR0017,P0600,mentioned_person,0.42,FIR0017
FIR0017,P0450,mentioned_person,0.77,FIR0017
FIR0017,P0196,mentioned_person,0.42,FIR0017
FIR0017,P0359,mentioned_person,0.61,FIR0017
FIR0017,P0397,mentioned_person,0.73,FIR0017
FIR0017,P0953,victim,0.43,FIR0017
FIR0017,P0463,mentioned_person,0.92,FIR0017
FIR0017,P0404,mentioned_person,0.47,FIR0017
FIR0017,P0693,mentioned_person,0.61,FIR0017
FIR0017,P0748,mentioned_person,0.41,FIR0017
FIR0017,P0728,mentioned_person,0.91,FIR0017
FIR0017,P0029,mentioned_person,0.86,FIR0017
FIR0017,P0198,mentioned_person,0.81,FIR0017
FIR0017,P0970,mentioned_person,0.81,FIR0017
FIR0017,P0026,mentioned_person,0.79,FIR0017
FIR0017,P0356,mentioned_person,0.61,FIR0017
FIR0017,P0009,mentioned_person,0.76,FIR0017
FIR0017,P0775,mentioned_person,0.59,FIR0017
FIR0017,P0520,mentioned_person,0.53,FIR0017
FIR0017,P0043,mentioned_person,0.48,FIR0017
FIR0017,P0785,mentioned_person,0.65,FIR0017
FIR0017,P0456,mentioned_person,0.86,FIR0017
FIR0017,P0806,mentioned_person,0.69,FIR0017
FIR0017,P0249,mentioned_person,0.78,FIR0017
FIR0017,P0287,mentioned_person,0.88,FIR0017
FIR0017,P0550,mentioned_person,0.9,FIR0017
FIR0017,P0178,mentioned_person,0.48,FIR0017
FIR0017,P0814,mentioned_person,0.45,FIR0017
FIR0017,P0511,mentioned_person,0.4,FIR0017
FIR0017,P0307,mentioned_person,0.52,FIR0017
FIR0018,P0772,suspect,0.78,FIR0018
FIR0018,P0613,suspect,0.63,FIR0018
FIR0018,P0970,mentioned_person,0.55,FIR0018
FIR0018,P0664,mentioned_person,0.93,FIR0018
FIR0018,P0103,mentioned_person,0.44,FIR0018
FIR0018,P0021,mentioned_person,0.54,FIR0018
FIR0018,P0273,mentioned_person,0.72,FIR0018
FIR0018,P0810,mentioned_person,0.55,FIR0018
FIR0018,P0728,mentioned_person,0.51,FIR0018
FIR0018,P0893,mentioned_person,0.52,FIR0018
FIR0018,P0930,mentioned_person,0.68,FIR0018
FIR0018,P0148,mentioned_person,0.67,FIR0018
FIR0018,P0663,mentioned_person,0.9,FIR0018
FIR0018,P0732,mentioned_person,0.74,FIR0018
FIR0018,P0355,mentioned_person,0.51,FIR0018
FIR0018,P0552,mentioned_person,0.71,FIR0018
FIR0018,P0239,mentioned_person,0.94,FIR0018
FIR0018,P0277,mentioned_person,0.77,FIR0018
FIR0018,P0589,mentioned_person,0.72,FIR0018
FIR0018,P0448,mentioned_person,0.63,FIR0018
FIR0018,P0585,mentioned_person,0.64,FIR0018
FIR0018,P0120,mentioned_person,0.79,FIR0018
FIR0018,P0745,mentioned_person,0.41,FIR0018
FIR0018,P0326,mentioned_person,0.45,FIR0018
FIR0018,P0778,mentioned_person,0.4,FIR0018
FIR0018,P0535,mentioned_person,0.59,FIR0018
FIR0018,P0757,mentioned_person,0.75,FIR0018
FIR0018,P0921,mentioned_person,0.88,FIR0018
FIR0018,P0924,mentioned_person,0.44,FIR0018
FIR0018,P0036,mentioned_person,0.76,FIR0018
FIR0018,P0248,mentioned_person,0.61,FIR0018
FIR0018,P0786,mentioned_person,0.51,FIR0018
FIR0018,P0789,mentioned_person,0.5,FIR0018
FIR0018,P0918,victim,0.75,FIR0018
FIR0018,P0219,mentioned_person,0.54,FIR0018
FIR0018,P0673,mentioned_person,0.72,FIR0018
FIR0018,P0680,mentioned_person,0.74,FIR0018
FIR0018,P0393,mentioned_person,0.61,FIR0018
FIR0018,P0012,mentioned_person,0.57,FIR0018
FIR0018,P0991,mentioned_person,0.71,FIR0018
FIR0018,P0776,mentioned_person,0.49,FIR0018
FIR0018,P0665,mentioned_person,0.85,FIR0018
FIR0018,P0931,mentioned_person,0.93,FIR0018
FIR0018,P0246,mentioned_person,0.87,FIR0018
FIR0018,P0986,mentioned_person,0.52,FIR0018
FIR0018,P0005,mentioned_person,0.49,FIR0018
FIR0018,P0531,mentioned_person,0.53,FIR0018
FIR0018,P0466,mentioned_person,0.56,FIR0018
FIR0018,P0584,mentioned_person,0.72,FIR0018
FIR0018,P0163,mentioned_person,0.79,FIR0018
FIR0018,P0746,mentioned_person,0.56,FIR0018
FIR0018,P0168,mentioned_person,0.9,FIR0018
FIR0018,P0854,mentioned_person,0.63,FIR0018
FIR0018,P0596,mentioned_person,0.72,FIR0018
FIR0019,P0888,suspect,0.78,FIR0019
FIR0019,P0333,suspect,0.84,FIR0019
FIR0019,P0406,mentioned_person,0.86,FIR0019
FIR0019,P0538,mentioned_person,0.71,FIR0019
FIR0019,P0283,mentioned_person,0.67,FIR0019
FIR0019,P0215,mentioned_person,0.56,FIR0019
FIR0019,P0498,mentioned_person,0.86,FIR0019
FIR0019,P0354,mentioned_person,0.47,FIR0019
FIR0019,P0772,mentioned_person,0.65,FIR0019
FIR0019,P0222,mentioned_person,0.71,FIR0019
FIR0019,P0547,mentioned_person,0.93,FIR0019
FIR0019,P0257,mentioned_person,0.89,FIR0019
FIR0019,P0816,mentioned_person,0.45,FIR0019
FIR0019,P0723,victim,0.46,FIR0019
FIR0019,P0242,mentioned_person,0.58,FIR0019
FIR0019,P0722,mentioned_person,0.68,FIR0019
FIR0019,P0431,mentioned_person,0.83,FIR0019
FIR0019,P0635,mentioned_person,0.59,FIR0019
FIR0019,P0458,mentioned_person,0.76,FIR0019
FIR0019,P0929,mentioned_person,0.69,FIR0019
FIR0019,P0404,mentioned_person,0.82,FIR0019
FIR0019,P0052,mentioned_person,0.6,FIR0019
FIR0019,P0228,mentioned_person,0.64,FIR0019
FIR0019,P0050,mentioned_person,0.77,FIR0019
FIR0019,P0587,mentioned_person,0.92,FIR0019
FIR0019,P0613,mentioned_person,0.8,FIR0019
FIR0019,P0270,mentioned_person,0.69,FIR0019
FIR0019,P0582,mentioned_person,0.78,FIR0019
FIR0019,P0710,mentioned_person,0.69,FIR0019
FIR0019,P0703,mentioned_person,0.74,FIR0019
FIR0019,P0998,mentioned_person,0.76,FIR0019
FIR0019,P0313,mentioned_person,0.46,FIR0019
FIR0019,P0759,mentioned_person,0.71,FIR0019
FIR0019,P0741,mentioned_person,0.45,FIR0019
FIR0019,P0933,mentioned_person,0.61,FIR0019
FIR0019,P0762,mentioned_person,0.55,FIR0019
FIR0019,P0528,mentioned_person,0.6,FIR0019
FIR0019,P0734,mentioned_person,0.57,FIR0019
FIR0019,P0777,mentioned_person,0.73,FIR0019
FIR0019,P0912,mentioned_person,0.55,FIR0019
FIR0019,P0295,mentioned_person,0.45,FIR0019
FIR0019,P0438,mentioned_person,0.59,FIR0019
FIR0019,P0894,mentioned_person,0.64,FIR0019
FIR0019,P0850,mentioned_person,0.58,FIR0019
FIR0019,P0990,mentioned_person,0.65,FIR0019
FIR0019,P0687,mentioned_person,0.84,FIR0019
FIR0019,P0755,mentioned_person,0.76,FIR0019
FIR0019,P0733,mentioned_person,0.42,FIR0019
FIR0019,P0107,mentioned_person,0.71,FIR0019
FIR0019,P0823,mentioned_person,0.73,FIR0019
FIR0019,P0532,mentioned_person,0.64,FIR0019
FIR0019,P0463,mentioned_person,0.75,FIR0019
FIR0019,P0343,mentioned_person,0.63,FIR0019
FIR0019,P0291,mentioned_person,0.76,FIR0019
FIR0019,P0062,mentioned_person,0.48,FIR0019
FIR0019,P0649,mentioned_person,0.7,FIR0019
FIR0019,P0407,mentioned_person,0.89,FIR0019
FIR0019,P0625,mentioned_person,0.54,FIR0019
FIR0020,P0985,suspect,0.87,FIR0020
FIR0020,P0820,suspect,0.91,FIR0020
FIR0020,P0850,mentioned_person,0.81,FIR0020
FIR0020,P0541,mentioned_person,0.77,FIR0020
FIR0020,P0435,mentioned_person,0.62,FIR0020
FIR0020,P0023,mentioned_person,0.83,FIR0020
FIR0020,P0565,mentioned_person,0.51,FIR0020
FIR0020,P0911,mentioned_person,0.8,FIR0020
FIR0020,P0714,mentioned_person,0.45,FIR0020
FIR0020,P0693,mentioned_person,0.84,FIR0020
FIR0020,P0951,mentioned_person,0.71,FIR0020
FIR0020,P0273,mentioned_person,0.68,FIR0020
FIR0020,P0065,mentioned_person,0.84,FIR0020
FIR0020,P0132,mentioned_person,0.59,FIR0020
FIR0020,P0443,mentioned_person,0.61,FIR0020
FIR0020,P0494,mentioned_person,0.79,FIR0020
FIR0020,P0214,mentioned_person,0.86,FIR0020
FIR0020,P0239,mentioned_person,0.62,FIR0020
FIR0020,P1000,mentioned_person,0.57,FIR0020
FIR0020,P0041,mentioned_person,0.73,FIR0020
FIR0020,P0669,mentioned_person,0.52,FIR0020
FIR0020,P0206,mentioned_person,0.45,FIR0020
FIR0020,P0010,mentioned_person,0.41,FIR0020
FIR0020,P0817,mentioned_person,0.66,FIR0020
FIR0020,P0345,mentioned_person,0.61,FIR0020
FIR0020,P0964,mentioned_person,0.44,FIR0020
FIR0020,P0048,mentioned_person,0.6,FIR0020
FIR0020,P0763,mentioned_person,0.77,FIR0020
FIR0020,P0203,mentioned_person,0.84,FIR0020
FIR0020,P0572,mentioned_person,0.65,FIR0020
FIR0020,P0397,mentioned_person,0.51,FIR0020
FIR0020,P0789,victim,0.77,FIR0020
FIR0020,P0950,mentioned_person,0.53,FIR0020
FIR0020,P0606,mentioned_person,0.84,FIR0020
FIR0020,P0296,mentioned_person,0.83,FIR0020
FIR0020,P0487,mentioned_person,0.45,FIR0020
FIR0020,P0411,mentioned_person,0.57,FIR0020
FIR0020,P0949,mentioned_person,0.85,FIR0020
FIR0020,P0767,mentioned_person,0.67,FIR0020
FIR0020,P0742,mentioned_person,0.78,FIR0020
FIR0020,P0975,mentioned_person,0.87,FIR0020
FIR0020,P0007,mentioned_person,0.42,FIR0020
FIR0020,P0502,mentioned_person,0.61,FIR0020
FIR0020,P0191,mentioned_person,0.5,FIR0020
FIR0020,P0621,mentioned_person,0.5,FIR0020
FIR0020,P0930,mentioned_person,0.55,FIR0020
FIR0020,P0125,mentioned_person,0.87,FIR0020
FIR0020,P0927,mentioned_person,0.84,FIR0020
FIR0020,P0707,mentioned_person,0.65,FIR0020
FIR0020,P0127,mentioned_person,0.61,FIR0020
FIR0020,P0670,mentioned_person,0.88,FIR0020
FIR0020,P0842,mentioned_person,0.66,FIR0020
FIR0020,P0561,mentioned_person,0.66,FIR0020
FIR0020,P0195,mentioned_person,0.64,FIR0020
FIR0020,P0651,mentioned_person,0.83,FIR0020
FIR0020,P0674,mentioned_person,0.67,FIR0020
FIR0020,P0066,mentioned_person,0.83,FIR0020
FIR0020,P0302,mentioned_person,0.6,FIR0020
FIR0020,P0255,mentioned_person,0.83,FIR0020
FIR0020,P0076,mentioned_person,0.59,FIR0020
FIR0020,P0406,mentioned_person,0.87,FIR0020
FIR0020,P0543,mentioned_person,0.82,FIR0020
FIR0020,P0107,mentioned_person,0.67,FIR0020
FIR0020,P0448,mentioned_person,0.6,FIR0020
FIR0020,P0708,mentioned_person,0.44,FIR0020
FIR0020,P0802,mentioned_person,0.89,FIR0020
FIR0020,P0177,mentioned_person,0.87,FIR0020
FIR0020,P0826,mentioned_person,0.6,FIR0020
FIR0020,P0038,mentioned_person,0.9,FIR0020
FIR0020,P0071,mentioned_person,0.71,FIR0020
FIR0020,P0544,mentioned_person,0.86,FIR0020
FIR0020,P0620,mentioned_person,0.82,FIR0020
FIR0020,P0421,mentioned_person,0.78,FIR0020
FIR0020,P0907,mentioned_person,0.79,FIR0020
FIR0020,P0812,mentioned_person,0.87,FIR0020
FIR0021,P0801,suspect,0.86,FIR0021
FIR0021,P0038,suspect,0.78,FIR0021
FIR0021,P0127,mentioned_person,0.7,FIR0021
FIR0021,P0113,mentioned_person,0.88,FIR0021
FIR0021,P0401,mentioned_person,0.76,FIR0021
FIR0021,P0624,mentioned_person,0.65,FIR0021
FIR0021,P0954,mentioned_person,0.8,FIR0021
FIR0021,P0591,mentioned_person,0.74,FIR0021
FIR0021,P0738,mentioned_person,0.41,FIR0021
FIR0021,P0328,mentioned_person,0.4,FIR0021
FIR0021,P0483,mentioned_person,0.51,FIR0021
FIR0021,P0132,mentioned_person,0.91,FIR0021
FIR0021,P0616,mentioned_person,0.6,FIR0021
FIR0021,P0585,mentioned_person,0.5,FIR0021
FIR0021,P0431,mentioned_person,0.83,FIR0021
FIR0021,P0187,mentioned_person,0.9,FIR0021
FIR0021,P0922,mentioned_person,0.75,FIR0021
FIR0021,P0840,mentioned_person,0.4,FIR0021
FIR0021,P0090,mentioned_person,0.5,FIR0021
FIR0021,P0974,mentioned_person,0.52,FIR0021
FIR0021,P0938,mentioned_person,0.51,FIR0021
FIR0021,P0942,mentioned_person,0.7,FIR0021
FIR0021,P0200,mentioned_person,0.63,FIR0021
FIR0021,P0806,mentioned_person,0.61,FIR0021
FIR0021,P0763,victim,0.48,FIR0021
FIR0021,P0358,mentioned_person,0.59,FIR0021
FIR0022,P0875,suspect,0.49,FIR0022
FIR0022,P0184,suspect,0.79,FIR0022
FIR0022,P0364,mentioned_person,0.55,FIR0022
FIR0022,P0346,mentioned_person,0.54,FIR0022
FIR0022,P0277,mentioned_person,0.87,FIR0022
FIR0022,P0498,mentioned_person,0.45,FIR0022
FIR0022,P0908,mentioned_person,0.55,FIR0022
FIR0022,P0504,victim,0.75,FIR0022
FIR0023,P0933,suspect,0.89,FIR0023
FIR0023,P0760,suspect,0.87,FIR0023
FIR0023,P0892,mentioned_person,0.49,FIR0023
FIR0023,P0393,mentioned_person,0.6,FIR0023
FIR0023,P0246,mentioned_person,0.55,FIR0023
FIR0023,P0093,mentioned_person,0.52,FIR0023
FIR0023,P0536,mentioned_person,0.56,FIR0023
FIR0023,P0063,mentioned_person,0.76,FIR0023
FIR0023,P0992,mentioned_person,0.47,FIR0023
FIR0023,P0678,mentioned_person,0.46,FIR0023
FIR0023,P0925,mentioned_person,0.62,FIR0023
FIR0023,P0624,mentioned_person,0.71,FIR0023
FIR0023,P0358,mentioned_person,0.55,FIR0023
FIR0023,P0315,mentioned_person,0.94,FIR0023
FIR0023,P0444,mentioned_person,0.76,FIR0023
FIR0023,P0679,mentioned_person,0.47,FIR0023
FIR0023,P0149,mentioned_person,0.67,FIR0023
FIR0023,P0878,mentioned_person,0.78,FIR0023
FIR0023,P0058,mentioned_person,0.48,FIR0023
FIR0023,P0434,mentioned_person,0.94,FIR0023
FIR0023,P0191,mentioned_person,0.47,FIR0023
FIR0023,P0575,mentioned_person,0.71,FIR0023
FIR0023,P0084,mentioned_person,0.92,FIR0023
FIR0023,P0915,mentioned_person,0.74,FIR0023
FIR0023,P0756,mentioned_person,0.71,FIR0023
FIR0023,P0048,mentioned_person,0.45,FIR0023
FIR0023,P0176,mentioned_person,0.5,FIR0023
FIR0023,P0346,mentioned_person,0.72,FIR0023
FIR0023,P0479,mentioned_person,0.8,FIR0023
FIR0023,P0182,mentioned_person,0.57,FIR0023
FIR0023,P0172,mentioned_person,0.82,FIR0023
FIR0023,P0843,mentioned_person,0.82,FIR0023
FIR0023,P0245,mentioned_person,0.81,FIR0023
FIR0023,P0596,mentioned_person,0.83,FIR0023
FIR0023,P0630,mentioned_person,0.62,FIR0023
FIR0023,P0905,mentioned_person,0.41,FIR0023
FIR0023,P0081,mentioned_person,0.82,FIR0023
FIR0023,P0531,mentioned_person,0.58,FIR0023
FIR0023,P0714,mentioned_person,0.75,FIR0023
FIR0023,P0857,mentioned_person,0.69,FIR0023
FIR0023,P0699,mentioned_person,0.65,FIR0023
FIR0023,P0024,mentioned_person,0.84,FIR0023
FIR0023,P0665,mentioned_person,0.69,FIR0023
FIR0023,P0526,mentioned_person,0.8,FIR0023
FIR0023,P0303,mentioned_person,0.9,FIR0023
FIR0023,P0123,mentioned_person,0.66,FIR0023
FIR0023,P0644,mentioned_person,0.9,FIR0023
FIR0023,P0166,victim,0.46,FIR0023
FIR0023,P0098,mentioned_person,0.92,FIR0023
FIR0023,P0380,mentioned_person,0.48,FIR0023
FIR0023,P0340,mentioned_person,0.49,FIR0023
FIR0023,P0101,mentioned_person,0.44,FIR0023
FIR0023,P0397,mentioned_person,0.42,FIR0023
FIR0023,P0970,mentioned_person,0.8,FIR0023
FIR0023,P0386,mentioned_person,0.79,FIR0023
FIR0023,P0602,mentioned_person,0.56,FIR0023
FIR0023,P0914,mentioned_person,0.63,FIR0023
FIR0023,P0518,mentioned_person,0.73,FIR0023
FIR0023,P0167,mentioned_person,0.83,FIR0023
FIR0023,P0208,mentioned_person,0.66,FIR0023
FIR0023,P0731,mentioned_person,0.67,FIR0023
FIR0023,P0431,mentioned_person,0.9,FIR0023
FIR0023,P0594,mentioned_person,0.52,FIR0023
FIR0023,P0334,mentioned_person,0.86,FIR0023
FIR0023,P0898,mentioned_person,0.5,FIR0023
FIR0023,P0803,mentioned_person,0.74,FIR0023
FIR0023,P0522,mentioned_person,0.95,FIR0023
FIR0023,P0932,mentioned_person,0.41,FIR0023
FIR0023,P0675,mentioned_person,0.57,FIR0023
FIR0023,P0832,mentioned_person,0.63,FIR0023
FIR0023,P0827,mentioned_person,0.86,FIR0023
FIR0023,P0060,mentioned_person,0.76,FIR0023
FIR0023,P0661,mentioned_person,0.71,FIR0023
FIR0023,P0552,mentioned_person,0.94,FIR0023
FIR0023,P0351,mentioned_person,0.62,FIR0023
FIR0023,P0629,mentioned_person,0.88,FIR0023
FIR0023,P0353,mentioned_person,0.83,FIR0023
FIR0024,P0436,suspect,0.65,FIR0024
FIR0024,P0429,suspect,0.56,FIR0024
FIR0024,P0236,mentioned_person,0.74,FIR0024
FIR0024,P0630,mentioned_person,0.84,FIR0024
FIR0024,P0162,mentioned_person,0.6,FIR0024
FIR0024,P0288,mentioned_person,0.44,FIR0024
FIR0024,P0967,mentioned_person,0.55,FIR0024
FIR0024,P0366,mentioned_person,0.44,FIR0024
FIR0024,P0384,mentioned_person,0.91,FIR0024
FIR0024,P0544,mentioned_person,0.82,FIR0024
FIR0024,P0212,mentioned_person,0.44,FIR0024
FIR0024,P0404,mentioned_person,0.57,FIR0024
FIR0024,P0169,mentioned_person,0.81,FIR0024
FIR0024,P0070,mentioned_person,0.55,FIR0024
FIR0024,P0038,mentioned_person,0.8,FIR0024
FIR0024,P0318,mentioned_person,0.94,FIR0024
FIR0024,P0882,mentioned_person,0.84,FIR0024
FIR0024,P0772,mentioned_person,0.46,FIR0024
FIR0024,P0206,mentioned_person,0.61,FIR0024
FIR0024,P0241,mentioned_person,0.42,FIR0024
FIR0024,P0482,mentioned_person,0.7,FIR0024
FIR0024,P0263,mentioned_person,0.48,FIR0024
FIR0024,P0684,mentioned_person,0.62,FIR0024
FIR0024,P0590,mentioned_person,0.83,FIR0024
FIR0024,P0666,mentioned_person,0.48,FIR0024
FIR0024,P0780,mentioned_person,0.9,FIR0024
FIR0024,P0221,mentioned_person,0.84,FIR0024
FIR0024,P0635,mentioned_person,0.67,FIR0024
FIR0024,P0960,mentioned_person,0.44,FIR0024
FIR0024,P0205,mentioned_person,0.83,FIR0024
FIR0024,P0063,mentioned_person,0.58,FIR0024
FIR0024,P0266,mentioned_person,0.66,FIR0024
FIR0024,P0391,mentioned_person,0.61,FIR0024
FIR0024,P0963,mentioned_person,0.48,FIR0024
FIR0024,P0219,mentioned_person,0.57,FIR0024
FIR0024,P0250,mentioned_person,0.45,FIR0024
FIR0024,P0249,mentioned_person,0.49,FIR0024
FIR0024,P0297,mentioned_person,0.63,FIR0024
FIR0024,P0337,mentioned_person,0.68,FIR0024
FIR0024,P0565,mentioned_person,0.68,FIR0024
FIR0024,P0885,mentioned_person,0.8,FIR0024
FIR0024,P0736,mentioned_person,0.59,FIR0024
FIR0024,P0865,mentioned_person,0.41,FIR0024
FIR0024,P0352,mentioned_person,0.66,FIR0024
FIR0024,P0878,mentioned_person,0.87,FIR0024
FIR0024,P0824,mentioned_person,0.53,FIR0024
FIR0024,P0451,mentioned_person,0.76,FIR0024
FIR0024,P0529,mentioned_person,0.49,FIR0024
FIR0024,P0240,mentioned_person,0.72,FIR0024
FIR0024,P0491,mentioned_person,0.66,FIR0024
FIR0024,P0353,mentioned_person,0.71,FIR0024
FIR0024,P0850,mentioned_person,0.64,FIR0024
FIR0024,P0806,mentioned_person,0.53,FIR0024
FIR0024,P0245,mentioned_person,0.66,FIR0024
FIR0024,P0557,mentioned_person,0.66,FIR0024
FIR0024,P0158,mentioned_person,0.4,FIR0024
FIR0024,P0310,victim,0.6,FIR0024
FIR0024,P0364,mentioned_person,0.5,FIR0024
FIR0024,P0537,mentioned_person,0.71,FIR0024
FIR0024,P0421,mentioned_person,0.42,FIR0024
FIR0024,P0925,mentioned_person,0.83,FIR0024
FIR0024,P0903,mentioned_person,0.88,FIR0024
FIR0024,P0302,mentioned_person,0.6,FIR0024
FIR0024,P0223,mentioned_person,0.83,FIR0024
FIR0024,P0438,mentioned_person,0.52,FIR0024
FIR0024,P0155,mentioned_person,0.94,FIR0024
FIR0024,P0880,mentioned_person,0.78,FIR0024
FIR0024,P0702,mentioned_person,0.72,FIR0024
FIR0024,P0182,mentioned_person,0.56,FIR0024
FIR0024,P0074,mentioned_person,0.92,FIR0024
FIR0024,P0787,mentioned_person,0.43,FIR0024
FIR0024,P0778,mentioned_person,0.92,FIR0024
FIR0024,P0541,mentioned_person,0.8,FIR0024
FIR0024,P0387,mentioned_person,0.64,FIR0024
FIR0024,P0422,mentioned_person,0.93,FIR0024
FIR0024,P0402,mentioned_person,0.65,FIR0024
FIR0024,P0731,mentioned_person,0.57,FIR0024
FIR0024,P0447,mentioned_person,0.91,FIR0024
FIR0024,P0328,mentioned_person,0.71,FIR0024
FIR0025,P0510,suspect,0.45,FIR0025
FIR0025,P0603,suspect,0.48,FIR0025
FIR0025,P0711,mentioned_person,0.61,FIR0025
FIR0025,P0223,mentioned_person,0.61,FIR0025
FIR0025,P0550,mentioned_person,0.79,FIR0025
FIR0025,P0900,mentioned_person,0.56,FIR0025
FIR0025,P0751,mentioned_person,0.92,FIR0025
FIR0025,P0625,victim,0.94,FIR0025
FIR0026,P0689,suspect,0.56,FIR0026
FIR0026,P0759,suspect,0.77,FIR0026
FIR0026,P0734,mentioned_person,0.78,FIR0026
FIR0026,P0095,mentioned_person,0.58,FIR0026
FIR0026,P0903,mentioned_person,0.64,FIR0026
FIR0026,P0290,mentioned_person,0.75,FIR0026
FIR0026,P0069,mentioned_person,0.43,FIR0026
FIR0026,P0577,mentioned_person,0.61,FIR0026
FIR0026,P0162,mentioned_person,0.79,FIR0026
FIR0026,P0034,mentioned_person,0.48,FIR0026
FIR0026,P0843,mentioned_person,0.82,FIR0026
FIR0026,P0397,mentioned_person,0.84,FIR0026
FIR0026,P0187,mentioned_person,0.68,FIR0026
FIR0026,P0992,mentioned_person,0.52,FIR0026
FIR0026,P0946,mentioned_person,0.6,FIR0026
FIR0026,P0473,mentioned_person,0.66,FIR0026
FIR0026,P0979,mentioned_person,0.94,FIR0026
FIR0026,P0767,mentioned_person,0.78,FIR0026
FIR0026,P0895,mentioned_person,0.84,FIR0026
FIR0026,P0431,mentioned_person,0.61,FIR0026
FIR0026,P0851,mentioned_person,0.75,FIR0026
FIR0026,P0773,mentioned_person,0.83,FIR0026
FIR0026,P0394,mentioned_person,0.52,FIR0026
FIR0026,P0153,mentioned_person,0.53,FIR0026
FIR0026,P0849,victim,0.74,FIR0026
FIR0026,P0883,mentioned_person,0.61,FIR0026
FIR0026,P0094,mentioned_person,0.74,FIR0026
FIR0027,P0627,suspect,0.41,FIR0027
FIR0027,P0126,suspect,0.53,FIR0027
FIR0027,P0811,mentioned_person,0.53,FIR0027
FIR0027,P0937,mentioned_person,0.84,FIR0027
FIR0027,P0203,mentioned_person,0.88,FIR0027
FIR0027,P0943,mentioned_person,0.9,FIR0027
FIR0027,P0532,mentioned_person,0.7,FIR0027
FIR0027,P0292,mentioned_person,0.43,FIR0027
FIR0027,P0149,mentioned_person,0.53,FIR0027
FIR0027,P0153,mentioned_person,0.69,FIR0027
FIR0027,P0995,mentioned_person,0.54,FIR0027
FIR0027,P0547,mentioned_person,0.56,FIR0027
FIR0027,P0068,mentioned_person,0.93,FIR0027
FIR0027,P0558,mentioned_person,0.64,FIR0027
FIR0027,P0688,mentioned_person,0.82,FIR0027
FIR0027,P0870,mentioned_person,0.61,FIR0027
FIR0027,P0327,mentioned_person,0.47,FIR0027
FIR0027,P0218,mentioned_person,0.94,FIR0027
FIR0027,P0823,mentioned_person,0.67,FIR0027
FIR0027,P0692,mentioned_person,0.52,FIR0027
FIR0027,P0971,mentioned_person,0.62,FIR0027
FIR0027,P0586,mentioned_person,0.51,FIR0027
FIR0027,P0975,mentioned_person,0.9,FIR0027
FIR0027,P0154,mentioned_person,0.43,FIR0027
FIR0027,P0664,mentioned_person,0.52,FIR0027
FIR0027,P0258,mentioned_person,0.53,FIR0027
FIR0027,P0066,mentioned_person,0.52,FIR0027
FIR0027,P0541,mentioned_person,0.82,FIR0027
FIR0027,P0259,mentioned_person,0.44,FIR0027
FIR0027,P0899,mentioned_person,0.7,FIR0027
FIR0027,P0467,mentioned_person,0.94,FIR0027
FIR0027,P0158,mentioned_person,0.78,FIR0027
FIR0028,P0813,suspect,0.44,FIR0028
FIR0028,P0054,suspect,0.64,FIR0028
FIR0028,P0250,victim,0.51,FIR0028
FIR0028,P0648,mentioned_person,0.95,FIR0028
FIR0028,P0502,mentioned_person,0.66,FIR0028
FIR0028,P0146,mentioned_person,0.47,FIR0028
FIR0028,P0431,mentioned_person,0.42,FIR0028
FIR0028,P0430,mentioned_person,0.81,FIR0028
FIR0028,P0588,mentioned_person,0.45,FIR0028
FIR0028,P0226,mentioned_person,0.9,FIR0028
FIR0028,P0414,mentioned_person,0.74,FIR0028
FIR0028,P0003,mentioned_person,0.83,FIR0028
FIR0028,P0170,mentioned_person,0.8,FIR0028
FIR0029,P0849,suspect,0.45,FIR0029
FIR0029,P0341,suspect,0.4,FIR0029
FIR0029,P0125,mentioned_person,0.8,FIR0029
FIR0029,P0171,mentioned_person,0.61,FIR0029
FIR0029,P0378,mentioned_person,0.89,FIR0029
FIR0029,P0822,mentioned_person,0.77,FIR0029
FIR0029,P0842,mentioned_person,0.51,FIR0029
FIR0029,P0933,mentioned_person,0.55,FIR0029
FIR0029,P0634,victim,0.78,FIR0029
FIR0029,P0810,mentioned_person,0.79,FIR0029
FIR0029,P0282,mentioned_person,0.64,FIR0029
FIR0029,P0870,mentioned_person,0.55,FIR0029
FIR0029,P0597,mentioned_person,0.47,FIR0029
FIR0029,P0986,mentioned_person,0.63,FIR0029
FIR0029,P0322,mentioned_person,0.69,FIR0029
FIR0029,P0901,mentioned_person,0.5,FIR0029
FIR0029,P0791,mentioned_person,0.84,FIR0029
FIR0029,P0845,mentioned_person,0.71,FIR0029
FIR0029,P0851,mentioned_person,0.6,FIR0029
FIR0030,P0026,suspect,0.71,FIR0030
FIR0030,P0501,suspect,0.59,FIR0030
FIR0030,P0374,mentioned_person,0.69,FIR0030
FIR0030,P0320,mentioned_person,0.65,FIR0030
FIR0030,P0477,mentioned_person,0.61,FIR0030
FIR0030,P0327,mentioned_person,0.44,FIR0030
FIR0030,P0813,mentioned_person,0.52,FIR0030
FIR0030,P0375,mentioned_person,0.73,FIR0030
FIR0030,P0740,mentioned_person,0.64,FIR0030
FIR0030,P0011,mentioned_person,0.61,FIR0030
FIR0030,P0857,mentioned_person,0.45,FIR0030
FIR0030,P0354,mentioned_person,0.47,FIR0030
FIR0030,P0411,mentioned_person,0.65,FIR0030
FIR0030,P0027,mentioned_person,0.47,FIR0030
FIR0030,P0269,mentioned_person,0.63,FIR0030
FIR0030,P0818,mentioned_person,0.56,FIR0030
FIR0030,P0984,mentioned_person,0.64,FIR0030
FIR0030,P0883,mentioned_person,0.8,FIR0030
FIR0030,P0355,mentioned_person,0.69,FIR0030
FIR0030,P0055,mentioned_person,0.7,FIR0030
FIR0030,P0697,mentioned_person,0.41,FIR0030
FIR0030,P0716,mentioned_person,0.85,FIR0030
FIR0030,P0478,mentioned_person,0.7,FIR0030
FIR0030,P0880,mentioned_person,0.85,FIR0030
FIR0030,P0409,victim,0.51,FIR0030
FIR0030,P0489,mentioned_person,0.84,FIR0030
FIR0030,P0810,mentioned_person,0.67,FIR0030
FIR0030,P0016,mentioned_person,0.76,FIR0030
FIR0030,P0069,mentioned_person,0.9,FIR0030
FIR0030,P0184,mentioned_person,0.56,FIR0030
FIR0030,P0758,mentioned_person,0.91,FIR0030
FIR0030,P0920,mentioned_person,0.71,FIR0030
FIR0030,P0266,mentioned_person,0.8,FIR0030
FIR0030,P0596,mentioned_person,0.46,FIR0030
FIR0031,P0323,suspect,0.89,FIR0031
FIR0031,P0805,suspect,0.66,FIR0031
FIR0031,P0117,mentioned_person,0.45,FIR0031
FIR0031,P0170,mentioned_person,0.9,FIR0031
FIR0031,P0160,mentioned_person,0.63,FIR0031
FIR0031,P0978,mentioned_person,0.87,FIR0031
FIR0031,P0694,mentioned_person,0.46,FIR0031
FIR0031,P0595,mentioned_person,0.59,FIR0031
FIR0031,P0139,mentioned_person,0.44,FIR0031
FIR0031,P0999,mentioned_person,0.93,FIR0031
FIR0031,P0998,mentioned_person,0.66,FIR0031
FIR0031,P0211,mentioned_person,0.87,FIR0031
FIR0031,P0533,mentioned_person,0.52,FIR0031
FIR0031,P0440,mentioned_person,0.56,FIR0031
FIR0031,P0778,mentioned_person,0.47,FIR0031
FIR0031,P0927,mentioned_person,0.92,FIR0031
FIR0031,P0770,mentioned_person,0.7,FIR0031
FIR0031,P0495,mentioned_person,0.63,FIR0031
FIR0031,P0016,victim,0.48,FIR0031
FIR0031,P0494,mentioned_person,0.91,FIR0031
FIR0031,P0107,mentioned_person,0.83,FIR0031
FIR0031,P0603,mentioned_person,0.89,FIR0031
FIR0031,P0539,mentioned_person,0.55,FIR0031
FIR0031,P0260,mentioned_person,0.79,FIR0031
FIR0031,P0898,mentioned_person,0.58,FIR0031
FIR0031,P0997,mentioned_person,0.45,FIR0031
FIR0031,P0723,mentioned_person,0.69,FIR0031
FIR0031,P0466,mentioned_person,0.78,FIR0031
FIR0031,P0541,mentioned_person,0.66,FIR0031
FIR0031,P0480,mentioned_person,0.61,FIR0031
FIR0031,P0492,mentioned_person,0.8,FIR0031
FIR0031,P0885,mentioned_person,0.49,FIR0031
FIR0031,P0922,mentioned_person,0.54,FIR0031
FIR0031,P0514,mentioned_person,0.49,FIR0031
FIR0031,P0940,mentioned_person,0.46,FIR0031
FIR0031,P0656,mentioned_person,0.92,FIR0031
FIR0031,P0034,mentioned_person,0.53,FIR0031
FIR0031,P0055,mentioned_person,0.49,FIR0031
FIR0031,P0593,mentioned_person,0.93,FIR0031
FIR0031,P0611,mentioned_person,0.57,FIR0031
FIR0031,P0629,mentioned_person,0.81,FIR0031
FIR0031,P0780,mentioned_person,0.42,FIR0031
FIR0031,P0022,mentioned_person,0.76,FIR0031
FIR0031,P0575,mentioned_person,0.53,FIR0031
FIR0031,P0269,mentioned_person,0.8,FIR0031
FIR0031,P0263,mentioned_person,0.82,FIR0031
FIR0031,P0327,mentioned_person,0.42,FIR0031
FIR0031,P0423,mentioned_person,0.5,FIR0031
FIR0031,P0243,mentioned_person,0.9,FIR0031
FIR0031,P0929,mentioned_person,0.53,FIR0031
FIR0031,P0788,mentioned_person,0.66,FIR0031
FIR0031,P0058,mentioned_person,0.92,FIR0031
FIR0031,P0484,mentioned_person,0.94,FIR0031
FIR0031,P0100,mentioned_person,0.77,FIR0031
FIR0031,P0585,mentioned_person,0.61,FIR0031
FIR0031,P0353,mentioned_person,0.57,FIR0031
FIR0031,P0763,mentioned_person,0.61,FIR0031
FIR0031,P0869,mentioned_person,0.81,FIR0031
FIR0031,P0787,mentioned_person,0.55,FIR0031
FIR0031,P0481,mentioned_person,0.56,FIR0031
FIR0031,P0802,mentioned_person,0.5,FIR0031
FIR0031,P0883,mentioned_person,0.62,FIR0031
FIR0031,P0919,mentioned_person,0.77,FIR0031
FIR0031,P0094,mentioned_person,0.9,FIR0031
FIR0031,P0738,mentioned_person,0.84,FIR0031
FIR0031,P0120,mentioned_person,0.88,FIR0031
FIR0031,P0207,mentioned_person,0.9,FIR0031
FIR0031,P0948,mentioned_person,0.41,FIR0031
FIR0031,P0281,mentioned_person,0.67,FIR0031
FIR0031,P0635,mentioned_person,0.69,FIR0031
FIR0031,P0033,mentioned_person,0.83,FIR0031
FIR0031,P0512,mentioned_person,0.4,FIR0031
FIR0031,P0192,mentioned_person,0.79,FIR0031
FIR0031,P0887,mentioned_person,0.84,FIR0031
FIR0031,P0557,mentioned_person,0.59,FIR0031
FIR0031,P0054,mentioned_person,0.51,FIR0031
FIR0031,P0989,mentioned_person,0.54,FIR0031
FIR0032,P0019,suspect,0.44,FIR0032
FIR0032,P0791,suspect,0.49,FIR0032
FIR0032,P0918,mentioned_person,0.55,FIR0032
FIR0032,P0615,mentioned_person,0.84,FIR0032
FIR0032,P0716,mentioned_person,0.49,FIR0032
FIR0032,P0210,mentioned_person,0.6,FIR0032
FIR0032,P0614,mentioned_person,0.72,FIR0032
FIR0032,P0207,victim,0.74,FIR0032
FIR0032,P0773,mentioned_person,0.68,FIR0032
FIR0032,P0994,mentioned_person,0.76,FIR0032
FIR0032,P0832,mentioned_person,0.75,FIR0032
FIR0032,P0649,mentioned_person,0.5,FIR0032
FIR0032,P0843,mentioned_person,0.56,FIR0032
FIR0032,P0138,mentioned_person,0.43,FIR0032
FIR0032,P0583,mentioned_person,0.75,FIR0032
FIR0032,P0631,mentioned_person,0.51,FIR0032
FIR0032,P0332,mentioned_person,0.6,FIR0032
FIR0032,P0866,mentioned_person,0.53,FIR0032
FIR0033,P0535,suspect,0.76,FIR0033
FIR0033,P0490,suspect,0.57,FIR0033
FIR0033,P0979,victim,0.64,FIR0033
FIR0033,P0095,mentioned_person,0.72,FIR0033
FIR0033,P0059,mentioned_person,0.82,FIR0033
FIR0033,P0844,mentioned_person,0.6,FIR0033
FIR0033,P0560,mentioned_person,0.55,FIR0033
FIR0033,P0675,mentioned_person,0.5,FIR0033
FIR0033,P0642,mentioned_person,0.71,FIR0033
FIR0033,P0823,mentioned_person,0.88,FIR0033
FIR0033,P0752,mentioned_person,0.82,FIR0033
FIR0033,P0799,mentioned_person,0.56,FIR0033
FIR0033,P0388,mentioned_person,0.42,FIR0033
FIR0033,P0094,mentioned_person,0.42,FIR0033
FIR0034,P0287,suspect,0.69,FIR0034
FIR0034,P0216,suspect,0.66,FIR0034
FIR0034,P0251,mentioned_person,0.9,FIR0034
FIR0035,P0414,suspect,0.78,FIR0035
FIR0035,P0894,suspect,0.44,FIR0035
FIR0035,P0856,mentioned_person,0.92,FIR0035
FIR0035,P0418,mentioned_person,0.54,FIR0035
FIR0035,P0770,mentioned_person,0.43,FIR0035
FIR0035,P0180,victim,0.71,FIR0035
FIR0035,P0483,mentioned_person,0.91,FIR0035
FIR0035,P0938,mentioned_person,0.7,FIR0035
FIR0035,P0064,mentioned_person,0.81,FIR0035
FIR0035,P0124,mentioned_person,0.56,FIR0035
FIR0035,P0660,mentioned_person,0.8,FIR0035
FIR0035,P0076,mentioned_person,0.54,FIR0035
FIR0035,P0235,mentioned_person,0.47,FIR0035
FIR0035,P0387,mentioned_person,0.7,FIR0035
FIR0035,P0925,mentioned_person,0.55,FIR0035
FIR0035,P0299,mentioned_person,0.46,FIR0035
FIR0035,P0244,mentioned_person,0.68,FIR0035
FIR0035,P0291,mentioned_person,0.91,FIR0035
FIR0035,P0530,mentioned_person,0.74,FIR0035
FIR0035,P0243,mentioned_person,0.81,FIR0035
FIR0035,P0261,mentioned_person,0.88,FIR0035
FIR0035,P0727,mentioned_person,0.58,FIR0035
FIR0035,P0587,mentioned_person,0.66,FIR0035
FIR0035,P0832,mentioned_person,0.69,FIR0035
FIR0035,P0210,mentioned_person,0.47,FIR0035
FIR0035,P0070,mentioned_person,0.89,FIR0035
FIR0035,P0537,mentioned_person,0.55,FIR0035
FIR0035,P0968,mentioned_person,0.83,FIR0035
FIR0035,P0930,mentioned_person,0.94,FIR0035
FIR0035,P0741,mentioned_person,0.59,FIR0035
FIR0035,P0236,mentioned_person,0.77,FIR0035
FIR0035,P0361,mentioned_person,0.47,FIR0035
FIR0035,P0569,mentioned_person,0.63,FIR0035
FIR0035,P0628,mentioned_person,0.87,FIR0035
FIR0035,P0276,mentioned_person,0.54,FIR0035
FIR0035,P0931,mentioned_person,0.77,FIR0035
FIR0035,P0100,mentioned_person,0.84,FIR0035
FIR0035,P0193,mentioned_person,0.57,FIR0035
FIR0035,P0839,mentioned_person,0.54,FIR0035
FIR0035,P0428,mentioned_person,0.83,FIR0035
FIR0035,P0729,mentioned_person,0.57,FIR0035
FIR0035,P0564,mentioned_person,0.41,FIR0035
FIR0035,P0001,mentioned_person,0.87,FIR0035
FIR0035,P0423,mentioned_person,0.74,FIR0035
FIR0035,P0252,mentioned_person,0.69,FIR0035
FIR0035,P0590,mentioned_person,0.69,FIR0035
FIR0035,P0278,mentioned_person,0.54,FIR0035
FIR0035,P0306,mentioned_person,0.87,FIR0035
FIR0035,P0972,mentioned_person,0.47,FIR0035
FIR0035,P0020,mentioned_person,0.89,FIR0035
FIR0035,P0300,mentioned_person,0.53,FIR0035
FIR0035,P0634,mentioned_person,0.44,FIR0035
FIR0036,P0970,suspect,0.78,FIR0036
FIR0036,P0954,suspect,0.83,FIR0036
FIR0036,P0595,mentioned_person,0.57,FIR0036
FIR0036,P0351,victim,0.94,FIR0036
FIR0036,P0851,mentioned_person,0.48,FIR0036
FIR0036,P0437,mentioned_person,0.56,FIR0036
FIR0036,P0442,mentioned_person,0.65,FIR0036
FIR0036,P0644,mentioned_person,0.81,FIR0036
FIR0037,P0723,suspect,0.42,FIR0037
FIR0037,P0557,suspect,0.92,FIR0037
FIR0037,P0441,mentioned_person,0.74,FIR0037
FIR0037,P0599,mentioned_person,0.69,FIR0037
FIR0037,P0094,mentioned_person,0.94,FIR0037
FIR0037,P0926,mentioned_person,0.7,FIR0037
FIR0037,P0063,mentioned_person,0.74,FIR0037
FIR0037,P0159,mentioned_person,0.53,FIR0037
FIR0037,P0644,mentioned_person,0.75,FIR0037
FIR0037,P0047,mentioned_person,0.65,FIR0037
FIR0037,P0708,mentioned_person,0.5,FIR0037
FIR0037,P0419,mentioned_person,0.79,FIR0037
FIR0037,P0852,mentioned_person,0.58,FIR0037
FIR0037,P0545,victim,0.89,FIR0037
FIR0037,P0881,mentioned_person,0.64,FIR0037
FIR0037,P0609,mentioned_person,0.93,FIR0037
FIR0037,P0004,mentioned_person,0.93,FIR0037
FIR0038,P0899,suspect,0.77,FIR0038
FIR0038,P0938,suspect,0.73,FIR0038
FIR0038,P0818,mentioned_person,0.65,FIR0038
FIR0038,P0514,mentioned_person,0.84,FIR0038
FIR0038,P0426,mentioned_person,0.43,FIR0038
FIR0038,P0781,victim,0.85,FIR0038
FIR0038,P0239,mentioned_person,0.63,FIR0038
FIR0038,P0158,mentioned_person,0.54,FIR0038
FIR0039,P0826,suspect,0.52,FIR0039
FIR0039,P0285,suspect,0.83,FIR0039
FIR0039,P0054,mentioned_person,0.43,FIR0039
FIR0039,P0608,mentioned_person,0.55,FIR0039
FIR0039,P0458,mentioned_person,0.87,FIR0039
FIR0039,P0364,victim,0.93,FIR0039
FIR0039,P0085,mentioned_person,0.59,FIR0039
FIR0039,P0244,mentioned_person,0.94,FIR0039
FIR0039,P0234,mentioned_person,0.74,FIR0039
FIR0039,P0463,mentioned_person,0.47,FIR0039
FIR0039,P0730,mentioned_person,0.62,FIR0039
FIR0039,P0564,mentioned_person,0.5,FIR0039
FIR0039,P0279,mentioned_person,0.61,FIR0039
FIR0039,P0981,mentioned_person,0.83,FIR0039
FIR0039,P0597,mentioned_person,0.94,FIR0039
FIR0039,P0143,mentioned_person,0.49,FIR0039
FIR0039,P0581,mentioned_person,0.63,FIR0039
FIR0039,P0264,mentioned_person,0.56,FIR0039
FIR0039,P0817,mentioned_person,0.63,FIR0039
FIR0039,P0004,mentioned_person,0.79,FIR0039
FIR0039,P0894,mentioned_person,0.89,FIR0039
FIR0039,P0342,mentioned_person,0.68,FIR0039
FIR0039,P0920,mentioned_person,0.61,FIR0039
FIR0039,P0425,mentioned_person,0.43,FIR0039
FIR0039,P0490,mentioned_person,0.79,FIR0039
FIR0039,P0711,mentioned_person,0.76,FIR0039
FIR0039,P0984,mentioned_person,0.81,FIR0039
FIR0039,P0737,mentioned_person,0.7,FIR0039
FIR0039,P0811,mentioned_person,0.67,FIR0039
FIR0039,P0047,mentioned_person,0.85,FIR0039
FIR0039,P0697,mentioned_person,0.72,FIR0039
FIR0039,P0961,mentioned_person,0.92,FIR0039
FIR0039,P0093,mentioned_person,0.71,FIR0039
FIR0039,P0231,mentioned_person,0.53,FIR0039
FIR0039,P0089,mentioned_person,0.69,FIR0039
FIR0039,P0033,mentioned_person,0.75,FIR0039
FIR0039,P0945,mentioned_person,0.64,FIR0039
FIR0039,P0735,mentioned_person,0.62,FIR0039
FIR0039,P0139,mentioned_person,0.45,FIR0039
FIR0039,P0947,mentioned_person,0.59,FIR0039
FIR0039,P0302,mentioned_person,0.54,FIR0039
FIR0039,P0477,mentioned_person,0.4,FIR0039
FIR0039,P0621,mentioned_person,0.71,FIR0039
FIR0039,P0549,mentioned_person,0.63,FIR0039
FIR0039,P0413,mentioned_person,0.77,FIR0039
FIR0039,P0729,mentioned_person,0.8,FIR0039
FIR0039,P0024,mentioned_person,0.92,FIR0039
FIR0039,P0485,mentioned_person,0.44,FIR0039
FIR0039,P0766,mentioned_person,0.51,FIR0039
FIR0039,P0319,mentioned_person,0.64,FIR0039
FIR0039,P0733,mentioned_person,0.64,FIR0039
FIR0040,P0869,suspect,0.52,FIR0040
FIR0040,P0581,suspect,0.66,FIR0040
FIR0040,P0335,mentioned_person,0.54,FIR0040
FIR0041,P0772,suspect,0.64,FIR0041
FIR0041,P0917,suspect,0.61,FIR0041
FIR0041,P0714,mentioned_person,0.78,FIR0041
FIR0041,P0659,mentioned_person,0.46,FIR0041
FIR0041,P0311,mentioned_person,0.73,FIR0041
FIR0041,P0176,mentioned_person,0.42,FIR0041
FIR0041,P0535,mentioned_person,0.46,FIR0041
FIR0041,P0186,mentioned_person,0.68,FIR0041
FIR0041,P0095,mentioned_person,0.69,FIR0041
FIR0041,P0461,mentioned_person,0.43,FIR0041
FIR0041,P0544,mentioned_person,0.69,FIR0041
FIR0041,P0153,mentioned_person,0.49,FIR0041
FIR0041,P0640,mentioned_person,0.73,FIR0041
FIR0041,P0382,mentioned_person,0.46,FIR0041
FIR0041,P0954,mentioned_person,0.87,FIR0041
FIR0041,P0610,mentioned_person,0.5,FIR0041
FIR0041,P0759,mentioned_person,0.43,FIR0041
FIR0041,P0636,mentioned_person,0.7,FIR0041
FIR0041,P0124,victim,0.89,FIR0041
FIR0041,P0947,mentioned_person,0.68,FIR0041
FIR0041,P0928,mentioned_person,0.74,FIR0041
FIR0041,P0729,mentioned_person,0.4,FIR0041
FIR0041,P0410,mentioned_person,0.55,FIR0041
FIR0041,P0310,mentioned_person,0.47,FIR0041
FIR0041,P0534,mentioned_person,0.5,FIR0041
FIR0041,P0671,mentioned_person,0.57,FIR0041
FIR0042,P0431,suspect,0.94,FIR0042
FIR0042,P0529,suspect,0.89,FIR0042
FIR0042,P0513,mentioned_person,0.68,FIR0042
FIR0042,P0754,mentioned_person,0.93,FIR0042
FIR0042,P0013,mentioned_person,0.78,FIR0042
FIR0042,P0427,mentioned_person,0.6,FIR0042
FIR0042,P0490,mentioned_person,0.6,FIR0042
FIR0042,P0512,mentioned_person,0.84,FIR0042
FIR0042,P0588,mentioned_person,0.6,FIR0042
FIR0042,P0546,mentioned_person,0.68,FIR0042
FIR0042,P0987,mentioned_person,0.95,FIR0042
FIR0042,P0954,mentioned_person,0.75,FIR0042
FIR0042,P0217,mentioned_person,0.87,FIR0042
FIR0042,P0468,mentioned_person,0.55,FIR0042
FIR0042,P0772,mentioned_person,0.84,FIR0042
FIR0042,P0194,mentioned_person,0.79,FIR0042
FIR0042,P0583,mentioned_person,0.82,FIR0042
FIR0042,P0907,mentioned_person,0.62,FIR0042
FIR0042,P0043,victim,0.5,FIR0042
FIR0043,P0310,suspect,0.55,FIR0043
FIR0043,P0133,suspect,0.93,FIR0043
FIR0043,P0844,mentioned_person,0.84,FIR0043
FIR0043,P0984,mentioned_person,0.9,FIR0043
FIR0043,P0074,victim,0.87,FIR0043
FIR0044,P0227,suspect,0.93,FIR0044
FIR0044,P0689,suspect,0.69,FIR0044
FIR0044,P0758,mentioned_person,0.51,FIR0044
FIR0044,P0747,mentioned_person,0.58,FIR0044
FIR0044,P0800,mentioned_person,0.68,FIR0044
FIR0044,P0449,mentioned_person,0.74,FIR0044
FIR0044,P0934,mentioned_person,0.49,FIR0044
FIR0044,P0030,mentioned_person,0.73,FIR0044
FIR0044,P0823,mentioned_person,0.77,FIR0044
FIR0044,P0481,mentioned_person,0.64,FIR0044
FIR0044,P0476,mentioned_person,0.77,FIR0044
FIR0044,P0049,mentioned_person,0.62,FIR0044
FIR0044,P0517,mentioned_person,0.94,FIR0044
FIR0044,P0976,victim,0.56,FIR0044
FIR0044,P0600,mentioned_person,0.84,FIR0044
FIR0044,P0052,mentioned_person,0.56,FIR0044
FIR0044,P0919,mentioned_person,0.88,FIR0044
FIR0044,P0892,mentioned_person,0.44,FIR0044
FIR0044,P0729,mentioned_person,0.85,FIR0044
FIR0045,P0125,suspect,0.84,FIR0045
FIR0045,P0916,suspect,0.45,FIR0045
FIR0045,P0573,mentioned_person,0.51,FIR0045
FIR0045,P0755,mentioned_person,0.53,FIR0045
FIR0045,P0242,victim,0.56,FIR0045
FIR0045,P0748,mentioned_person,0.4,FIR0045
FIR0045,P0281,mentioned_person,0.94,FIR0045
FIR0045,P0768,mentioned_person,0.62,FIR0045
FIR0045,P0297,mentioned_person,0.68,FIR0045
FIR0045,P0002,mentioned_person,0.79,FIR0045
FIR0045,P0785,mentioned_person,0.57,FIR0045
FIR0045,P0261,mentioned_person,0.69,FIR0045
FIR0045,P0491,mentioned_person,0.5,FIR0045
FIR0045,P0055,mentioned_person,0.5,FIR0045
FIR0046,P0253,suspect,0.71,FIR0046
FIR0046,P0170,suspect,0.9,FIR0046
FIR0046,P0498,mentioned_person,0.57,FIR0046
FIR0046,P0296,victim,0.9,FIR0046
FIR0047,P0296,suspect,0.65,FIR0047
FIR0047,P0817,suspect,0.46,FIR0047
FIR0047,P0195,mentioned_person,0.42,FIR0047
FIR0047,P0443,mentioned_person,0.41,FIR0047
FIR0048,P0632,suspect,0.81,FIR0048
FIR0048,P0482,suspect,0.92,FIR0048
FIR0048,P0394,mentioned_person,0.89,FIR0048
FIR0048,P0947,mentioned_person,0.45,FIR0048
FIR0048,P0378,mentioned_person,0.45,FIR0048
FIR0048,P0005,mentioned_person,0.55,FIR0048
FIR0048,P0231,mentioned_person,0.68,FIR0048
FIR0048,P0346,mentioned_person,0.74,FIR0048
FIR0048,P0228,mentioned_person,0.64,FIR0048
FIR0048,P0564,mentioned_person,0.72,FIR0048
FIR0048,P0593,mentioned_person,0.87,FIR0048
FIR0048,P0930,mentioned_person,0.55,FIR0048
FIR0048,P0053,mentioned_person,0.91,FIR0048
FIR0048,P0673,mentioned_person,0.51,FIR0048
FIR0048,P0124,mentioned_person,0.67,FIR0048
FIR0048,P0894,mentioned_person,0.79,FIR0048
FIR0048,P0422,mentioned_person,0.59,FIR0048
FIR0048,P0734,mentioned_person,0.87,FIR0048
FIR0048,P0235,mentioned_person,0.65,FIR0048
FIR0048,P0264,mentioned_person,0.44,FIR0048
FIR0048,P0359,mentioned_person,0.9,FIR0048
FIR0048,P0230,mentioned_person,0.55,FIR0048
FIR0048,P0563,mentioned_person,0.88,FIR0048
FIR0048,P0709,mentioned_person,0.59,FIR0048
FIR0048,P0506,mentioned_person,0.45,FIR0048
FIR0048,P0111,victim,0.85,FIR0048
FIR0048,P0873,mentioned_person,0.49,FIR0048
FIR0048,P0035,mentioned_person,0.59,FIR0048
FIR0048,P0022,mentioned_person,0.78,FIR0048
FIR0048,P0297,mentioned_person,0.81,FIR0048
FIR0048,P0533,mentioned_person,0.65,FIR0048
FIR0048,P0558,mentioned_person,0.67,FIR0048
FIR0048,P0419,mentioned_person,0.83,FIR0048
FIR0048,P0144,mentioned_person,0.84,FIR0048
FIR0048,P0961,mentioned_person,0.77,FIR0048
FIR0048,P0731,mentioned_person,0.74,FIR0048
FIR0048,P0464,mentioned_person,0.72,FIR0048
FIR0049,P0736,suspect,0.88,FIR0049
FIR0049,P0837,suspect,0.76,FIR0049
FIR0049,P0145,mentioned_person,0.81,FIR0049
FIR0049,P0224,mentioned_person,0.77,FIR0049
FIR0049,P0923,mentioned_person,0.72,FIR0049
FIR0049,P0507,mentioned_person,0.68,FIR0049
FIR0049,P0324,mentioned_person,0.82,FIR0049
FIR0049,P0165,mentioned_person,0.6,FIR0049
FIR0049,P0662,mentioned_person,0.94,FIR0049
FIR0049,P0059,mentioned_person,0.57,FIR0049
FIR0049,P0998,mentioned_person,0.86,FIR0049
FIR0049,P0172,mentioned_person,0.64,FIR0049
FIR0049,P0153,mentioned_person,0.6,FIR0049
FIR0049,P0896,victim,0.89,FIR0049
FIR0049,P0405,mentioned_person,0.43,FIR0049
FIR0049,P0156,mentioned_person,0.59,FIR0049
FIR0049,P1000,mentioned_person,0.57,FIR0049
FIR0049,P0616,mentioned_person,0.92,FIR0049
FIR0049,P0274,mentioned_person,0.74,FIR0049
FIR0049,P0843,mentioned_person,0.66,FIR0049
FIR0049,P0147,mentioned_person,0.79,FIR0049
FIR0049,P0818,mentioned_person,0.49,FIR0049
FIR0049,P0287,mentioned_person,0.6,FIR0049
FIR0049,P0417,mentioned_person,0.75,FIR0049
FIR0049,P0125,mentioned_person,0.55,FIR0049
FIR0049,P0755,mentioned_person,0.82,FIR0049
FIR0049,P0216,mentioned_person,0.53,FIR0049
FIR0050,P0118,suspect,0.87,FIR0050
FIR0050,P0156,suspect,0.7,FIR0050
FIR0050,P0700,mentioned_person,0.59,FIR0050
FIR0050,P0393,mentioned_person,0.58,FIR0050
FIR0050,P0486,mentioned_person,0.56,FIR0050
FIR0050,P0691,mentioned_person,0.81,FIR0050
FIR0050,P0046,mentioned_person,0.66,FIR0050
FIR0050,P0433,mentioned_person,0.5,FIR0050
FIR0050,P0503,mentioned_person,0.94,FIR0050
FIR0050,P0272,mentioned_person,0.78,FIR0050
FIR0050,P0136,mentioned_person,0.67,FIR0050
FIR0050,P0630,victim,0.42,FIR0050
FIR0050,P0544,mentioned_person,0.54,FIR0050
FIR0050,P0533,mentioned_person,0.86,FIR0050
FIR0050,P0080,mentioned_person,0.54,FIR0050
FIR0050,P0065,mentioned_person,0.6,FIR0050
FIR0050,P0575,mentioned_person,0.57,FIR0050
FIR0050,P0653,mentioned_person,0.82,FIR0050
FIR0050,P0843,mentioned_person,0.76,FIR0050
FIR0050,P0430,mentioned_person,0.92,FIR0050
FIR0050,P0453,mentioned_person,0.66,FIR0050
FIR0050,P0333,mentioned_person,0.81,FIR0050
FIR0050,P0534,mentioned_person,0.9,FIR0050
FIR0050,P0720,mentioned_person,0.53,FIR0050
FIR0050,P0021,mentioned_person,0.75,FIR0050
FIR0050,P0686,mentioned_person,0.75,FIR0050
FIR0050,P0816,mentioned_person,0.48,FIR0050
FIR0050,P0984,mentioned_person,0.64,FIR0050
FIR0050,P0013,mentioned_person,0.83,FIR0050
FIR0050,P0938,mentioned_person,0.66,FIR0050
FIR0050,P0190,mentioned_person,0.43,FIR0050
FIR0050,P0278,mentioned_person,0.84,FIR0050
FIR0050,P0378,mentioned_person,0.52,FIR0050
FIR0050,P0942,mentioned_person,0.85,FIR0050
FIR0050,P0582,mentioned_person,0.95,FIR0050
FIR0050,P0732,mentioned_person,0.88,FIR0050
FIR0050,P0956,mentioned_person,0.68,FIR0050
FIR0050,P0998,mentioned_person,0.75,FIR0050
FIR0050,P0180,mentioned_person,0.65,FIR0050
FIR0050,P0482,mentioned_person,0.59,FIR0050
FIR0050,P0227,mentioned_person,0.69,FIR0050
FIR0050,P0943,mentioned_person,0.58,FIR0050
FIR0050,P0401,mentioned_person,0.48,FIR0050
FIR0050,P0441,mentioned_person,0.77,FIR0050
FIR0051,P0009,suspect,0.62,FIR0051
FIR0051,P0201,suspect,0.54,FIR0051
FIR0051,P0145,mentioned_person,0.66,FIR0051
FIR0052,P0086,suspect,0.58,FIR0052
FIR0052,P0716,suspect,0.94,FIR0052
FIR0052,P0102,mentioned_person,0.74,FIR0052
FIR0052,P0783,victim,0.53,FIR0052
FIR0054,P0968,suspect,0.49,FIR0054
FIR0054,P0494,suspect,0.47,FIR0054
FIR0054,P0774,mentioned_person,0.41,FIR0054
FIR0054,P0808,victim,0.93,FIR0054
FIR0054,P0438,mentioned_person,0.8,FIR0054
FIR0054,P0874,mentioned_person,0.46,FIR0054
FIR0054,P0873,mentioned_person,0.77,FIR0054
FIR0054,P0241,mentioned_person,0.83,FIR0054
FIR0054,P0988,mentioned_person,0.82,FIR0054
FIR0054,P0901,mentioned_person,0.41,FIR0054
FIR0054,P0688,mentioned_person,0.76,FIR0054
FIR0054,P0158,mentioned_person,0.66,FIR0054
FIR0055,P0497,suspect,0.49,FIR0055
FIR0055,P0366,suspect,0.54,FIR0055
FIR0055,P0251,mentioned_person,0.49,FIR0055
FIR0055,P0126,mentioned_person,0.59,FIR0055
FIR0055,P0815,mentioned_person,0.45,FIR0055
FIR0055,P0287,victim,0.88,FIR0055
FIR0055,P0053,mentioned_person,0.93,FIR0055
FIR0055,P0559,mentioned_person,0.64,FIR0055
FIR0056,P0476,suspect,0.64,FIR0056
FIR0056,P0101,suspect,0.52,FIR0056
FIR0056,P0117,mentioned_person,0.68,FIR0056
FIR0056,P0563,mentioned_person,0.44,FIR0056
FIR0056,P0712,mentioned_person,0.55,FIR0056
FIR0056,P0398,mentioned_person,0.61,FIR0056
FIR0056,P0856,mentioned_person,0.45,FIR0056
FIR0056,P0430,mentioned_person,0.84,FIR0056
FIR0056,P0426,mentioned_person,0.68,FIR0056
FIR0056,P0402,victim,0.71,FIR0056
FIR0056,P0981,mentioned_person,0.42,FIR0056
FIR0056,P0280,mentioned_person,0.94,FIR0056
FIR0056,P0996,mentioned_person,0.66,FIR0056
FIR0056,P0711,mentioned_person,0.55,FIR0056
FIR0056,P0964,mentioned_person,0.47,FIR0056
FIR0056,P0890,mentioned_person,0.54,FIR0056
FIR0056,P0011,mentioned_person,0.75,FIR0056
FIR0057,P0179,suspect,0.59,FIR0057
FIR0057,P0725,suspect,0.64,FIR0057
FIR0057,P0688,mentioned_person,0.74,FIR0057
FIR0057,P0485,mentioned_person,0.74,FIR0057
FIR0057,P0986,mentioned_person,0.78,FIR0057
FIR0057,P0379,mentioned_person,0.78,FIR0057
FIR0057,P0687,mentioned_person,0.7,FIR0057
FIR0057,P0783,mentioned_person,0.68,FIR0057
FIR0057,P0607,mentioned_person,0.55,FIR0057
FIR0057,P0532,mentioned_person,0.41,FIR0057
FIR0057,P0698,mentioned_person,0.71,FIR0057
FIR0057,P0847,mentioned_person,0.45,FIR0057
FIR0057,P0315,mentioned_person,0.51,FIR0057
FIR0057,P0702,mentioned_person,0.63,FIR0057
FIR0057,P0992,mentioned_person,0.71,FIR0057
FIR0057,P0251,mentioned_person,0.69,FIR0057
FIR0057,P0480,mentioned_person,0.59,FIR0057
FIR0057,P0178,mentioned_person,0.85,FIR0057
FIR0057,P0728,mentioned_person,0.74,FIR0057
FIR0057,P0966,mentioned_person,0.8,FIR0057
FIR0057,P0555,mentioned_person,0.43,FIR0057
FIR0057,P0192,mentioned_person,0.61,FIR0057
FIR0057,P0809,mentioned_person,0.69,FIR0057
FIR0057,P0406,mentioned_person,0.65,FIR0057
FIR0057,P0822,mentioned_person,0.5,FIR0057
FIR0057,P0699,mentioned_person,0.79,FIR0057
FIR0057,P0775,mentioned_person,0.47,FIR0057
FIR0057,P0297,mentioned_person,0.8,FIR0057
FIR0057,P0124,mentioned_person,0.6,FIR0057
FIR0057,P0328,victim,0.52,FIR0057
FIR0057,P0429,mentioned_person,0.57,FIR0057
FIR0058,P0851,suspect,0.4,FIR0058
FIR0058,P0285,suspect,0.85,FIR0058
FIR0058,P0714,victim,0.46,FIR0058
FIR0059,P0637,suspect,0.72,FIR0059
FIR0059,P0821,suspect,0.82,FIR0059
FIR0059,P0193,mentioned_person,0.84,FIR0059
FIR0059,P0543,mentioned_person,0.87,FIR0059
FIR0059,P0187,mentioned_person,0.85,FIR0059
FIR0059,P0487,mentioned_person,0.86,FIR0059
FIR0059,P0862,mentioned_person,0.81,FIR0059
FIR0059,P0373,mentioned_person,0.53,FIR0059
FIR0059,P0771,victim,0.41,FIR0059
FIR0059,P0424,mentioned_person,0.87,FIR0059
FIR0059,P0426,mentioned_person,0.64,FIR0059
FIR0059,P0602,mentioned_person,0.57,FIR0059
FIR0059,P0350,mentioned_person,0.9,FIR0059
FIR0059,P0828,mentioned_person,0.64,FIR0059
FIR0060,P0780,suspect,0.63,FIR0060
FIR0060,P0642,suspect,0.8,FIR0060
FIR0060,P0373,mentioned_person,0.83,FIR0060
FIR0060,P0223,mentioned_person,0.46,FIR0060
FIR0060,P0671,mentioned_person,0.85,FIR0060
FIR0060,P0077,mentioned_person,0.95,FIR0060
FIR0060,P0075,mentioned_person,0.43,FIR0060
FIR0060,P0325,mentioned_person,0.44,FIR0060
FIR0060,P0466,mentioned_person,0.83,FIR0060
FIR0060,P0850,mentioned_person,0.76,FIR0060
FIR0060,P0958,mentioned_person,0.48,FIR0060
FIR0060,P0334,mentioned_person,0.55,FIR0060
FIR0060,P0117,mentioned_person,0.8,FIR0060
FIR0060,P0818,mentioned_person,0.71,FIR0060
FIR0060,P0676,mentioned_person,0.48,FIR0060
FIR0060,P0131,mentioned_person,0.86,FIR0060
FIR0060,P0425,mentioned_person,0.85,FIR0060
FIR0060,P0320,mentioned_person,0.94,FIR0060
FIR0060,P0130,mentioned_person,0.82,FIR0060
FIR0060,P0551,mentioned_person,0.53,FIR0060
FIR0060,P0296,mentioned_person,0.93,FIR0060
FIR0060,P0970,mentioned_person,0.76,FIR0060
FIR0060,P0405,mentioned_person,0.79,FIR0060
FIR0060,P0248,mentioned_person,0.71,FIR0060
FIR0060,P0960,mentioned_person,0.9,FIR0060
FIR0060,P0678,mentioned_person,0.87,FIR0060
FIR0060,P0071,mentioned_person,0.41,FIR0060
FIR0060,P0009,mentioned_person,0.92,FIR0060
FIR0060,P0541,mentioned_person,0.54,FIR0060
FIR0060,P0585,mentioned_person,0.64,FIR0060
FIR0060,P0019,mentioned_person,0.89,FIR0060
FIR0060,P0503,mentioned_person,0.41,FIR0060
FIR0060,P0529,mentioned_person,0.59,FIR0060
FIR0060,P0445,mentioned_person,0.53,FIR0060
FIR0060,P0617,mentioned_person,0.46,FIR0060
FIR0060,P0426,mentioned_person,0.59,FIR0060
FIR0060,P0157,victim,0.58,FIR0060
FIR0060,P0324,mentioned_person,0.66,FIR0060
FIR0060,P0140,mentioned_person,0.78,FIR0060
FIR0060,P0613,mentioned_person,0.53,FIR0060
FIR0060,P0458,mentioned_person,0.94,FIR0060
FIR0060,P0193,mentioned_person,0.63,FIR0060
FIR0060,P0603,mentioned_person,0.74,FIR0060
FIR0060,P0885,mentioned_person,0.78,FIR0060
FIR0060,P0207,mentioned_person,0.85,FIR0060
FIR0060,P0584,mentioned_person,0.81,FIR0060
FIR0060,P0450,mentioned_person,0.8,FIR0060
FIR0060,P0692,mentioned_person,0.68,FIR0060
FIR0061,P0577,suspect,0.9,FIR0061
FIR0061,P0884,suspect,0.54,FIR0061
FIR0061,P0062,mentioned_person,0.65,FIR0061
FIR0061,P0713,mentioned_person,0.88,FIR0061
FIR0061,P0373,mentioned_person,0.43,FIR0061
FIR0061,P0311,mentioned_person,0.72,FIR0061
FIR0061,P0358,mentioned_person,0.83,FIR0061
FIR0061,P0354,mentioned_person,0.61,FIR0061
FIR0061,P0374,mentioned_person,0.76,FIR0061
FIR0061,P0758,mentioned_person,0.89,FIR0061
FIR0061,P0696,victim,0.58,FIR0061
FIR0061,P0666,mentioned_person,0.53,FIR0061
FIR0061,P0968,mentioned_person,0.78,FIR0061
FIR0061,P0498,mentioned_person,0.85,FIR0061
FIR0061,P0371,mentioned_person,0.94,FIR0061
FIR0061,P1000,mentioned_person,0.42,FIR0061
FIR0061,P0917,mentioned_person,0.45,FIR0061
FIR0061,P0035,mentioned_person,0.44,FIR0061
FIR0061,P0733,mentioned_person,0.56,FIR0061
FIR0061,P0033,mentioned_person,0.81,FIR0061
FIR0061,P0316,mentioned_person,0.5,FIR0061
FIR0061,P0557,mentioned_person,0.52,FIR0061
FIR0061,P0730,mentioned_person,0.85,FIR0061
FIR0061,P0934,mentioned_person,0.62,FIR0061
FIR0061,P0529,mentioned_person,0.55,FIR0061
FIR0061,P0263,mentioned_person,0.89,FIR0061
FIR0061,P0381,mentioned_person,0.78,FIR0061
FIR0061,P0684,mentioned_person,0.53,FIR0061
FIR0061,P0981,mentioned_person,0.71,FIR0061
FIR0061,P0580,mentioned_person,0.94,FIR0061
FIR0061,P0550,mentioned_person,0.91,FIR0061
FIR0061,P0370,mentioned_person,0.85,FIR0061
FIR0061,P0830,mentioned_person,0.75,FIR0061
FIR0061,P0559,mentioned_person,0.89,FIR0061
FIR0061,P0851,mentioned_person,0.56,FIR0061
FIR0061,P0960,mentioned_person,0.9,FIR0061
FIR0061,P0494,mentioned_person,0.44,FIR0061
FIR0061,P0697,mentioned_person,0.56,FIR0061
FIR0061,P0241,mentioned_person,0.87,FIR0061
FIR0062,P0353,suspect,0.7,FIR0062
FIR0062,P0432,suspect,0.78,FIR0062
FIR0062,P0035,mentioned_person,0.74,FIR0062
FIR0062,P0715,mentioned_person,0.8,FIR0062
FIR0062,P0133,mentioned_person,0.64,FIR0062
FIR0062,P0497,mentioned_person,0.44,FIR0062
FIR0062,P0879,mentioned_person,0.91,FIR0062
FIR0062,P0661,mentioned_person,0.86,FIR0062
FIR0062,P0414,mentioned_person,0.66,FIR0062
FIR0062,P0198,mentioned_person,0.65,FIR0062
FIR0062,P0474,mentioned_person,0.44,FIR0062
FIR0062,P0115,mentioned_person,0.53,FIR0062
FIR0062,P0411,mentioned_person,0.45,FIR0062
FIR0062,P0617,mentioned_person,0.51,FIR0062
FIR0062,P0711,mentioned_person,0.46,FIR0062
FIR0062,P0493,mentioned_person,0.55,FIR0062
FIR0062,P0549,mentioned_person,0.65,FIR0062
FIR0062,P0899,mentioned_person,0.57,FIR0062
FIR0062,P0294,mentioned_person,0.64,FIR0062
FIR0062,P0839,mentioned_person,0.87,FIR0062
FIR0062,P0961,mentioned_person,0.49,FIR0062
FIR0062,P0345,mentioned_person,0.92,FIR0062
FIR0062,P0826,mentioned_person,0.6,FIR0062
FIR0062,P0544,mentioned_person,0.45,FIR0062
FIR0062,P0923,mentioned_person,0.64,FIR0062
FIR0062,P0933,mentioned_person,0.87,FIR0062
FIR0062,P0492,mentioned_person,0.74,FIR0062
FIR0062,P0050,mentioned_person,0.64,FIR0062
FIR0062,P0456,mentioned_person,0.67,FIR0062
FIR0062,P0116,mentioned_person,0.53,FIR0062
FIR0062,P0356,victim,0.67,FIR0062
FIR0062,P0363,mentioned_person,0.75,FIR0062
FIR0062,P0908,mentioned_person,0.74,FIR0062
FIR0062,P0072,mentioned_person,0.59,FIR0062
FIR0062,P0752,mentioned_person,0.62,FIR0062
FIR0062,P0996,mentioned_person,0.45,FIR0062
FIR0062,P0399,mentioned_person,0.44,FIR0062
FIR0062,P0855,mentioned_person,0.7,FIR0062
FIR0062,P0114,mentioned_person,0.46,FIR0062
FIR0062,P0800,mentioned_person,0.59,FIR0062
FIR0062,P0136,mentioned_person,0.55,FIR0062
FIR0062,P0001,mentioned_person,0.86,FIR0062
FIR0062,P0510,mentioned_person,0.61,FIR0062
FIR0062,P0371,mentioned_person,0.55,FIR0062
FIR0062,P0620,mentioned_person,0.43,FIR0062
FIR0062,P0272,mentioned_person,0.75,FIR0062
FIR0062,P0288,mentioned_person,0.93,FIR0062
FIR0062,P0346,mentioned_person,0.44,FIR0062
FIR0062,P0816,mentioned_person,0.7,FIR0062
FIR0062,P0331,mentioned_person,0.87,FIR0062
FIR0062,P0103,mentioned_person,0.76,FIR0062
FIR0062,P0968,mentioned_person,0.64,FIR0062
FIR0062,P0779,mentioned_person,0.7,FIR0062
FIR0062,P0350,mentioned_person,0.59,FIR0062
FIR0062,P0298,mentioned_person,0.62,FIR0062
FIR0062,P0370,mentioned_person,0.55,FIR0062
FIR0062,P0023,mentioned_person,0.46,FIR0062
FIR0062,P0631,mentioned_person,0.76,FIR0062
FIR0062,P0650,mentioned_person,0.95,FIR0062
FIR0062,P0327,mentioned_person,0.64,FIR0062
FIR0062,P0459,mentioned_person,0.73,FIR0062
FIR0062,P0890,mentioned_person,0.71,FIR0062
FIR0062,P0725,mentioned_person,0.4,FIR0062
FIR0062,P0766,mentioned_person,0.45,FIR0062
FIR0062,P0902,mentioned_person,0.82,FIR0062
FIR0062,P0049,mentioned_person,0.4,FIR0062
FIR0062,P0280,mentioned_person,0.55,FIR0062
FIR0062,P0435,mentioned_person,0.46,FIR0062
FIR0062,P0501,mentioned_person,0.89,FIR0062
FIR0062,P0740,mentioned_person,0.46,FIR0062
FIR0062,P0601,mentioned_person,0.59,FIR0062
FIR0062,P0379,mentioned_person,0.6,FIR0062
FIR0062,P0821,mentioned_person,0.78,FIR0062
FIR0062,P0321,mentioned_person,0.77,FIR0062
FIR0063,P0901,suspect,0.56,FIR0063
FIR0063,P0794,suspect,0.88,FIR0063
FIR0063,P0314,mentioned_person,0.83,FIR0063
FIR0063,P0463,mentioned_person,0.43,FIR0063
FIR0063,P0366,mentioned_person,0.78,FIR0063
FIR0063,P0108,victim,0.93,FIR0063
FIR0063,P0757,mentioned_person,0.48,FIR0063
FIR0063,P0456,mentioned_person,0.49,FIR0063
FIR0063,P0200,mentioned_person,0.66,FIR0063
FIR0063,P0824,mentioned_person,0.6,FIR0063
FIR0063,P0363,mentioned_person,0.94,FIR0063
FIR0063,P0980,mentioned_person,0.8,FIR0063
FIR0063,P0895,mentioned_person,0.43,FIR0063
FIR0063,P0328,mentioned_person,0.62,FIR0063
FIR0063,P0519,mentioned_person,0.44,FIR0063
FIR0063,P0664,mentioned_person,0.66,FIR0063
FIR0063,P0816,mentioned_person,0.82,FIR0063
FIR0063,P0782,mentioned_person,0.91,FIR0063
FIR0063,P0199,mentioned_person,0.9,FIR0063
FIR0063,P0070,mentioned_person,0.61,FIR0063
FIR0063,P0359,mentioned_person,0.62,FIR0063
FIR0063,P0053,mentioned_person,0.79,FIR0063
FIR0063,P0287,mentioned_person,0.71,FIR0063
FIR0063,P0653,mentioned_person,0.48,FIR0063
FIR0063,P0915,mentioned_person,0.51,FIR0063
FIR0063,P0446,mentioned_person,0.53,FIR0063
FIR0063,P0112,mentioned_person,0.78,FIR0063
FIR0063,P0297,mentioned_person,0.78,FIR0063
FIR0063,P0060,mentioned_person,0.59,FIR0063
FIR0063,P0996,mentioned_person,0.51,FIR0063
FIR0063,P0806,mentioned_person,0.93,FIR0063
FIR0063,P0404,mentioned_person,0.47,FIR0063
FIR0063,P0345,mentioned_person,0.78,FIR0063
FIR0063,P0280,mentioned_person,0.82,FIR0063
FIR0063,P0853,mentioned_person,0.91,FIR0063
FIR0063,P0370,mentioned_person,0.71,FIR0063
FIR0063,P0288,mentioned_person,0.54,FIR0063
FIR0063,P0395,mentioned_person,0.82,FIR0063
FIR0063,P0181,mentioned_person,0.47,FIR0063
FIR0063,P0875,mentioned_person,0.67,FIR0063
FIR0063,P0469,mentioned_person,0.67,FIR0063
FIR0063,P0969,mentioned_person,0.55,FIR0063
FIR0063,P0544,mentioned_person,0.52,FIR0063
FIR0063,P0625,mentioned_person,0.85,FIR0063
FIR0064,P0148,suspect,0.42,FIR0064
FIR0064,P0471,suspect,0.9,FIR0064
FIR0064,P0116,mentioned_person,0.46,FIR0064
FIR0064,P0272,mentioned_person,0.79,FIR0064
FIR0064,P0694,mentioned_person,0.6,FIR0064
FIR0064,P0229,mentioned_person,0.89,FIR0064
FIR0064,P0005,mentioned_person,0.82,FIR0064
FIR0064,P0017,mentioned_person,0.84,FIR0064
FIR0064,P0124,mentioned_person,0.93,FIR0064
FIR0064,P0545,mentioned_person,0.53,FIR0064
FIR0064,P0707,mentioned_person,0.43,FIR0064
FIR0064,P0223,mentioned_person,0.65,FIR0064
FIR0064,P0390,mentioned_person,0.65,FIR0064
FIR0064,P0659,mentioned_person,0.81,FIR0064
FIR0064,P0806,mentioned_person,0.54,FIR0064
FIR0064,P0607,mentioned_person,0.8,FIR0064
FIR0064,P0689,mentioned_person,0.49,FIR0064
FIR0064,P0307,mentioned_person,0.52,FIR0064
FIR0064,P0448,mentioned_person,0.68,FIR0064
FIR0064,P0064,mentioned_person,0.82,FIR0064
FIR0064,P0999,mentioned_person,0.65,FIR0064
FIR0064,P0431,mentioned_person,0.68,FIR0064
FIR0064,P0484,mentioned_person,0.58,FIR0064
FIR0064,P0812,mentioned_person,0.49,FIR0064
FIR0064,P0370,mentioned_person,0.63,FIR0064
FIR0064,P0168,mentioned_person,0.55,FIR0064
FIR0064,P0289,mentioned_person,0.45,FIR0064
FIR0064,P0930,mentioned_person,0.56,FIR0064
FIR0064,P0306,mentioned_person,0.85,FIR0064
FIR0064,P0027,mentioned_person,0.61,FIR0064
FIR0064,P0611,mentioned_person,0.66,FIR0064
FIR0064,P0986,mentioned_person,0.65,FIR0064
FIR0064,P0145,mentioned_person,0.44,FIR0064
FIR0064,P0469,mentioned_person,0.53,FIR0064
FIR0064,P0630,mentioned_person,0.86,FIR0064
FIR0064,P0451,mentioned_person,0.8,FIR0064
FIR0064,P0575,mentioned_person,0.82,FIR0064
FIR0064,P0216,mentioned_person,0.55,FIR0064
FIR0064,P0135,mentioned_person,0.5,FIR0064
FIR0064,P0646,mentioned_person,0.49,FIR0064
FIR0064,P0947,mentioned_person,0.82,FIR0064
FIR0064,P0861,mentioned_person,0.93,FIR0064
FIR0064,P0499,mentioned_person,0.57,FIR0064
FIR0064,P0786,mentioned_person,0.5,FIR0064
FIR0064,P0134,mentioned_person,0.59,FIR0064
FIR0064,P0350,mentioned_person,0.87,FIR0064
FIR0064,P0001,mentioned_person,0.83,FIR0064
FIR0064,P0206,mentioned_person,0.86,FIR0064
FIR0064,P0282,mentioned_person,0.94,FIR0064
FIR0064,P0173,mentioned_person,0.76,FIR0064
FIR0064,P0189,victim,0.61,FIR0064
FIR0064,P0943,mentioned_person,0.44,FIR0064
FIR0064,P0388,mentioned_person,0.72,FIR0064
FIR0064,P0601,mentioned_person,0.7,FIR0064
FIR0064,P0746,mentioned_person,0.82,FIR0064
FIR0064,P0615,mentioned_person,0.72,FIR0064
FIR0064,P0973,mentioned_person,0.53,FIR0064
FIR0064,P0164,mentioned_person,0.76,FIR0064
FIR0065,P0753,suspect,0.63,FIR0065
FIR0065,P0462,suspect,0.58,FIR0065
FIR0065,P0488,victim,0.4,FIR0065
FIR0065,P0568,mentioned_person,0.93,FIR0065
FIR0065,P0519,mentioned_person,0.53,FIR0065
FIR0065,P0169,mentioned_person,0.87,FIR0065
FIR0065,P0848,mentioned_person,0.62,FIR0065
FIR0066,P0790,suspect,0.51,FIR0066
FIR0066,P0560,suspect,0.66,FIR0066
FIR0066,P0401,mentioned_person,0.58,FIR0066
FIR0066,P0795,mentioned_person,0.79,FIR0066
FIR0066,P0015,victim,0.68,FIR0066
FIR0066,P0598,mentioned_person,0.67,FIR0066
FIR0066,P0561,mentioned_person,0.64,FIR0066
FIR0067,P0778,suspect,0.84,FIR0067
FIR0067,P0180,suspect,0.76,FIR0067
FIR0067,P0743,mentioned_person,0.44,FIR0067
FIR0067,P0845,mentioned_person,0.94,FIR0067
FIR0067,P0956,mentioned_person,0.78,FIR0067
FIR0067,P0648,mentioned_person,0.65,FIR0067
FIR0067,P0368,mentioned_person,0.78,FIR0067
FIR0067,P0148,mentioned_person,0.77,FIR0067
FIR0067,P0853,mentioned_person,0.56,FIR0067
FIR0067,P0809,mentioned_person,0.46,FIR0067
FIR0067,P0942,mentioned_person,0.93,FIR0067
FIR0067,P0389,mentioned_person,0.72,FIR0067
FIR0067,P0940,mentioned_person,0.91,FIR0067
FIR0067,P0606,mentioned_person,0.42,FIR0067
FIR0067,P0789,mentioned_person,0.74,FIR0067
FIR0067,P0132,mentioned_person,0.49,FIR0067
FIR0067,P0274,mentioned_person,0.59,FIR0067
FIR0067,P0859,mentioned_person,0.87,FIR0067
FIR0067,P0213,mentioned_person,0.7,FIR0067
FIR0067,P0450,mentioned_person,0.68,FIR0067
FIR0067,P0107,mentioned_person,0.65,FIR0067
FIR0067,P0153,mentioned_person,0.6,FIR0067
FIR0067,P0932,mentioned_person,0.72,FIR0067
FIR0067,P0101,mentioned_person,0.61,FIR0067
FIR0067,P0248,mentioned_person,0.84,FIR0067
FIR0067,P0090,mentioned_person,0.67,FIR0067
FIR0067,P0141,mentioned_person,0.86,FIR0067
FIR0067,P0189,mentioned_person,0.61,FIR0067
FIR0067,P0601,mentioned_person,0.77,FIR0067
FIR0067,P0725,mentioned_person,0.88,FIR0067
FIR0067,P0405,mentioned_person,0.69,FIR0067
FIR0067,P0750,mentioned_person,0.48,FIR0067
FIR0067,P0688,mentioned_person,0.53,FIR0067
FIR0067,P0724,mentioned_person,0.46,FIR0067
FIR0067,P0957,mentioned_person,0.46,FIR0067
FIR0067,P0830,mentioned_person,0.43,FIR0067
FIR0067,P0930,mentioned_person,0.81,FIR0067
FIR0067,P0113,mentioned_person,0.81,FIR0067
FIR0067,P0171,mentioned_person,0.51,FIR0067
FIR0067,P0475,mentioned_person,0.62,FIR0067
FIR0067,P0104,mentioned_person,0.79,FIR0067
FIR0067,P0379,mentioned_person,0.56,FIR0067
FIR0067,P0850,victim,0.53,FIR0067
FIR0067,P0584,mentioned_person,0.61,FIR0067
FIR0067,P0580,mentioned_person,0.5,FIR0067
FIR0067,P0055,mentioned_person,0.44,FIR0067
FIR0067,P0410,mentioned_person,0.66,FIR0067
FIR0067,P0795,mentioned_person,0.86,FIR0067
FIR0067,P0501,mentioned_person,0.94,FIR0067
FIR0067,P0543,mentioned_person,0.6,FIR0067
FIR0067,P0391,mentioned_person,0.68,FIR0067
FIR0067,P0432,mentioned_person,0.61,FIR0067
FIR0067,P0498,mentioned_person,0.89,FIR0067
FIR0067,P0669,mentioned_person,0.85,FIR0067
FIR0067,P0441,mentioned_person,0.4,FIR0067
FIR0067,P0121,mentioned_person,0.93,FIR0067
FIR0067,P0713,mentioned_person,0.42,FIR0067
FIR0067,P0969,mentioned_person,0.84,FIR0067
FIR0067,P0697,mentioned_person,0.91,FIR0067
FIR0067,P0878,mentioned_person,0.9,FIR0067
FIR0067,P0444,mentioned_person,0.62,FIR0067
FIR0067,P0357,mentioned_person,0.77,FIR0067
FIR0067,P0784,mentioned_person,0.91,FIR0067
FIR0067,P0964,mentioned_person,0.44,FIR0067
FIR0067,P0553,mentioned_person,0.92,FIR0067
FIR0067,P0003,mentioned_person,0.9,FIR0067
FIR0067,P0687,mentioned_person,0.57,FIR0067
FIR0067,P0469,mentioned_person,0.58,FIR0067
FIR0067,P0806,mentioned_person,0.76,FIR0067
FIR0067,P0159,mentioned_person,0.91,FIR0067
FIR0067,P0671,mentioned_person,0.63,FIR0067
FIR0068,P0156,suspect,0.73,FIR0068
FIR0068,P0258,suspect,0.73,FIR0068
FIR0068,P0847,mentioned_person,0.77,FIR0068
FIR0069,P0763,suspect,0.82,FIR0069
FIR0069,P0309,suspect,0.69,FIR0069
FIR0069,P0622,mentioned_person,0.89,FIR0069
FIR0069,P0267,mentioned_person,0.65,FIR0069
FIR0069,P0115,mentioned_person,0.71,FIR0069
FIR0069,P0932,mentioned_person,0.59,FIR0069
FIR0069,P0068,mentioned_person,0.74,FIR0069
FIR0069,P0333,mentioned_person,0.83,FIR0069
FIR0069,P0721,mentioned_person,0.44,FIR0069
FIR0069,P0225,mentioned_person,0.78,FIR0069
FIR0069,P0107,mentioned_person,0.81,FIR0069
FIR0069,P0089,mentioned_person,0.76,FIR0069
FIR0069,P0994,mentioned_person,0.41,FIR0069
FIR0069,P0845,mentioned_person,0.43,FIR0069
FIR0069,P0923,mentioned_person,0.59,FIR0069
FIR0069,P0795,mentioned_person,0.73,FIR0069
FIR0069,P0280,mentioned_person,0.65,FIR0069
FIR0069,P0051,mentioned_person,0.85,FIR0069
FIR0069,P0510,mentioned_person,0.84,FIR0069
FIR0069,P0971,victim,0.83,FIR0069
FIR0069,P0238,mentioned_person,0.59,FIR0069
FIR0069,P0262,mentioned_person,0.43,FIR0069
FIR0069,P0724,mentioned_person,0.44,FIR0069
FIR0069,P0103,mentioned_person,0.68,FIR0069
FIR0069,P0712,mentioned_person,0.42,FIR0069
FIR0069,P0788,mentioned_person,0.84,FIR0069
FIR0069,P0980,mentioned_person,0.78,FIR0069
FIR0069,P0512,mentioned_person,0.81,FIR0069
FIR0069,P0989,mentioned_person,0.59,FIR0069
FIR0069,P0571,mentioned_person,0.71,FIR0069
FIR0069,P0939,mentioned_person,0.76,FIR0069
FIR0070,P0195,suspect,0.81,FIR0070
FIR0070,P0846,suspect,0.92,FIR0070
FIR0070,P0914,mentioned_person,0.61,FIR0070
FIR0070,P0906,mentioned_person,0.64,FIR0070
FIR0070,P0326,mentioned_person,0.85,FIR0070
FIR0070,P0180,mentioned_person,0.79,FIR0070
FIR0070,P0737,mentioned_person,0.68,FIR0070
FIR0070,P0212,mentioned_person,0.64,FIR0070
FIR0070,P0700,mentioned_person,0.8,FIR0070
FIR0070,P0757,mentioned_person,0.88,FIR0070
FIR0070,P0550,mentioned_person,0.63,FIR0070
FIR0070,P0016,victim,0.8,FIR0070
FIR0070,P0293,mentioned_person,0.51,FIR0070
FIR0070,P0998,mentioned_person,0.74,FIR0070
FIR0070,P0919,mentioned_person,0.41,FIR0070
FIR0070,P0079,mentioned_person,0.79,FIR0070
FIR0071,P0300,suspect,0.68,FIR0071
FIR0071,P0357,suspect,0.54,FIR0071
FIR0071,P0270,mentioned_person,0.78,FIR0071
FIR0071,P0738,mentioned_person,0.48,FIR0071
FIR0071,P0469,mentioned_person,0.91,FIR0071
FIR0071,P0262,mentioned_person,0.73,FIR0071
FIR0071,P0663,mentioned_person,0.55,FIR0071
FIR0071,P0084,victim,0.62,FIR0071
FIR0071,P0861,mentioned_person,0.46,FIR0071
FIR0071,P0128,mentioned_person,0.6,FIR0071
FIR0071,P0853,mentioned_person,0.7,FIR0071
FIR0071,P0710,mentioned_person,0.72,FIR0071
FIR0071,P0418,mentioned_person,0.74,FIR0071
FIR0071,P0212,mentioned_person,0.85,FIR0071
FIR0071,P0563,mentioned_person,0.41,FIR0071
FIR0071,P0766,mentioned_person,0.46,FIR0071
FIR0071,P0240,mentioned_person,0.68,FIR0071
FIR0071,P0510,mentioned_person,0.56,FIR0071
FIR0071,P0175,mentioned_person,0.71,FIR0071
FIR0071,P0770,mentioned_person,0.56,FIR0071
FIR0071,P0383,mentioned_person,0.52,FIR0071
FIR0071,P0430,mentioned_person,0.4,FIR0071
FIR0071,P0980,mentioned_person,0.6,FIR0071
FIR0071,P0316,mentioned_person,0.43,FIR0071
FIR0072,P0662,suspect,0.8,FIR0072
FIR0072,P0023,suspect,0.84,FIR0072
FIR0072,P0683,mentioned_person,0.79,FIR0072
FIR0072,P0693,mentioned_person,0.95,FIR0072
FIR0072,P0061,mentioned_person,0.7,FIR0072
FIR0072,P0175,mentioned_person,0.72,FIR0072
FIR0072,P0665,mentioned_person,0.85,FIR0072
FIR0072,P0341,mentioned_person,0.45,FIR0072
FIR0072,P0206,mentioned_person,0.67,FIR0072
FIR0072,P0737,mentioned_person,0.41,FIR0072
FIR0072,P0924,mentioned_person,0.75,FIR0072
FIR0072,P0518,mentioned_person,0.66,FIR0072
FIR0072,P0482,mentioned_person,0.84,FIR0072
FIR0072,P0990,victim,0.67,FIR0072
FIR0072,P0549,mentioned_person,0.45,FIR0072
FIR0072,P0689,mentioned_person,0.7,FIR0072
FIR0072,P0126,mentioned_person,0.79,FIR0072
FIR0072,P0736,mentioned_person,0.67,FIR0072
FIR0072,P0286,mentioned_person,0.52,FIR0072
FIR0072,P0954,mentioned_person,0.47,FIR0072
FIR0072,P0197,mentioned_person,0.58,FIR0072
FIR0072,P0059,mentioned_person,0.6,FIR0072
FIR0072,P0072,mentioned_person,0.84,FIR0072
FIR0072,P0314,mentioned_person,0.94,FIR0072
FIR0072,P0459,mentioned_person,0.47,FIR0072
FIR0072,P0998,mentioned_person,0.82,FIR0072
FIR0072,P0419,mentioned_person,0.69,FIR0072
FIR0072,P0310,mentioned_person,0.76,FIR0072
FIR0072,P0401,mentioned_person,0.7,FIR0072
FIR0072,P0484,mentioned_person,0.83,FIR0072
FIR0072,P0381,mentioned_person,0.43,FIR0072
FIR0072,P0724,mentioned_person,0.79,FIR0072
FIR0072,P0232,mentioned_person,0.68,FIR0072
FIR0072,P0437,mentioned_person,0.58,FIR0072
FIR0072,P0378,mentioned_person,0.79,FIR0072
FIR0072,P0553,mentioned_person,0.44,FIR0072
FIR0072,P0499,mentioned_person,0.5,FIR0072
FIR0072,P0411,mentioned_person,0.83,FIR0072
FIR0072,P0649,mentioned_person,0.41,FIR0072
FIR0072,P0651,mentioned_person,0.45,FIR0072
FIR0072,P0057,mentioned_person,0.41,FIR0072
FIR0072,P0745,mentioned_person,0.87,FIR0072
FIR0072,P0508,mentioned_person,0.78,FIR0072
FIR0073,P0958,suspect,0.63,FIR0073
FIR0073,P0650,suspect,0.65,FIR0073
FIR0073,P0172,mentioned_person,0.66,FIR0073
FIR0073,P0938,mentioned_person,0.74,FIR0073
FIR0073,P0663,mentioned_person,0.49,FIR0073
FIR0073,P0019,mentioned_person,0.66,FIR0073
FIR0073,P0615,mentioned_person,0.9,FIR0073
FIR0073,P0450,mentioned_person,0.56,FIR0073
FIR0073,P0935,mentioned_person,0.86,FIR0073
FIR0073,P0869,mentioned_person,0.56,FIR0073
FIR0073,P0825,mentioned_person,0.68,FIR0073
FIR0073,P0837,mentioned_person,0.5,FIR0073
FIR0073,P0336,mentioned_person,0.65,FIR0073
FIR0073,P0323,mentioned_person,0.5,FIR0073
FIR0073,P0751,mentioned_person,0.65,FIR0073
FIR0073,P0051,mentioned_person,0.77,FIR0073
FIR0073,P0281,mentioned_person,0.64,FIR0073
FIR0073,P0004,mentioned_person,0.43,FIR0073
FIR0073,P0261,mentioned_person,0.41,FIR0073
FIR0073,P0295,mentioned_person,0.41,FIR0073
FIR0073,P0489,mentioned_person,0.58,FIR0073
FIR0073,P0401,mentioned_person,0.66,FIR0073
FIR0073,P0319,mentioned_person,0.41,FIR0073
FIR0073,P0691,mentioned_person,0.9,FIR0073
FIR0073,P0379,mentioned_person,0.69,FIR0073
FIR0073,P0757,mentioned_person,0.62,FIR0073
FIR0073,P0906,mentioned_person,0.9,FIR0073
FIR0073,P0808,mentioned_person,0.63,FIR0073
FIR0073,P0070,mentioned_person,0.88,FIR0073
FIR0073,P0377,mentioned_person,0.89,FIR0073
FIR0073,P0754,mentioned_person,0.53,FIR0073
FIR0073,P0169,mentioned_person,0.8,FIR0073
FIR0073,P0146,mentioned_person,0.52,FIR0073
FIR0073,P0769,mentioned_person,0.41,FIR0073
FIR0073,P0604,mentioned_person,0.79,FIR0073
FIR0073,P0164,mentioned_person,0.46,FIR0073
FIR0073,P0592,mentioned_person,0.53,FIR0073
FIR0073,P0636,mentioned_person,0.59,FIR0073
FIR0073,P0214,mentioned_person,0.93,FIR0073
FIR0073,P0047,mentioned_person,0.48,FIR0073
FIR0073,P0767,mentioned_person,0.55,FIR0073
FIR0073,P0588,mentioned_person,0.77,FIR0073
FIR0073,P0240,mentioned_person,0.73,FIR0073
FIR0073,P0687,victim,0.75,FIR0073
FIR0073,P0010,mentioned_person,0.82,FIR0073
FIR0073,P0968,mentioned_person,0.68,FIR0073
FIR0073,P0599,mentioned_person,0.91,FIR0073
FIR0073,P0764,mentioned_person,0.49,FIR0073
FIR0073,P0887,mentioned_person,0.68,FIR0073
FIR0073,P0048,mentioned_person,0.48,FIR0073
FIR0073,P0290,mentioned_person,0.67,FIR0073
FIR0073,P0882,mentioned_person,0.46,FIR0073
FIR0073,P0955,mentioned_person,0.63,FIR0073
FIR0073,P0846,mentioned_person,0.73,FIR0073
FIR0073,P0883,mentioned_person,0.82,FIR0073
FIR0073,P0311,mentioned_person,0.71,FIR0073
FIR0073,P0834,mentioned_person,0.55,FIR0073
FIR0073,P0533,mentioned_person,0.89,FIR0073
FIR0073,P0920,mentioned_person,0.46,FIR0073
FIR0073,P0481,mentioned_person,0.73,FIR0073
FIR0073,P0541,mentioned_person,0.44,FIR0073
FIR0073,P0108,mentioned_person,0.48,FIR0073
FIR0073,P0473,mentioned_person,0.92,FIR0073
FIR0073,P0670,mentioned_person,0.45,FIR0073
FIR0073,P0403,mentioned_person,0.8,FIR0073
FIR0073,P0289,mentioned_person,0.5,FIR0073
FIR0073,P0013,mentioned_person,0.59,FIR0073
FIR0073,P0065,mentioned_person,0.45,FIR0073
FIR0074,P0664,suspect,0.75,FIR0074
FIR0074,P0450,suspect,0.74,FIR0074
FIR0074,P0235,mentioned_person,0.76,FIR0074
FIR0074,P0286,mentioned_person,0.58,FIR0074
FIR0074,P0572,mentioned_person,0.75,FIR0074
FIR0074,P0955,mentioned_person,0.62,FIR0074
FIR0074,P0321,mentioned_person,0.69,FIR0074
FIR0074,P0455,mentioned_person,0.9,FIR0074
FIR0074,P0409,mentioned_person,0.68,FIR0074
FIR0074,P0640,mentioned_person,0.92,FIR0074
FIR0074,P0956,mentioned_person,0.89,FIR0074
FIR0074,P0904,mentioned_person,0.62,FIR0074
FIR0074,P0987,mentioned_person,0.86,FIR0074
FIR0074,P0189,mentioned_person,0.73,FIR0074
FIR0074,P0621,mentioned_person,0.85,FIR0074
FIR0074,P0830,mentioned_person,0.86,FIR0074
FIR0074,P0428,mentioned_person,0.61,FIR0074
FIR0074,P0547,mentioned_person,0.85,FIR0074
FIR0074,P0276,mentioned_person,0.71,FIR0074
FIR0074,P0358,mentioned_person,0.44,FIR0074
FIR0074,P0036,mentioned_person,0.44,FIR0074
FIR0074,P0821,mentioned_person,0.64,FIR0074
FIR0074,P0673,mentioned_person,0.68,FIR0074
FIR0074,P0543,mentioned_person,0.58,FIR0074
FIR0074,P0711,mentioned_person,0.41,FIR0074
FIR0074,P0650,mentioned_person,0.44,FIR0074
FIR0074,P0143,victim,0.42,FIR0074
FIR0074,P0209,mentioned_person,0.92,FIR0074
FIR0074,P0086,mentioned_person,0.62,FIR0074
FIR0074,P0626,mentioned_person,0.53,FIR0074
FIR0074,P0954,mentioned_person,0.87,FIR0074
FIR0074,P0897,mentioned_person,0.48,FIR0074
FIR0074,P0581,mentioned_person,0.79,FIR0074
FIR0074,P0812,mentioned_person,0.74,FIR0074
FIR0074,P0055,mentioned_person,0.56,FIR0074
FIR0074,P0011,mentioned_person,0.4,FIR0074
FIR0074,P0600,mentioned_person,0.73,FIR0074
FIR0074,P0493,mentioned_person,0.45,FIR0074
FIR0074,P0994,mentioned_person,0.86,FIR0074
FIR0075,P0884,suspect,0.61,FIR0075
FIR0075,P0056,suspect,0.89,FIR0075
FIR0075,P0329,mentioned_person,0.6,FIR0075
FIR0075,P0251,mentioned_person,0.41,FIR0075
FIR0075,P0309,mentioned_person,0.78,FIR0075
FIR0075,P0036,mentioned_person,0.72,FIR0075
FIR0075,P0821,mentioned_person,0.77,FIR0075
FIR0075,P0040,mentioned_person,0.65,FIR0075
FIR0075,P0498,mentioned_person,0.61,FIR0075
FIR0075,P0317,mentioned_person,0.65,FIR0075
FIR0075,P0402,mentioned_person,0.82,FIR0075
FIR0075,P0875,mentioned_person,0.55,FIR0075
FIR0075,P0549,mentioned_person,0.53,FIR0075
FIR0075,P0964,mentioned_person,0.86,FIR0075
FIR0075,P0233,mentioned_person,0.43,FIR0075
FIR0075,P0250,mentioned_person,0.9,FIR0075
FIR0075,P0843,mentioned_person,0.4,FIR0075
FIR0075,P0909,mentioned_person,0.79,FIR0075
FIR0075,P0125,mentioned_person,0.84,FIR0075
FIR0075,P0734,victim,0.93,FIR0075
FIR0075,P0597,mentioned_person,0.81,FIR0075
FIR0075,P0838,mentioned_person,0.42,FIR0075
FIR0075,P0958,mentioned_person,0.77,FIR0075
FIR0075,P0683,mentioned_person,0.91,FIR0075
FIR0075,P0308,mentioned_person,0.59,FIR0075
FIR0075,P0577,mentioned_person,0.55,FIR0075
FIR0075,P0351,mentioned_person,0.73,FIR0075
FIR0075,P0057,mentioned_person,0.78,FIR0075
FIR0075,P0963,mentioned_person,0.74,FIR0075
FIR0075,P0935,mentioned_person,0.45,FIR0075
FIR0075,P0344,mentioned_person,0.83,FIR0075
FIR0075,P0916,mentioned_person,0.76,FIR0075
FIR0075,P0650,mentioned_person,0.79,FIR0075
FIR0075,P0401,mentioned_person,0.84,FIR0075
FIR0075,P0678,mentioned_person,0.71,FIR0075
FIR0075,P0372,mentioned_person,0.63,FIR0075
FIR0075,P0511,mentioned_person,0.93,FIR0075
FIR0075,P0939,mentioned_person,0.87,FIR0075
FIR0075,P0934,mentioned_person,0.61,FIR0075
FIR0075,P0319,mentioned_person,0.7,FIR0075
FIR0075,P0803,mentioned_person,0.63,FIR0075
FIR0075,P0975,mentioned_person,0.54,FIR0075
FIR0075,P0887,mentioned_person,0.76,FIR0075
FIR0075,P0531,mentioned_person,0.47,FIR0075
FIR0075,P0374,mentioned_person,0.75,FIR0075
FIR0075,P0991,mentioned_person,0.78,FIR0075
FIR0075,P0147,mentioned_person,0.72,FIR0075
FIR0075,P0184,mentioned_person,0.86,FIR0075
FIR0075,P0508,mentioned_person,0.76,FIR0075
FIR0075,P0676,mentioned_person,0.4,FIR0075
FIR0075,P0016,mentioned_person,0.58,FIR0075
FIR0075,P0500,mentioned_person,0.67,FIR0075
FIR0075,P0273,mentioned_person,0.6,FIR0075
FIR0075,P0398,mentioned_person,0.53,FIR0075
FIR0075,P0910,mentioned_person,0.68,FIR0075
FIR0075,P0456,mentioned_person,0.55,FIR0075
FIR0075,P0830,mentioned_person,0.73,FIR0075
FIR0075,P0361,mentioned_person,0.55,FIR0075
FIR0075,P0264,mentioned_person,0.53,FIR0075
FIR0075,P0522,mentioned_person,0.94,FIR0075
FIR0075,P0285,mentioned_person,0.83,FIR0075
FIR0075,P0258,mentioned_person,0.45,FIR0075
FIR0075,P0217,mentioned_person,0.62,FIR0075
FIR0075,P0651,mentioned_person,0.61,FIR0075
FIR0075,P0845,mentioned_person,0.74,FIR0075
FIR0075,P0320,mentioned_person,0.88,FIR0075
FIR0075,P0529,mentioned_person,0.7,FIR0075
FIR0075,P0071,mentioned_person,0.72,FIR0075
FIR0075,P0536,mentioned_person,0.49,FIR0075
FIR0075,P0523,mentioned_person,0.81,FIR0075
FIR0075,P0978,mentioned_person,0.77,FIR0075
FIR0075,P0898,mentioned_person,0.44,FIR0075
FIR0076,P0460,suspect,0.93,FIR0076
FIR0076,P0571,suspect,0.66,FIR0076
FIR0076,P0143,mentioned_person,0.87,FIR0076
FIR0076,P0474,mentioned_person,0.95,FIR0076
FIR0076,P0317,mentioned_person,0.44,FIR0076
FIR0076,P0505,victim,0.56,FIR0076
FIR0076,P0014,mentioned_person,0.68,FIR0076
FIR0077,P0947,suspect,0.66,FIR0077
FIR0077,P0559,suspect,0.93,FIR0077
FIR0077,P0101,mentioned_person,0.82,FIR0077
FIR0077,P0771,mentioned_person,0.66,FIR0077
FIR0077,P0095,mentioned_person,0.87,FIR0077
FIR0077,P0240,mentioned_person,0.73,FIR0077
FIR0078,P0664,suspect,0.82,FIR0078
FIR0078,P0775,suspect,0.61,FIR0078
FIR0078,P0968,mentioned_person,0.92,FIR0078
FIR0078,P0690,mentioned_person,0.63,FIR0078
FIR0078,P0343,mentioned_person,0.55,FIR0078
FIR0078,P0649,mentioned_person,0.56,FIR0078
FIR0078,P0854,mentioned_person,0.87,FIR0078
FIR0078,P0397,mentioned_person,0.49,FIR0078
FIR0078,P0144,mentioned_person,0.91,FIR0078
FIR0078,P0106,mentioned_person,0.67,FIR0078
FIR0078,P0009,mentioned_person,0.89,FIR0078
FIR0078,P0541,mentioned_person,0.45,FIR0078
FIR0078,P0286,mentioned_person,0.76,FIR0078
FIR0078,P0352,mentioned_person,0.57,FIR0078
FIR0078,P0169,mentioned_person,0.85,FIR0078
FIR0078,P0785,mentioned_person,0.79,FIR0078
FIR0078,P0996,mentioned_person,0.72,FIR0078
FIR0078,P0572,mentioned_person,0.62,FIR0078
FIR0078,P0230,mentioned_person,0.93,FIR0078
FIR0078,P0692,mentioned_person,0.8,FIR0078
FIR0078,P0705,mentioned_person,0.73,FIR0078
FIR0078,P0876,victim,0.75,FIR0078
FIR0078,P0737,mentioned_person,0.66,FIR0078
FIR0078,P0904,mentioned_person,0.51,FIR0078
FIR0078,P0436,mentioned_person,0.76,FIR0078
FIR0078,P0618,mentioned_person,0.86,FIR0078
FIR0079,P0200,suspect,0.86,FIR0079
FIR0079,P0092,suspect,0.85,FIR0079
FIR0079,P0346,mentioned_person,0.72,FIR0079
FIR0079,P0248,mentioned_person,0.67,FIR0079
FIR0079,P0856,mentioned_person,0.71,FIR0079
FIR0079,P0052,mentioned_person,0.87,FIR0079
FIR0079,P0832,mentioned_person,0.66,FIR0079
FIR0079,P0445,victim,0.69,FIR0079
FIR0079,P0107,mentioned_person,0.63,FIR0079
FIR0079,P0981,mentioned_person,0.74,FIR0079
FIR0079,P0801,mentioned_person,0.89,FIR0079
FIR0079,P0285,mentioned_person,0.7,FIR0079
FIR0079,P0148,mentioned_person,0.53,FIR0079
FIR0079,P0833,mentioned_person,0.75,FIR0079
FIR0079,P0691,mentioned_person,0.81,FIR0079
FIR0079,P0597,mentioned_person,0.7,FIR0079
FIR0079,P0864,mentioned_person,0.69,FIR0079
FIR0079,P0905,mentioned_person,0.77,FIR0079
FIR0079,P0612,mentioned_person,0.78,FIR0079
FIR0079,P0777,mentioned_person,0.74,FIR0079
FIR0079,P0295,mentioned_person,0.86,FIR0079
FIR0079,P0927,mentioned_person,0.43,FIR0079
FIR0079,P0619,mentioned_person,0.57,FIR0079
FIR0079,P0269,mentioned_person,0.85,FIR0079
FIR0079,P0325,mentioned_person,0.77,FIR0079
FIR0079,P0711,mentioned_person,0.43,FIR0079
FIR0079,P0725,mentioned_person,0.49,FIR0079
FIR0079,P0138,mentioned_person,0.63,FIR0079
FIR0079,P0536,mentioned_person,0.47,FIR0079
FIR0079,P0985,mentioned_person,0.69,FIR0079
FIR0079,P0002,mentioned_person,0.62,FIR0079
FIR0079,P0270,mentioned_person,0.86,FIR0079
FIR0079,P0240,mentioned_person,0.89,FIR0079
FIR0079,P0868,mentioned_person,0.67,FIR0079
FIR0079,P0658,mentioned_person,0.77,FIR0079
FIR0079,P0524,mentioned_person,0.66,FIR0079
FIR0079,P0854,mentioned_person,0.55,FIR0079
FIR0079,P0489,mentioned_person,0.4,FIR0079
FIR0079,P0036,mentioned_person,0.47,FIR0079
FIR0079,P0160,mentioned_person,0.54,FIR0079
FIR0079,P0019,mentioned_person,0.64,FIR0079
FIR0079,P0694,mentioned_person,0.72,FIR0079
FIR0079,P0056,mentioned_person,0.66,FIR0079
FIR0079,P0796,mentioned_person,0.83,FIR0079
FIR0079,P0328,mentioned_person,0.6,FIR0079
FIR0079,P0222,mentioned_person,0.79,FIR0079
FIR0079,P0969,mentioned_person,0.94,FIR0079
FIR0079,P0010,mentioned_person,0.92,FIR0079
FIR0079,P0128,mentioned_person,0.9,FIR0079
FIR0079,P0561,mentioned_person,0.53,FIR0079
FIR0079,P0341,mentioned_person,0.91,FIR0079
FIR0079,P0618,mentioned_person,0.48,FIR0079
FIR0079,P0701,mentioned_person,0.81,FIR0079
FIR0079,P0474,mentioned_person,0.62,FIR0079
FIR0079,P0225,mentioned_person,0.86,FIR0079
FIR0079,P0719,mentioned_person,0.87,FIR0079
FIR0080,P0701,suspect,0.42,FIR0080
FIR0080,P0139,suspect,0.79,FIR0080
FIR0080,P0171,mentioned_person,0.55,FIR0080
FIR0080,P0267,victim,0.6,FIR0080
FIR0080,P0007,mentioned_person,0.76,FIR0080
FIR0080,P0313,mentioned_person,0.83,FIR0080
FIR0080,P0769,mentioned_person,0.92,FIR0080
FIR0080,P0451,mentioned_person,0.85,FIR0080
FIR0080,P0784,mentioned_person,0.8,FIR0080
FIR0080,P0108,mentioned_person,0.94,FIR0080
FIR0080,P0086,mentioned_person,0.44,FIR0080
FIR0080,P0204,mentioned_person,0.44,FIR0080
FIR0080,P0507,mentioned_person,0.51,FIR0080
FIR0080,P0832,mentioned_person,0.77,FIR0080
FIR0080,P0644,mentioned_person,0.71,FIR0080
FIR0080,P0837,mentioned_person,0.83,FIR0080
FIR0080,P0465,mentioned_person,0.88,FIR0080
FIR0080,P0594,mentioned_person,0.43,FIR0080
FIR0080,P0373,mentioned_person,0.68,FIR0080
FIR0080,P0867,mentioned_person,0.42,FIR0080
FIR0080,P0541,mentioned_person,0.8,FIR0080
FIR0080,P0066,mentioned_person,0.94,FIR0080
FIR0080,P0341,mentioned_person,0.65,FIR0080
FIR0080,P0670,mentioned_person,0.63,FIR0080
FIR0080,P0745,mentioned_person,0.69,FIR0080
FIR0080,P0210,mentioned_person,0.6,FIR0080
FIR0080,P0535,mentioned_person,0.47,FIR0080
FIR0080,P0704,mentioned_person,0.44,FIR0080
FIR0080,P0746,mentioned_person,0.55,FIR0080
FIR0080,P0286,mentioned_person,0.57,FIR0080
FIR0080,P0367,mentioned_person,0.77,FIR0080
FIR0080,P0028,mentioned_person,0.87,FIR0080
FIR0080,P0279,mentioned_person,0.42,FIR0080
FIR0081,P0303,suspect,0.62,FIR0081
FIR0081,P0779,suspect,0.45,FIR0081
FIR0081,P0049,mentioned_person,0.82,FIR0081
FIR0081,P0997,mentioned_person,0.59,FIR0081
FIR0081,P0881,mentioned_person,0.62,FIR0081
FIR0081,P0869,mentioned_person,0.4,FIR0081
FIR0081,P0699,mentioned_person,0.51,FIR0081
FIR0081,P0105,mentioned_person,0.91,FIR0081
FIR0081,P0735,mentioned_person,0.63,FIR0081
FIR0081,P0155,mentioned_person,0.93,FIR0081
FIR0081,P0131,mentioned_person,0.58,FIR0081
FIR0081,P0322,mentioned_person,0.57,FIR0081
FIR0081,P0643,victim,0.94,FIR0081
FIR0081,P0026,mentioned_person,0.82,FIR0081
FIR0081,P0392,mentioned_person,0.75,FIR0081
FIR0082,P0582,suspect,0.6,FIR0082
FIR0082,P0548,suspect,0.44,FIR0082
FIR0082,P0117,mentioned_person,0.78,FIR0082
FIR0082,P0351,mentioned_person,0.88,FIR0082
FIR0082,P0233,mentioned_person,0.8,FIR0082
FIR0082,P0979,mentioned_person,0.45,FIR0082
FIR0082,P0433,mentioned_person,0.84,FIR0082
FIR0082,P0872,mentioned_person,0.6,FIR0082
FIR0082,P0789,mentioned_person,0.62,FIR0082
FIR0082,P0525,mentioned_person,0.73,FIR0082
FIR0082,P0742,mentioned_person,0.48,FIR0082
FIR0082,P0493,mentioned_person,0.6,FIR0082
FIR0082,P0562,victim,0.56,FIR0082
FIR0082,P0107,mentioned_person,0.85,FIR0082
FIR0082,P0891,mentioned_person,0.74,FIR0082
FIR0082,P0429,mentioned_person,0.48,FIR0082
FIR0082,P0585,mentioned_person,0.69,FIR0082
FIR0082,P0620,mentioned_person,0.89,FIR0082
FIR0082,P0499,mentioned_person,0.69,FIR0082
FIR0082,P0439,mentioned_person,0.47,FIR0082
FIR0082,P0075,mentioned_person,0.56,FIR0082
FIR0082,P0434,mentioned_person,0.73,FIR0082
FIR0082,P0007,mentioned_person,0.61,FIR0082
FIR0082,P0679,mentioned_person,0.87,FIR0082
FIR0082,P0505,mentioned_person,0.71,FIR0082
FIR0082,P0986,mentioned_person,0.64,FIR0082
FIR0082,P0946,mentioned_person,0.42,FIR0082
FIR0082,P0945,mentioned_person,0.53,FIR0082
FIR0082,P0684,mentioned_person,0.46,FIR0082
FIR0082,P0420,mentioned_person,0.72,FIR0082
FIR0082,P0873,mentioned_person,0.6,FIR0082
FIR0082,P0992,mentioned_person,0.45,FIR0082
FIR0082,P0566,mentioned_person,0.74,FIR0082
FIR0082,P0393,mentioned_person,0.48,FIR0082
FIR0082,P0261,mentioned_person,0.84,FIR0082
FIR0082,P0352,mentioned_person,0.71,FIR0082
FIR0082,P0295,mentioned_person,0.85,FIR0082
FIR0082,P0529,mentioned_person,0.46,FIR0082
FIR0082,P0944,mentioned_person,0.41,FIR0082
FIR0083,P0530,suspect,0.7,FIR0083
FIR0083,P0107,suspect,0.77,FIR0083
FIR0083,P0243,mentioned_person,0.92,FIR0083
FIR0083,P0525,mentioned_person,0.51,FIR0083
FIR0083,P0534,mentioned_person,0.55,FIR0083
FIR0083,P0397,mentioned_person,0.49,FIR0083
FIR0083,P0701,mentioned_person,0.61,FIR0083
FIR0083,P0547,mentioned_person,0.52,FIR0083
FIR0083,P0433,victim,0.81,FIR0083
FIR0083,P0314,mentioned_person,0.81,FIR0083
FIR0083,P0862,mentioned_person,0.52,FIR0083
FIR0083,P0325,mentioned_person,0.69,FIR0083
FIR0083,P0042,mentioned_person,0.52,FIR0083
FIR0083,P0581,mentioned_person,0.63,FIR0083
FIR0083,P0284,mentioned_person,0.89,FIR0083
FIR0083,P0103,mentioned_person,0.94,FIR0083
FIR0083,P0186,mentioned_person,0.84,FIR0083
FIR0083,P0504,mentioned_person,0.58,FIR0083
FIR0083,P0138,mentioned_person,0.58,FIR0083
FIR0083,P0848,mentioned_person,0.61,FIR0083
FIR0083,P0404,mentioned_person,0.4,FIR0083
FIR0083,P0233,mentioned_person,0.78,FIR0083
FIR0083,P0614,mentioned_person,0.69,FIR0083
FIR0083,P0145,mentioned_person,0.75,FIR0083
FIR0083,P0116,mentioned_person,0.43,FIR0083
FIR0083,P0248,mentioned_person,0.77,FIR0083
FIR0083,P0528,mentioned_person,0.46,FIR0083
FIR0083,P0387,mentioned_person,0.59,FIR0083
FIR0083,P0255,mentioned_person,0.45,FIR0083
FIR0083,P0236,mentioned_person,0.63,FIR0083
FIR0083,P0279,mentioned_person,0.46,FIR0083
FIR0085,P0241,suspect,0.56,FIR0085
FIR0085,P0435,suspect,0.92,FIR0085
FIR0085,P0827,mentioned_person,0.61,FIR0085
FIR0085,P0351,mentioned_person,0.94,FIR0085
FIR0085,P0549,mentioned_person,0.41,FIR0085
FIR0085,P0163,mentioned_person,0.65,FIR0085
FIR0085,P0277,mentioned_person,0.73,FIR0085
FIR0085,P0661,mentioned_person,0.66,FIR0085
FIR0085,P0371,mentioned_person,0.77,FIR0085
FIR0085,P0321,mentioned_person,0.43,FIR0085
FIR0085,P0929,mentioned_person,0.69,FIR0085
FIR0085,P0793,mentioned_person,0.43,FIR0085
FIR0085,P0259,mentioned_person,0.53,FIR0085
FIR0085,P0857,mentioned_person,0.67,FIR0085
FIR0085,P0278,victim,0.81,FIR0085
FIR0085,P0324,mentioned_person,0.89,FIR0085
FIR0085,P0415,mentioned_person,0.67,FIR0085
FIR0085,P0014,mentioned_person,0.77,FIR0085
FIR0085,P0066,mentioned_person,0.71,FIR0085
FIR0085,P0601,mentioned_person,0.44,FIR0085
FIR0085,P0671,mentioned_person,0.71,FIR0085
FIR0085,P0158,mentioned_person,0.67,FIR0085
FIR0085,P0229,mentioned_person,0.64,FIR0085
FIR0085,P0660,mentioned_person,0.72,FIR0085
FIR0085,P0288,mentioned_person,0.86,FIR0085
FIR0085,P0052,mentioned_person,0.93,FIR0085
FIR0085,P0850,mentioned_person,0.66,FIR0085
FIR0085,P0247,mentioned_person,0.52,FIR0085
FIR0086,P0647,suspect,0.63,FIR0086
FIR0086,P0862,suspect,0.73,FIR0086
FIR0086,P0612,mentioned_person,0.9,FIR0086
FIR0086,P0651,mentioned_person,0.66,FIR0086
FIR0086,P0870,mentioned_person,0.8,FIR0086
FIR0086,P0198,mentioned_person,0.91,FIR0086
FIR0086,P0960,mentioned_person,0.77,FIR0086
FIR0086,P0624,mentioned_person,0.6,FIR0086
FIR0086,P0575,victim,0.88,FIR0086
FIR0086,P0567,mentioned_person,0.68,FIR0086
FIR0086,P0576,mentioned_person,0.65,FIR0086
FIR0086,P0649,mentioned_person,0.89,FIR0086
FIR0086,P0867,mentioned_person,0.56,FIR0086
FIR0086,P0785,mentioned_person,0.53,FIR0086
FIR0086,P0077,mentioned_person,0.55,FIR0086
FIR0086,P0668,mentioned_person,0.48,FIR0086
FIR0086,P0689,mentioned_person,0.64,FIR0086
FIR0086,P0096,mentioned_person,0.73,FIR0086
FIR0086,P0185,mentioned_person,0.75,FIR0086
FIR0086,P0573,mentioned_person,0.83,FIR0086
FIR0086,P0699,mentioned_person,0.81,FIR0086
FIR0086,P0740,mentioned_person,0.58,FIR0086
FIR0086,P0875,mentioned_person,0.46,FIR0086
FIR0086,P0719,mentioned_person,0.46,FIR0086
FIR0086,P0496,mentioned_person,0.77,FIR0086
FIR0086,P0724,mentioned_person,0.73,FIR0086
FIR0087,P0182,suspect,0.94,FIR0087
FIR0087,P0605,suspect,0.92,FIR0087
FIR0087,P0957,victim,0.95,FIR0087
FIR0087,P0105,mentioned_person,0.81,FIR0087
FIR0087,P0426,mentioned_person,0.6,FIR0087
FIR0087,P0637,mentioned_person,0.92,FIR0087
FIR0087,P0577,mentioned_person,0.64,FIR0087
FIR0087,P0329,mentioned_person,0.69,FIR0087
FIR0087,P0158,mentioned_person,0.92,FIR0087
FIR0088,P0301,suspect,0.63,FIR0088
FIR0088,P0245,suspect,0.52,FIR0088
FIR0088,P0771,mentioned_person,0.94,FIR0088
FIR0088,P0751,mentioned_person,0.58,FIR0088
FIR0088,P0445,mentioned_person,0.42,FIR0088
FIR0088,P0839,mentioned_person,0.63,FIR0088
FIR0088,P0020,mentioned_person,0.48,FIR0088
FIR0088,P0469,mentioned_person,0.91,FIR0088
FIR0088,P0513,victim,0.83,FIR0088
FIR0088,P0322,mentioned_person,0.41,FIR0088
FIR0088,P0106,mentioned_person,0.64,FIR0088
FIR0088,P0119,mentioned_person,0.64,FIR0088
FIR0088,P0690,mentioned_person,0.9,FIR0088
FIR0088,P0443,mentioned_person,0.46,FIR0088
FIR0089,P0359,suspect,0.57,FIR0089
FIR0089,P0826,suspect,0.69,FIR0089
FIR0089,P0638,mentioned_person,0.68,FIR0089
FIR0089,P0857,victim,0.76,FIR0089
FIR0089,P0754,mentioned_person,0.43,FIR0089
FIR0089,P0697,mentioned_person,0.55,FIR0089
FIR0089,P0024,mentioned_person,0.51,FIR0089
FIR0090,P0651,suspect,0.77,FIR0090
FIR0090,P0187,suspect,0.54,FIR0090
FIR0090,P0696,mentioned_person,0.52,FIR0090
FIR0090,P0813,mentioned_person,0.54,FIR0090
FIR0090,P0463,mentioned_person,0.48,FIR0090
FIR0090,P0985,mentioned_person,0.72,FIR0090
FIR0090,P0775,mentioned_person,0.64,FIR0090
FIR0090,P0016,mentioned_person,0.83,FIR0090
FIR0090,P0759,victim,0.76,FIR0090
FIR0090,P0714,mentioned_person,0.42,FIR0090
FIR0090,P0825,mentioned_person,0.5,FIR0090
FIR0090,P0459,mentioned_person,0.82,FIR0090
FIR0090,P0279,mentioned_person,0.44,FIR0090
FIR0091,P0172,suspect,0.83,FIR0091
FIR0091,P0777,suspect,0.6,FIR0091
FIR0091,P0378,mentioned_person,0.6,FIR0091
FIR0091,P0014,mentioned_person,0.47,FIR0091
FIR0091,P0051,victim,0.46,FIR0091
FIR0092,P0906,suspect,0.54,FIR0092
FIR0092,P0623,suspect,0.68,FIR0092
FIR0092,P0806,mentioned_person,0.41,FIR0092
FIR0092,P0749,mentioned_person,0.59,FIR0092
FIR0092,P0328,mentioned_person,0.89,FIR0092
FIR0092,P0643,mentioned_person,0.58,FIR0092
FIR0092,P0362,mentioned_person,0.76,FIR0092
FIR0092,P0482,mentioned_person,0.51,FIR0092
FIR0092,P0172,mentioned_person,0.57,FIR0092
FIR0092,P0645,mentioned_person,0.83,FIR0092
FIR0092,P0994,mentioned_person,0.66,FIR0092
FIR0092,P0560,mentioned_person,0.81,FIR0092
FIR0092,P0781,mentioned_person,0.67,FIR0092
FIR0092,P0263,mentioned_person,0.5,FIR0092
FIR0092,P0105,mentioned_person,0.93,FIR0092
FIR0092,P0962,mentioned_person,0.41,FIR0092
FIR0092,P0376,victim,0.57,FIR0092
FIR0092,P0545,mentioned_person,0.58,FIR0092
FIR0092,P0841,mentioned_person,0.55,FIR0092
FIR0092,P0316,mentioned_person,0.63,FIR0092
FIR0092,P0265,mentioned_person,0.81,FIR0092
FIR0092,P0534,mentioned_person,0.45,FIR0092
FIR0092,P0170,mentioned_person,0.87,FIR0092
FIR0092,P0700,mentioned_person,0.48,FIR0092
FIR0092,P0928,mentioned_person,0.52,FIR0092
FIR0092,P0533,mentioned_person,0.47,FIR0092
FIR0092,P0224,mentioned_person,0.61,FIR0092
FIR0092,P0758,mentioned_person,0.77,FIR0092
FIR0092,P0966,mentioned_person,0.71,FIR0092
FIR0092,P0840,mentioned_person,0.51,FIR0092
FIR0092,P0008,mentioned_person,0.45,FIR0092
FIR0092,P0486,mentioned_person,0.41,FIR0092
FIR0092,P0118,mentioned_person,0.5,FIR0092
FIR0092,P0015,mentioned_person,0.93,FIR0092
FIR0092,P0117,mentioned_person,0.45,FIR0092
FIR0092,P0581,mentioned_person,0.95,FIR0092
FIR0092,P0595,mentioned_person,0.68,FIR0092
FIR0092,P0746,mentioned_person,0.92,FIR0092
FIR0092,P0633,mentioned_person,0.77,FIR0092
FIR0092,P0067,mentioned_person,0.69,FIR0092
FIR0092,P0507,mentioned_person,0.61,FIR0092
FIR0092,P0195,mentioned_person,0.55,FIR0092
FIR0092,P0986,mentioned_person,0.46,FIR0092
FIR0092,P0152,mentioned_person,0.47,FIR0092
FIR0092,P0524,mentioned_person,0.79,FIR0092
FIR0092,P0883,mentioned_person,0.44,FIR0092
FIR0092,P0222,mentioned_person,0.77,FIR0092
FIR0092,P0852,mentioned_person,0.74,FIR0092
FIR0092,P0721,mentioned_person,0.74,FIR0092
FIR0092,P0843,mentioned_person,0.75,FIR0092
FIR0092,P0449,mentioned_person,0.44,FIR0092
FIR0092,P0078,mentioned_person,0.5,FIR0092
FIR0092,P0961,mentioned_person,0.82,FIR0092
FIR0092,P0327,mentioned_person,0.6,FIR0092
FIR0092,P0663,mentioned_person,0.51,FIR0092
FIR0092,P0978,mentioned_person,0.45,FIR0092
FIR0092,P0814,mentioned_person,0.73,FIR0092
FIR0092,P0987,mentioned_person,0.55,FIR0092
FIR0092,P0336,mentioned_person,0.69,FIR0092
FIR0092,P0703,mentioned_person,0.93,FIR0092
FIR0092,P0651,mentioned_person,0.85,FIR0092
FIR0092,P0361,mentioned_person,0.49,FIR0092
FIR0092,P0750,mentioned_person,0.87,FIR0092
FIR0092,P0691,mentioned_person,0.45,FIR0092
FIR0092,P0847,mentioned_person,0.51,FIR0092
FIR0092,P0474,mentioned_person,0.47,FIR0092
FIR0092,P0257,mentioned_person,0.44,FIR0092
FIR0092,P0812,mentioned_person,0.59,FIR0092
FIR0092,P0086,mentioned_person,0.69,FIR0092
FIR0092,P0945,mentioned_person,0.5,FIR0092
FIR0092,P0348,mentioned_person,0.88,FIR0092
FIR0092,P0589,mentioned_person,0.71,FIR0092
FIR0092,P0392,mentioned_person,0.75,FIR0092
FIR0092,P0732,mentioned_person,0.94,FIR0092
FIR0092,P0740,mentioned_person,0.92,FIR0092
FIR0093,P0462,suspect,0.6,FIR0093
FIR0093,P0095,suspect,0.72,FIR0093
FIR0093,P0600,mentioned_person,0.45,FIR0093
FIR0093,P0286,mentioned_person,0.56,FIR0093
FIR0093,P0738,victim,0.54,FIR0093
FIR0093,P0048,mentioned_person,0.54,FIR0093
FIR0093,P0657,mentioned_person,0.83,FIR0093
FIR0093,P0828,mentioned_person,0.57,FIR0093
FIR0095,P0706,suspect,0.88,FIR0095
FIR0095,P0980,suspect,0.56,FIR0095
FIR0095,P0472,mentioned_person,0.59,FIR0095
FIR0095,P0024,mentioned_person,0.75,FIR0095
FIR0095,P0136,mentioned_person,0.52,FIR0095
FIR0095,P0309,mentioned_person,0.95,FIR0095
FIR0095,P0822,mentioned_person,0.54,FIR0095
FIR0095,P0232,mentioned_person,0.42,FIR0095
FIR0095,P0187,mentioned_person,0.52,FIR0095
FIR0095,P0840,mentioned_person,0.78,FIR0095
FIR0095,P0020,mentioned_person,0.92,FIR0095
FIR0095,P0842,mentioned_person,0.78,FIR0095
FIR0095,P0668,mentioned_person,0.66,FIR0095
FIR0096,P0531,suspect,0.75,FIR0096
FIR0096,P0332,suspect,0.79,FIR0096
FIR0096,P0723,mentioned_person,0.92,FIR0096
FIR0096,P0455,mentioned_person,0.54,FIR0096
FIR0096,P0811,mentioned_person,0.79,FIR0096
FIR0096,P0039,mentioned_person,0.87,FIR0096
FIR0096,P0583,victim,0.63,FIR0096
FIR0096,P0311,mentioned_person,0.87,FIR0096
FIR0097,P0681,suspect,0.58,FIR0097
FIR0097,P0502,suspect,0.73,FIR0097
FIR0097,P0733,mentioned_person,0.82,FIR0097
FIR0097,P0286,mentioned_person,0.5,FIR0097
FIR0097,P0269,mentioned_person,0.94,FIR0097
FIR0097,P0200,mentioned_person,0.61,FIR0097
FIR0097,P0825,mentioned_person,0.8,FIR0097
FIR0097,P0104,mentioned_person,0.7,FIR0097
FIR0097,P0638,mentioned_person,0.56,FIR0097
FIR0097,P0910,mentioned_person,0.41,FIR0097
FIR0097,P0266,mentioned_person,0.63,FIR0097
FIR0097,P0777,mentioned_person,0.48,FIR0097
FIR0097,P0979,mentioned_person,0.79,FIR0097
FIR0097,P0866,mentioned_person,0.78,FIR0097
FIR0097,P0226,mentioned_person,0.83,FIR0097
FIR0097,P0765,mentioned_person,0.82,FIR0097
FIR0097,P0907,mentioned_person,0.45,FIR0097
FIR0097,P0750,mentioned_person,0.72,FIR0097
FIR0097,P0372,mentioned_person,0.75,FIR0097
FIR0097,P0186,victim,0.64,FIR0097
FIR0097,P0043,mentioned_person,0.44,FIR0097
FIR0097,P0921,mentioned_person,0.51,FIR0097
FIR0097,P0088,mentioned_person,0.69,FIR0097
FIR0097,P0783,mentioned_person,0.79,FIR0097
FIR0097,P0954,mentioned_person,0.75,FIR0097
FIR0097,P0356,mentioned_person,0.91,FIR0097
FIR0097,P0171,mentioned_person,0.56,FIR0097
FIR0097,P0228,mentioned_person,0.74,FIR0097
FIR0097,P0437,mentioned_person,0.57,FIR0097
FIR0097,P0268,mentioned_person,0.51,FIR0097
FIR0097,P0352,mentioned_person,0.78,FIR0097
FIR0097,P0501,mentioned_person,0.55,FIR0097
FIR0097,P0841,mentioned_person,0.74,FIR0097
FIR0097,P0865,mentioned_person,0.55,FIR0097
FIR0097,P0255,mentioned_person,0.61,FIR0097
FIR0097,P0939,mentioned_person,0.68,FIR0097
FIR0097,P0198,mentioned_person,0.45,FIR0097
FIR0097,P0026,mentioned_person,0.9,FIR0097
FIR0097,P0699,mentioned_person,0.89,FIR0097
FIR0097,P0100,mentioned_person,0.82,FIR0097
FIR0097,P0562,mentioned_person,0.69,FIR0097
FIR0097,P0637,mentioned_person,0.82,FIR0097
FIR0097,P0061,mentioned_person,0.68,FIR0097
FIR0097,P0278,mentioned_person,0.77,FIR0097
FIR0097,P0419,mentioned_person,0.83,FIR0097
FIR0097,P0076,mentioned_person,0.45,FIR0097
FIR0097,P0872,mentioned_person,0.73,FIR0097
FIR0097,P0067,mentioned_person,0.67,FIR0097
FIR0097,P0080,mentioned_person,0.62,FIR0097
FIR0097,P0902,mentioned_person,0.52,FIR0097
FIR0097,P0151,mentioned_person,0.87,FIR0097
FIR0097,P0057,mentioned_person,0.82,FIR0097
FIR0097,P0032,mentioned_person,0.48,FIR0097
FIR0098,P0236,suspect,0.64,FIR0098
FIR0098,P0682,suspect,0.68,FIR0098
FIR0098,P0933,mentioned_person,0.71,FIR0098
FIR0098,P0315,mentioned_person,0.86,FIR0098
FIR0098,P0661,mentioned_person,0.63,FIR0098
FIR0098,P0653,mentioned_person,0.59,FIR0098
FIR0098,P0125,victim,0.54,FIR0098
FIR0098,P0987,mentioned_person,0.45,FIR0098
FIR0098,P0260,mentioned_person,0.84,FIR0098
FIR0098,P0207,mentioned_person,0.81,FIR0098
FIR0098,P0814,mentioned_person,0.55,FIR0098
FIR0098,P0519,mentioned_person,0.69,FIR0098
FIR0098,P0679,mentioned_person,0.44,FIR0098
FIR0098,P0802,mentioned_person,0.89,FIR0098
FIR0098,P0652,mentioned_person,0.73,FIR0098
FIR0098,P0224,mentioned_person,0.66,FIR0098
FIR0098,P0497,mentioned_person,0.43,FIR0098
FIR0098,P0729,mentioned_person,0.83,FIR0098
FIR0098,P0637,mentioned_person,0.48,FIR0098
FIR0098,P0546,mentioned_person,0.94,FIR0098
FIR0098,P0426,mentioned_person,0.89,FIR0098
FIR0098,P0876,mentioned_person,0.67,FIR0098
FIR0099,P0673,suspect,0.71,FIR0099
FIR0099,P0331,suspect,0.61,FIR0099
FIR0099,P0304,mentioned_person,0.65,FIR0099
FIR0099,P0851,mentioned_person,0.76,FIR0099
FIR0099,P0238,mentioned_person,0.79,FIR0099
FIR0099,P0198,mentioned_person,0.87,FIR0099
FIR0099,P0660,mentioned_person,0.64,FIR0099
FIR0099,P0907,mentioned_person,0.82,FIR0099
FIR0099,P0588,mentioned_person,0.78,FIR0099
FIR0099,P0947,mentioned_person,0.54,FIR0099
FIR0099,P0788,mentioned_person,0.53,FIR0099
FIR0099,P0883,mentioned_person,0.55,FIR0099
FIR0099,P0092,mentioned_person,0.43,FIR0099
FIR0099,P0285,mentioned_person,0.81,FIR0099
FIR0099,P0809,mentioned_person,0.82,FIR0099
FIR0099,P0383,mentioned_person,0.84,FIR0099
FIR0099,P0812,mentioned_person,0.58,FIR0099
FIR0099,P0605,mentioned_person,0.88,FIR0099
FIR0099,P0692,mentioned_person,0.55,FIR0099
FIR0099,P0290,mentioned_person,0.72,FIR0099
FIR0099,P0561,mentioned_person,0.68,FIR0099
FIR0099,P0334,mentioned_person,0.41,FIR0099
FIR0099,P0981,mentioned_person,0.89,FIR0099
FIR0099,P0818,mentioned_person,0.74,FIR0099
FIR0099,P0162,mentioned_person,0.51,FIR0099
FIR0099,P0338,mentioned_person,0.86,FIR0099
FIR0099,P0184,mentioned_person,0.92,FIR0099
FIR0099,P0597,mentioned_person,0.4,FIR0099
FIR0099,P0576,mentioned_person,0.62,FIR0099
FIR0099,P0865,mentioned_person,0.5,FIR0099
FIR0099,P0546,victim,0.63,FIR0099
FIR0099,P0448,mentioned_person,0.92,FIR0099
FIR0099,P0461,mentioned_person,0.77,FIR0099
FIR0099,P0256,mentioned_person,0.6,FIR0099
FIR0099,P0654,mentioned_person,0.66,FIR0099
FIR0099,P0429,mentioned_person,0.88,FIR0099
FIR0099,P0591,mentioned_person,0.47,FIR0099
FIR0099,P0997,mentioned_person,0.73,FIR0099
FIR0099,P0980,mentioned_person,0.77,FIR0099
FIR0099,P0158,mentioned_person,0.58,FIR0099
FIR0099,P0301,mentioned_person,0.82,FIR0099
FIR0099,P0884,mentioned_person,0.94,FIR0099
FIR0099,P0249,mentioned_person,0.57,FIR0099
FIR0099,P0458,mentioned_person,0.75,FIR0099
FIR0099,P0674,mentioned_person,0.69,FIR0099
FIR0099,P0743,mentioned_person,0.51,FIR0099
FIR0099,P0072,mentioned_person,0.77,FIR0099
FIR0099,P0362,mentioned_person,0.75,FIR0099
FIR0099,P0214,mentioned_person,0.61,FIR0099
FIR0099,P0211,mentioned_person,0.87,FIR0099
FIR0099,P0550,mentioned_person,0.55,FIR0099
FIR0099,P0045,mentioned_person,0.56,FIR0099
FIR0099,P0121,mentioned_person,0.89,FIR0099
FIR0099,P0431,mentioned_person,0.79,FIR0099
FIR0099,P0790,mentioned_person,0.52,FIR0099
FIR0099,P0364,mentioned_person,0.61,FIR0099
FIR0099,P0227,mentioned_person,0.66,FIR0099
FIR0099,P0294,mentioned_person,0.47,FIR0099
FIR0099,P0849,mentioned_person,0.92,FIR0099
FIR0099,P0459,mentioned_person,0.51,FIR0099
FIR0099,P0332,mentioned_person,0.47,FIR0099
FIR0099,P0084,mentioned_person,0.78,FIR0099
FIR0099,P0656,mentioned_person,0.7,FIR0099
FIR0099,P0414,mentioned_person,0.65,FIR0099
FIR0099,P0363,mentioned_person,0.66,FIR0099
FIR0099,P0102,mentioned_person,0.4,FIR0099
FIR0099,P0279,mentioned_person,0.87,FIR0099
FIR0100,P0890,suspect,0.74,FIR0100
FIR0100,P0664,suspect,0.9,FIR0100
FIR0100,P0788,mentioned_person,0.51,FIR0100
FIR0100,P0676,mentioned_person,0.65,FIR0100
FIR0100,P0900,mentioned_person,0.65,FIR0100
FIR0100,P0714,mentioned_person,0.46,FIR0100
FIR0100,P0717,mentioned_person,0.7,FIR0100
FIR0100,P0928,mentioned_person,0.71,FIR0100
FIR0100,P0678,mentioned_person,0.89,FIR0100
FIR0100,P0003,mentioned_person,0.79,FIR0100
FIR0100,P0340,mentioned_person,0.87,FIR0100
FIR0100,P0862,mentioned_person,0.49,FIR0100
FIR0100,P0658,mentioned_person,0.83,FIR0100
FIR0100,P0535,mentioned_person,0.53,FIR0100
FIR0100,P0045,mentioned_person,0.42,FIR0100
FIR0100,P0190,mentioned_person,0.67,FIR0100
FIR0100,P0391,mentioned_person,0.55,FIR0100
FIR0100,P0792,mentioned_person,0.5,FIR0100
FIR0100,P0593,mentioned_person,0.55,FIR0100
FIR0100,P0059,mentioned_person,0.95,FIR0100
FIR0100,P0299,mentioned_person,0.76,FIR0100
FIR0100,P0974,victim,0.78,FIR0100
FIR0101,P0224,suspect,0.48,FIR0101
FIR0101,P0103,suspect,0.41,FIR0101
FIR0101,P0241,victim,0.9,FIR0101
FIR0101,P0690,mentioned_person,0.83,FIR0101
FIR0102,P0519,suspect,0.75,FIR0102
FIR0102,P0935,suspect,0.66,FIR0102
FIR0102,P0229,mentioned_person,0.94,FIR0102
FIR0102,P0270,mentioned_person,0.91,FIR0102
FIR0102,P0061,mentioned_person,0.6,FIR0102
FIR0102,P0001,mentioned_person,0.79,FIR0102
FIR0102,P0246,mentioned_person,0.5,FIR0102
FIR0102,P0158,mentioned_person,0.76,FIR0102
FIR0102,P0534,mentioned_person,0.64,FIR0102
FIR0102,P0934,mentioned_person,0.69,FIR0102
FIR0102,P0701,mentioned_person,0.84,FIR0102
FIR0102,P0230,mentioned_person,0.73,FIR0102
FIR0102,P0666,mentioned_person,0.7,FIR0102
FIR0102,P0599,mentioned_person,0.92,FIR0102
FIR0102,P0971,mentioned_person,0.87,FIR0102
FIR0102,P0649,mentioned_person,0.63,FIR0102
FIR0102,P0319,mentioned_person,0.62,FIR0102
FIR0102,P0476,mentioned_person,0.8,FIR0102
FIR0102,P0469,mentioned_person,0.49,FIR0102
FIR0102,P0918,mentioned_person,0.58,FIR0102
FIR0102,P0066,mentioned_person,0.89,FIR0102
FIR0102,P0977,mentioned_person,0.94,FIR0102
FIR0102,P0700,mentioned_person,0.83,FIR0102
FIR0102,P0650,mentioned_person,0.67,FIR0102
FIR0102,P0771,mentioned_person,0.49,FIR0102
FIR0102,P0038,mentioned_person,0.83,FIR0102
FIR0102,P0808,mentioned_person,0.86,FIR0102
FIR0102,P0716,mentioned_person,0.67,FIR0102
FIR0102,P0558,mentioned_person,0.93,FIR0102
FIR0102,P0118,mentioned_person,0.64,FIR0102
FIR0102,P0682,mentioned_person,0.53,FIR0102
FIR0102,P0611,mentioned_person,0.44,FIR0102
FIR0102,P0132,mentioned_person,0.74,FIR0102
FIR0102,P0778,mentioned_person,0.42,FIR0102
FIR0102,P0799,mentioned_person,0.69,FIR0102
FIR0102,P0289,mentioned_person,0.42,FIR0102
FIR0102,P0513,mentioned_person,0.44,FIR0102
FIR0102,P0169,mentioned_person,0.77,FIR0102
FIR0102,P0624,mentioned_person,0.45,FIR0102
FIR0102,P0437,mentioned_person,0.47,FIR0102
FIR0102,P0457,victim,0.41,FIR0102
FIR0102,P0931,mentioned_person,0.56,FIR0102
FIR0102,P0082,mentioned_person,0.89,FIR0102
FIR0102,P0815,mentioned_person,0.65,FIR0102
FIR0102,P0717,mentioned_person,0.91,FIR0102
FIR0102,P0396,mentioned_person,0.57,FIR0102
FIR0102,P0911,mentioned_person,0.91,FIR0102
FIR0102,P0678,mentioned_person,0.49,FIR0102
FIR0102,P0614,mentioned_person,0.55,FIR0102
FIR0102,P0190,mentioned_person,0.52,FIR0102
FIR0102,P0134,mentioned_person,0.94,FIR0102
FIR0102,P0968,mentioned_person,0.88,FIR0102
FIR0102,P0062,mentioned_person,0.64,FIR0102
FIR0102,P0630,mentioned_person,0.63,FIR0102
FIR0102,P0107,mentioned_person,0.8,FIR0102
FIR0102,P0388,mentioned_person,0.66,FIR0102
FIR0102,P0777,mentioned_person,0.54,FIR0102
FIR0102,P0272,mentioned_person,0.9,FIR0102
FIR0102,P0375,mentioned_person,0.47,FIR0102
FIR0102,P0401,mentioned_person,0.64,FIR0102
FIR0102,P0427,mentioned_person,0.6,FIR0102
FIR0102,P0350,mentioned_person,0.76,FIR0102
FIR0102,P0572,mentioned_person,0.41,FIR0102
FIR0102,P0706,mentioned_person,0.5,FIR0102
FIR0102,P0471,mentioned_person,0.79,FIR0102
FIR0102,P0535,mentioned_person,0.42,FIR0102
FIR0102,P0097,mentioned_person,0.93,FIR0102
FIR0102,P0282,mentioned_person,0.5,FIR0102
FIR0102,P0423,mentioned_person,0.77,FIR0102
FIR0102,P0510,mentioned_person,0.88,FIR0102
FIR0102,P0677,mentioned_person,0.57,FIR0102
FIR0102,P0913,mentioned_person,0.55,FIR0102
FIR0102,P0866,mentioned_person,0.48,FIR0102
FIR0102,P0333,mentioned_person,0.73,FIR0102
FIR0102,P0425,mentioned_person,0.71,FIR0102
FIR0102,P0769,mentioned_person,0.7,FIR0102
FIR0102,P0010,mentioned_person,0.67,FIR0102
FIR0102,P0833,mentioned_person,0.45,FIR0102
FIR0103,P0789,suspect,0.53,FIR0103
FIR0103,P0478,suspect,0.91,FIR0103
FIR0103,P0348,mentioned_person,0.51,FIR0103
FIR0103,P0863,mentioned_person,0.93,FIR0103
FIR0103,P0643,victim,0.74,FIR0103
FIR0103,P0098,mentioned_person,0.64,FIR0103
FIR0103,P0019,mentioned_person,0.73,FIR0103
FIR0103,P0946,mentioned_person,0.66,FIR0103
FIR0103,P0957,mentioned_person,0.53,FIR0103
FIR0103,P0598,mentioned_person,0.7,FIR0103
FIR0103,P0989,mentioned_person,0.94,FIR0103
FIR0103,P0306,mentioned_person,0.75,FIR0103
FIR0103,P0198,mentioned_person,0.44,FIR0103
FIR0103,P0950,mentioned_person,0.53,FIR0103
FIR0103,P0674,mentioned_person,0.9,FIR0103
FIR0103,P0625,mentioned_person,0.46,FIR0103
