person_id,full_name,alias,age,gender,city,occupation,address,phone_ids,vehicle_ids,organization_ids
P0001,Tarun Malhotra,Tarun M.,32,M,Gurugram,IT Consultant,"House 378, Commercial Block B, Gurugram",PH0001,,ORG0012
P0002,Sneha Iyer,,40,F,Mumbai,Trader,"House 503, New Township Sector 29, Mumbai",PH0002|PH0003,VEH0198,
P0003,Ritu Mishra,R. Mishra,32,F,Agra,Salesperson,"House 106, Old City Market, Agra",PH0004,VEH0172,ORG0144
P0004,Charu Tiwari,Charu T.,36,F,Kolkata,Clerk,"House 37, New Township Sector 22, Kolkata",PH0005,,
P0005,Karan Kohli,,20,M,Hyderabad,Salesperson,"House 738, Old City Market, Hyderabad",PH0006,,
P0006,Rajat Bhalla,,37,M,Lucknow,Warehouse Supervisor,"House 377, Commercial Block B, Lucknow",PH0007,,
P0007,Rekha Gupta,,48,F,Bengaluru,Accountant,"House 113, Civil Lines, Bengaluru",PH0008,,ORG0003
P0008,Vivek Mishra,,26,M,Patna,Real Estate Agent,"House 472, Railway Colony, Patna",PH0009,,ORG0052
P0009,Neeraj Saxena,,24,M,Dehradun,Clerk,"House 451, Sector 15, Dehradun",PH0010,,ORG0134
P0010,Kajal Choudhary,,41,F,Amritsar,Shop Owner,"House 532, Railway Colony, Amritsar",PH0011|PH0012,,ORG0110
P0011,Anil Rathore,,53,M,Bhubaneswar,Clerk,"House 895, Civil Lines, Bhubaneswar",PH0013,,
P0012,Shruti Mishra,,21,F,Amritsar,Freelance Consultant,"House 703, Civil Lines, Amritsar",PH0014|PH0015,,ORG0049
P0013,Preeti Bhalla,,32,F,Jaipur,Bank Employee,"House 156, Transport Nagar, Jaipur",PH0016,,ORG0090
P0014,Aditya Bansal,,50,M,Hyderabad,Logistics Manager,"House 48, Commercial Block C, Hyderabad",PH0017,,ORG0102
P0015,Ashok Aggarwal,,42,M,Ahmedabad,Transporter,"House 661, Model Town Block B, Ahmedabad",PH0018,VEH0148,
P0016,Manju Khanna,,51,F,Indore,Small Business Owner,"House 201, Model Town Block D, Indore",PH0019,,
P0017,Aditya Malhotra,,61,M,Noida,Logistics Manager,"House 455, Transport Nagar, Noida",PH0020,,ORG0098
P0018,Nidhi Bhalla,,24,F,Ghaziabad,Retailer,"House 422, Model Town Block C, Ghaziabad",PH0021,,
P0019,Tanya Rathore,,32,F,Kanpur,Clerk,"House 822, Transport Nagar, Kanpur",PH0022,,ORG0126
P0020,Shruti Yadav,,28,F,Ludhiana,Retailer,"House 33, Old City Market, Ludhiana",PH0023,,
P0021,Preeti Pandey,,59,F,Kanpur,Accountant,"House 136, Civil Lines, Kanpur",PH0024,,
P0022,Vivek Choudhary,,52,M,Dehradun,Small Business Owner,"House 390, Railway Colony, Dehradun",PH0025,,ORG0065
P0023,Vidya Mehta,,23,F,Patna,Shop Owner,"House 370, Civil Lines, Patna",PH0026,,
P0024,Deepak Mishra,,44,M,Lucknow,Clerk,"House 758, New Township Sector 46, Lucknow",PH0027,,
P0025,Vivek Chawla,,60,M,Lucknow,Transporter,"House 580, Railway Colony, Lucknow",PH0028,,ORG0079
P0026,Deepak Rawat,,62,M,Noida,Salesperson,"House 565, Phase 9 Industrial Estate, Noida",PH0029,,
P0027,Bhavna Yadav,"""Bhau""",25,F,Faridabad,Trader,"House 14, Old City Market, Faridabad",PH0030,,
P0028,Kajal Mehta,Kajal Kumar Mehta,26,F,Patna,IT Consultant,"House 747, Model Town Block B, Patna",PH0031,VEH0281,
P0029,Harish Nair,,24,M,Agra,Trader,"House 576, Sector 20, Agra",PH0032,,ORG0102
P0030,Nidhi Pandey,,61,F,Agra,Salesperson,"House 396, Sector 32, Agra",PH0033|PH0034,VEH0040,
P0031,Ritu Singh,,51,F,Patna,Freelance Consultant,"House 232, Phase 34 Industrial Estate, Patna",PH0035,VEH0218,ORG0114
P0032,Divya Tiwari,,25,F,Chennai,IT Consultant,"House 330, Civil Lines, Chennai",PH0036,,
P0033,Neeraj Chawla,,30,M,Hyderabad,Logistics Manager,"House 814, Phase 31 Industrial Estate, Hyderabad",PH0037,,ORG0060
P0034,Aakash Gupta,,56,M,Surat,Accountant,"House 825, Sector 19, Surat",PH0038|PH0039,,ORG0097
P0035,Manish Rathore,,59,M,Bhopal,Trader,"House 78, Phase 9 Industrial Estate, Bhopal",PH0040,,
P0036,Mohit Rawat,,58,M,Surat,Bank Employee,"House 656, Transport Nagar, Surat",PH0041,,ORG0085
P0037,Vidya Yadav,"""Vidu""",26,F,Pune,Salesperson,"House 769, Railway Colony, Pune",PH0042,VEH0282,
P0038,Harish Rathore,,57,M,Haridwar,Real Estate Agent,"House 599, Sector 15, Haridwar",PH0043|PH0044,,ORG0080
P0039,Ritu Aggarwal,,57,F,Faridabad,Bank Employee,"House 600, Old City Market, Faridabad",PH0045,,
P0040,Siddharth Arora,,57,M,Dehradun,Retailer,"House 568, Railway Colony, Dehradun",PH0046,,
P0041,Manju Choudhary,,55,F,Faridabad,Transporter,"House 512, Civil Lines, Faridabad",PH0047,,ORG0124
P0042,Sameer Bhatia,,31,M,Dehradun,Salesperson,"House 118, Model Town Block D, Dehradun",PH0048,,ORG0032
P0043,Manish Chopra,,53,M,Bhopal,Real Estate Agent,"House 21, Commercial Block A, Bhopal",PH0049,,
P0044,Jyoti Grover,,24,F,Kolkata,Driver,"House 186, Commercial Block A, Kolkata",PH0050,VEH0146,ORG0077
P0045,Vidya Chopra,,52,F,Ranchi,Clerk,"House 692, Transport Nagar, Ranchi",PH0051,,
P0046,Ravi Kohli,,58,M,Ludhiana,Salesperson,"House 234, Commercial Block A, Ludhiana",PH0052,,ORG0072
P0047,Rajat Tiwari,,50,M,Jaipur,Retailer,"House 86, Transport Nagar, Jaipur",PH0053,,ORG0132
P0048,Amit Bhalla,,61,M,Lucknow,Accountant,"House 629, Housing Board Colony, Lucknow",PH0054|PH0055,,
P0049,Nidhi Malhotra,,43,F,Ranchi,IT Consultant,"House 134, New Township Sector 3, Ranchi",PH0056,,ORG0010
P0050,Preeti Gupta,,53,F,Delhi,Logistics Manager,"House 627, Old City Market, Delhi",PH0057,,ORG0120
P0051,Divya Iyer,,28,F,Indore,Shop Owner,"House 592, Phase 8 Industrial Estate, Indore",PH0058,,ORG0140
P0052,Anil Rawat,A. Rawat,41,M,Kolkata,Bank Employee,"House 870, Commercial Block D, Kolkata",PH0059,VEH0220,
P0053,Gaurav Rathore,,31,M,Surat,Logistics Manager,"House 274, Transport Nagar, Surat",PH0060,,
P0054,Tarun Grover,,62,M,Kanpur,Accountant,"House 900, Civil Lines, Kanpur",PH0061|PH0062,VEH0157,ORG0103
P0055,Pankaj Gupta,,47,M,Ahmedabad,Driver,"House 721, Civil Lines, Ahmedabad",PH0063|PH0064,,ORG0136
P0056,Swati Khanna,,28,F,Faridabad,Bank Employee,"House 689, New Township Sector 38, Faridabad",PH0065|PH0066,,ORG0040
P0057,Pooja Bansal,P. Bansal,49,F,Pune,Clerk,"House 687, Commercial Block D, Pune",PH0067,,ORG0136
P0058,Simran Kapoor,,29,F,Bhopal,Transporter,"House 738, New Township Sector 40, Bhopal",PH0068,,ORG0086
P0059,Suresh Sethi,,24,M,Jaipur,Salesperson,"House 265, Phase 58 Industrial Estate, Jaipur",PH0069,,
P0060,Ritu Aggarwal,,20,F,Ludhiana,Clerk,"House 549, Sector 42, Ludhiana",PH0070|PH0071,VEH0056,ORG0076
P0061,Sanjay Tiwari,,31,M,Jaipur,Accountant,"House 710, Commercial Block D, Jaipur",PH0072,,ORG0092
P0062,Priya Gupta,,35,F,Kolkata,IT Consultant,"House 153, Old City Market, Kolkata",PH0073,,ORG0110
P0063,Arjun Verma,,38,M,Chennai,Driver,"House 112, Model Town Block C, Chennai",PH0074|PH0075,,
P0064,Nikhil Saxena,,36,M,Agra,Transporter,"House 803, Railway Colony, Agra",PH0076,,ORG0033
P0065,Yash Aggarwal,,59,M,Chandigarh,Clerk,"House 758, Model Town Block B, Chandigarh",PH0077,,ORG0027
P0066,Nidhi Chawla,,42,F,Ahmedabad,Trader,"House 855, Phase 12 Industrial Estate, Ahmedabad",PH0078,,ORG0132
P0067,Karan Kapoor,,56,M,Agra,Salesperson,"House 55, New Township Sector 51, Agra",PH0079,VEH0143,
P0068,Manish Kohli,,39,M,Hyderabad,Accountant,"House 233, Transport Nagar, Hyderabad",PH0080,,
P0069,Kajal Mehta,,39,F,Dehradun,Driver,"House 279, New Township Sector 38, Dehradun",PH0081,,
P0070,Meera Yadav,,59,F,Surat,Shop Owner,"House 616, Transport Nagar, Surat",PH0082,,ORG0143
P0071,Simran Rathore,,38,F,Ranchi,Logistics Manager,"House 732, Civil Lines, Ranchi",PH0083,VEH0278,ORG0112
P0072,Suresh Rathore,,43,M,Lucknow,IT Consultant,"House 403, Sector 19, Lucknow",PH0084,,ORG0095
P0073,Anil Rawat,,36,M,Gurugram,Retailer,"House 81, Transport Nagar, Gurugram",PH0085,,ORG0092
P0074,Amit Rathore,,45,M,Ghaziabad,Salesperson,"House 87, New Township Sector 13, Ghaziabad",PH0086,,ORG0105
P0075,Aditya Mishra,,47,M,Noida,Retailer,"House 332, Transport Nagar, Noida",PH0087,VEH0011,
P0076,Ananya Reddy,,29,F,Delhi,Logistics Manager,"House 225, Civil Lines, Delhi",PH0088,,
P0077,Manish Arora,,38,M,Bhubaneswar,Freelance Consultant,"House 333, Transport Nagar, Bhubaneswar",PH0089,,ORG0014
P0078,Ashok Sharma,,32,M,Mumbai,Shop Owner,"House 11, Housing Board Colony, Mumbai",PH0090,,
P0079,Nikhil Nair,,35,M,Agra,IT Consultant,"House 390, Old City Market, Agra",PH0091,,
P0080,Priya Gupta,"""Priu""",19,F,Ghaziabad,Logistics Manager,"House 211, Transport Nagar, Ghaziabad",PH0092,,ORG0088
P0081,Simran Bhatia,,59,F,Ghaziabad,Transporter,"House 867, Sector 5, Ghaziabad",PH0093|PH0094,VEH0098,
P0082,Harish Bhatia,,60,M,Amritsar,Clerk,"House 256, Civil Lines, Amritsar",PH0095,,
P0083,Manju Reddy,,53,F,Agra,Freelance Consultant,"House 862, Sector 31, Agra",PH0096,,ORG0149
P0084,Rajat Kohli,,50,M,Delhi,Warehouse Supervisor,"House 449, Transport Nagar, Delhi",PH0097,,
P0085,Meera Gupta,,41,F,Ahmedabad,IT Consultant,"House 490, Railway Colony, Ahmedabad",PH0098,,ORG0105
P0086,Isha Singh,,35,F,Kanpur,Salesperson,"House 574, Phase 2 Industrial Estate, Kanpur",PH0099,,ORG0004
P0087,Gaurav Mishra,,61,M,Patna,Clerk,"House 78, Housing Board Colony, Patna",PH0100,VEH0178,ORG0053
P0088,Sanjay Arora,,46,M,Agra,IT Consultant,"House 288, Civil Lines, Agra",PH0101,,
P0089,Tanya Sethi,,22,F,Lucknow,IT Consultant,"House 602, Commercial Block A, Lucknow",PH0102,,ORG0036
P0090,Divya Rawat,,60,F,Pune,Driver,"House 164, Sector 60, Pune",PH0103,,
P0091,Arjun Sharma,,43,M,Chandigarh,Retailer,"House 175, New Township Sector 1, Chandigarh",PH0104,,ORG0073
P0092,Yash Grover,,23,M,Patna,Clerk,"House 776, Housing Board Colony, Patna",PH0105,,ORG0067
P0093,Kavya Gupta,,31,F,Bhubaneswar,Clerk,"House 660, Railway Colony, Bhubaneswar",PH0106,,ORG0015
P0094,Anjali Nair,,21,F,Agra,Salesperson,"House 545, Railway Colony, Agra",PH0107,,
P0095,Radha Chawla,,25,F,Pune,Warehouse Supervisor,"House 770, Model Town Block D, Pune",PH0108,,
P0096,Kirti Mishra,,21,F,Noida,Accountant,"House 132, Transport Nagar, Noida",PH0109,VEH0299,ORG0008
P0097,Kavya Mehta,,54,F,Ghaziabad,Shop Owner,"House 154, Old City Market, Ghaziabad",PH0110|PH0111,,
P0098,Mohit Grover,,39,M,Patna,IT Consultant,"House 590, Phase 20 Industrial Estate, Patna",PH0112,VEH0297,
P0099,Sneha Gupta,,30,F,Chandigarh,IT Consultant,"House 800, Civil Lines, Chandigarh",PH0113,VEH0100,
P0100,Vikram Joshi,,49,M,Agra,Freelance Consultant,"House 392, Housing Board Colony, Agra",PH0114,,ORG0022
P0101,Kajal Sharma,,52,F,Ahmedabad,Clerk,"House 83, Housing Board Colony, Ahmedabad",PH0115,VEH0086,ORG0001
P0102,Divya Choudhary,,50,F,Bengaluru,Logistics Manager,"House 94, New Township Sector 9, Bengaluru",PH0116,VEH0196,ORG0008
P0103,Aakash Singh,,33,M,Bhopal,Shop Owner,"House 376, Commercial Block C, Bhopal",PH0117,VEH0258,
P0104,Pooja Mehta,,32,F,Mumbai,Warehouse Supervisor,"House 201, New Township Sector 17, Mumbai",PH0118,VEH0166,ORG0015
P0105,Amit Rathore,Amit R.,29,M,Bhubaneswar,Transporter,"House 567, Civil Lines, Bhubaneswar",PH0119,VEH0246,ORG0116
P0106,Pankaj Bhalla,,53,M,Kanpur,Driver,"House 139, Housing Board Colony, Kanpur",PH0120,,ORG0008
P0107,Anjali Mishra,,54,F,Kolkata,Small Business Owner,"House 318, Model Town Block D, Kolkata",PH0121,VEH0115,
P0108,Naveen Sethi,,46,M,Ludhiana,Accountant,"House 860, Sector 55, Ludhiana",PH0122,,
P0109,Tarun Kapoor,,21,M,Gurugram,Driver,"House 158, Transport Nagar, Gurugram",PH0123,,
P0110,Neeraj Chawla,,22,M,Haridwar,Clerk,"House 301, Model Town Block A, Haridwar",PH0124|PH0125,VEH0078,ORG0097
P0111,Suresh Chopra,,49,M,Indore,Shop Owner,"House 605, Model Town Block D, Indore",PH0126,,ORG0003
P0112,Arjun Mishra,,61,M,Gurugram,Logistics Manager,"House 674, New Township Sector 8, Gurugram",PH0127,VEH0182,ORG0136
P0113,Bhavna Bhalla,,52,F,Ludhiana,Clerk,"House 199, Old City Market, Ludhiana",PH0128|PH0129,VEH0037,ORG0118
P0114,Priya Choudhary,,48,F,Ahmedabad,Accountant,"House 357, Model Town Block A, Ahmedabad",PH0130,VEH0137,ORG0149
P0115,Charu Joshi,,19,F,Kolkata,Shop Owner,"House 505, Commercial Block C, Kolkata",PH0131,,ORG0112
P0116,Neha Joshi,,55,F,Haridwar,Salesperson,"House 799, Phase 13 Industrial Estate, Haridwar",PH0132,,ORG0079
P0117,Anil Malhotra,,32,M,Faridabad,Real Estate Agent,"House 878, Model Town Block B, Faridabad",PH0133,,ORG0061
P0118,Anil Iyer,,31,M,Delhi,Trader,"House 574, Old City Market, Delhi",PH0134,,ORG0119
P0119,Sameer Kohli,,50,M,Haridwar,Salesperson,"House 874, Transport Nagar, Haridwar",PH0135,,ORG0083
P0120,Ashok Gupta,,36,M,Ghaziabad,Clerk,"House 89, Civil Lines, Ghaziabad",PH0136,VEH0226,ORG0057
P0121,Ravi Rawat,,59,M,Gurugram,Bank Employee,"House 533, Civil Lines, Gurugram",PH0137,VEH0261,
P0122,Simran Arora,,51,F,Ludhiana,Retailer,"House 189, New Township Sector 33, Ludhiana",PH0138|PH0139,,ORG0065
P0123,Meera Chawla,Meera C.,32,F,Mumbai,Bank Employee,"House 872, Commercial Block A, Mumbai",PH0140,,ORG0120
P0124,Rohit Malhotra,,37,M,Patna,Driver,"House 295, Sector 46, Patna",PH0141,,ORG0066
P0125,Simran Sharma,,37,F,Pune,Logistics Manager,"House 328, Sector 41, Pune",PH0142,,ORG0063
P0126,Aditya Bansal,,25,M,Agra,Clerk,"House 466, Railway Colony, Agra",PH0143,VEH0135,ORG0119
P0127,Manish Yadav,,40,M,Jaipur,Transporter,"House 149, Railway Colony, Jaipur",PH0144,VEH0017,ORG0127
P0128,Vivek Joshi,,48,M,Kolkata,Trader,"House 785, Housing Board Colony, Kolkata",PH0145,VEH0294,ORG0036
P0129,Sunita Reddy,,28,F,Surat,Salesperson,"House 330, New Township Sector 12, Surat",PH0146,,
P0130,Komal Kohli,,22,F,Bengaluru,Freelance Consultant,"House 161, Railway Colony, Bengaluru",PH0147,,ORG0014
P0131,Siddharth Bhatia,,25,M,Hyderabad,Transporter,"House 375, New Township Sector 25, Hyderabad",PH0148|PH0149,,
P0132,Manju Tiwari,,30,F,Kanpur,Freelance Consultant,"House 698, New Township Sector 29, Kanpur",PH0150,VEH0066,ORG0028
P0133,Aakash Sharma,,49,M,Bengaluru,Clerk,"House 277, New Township Sector 12, Bengaluru",PH0151,VEH0053,
P0134,Rekha Arora,,55,F,Bhubaneswar,Retailer,"House 230, Model Town Block D, Bhubaneswar",PH0152,,ORG0113
P0135,Simran Choudhary,,33,F,Patna,Transporter,"House 27, Housing Board Colony, Patna",PH0153,VEH0188,ORG0102
P0136,Amit Sethi,,61,M,Lucknow,Clerk,"House 843, Civil Lines, Lucknow",PH0154,,
P0137,Jyoti Sethi,,27,F,Noida,Clerk,"House 831, Old City Market, Noida",PH0155,VEH0089,ORG0117
P0138,Rajesh Bhatia,,50,M,Pune,Driver,"House 456, Transport Nagar, Pune",PH0156,,
P0139,Kirti Bhalla,,42,F,Chennai,IT Consultant,"House 469, Model Town Block C, Chennai",PH0157,VEH0251,ORG0087
P0140,Charu Chopra,,47,F,Ahmedabad,Salesperson,"House 661, New Township Sector 56, Ahmedabad",PH0158,,ORG0143
P0141,Amit Bhatia,,22,M,Ranchi,Accountant,"House 867, Transport Nagar, Ranchi",PH0159,,ORG0127
P0142,Pankaj Gupta,,43,M,Pune,Salesperson,"House 457, Commercial Block D, Pune",PH0160,VEH0068,
P0143,Komal Reddy,,24,F,Gurugram,Salesperson,"House 358, Civil Lines, Gurugram",PH0161,VEH0048,ORG0012
P0144,Payal Tiwari,,26,F,Faridabad,Small Business Owner,"House 87, Phase 45 Industrial Estate, Faridabad",PH0162,,
P0145,Payal Nair,,40,F,Hyderabad,Shop Owner,"House 99, Phase 14 Industrial Estate, Hyderabad",PH0163|PH0164,,ORG0103
P0146,Komal Chopra,,45,F,Surat,Transporter,"House 660, Railway Colony, Surat",PH0165|PH0166,,
P0147,Deepak Rathore,,31,M,Kolkata,Shop Owner,"House 858, Commercial Block C, Kolkata",PH0167,VEH0147,
P0148,Ravi Kapoor,,29,M,Patna,Trader,"House 197, Sector 57, Patna",PH0168,,
P0149,Karan Gupta,,52,M,Gurugram,Warehouse Supervisor,"House 462, Commercial Block D, Gurugram",PH0169,,
P0150,Priya Chopra,,30,F,Pune,Salesperson,"House 130, Housing Board Colony, Pune",PH0170,VEH0010,ORG0124
P0151,Sneha Khanna,,34,F,Chandigarh,Logistics Manager,"House 153, Phase 39 Industrial Estate, Chandigarh",PH0171,,ORG0018
P0152,Vikram Khanna,,41,M,Agra,Bank Employee,"House 416, Old City Market, Agra",PH0172,,ORG0014
P0153,Tanya Bansal,"""Tanu""",47,F,Pune,Salesperson,"House 30, Old City Market, Pune",PH0173,,ORG0123
P0154,Simran Joshi,S. Joshi,38,F,Chandigarh,Small Business Owner,"House 836, Transport Nagar, Chandigarh",PH0174,,
P0155,Siddharth Arora,,26,M,Bhopal,Retailer,"House 354, Phase 31 Industrial Estate, Bhopal",PH0175,,
P0156,Yash Chopra,,30,M,Mumbai,Logistics Manager,"House 399, Model Town Block C, Mumbai",PH0176,VEH0214,
P0157,Siddharth Rathore,,48,M,Amritsar,IT Consultant,"House 338, Civil Lines, Amritsar",PH0177,,
P0158,Nidhi Kapoor,,38,F,Gurugram,Bank Employee,"House 175, Housing Board Colony, Gurugram",PH0178,,
P0159,Swati Saxena,"""Swau""",35,F,Ghaziabad,Driver,"House 391, Civil Lines, Ghaziabad",PH0179|PH0180,VEH0077,ORG0081
P0160,Divya Chopra,,59,F,Ahmedabad,Freelance Consultant,"House 899, Old City Market, Ahmedabad",PH0181,,
P0161,Pooja Bansal,,56,F,Gurugram,Driver,"House 187, Model Town Block D, Gurugram",PH0182|PH0183,,
P0162,Simran Bhalla,Simran Kumar Bhalla,50,F,Faridabad,Driver,"House 54, Commercial Block C, Faridabad",PH0184,,ORG0064
P0163,Kirti Aggarwal,,27,F,Patna,Trader,"House 558, Sector 5, Patna",PH0185,VEH0173,
P0164,Aakash Kohli,A. Kohli,41,M,Ludhiana,Shop Owner,"House 697, Sector 36, Ludhiana",PH0186,VEH0254,
P0165,Ramesh Aggarwal,,26,M,Ghaziabad,Logistics Manager,"House 375, Model Town Block B, Ghaziabad",PH0187,,ORG0083
P0166,Komal Kapoor,,25,F,Lucknow,Freelance Consultant,"House 567, Sector 26, Lucknow",PH0188,VEH0102,
P0167,Anil Sethi,,21,M,Ghaziabad,Real Estate Agent,"House 98, New Township Sector 27, Ghaziabad",PH0189,,
P0168,Bhavna Arora,,42,F,Patna,Small Business Owner,"House 38, Railway Colony, Patna",PH0190,,ORG0089
P0169,Ritu Tiwari,Ritu Kumar Tiwari,50,F,Pune,Warehouse Supervisor,"House 386, Civil Lines, Pune",PH0191,,
P0170,Sanjay Arora,,28,M,Noida,Warehouse Supervisor,"House 731, Railway Colony, Noida",PH0192,VEH0197,
P0171,Shruti Pandey,,59,F,Surat,Bank Employee,"House 620, Old City Market, Surat",PH0193,,ORG0084
P0172,Pankaj Bansal,,49,M,Kolkata,Retailer,"House 131, Housing Board Colony, Kolkata",PH0194,,ORG0064
P0173,Rohan Singh,,34,M,Dehradun,IT Consultant,"House 346, Commercial Block A, Dehradun",PH0195,,ORG0088
P0174,Aditya Reddy,Aditya Kumar Reddy,47,M,Kolkata,Shop Owner,"House 847, Railway Colony, Kolkata",PH0196|PH0197,,
P0175,Ravi Mishra,,30,M,Agra,Logistics Manager,"House 150, Sector 34, Agra",PH0198|PH0199,,
P0176,Sameer Pandey,,33,M,Ghaziabad,Logistics Manager,"House 640, Railway Colony, Ghaziabad",PH0200,VEH0274,ORG0089
P0177,Anil Reddy,,21,M,Kanpur,Logistics Manager,"House 554, New Township Sector 35, Kanpur",PH0201,VEH0142,ORG0109
P0178,Priya Kohli,,57,F,Chennai,Driver,"House 812, Commercial Block A, Chennai",PH0202,VEH0167,ORG0136
P0179,Manju Bhalla,,33,F,Jaipur,Clerk,"House 564, Transport Nagar, Jaipur",PH0203,,
P0180,Isha Rathore,,46,F,Gurugram,Trader,"House 770, Phase 26 Industrial Estate, Gurugram",PH0204,,ORG0144
P0181,Bhavna Mishra,,49,F,Ahmedabad,Small Business Owner,"House 21, Sector 23, Ahmedabad",PH0205|PH0206,VEH0020,ORG0038
P0182,Swati Gupta,,42,F,Ahmedabad,Accountant,"House 604, Old City Market, Ahmedabad",PH0207,,ORG0128
P0183,Yash Kohli,,32,M,Dehradun,Retailer,"House 663, New Township Sector 17, Dehradun",PH0208,VEH0095,
P0184,Anil Sharma,,30,M,Gurugram,Shop Owner,"House 763, Transport Nagar, Gurugram",PH0209,,ORG0150
P0185,Amit Bansal,,46,M,Noida,Real Estate Agent,"House 259, Commercial Block B, Noida",PH0210,VEH0242,ORG0086
P0186,Swati Mehta,,37,F,Bhopal,Clerk,"House 29, Railway Colony, Bhopal",PH0211,VEH0271,ORG0148
P0187,Aarti Reddy,Aarti R.,39,F,Ghaziabad,Clerk,"House 783, Housing Board Colony, Ghaziabad",PH0212,,ORG0121
P0188,Vidya Aggarwal,,35,F,Patna,Bank Employee,"House 747, Housing Board Colony, Patna",PH0213,,ORG0046
P0189,Rajesh Arora,,48,M,Amritsar,Warehouse Supervisor,"House 450, Railway Colony, Amritsar",PH0214,,ORG0112
P0190,Sanjay Mishra,,21,M,Dehradun,Clerk,"House 675, Civil Lines, Dehradun",PH0215,VEH0032,ORG0107
P0191,Bhavna Choudhary,,20,F,Noida,Clerk,"House 647, Housing Board Colony, Noida",PH0216,,
P0192,Rekha Mishra,,52,F,Dehradun,Transporter,"House 733, Railway Colony, Dehradun",PH0217,,ORG0027
P0193,Amit Bhatia,,59,M,Mumbai,Trader,"House 265, Sector 10, Mumbai",PH0218,,ORG0128
P0194,Ritu Iyer,,26,F,Agra,IT Consultant,"House 717, Transport Nagar, Agra",PH0219,,
P0195,Ritu Nair,,34,F,Gurugram,Shop Owner,"House 28, Civil Lines, Gurugram",PH0220,,
P0196,Nikhil Rathore,,58,M,Amritsar,Bank Employee,"House 381, New Township Sector 39, Amritsar",PH0221,,ORG0020
P0197,Suresh Iyer,,27,M,Noida,Shop Owner,"House 751, Old City Market, Noida",PH0222,VEH0237,ORG0060
P0198,Ananya Rawat,,46,F,Bhubaneswar,Transporter,"House 394, Commercial Block C, Bhubaneswar",PH0223,,
P0199,Neeraj Reddy,,57,M,Amritsar,Logistics Manager,"House 326, Housing Board Colony, Amritsar",PH0224,VEH0272,
P0200,Preeti Gupta,,30,F,Surat,Clerk,"House 808, Model Town Block C, Surat",PH0225,VEH0084,
P0201,Ritu Mehta,,21,F,Ahmedabad,Retailer,"House 91, Phase 12 Industrial Estate, Ahmedabad",PH0226,,ORG0104
P0202,Sanjay Verma,,60,M,Bengaluru,Trader,"House 314, Model Town Block D, Bengaluru",PH0227|PH0228,VEH0193,ORG0103
P0203,Harish Grover,,38,M,Chennai,IT Consultant,"House 812, New Township Sector 44, Chennai",PH0229|PH0230,VEH0001,ORG0144
P0204,Neha Kapoor,,48,F,Ghaziabad,Small Business Owner,"House 290, New Township Sector 18, Ghaziabad",PH0231,,
P0205,Nidhi Aggarwal,,22,F,Chennai,Driver,"House 600, Commercial Block B, Chennai",PH0232,,ORG0106
P0206,Pooja Verma,,37,F,Bengaluru,Shop Owner,"House 643, Housing Board Colony, Bengaluru",PH0233,,
P0207,Ananya Pandey,,47,F,Noida,Accountant,"House 122, Commercial Block D, Noida",PH0234,VEH0062,ORG0023
P0208,Anjali Malhotra,,60,F,Mumbai,Clerk,"House 600, Model Town Block A, Mumbai",PH0235,,ORG0100
P0209,Siddharth Arora,,33,M,Hyderabad,Freelance Consultant,"House 564, Transport Nagar, Hyderabad",PH0236,,
P0210,Nikhil Gupta,,38,M,Lucknow,Salesperson,"House 531, Old City Market, Lucknow",PH0237|PH0238,,ORG0033
P0211,Komal Singh,,41,F,Bhopal,Driver,"House 507, Sector 58, Bhopal",PH0239,,
P0212,Vikram Nair,,36,M,Hyderabad,Small Business Owner,"House 738, Railway Colony, Hyderabad",PH0240,VEH0029,
P0213,Meera Arora,,37,F,Surat,Freelance Consultant,"House 394, Commercial Block A, Surat",PH0241,VEH0215,ORG0069
P0214,Sanjay Bhalla,,51,M,Kanpur,Real Estate Agent,"House 586, Model Town Block C, Kanpur",PH0242,,
P0215,Rohit Arora,,26,M,Jaipur,IT Consultant,"House 877, New Township Sector 58, Jaipur",PH0243,,
P0216,Divya Verma,,56,F,Surat,Freelance Consultant,"House 737, Transport Nagar, Surat",PH0244,,
P0217,Karan Sharma,Karan S.,59,M,Hyderabad,Logistics Manager,"House 438, Phase 24 Industrial Estate, Hyderabad",PH0245,VEH0130,
P0218,Sameer Joshi,,36,M,Bengaluru,Freelance Consultant,"House 123, Civil Lines, Bengaluru",PH0246|PH0247,,ORG0116
P0219,Rajesh Sharma,,19,M,Agra,Transporter,"House 57, Phase 60 Industrial Estate, Agra",PH0248,,ORG0004
P0220,Aarti Arora,,34,F,Surat,Transporter,"House 283, Sector 53, Surat",PH0249|PH0250,,
P0221,Karan Gupta,,39,M,Ghaziabad,Real Estate Agent,"House 835, Old City Market, Ghaziabad",PH0251|PH0252,VEH0144,ORG0046
P0222,Shruti Yadav,,32,F,Ludhiana,Shop Owner,"House 366, Old City Market, Ludhiana",PH0253|PH0254,,ORG0124
P0223,Jyoti Verma,,41,F,Gurugram,Transporter,"House 334, New Township Sector 17, Gurugram",PH0255|PH0256,,ORG0115
P0224,Yash Khanna,,49,M,Amritsar,Logistics Manager,"House 856, Sector 17, Amritsar",PH0257,,
P0225,Tarun Mehta,,50,M,Jaipur,Logistics Manager,"House 476, Commercial Block C, Jaipur",PH0258,,ORG0026
P0226,Simran Saxena,,41,F,Kanpur,Bank Employee,"House 489, Railway Colony, Kanpur",PH0259,,ORG0137
P0227,Divya Choudhary,,27,F,Gurugram,Clerk,"House 643, Phase 28 Industrial Estate, Gurugram",PH0260,,ORG0096
P0228,Vivek Aggarwal,,27,M,Haridwar,Salesperson,"House 55, Sector 10, Haridwar",PH0261,,ORG0099
P0229,Anil Verma,,37,M,Bengaluru,Logistics Manager,"House 650, Civil Lines, Bengaluru",PH0262,VEH0268,ORG0008
P0230,Ananya Chopra,,32,F,Kanpur,Freelance Consultant,"House 158, Transport Nagar, Kanpur",PH0263,,
P0231,Anil Joshi,,23,M,Dehradun,Accountant,"House 743, Model Town Block A, Dehradun",PH0264,VEH0125,
P0232,Manish Mishra,,59,M,Hyderabad,Small Business Owner,"House 765, New Township Sector 45, Hyderabad",PH0265,,
P0233,Isha Sethi,,47,F,Haridwar,Trader,"House 1, Civil Lines, Haridwar",PH0266,VEH0057,ORG0142
P0234,Manju Choudhary,,21,F,Hyderabad,Bank Employee,"House 135, Old City Market, Hyderabad",PH0267,,
P0235,Amit Pandey,,23,M,Faridabad,Driver,"House 20, Railway Colony, Faridabad",PH0268,,
P0236,Divya Kapoor,,55,F,Patna,IT Consultant,"House 272, Model Town Block B, Patna",PH0269|PH0270,,ORG0055
P0237,Shruti Yadav,,26,F,Amritsar,Bank Employee,"House 75, Housing Board Colony, Amritsar",PH0271,,ORG0060
P0238,Priya Mishra,,57,F,Agra,Driver,"House 830, New Township Sector 19, Agra",PH0272,,ORG0093
P0239,Ananya Singh,,53,F,Gurugram,Logistics Manager,"House 544, Phase 35 Industrial Estate, Gurugram",PH0273,,ORG0018
P0240,Sanjay Bhatia,,38,M,Haridwar,Shop Owner,"House 684, Commercial Block A, Haridwar",PH0274,,ORG0016
P0241,Mohit Kohli,,46,M,Chandigarh,Transporter,"House 378, Railway Colony, Chandigarh",PH0275,VEH0122,
P0242,Deepak Arora,,26,M,Bhopal,IT Consultant,"House 225, Commercial Block A, Bhopal",PH0276,VEH0038,ORG0055
P0243,Arjun Iyer,,31,M,Amritsar,Real Estate Agent,"House 161, New Township Sector 45, Amritsar",PH0277,,
P0244,Rohan Saxena,,30,M,Mumbai,Small Business Owner,"House 403, Phase 32 Industrial Estate, Mumbai",PH0278|PH0279,VEH0269,ORG0016
P0245,Meera Grover,,41,F,Bengaluru,Clerk,"House 739, Housing Board Colony, Bengaluru",PH0280,,ORG0055
P0246,Priya Yadav,,38,F,Noida,Small Business Owner,"House 690, Transport Nagar, Noida",PH0281,,
P0247,Neeraj Kapoor,,42,M,Patna,Accountant,"House 724, Railway Colony, Patna",PH0282|PH0283,,ORG0071
P0248,Vivek Iyer,,22,M,Kanpur,Logistics Manager,"House 848, New Township Sector 5, Kanpur",PH0284|PH0285,,ORG0121
P0249,Charu Kapoor,,26,F,Bhopal,Warehouse Supervisor,"House 717, Commercial Block B, Bhopal",PH0286|PH0287,VEH0050,ORG0087
P0250,Vidya Sharma,,41,F,Gurugram,Small Business Owner,"House 465, Transport Nagar, Gurugram",PH0288,,
P0251,Neha Khanna,,35,F,Mumbai,Clerk,"House 243, Model Town Block B, Mumbai",PH0289,,ORG0141
P0252,Nidhi Pandey,,19,F,Jaipur,Driver,"House 202, Railway Colony, Jaipur",PH0290,,
P0253,Bhavna Pandey,,47,F,Ranchi,Freelance Consultant,"House 226, Housing Board Colony, Ranchi",PH0291,,ORG0065
P0254,Jyoti Sethi,,46,F,Kolkata,Accountant,"House 299, Sector 7, Kolkata",PH0292,VEH0082,
P0255,Radha Sharma,,25,F,Delhi,Real Estate Agent,"House 467, Model Town Block C, Delhi",PH0293,,ORG0051
P0256,Nikhil Bhalla,,50,M,Amritsar,Clerk,"House 426, Old City Market, Amritsar",PH0294,,ORG0117
P0257,Rekha Malhotra,,54,F,Bhubaneswar,Freelance Consultant,"House 860, Old City Market, Bhubaneswar",PH0295|PH0296,,
P0258,Sunita Tiwari,,58,F,Delhi,Logistics Manager,"House 292, Commercial Block C, Delhi",PH0297,,ORG0063
P0259,Sanjay Kapoor,S. Kapoor,52,M,Ranchi,Real Estate Agent,"House 153, Sector 9, Ranchi",PH0298,,
P0260,Vidya Bhatia,,45,F,Ghaziabad,Small Business Owner,"House 868, Civil Lines, Ghaziabad",PH0299,,ORG0106
P0261,Nikhil Kohli,,56,M,Dehradun,Salesperson,"House 667, Housing Board Colony, Dehradun",PH0300,,ORG0096
P0262,Manju Bansal,,27,F,Mumbai,Warehouse Supervisor,"House 88, Phase 1 Industrial Estate, Mumbai",PH0301,,
P0263,Naveen Nair,Naveen N.,24,M,Delhi,Small Business Owner,"House 669, Civil Lines, Delhi",PH0302,VEH0120,ORG0139
P0264,Priya Chopra,,46,F,Chandigarh,Warehouse Supervisor,"House 845, Sector 57, Chandigarh",PH0303,,ORG0086
P0265,Mohit Iyer,,33,M,Haridwar,Clerk,"House 676, Transport Nagar, Haridwar",PH0304|PH0305,,ORG0135
P0266,Neha Sethi,,43,F,Surat,Real Estate Agent,"House 116, New Township Sector 33, Surat",PH0306,VEH0093,ORG0032
P0267,Isha Tiwari,,20,F,Bengaluru,IT Consultant,"House 560, Railway Colony, Bengaluru",PH0307,,ORG0138
P0268,Karan Bhalla,,19,M,Gurugram,Real Estate Agent,"House 132, Housing Board Colony, Gurugram",PH0308|PH0309,,
P0269,Neha Bansal,,36,F,Faridabad,Small Business Owner,"House 855, Old City Market, Faridabad",PH0310,,ORG0125
P0270,Nikhil Pandey,,27,M,Bhopal,Salesperson,"House 397, Civil Lines, Bhopal",PH0311,,
P0271,Priya Bhatia,,56,F,Hyderabad,Shop Owner,"House 844, Civil Lines, Hyderabad",PH0312,,
P0272,Ravi Gupta,Ravi G.,21,M,Pune,Salesperson,"House 820, New Township Sector 13, Pune",PH0313,,ORG0106
P0273,Rajat Rawat,,29,M,Kolkata,Clerk,"House 735, Housing Board Colony, Kolkata",PH0314,VEH0285,ORG0012
P0274,Neha Yadav,,41,F,Jaipur,Accountant,"House 45, Sector 47, Jaipur",PH0315,,
P0275,Ananya Sharma,,21,F,Bhopal,Shop Owner,"House 735, Phase 58 Industrial Estate, Bhopal",PH0316,,
P0276,Karan Chawla,,39,M,Mumbai,Transporter,"House 388, Railway Colony, Mumbai",PH0317|PH0318,VEH0073,ORG0065
P0277,Priya Bansal,,22,F,Agra,Warehouse Supervisor,"House 52, Housing Board Colony, Agra",PH0319,,ORG0032
P0278,Deepak Bhalla,,21,M,Noida,Clerk,"House 830, Railway Colony, Noida",PH0320,VEH0052,
P0279,Vidya Rawat,,20,F,Jaipur,Salesperson,"House 308, Civil Lines, Jaipur",PH0321,,ORG0143
P0280,Karan Bhalla,,25,M,Dehradun,Small Business Owner,"House 206, Housing Board Colony, Dehradun",PH0322,,ORG0039
P0281,Arjun Khanna,,28,M,Faridabad,Accountant,"House 568, Sector 30, Faridabad",PH0323,,ORG0042
P0282,Ritu Singh,,21,F,Ghaziabad,Small Business Owner,"House 425, Housing Board Colony, Ghaziabad",PH0324,,
P0283,Preeti Mehta,,62,F,Lucknow,Freelance Consultant,"House 894, Old City Market, Lucknow",PH0325,,
P0284,Jyoti Mishra,,19,F,Bengaluru,Accountant,"House 124, Railway Colony, Bengaluru",PH0326,,ORG0007
P0285,Ravi Nair,,52,M,Indore,Transporter,"House 491, Old City Market, Indore",PH0327,VEH0238,
P0286,Amit Rathore,,26,M,Ranchi,Warehouse Supervisor,"House 498, Transport Nagar, Ranchi",PH0328,VEH0253,
P0287,Divya Kapoor,Divya K.,26,F,Indore,Driver,"House 90, Sector 18, Indore",PH0329,VEH0159,ORG0128
P0288,Shruti Arora,,57,F,Pune,Freelance Consultant,"House 365, Commercial Block B, Pune",PH0330,,
P0289,Vikram Bhatia,,33,M,Agra,Transporter,"House 848, Commercial Block C, Agra",PH0331,VEH0091,
P0290,Deepak Singh,,62,M,Ahmedabad,Trader,"House 734, Transport Nagar, Ahmedabad",PH0332,,
P0291,Naveen Gupta,,62,M,Pune,Accountant,"House 723, Civil Lines, Pune",PH0333|PH0334,,ORG0010
P0292,Nidhi Bansal,,45,F,Bhopal,Clerk,"House 578, Civil Lines, Bhopal",PH0335,VEH0165,ORG0029
P0293,Tanya Malhotra,,44,F,Ranchi,Logistics Manager,"House 238, Model Town Block D, Ranchi",PH0336,VEH0174,
P0294,Anjali Verma,,59,F,Chandigarh,Salesperson,"House 211, Phase 22 Industrial Estate, Chandigarh",PH0337,VEH0054,ORG0009
P0295,Sneha Tiwari,,44,F,Agra,Bank Employee,"House 414, Old City Market, Agra",PH0338,,ORG0041
P0296,Mohit Pandey,,61,M,Chandigarh,Trader,"House 367, Housing Board Colony, Chandigarh",PH0339,VEH0149,
P0297,Radha Nair,,33,F,Amritsar,Freelance Consultant,"House 441, Commercial Block D, Amritsar",PH0340|PH0341,,ORG0007
P0298,Anil Malhotra,,37,M,Pune,Retailer,"House 807, Phase 54 Industrial Estate, Pune",PH0342,,ORG0042
P0299,Priya Aggarwal,,61,F,Indore,Bank Employee,"House 652, Sector 53, Indore",PH0343,,ORG0078
P0300,Sneha Reddy,,29,F,Chennai,Freelance Consultant,"House 456, Commercial Block C, Chennai",PH0344,VEH0293,ORG0048
P0301,Rohit Reddy,,51,M,Hyderabad,Transporter,"House 366, Old City Market, Hyderabad",PH0345,VEH0232,ORG0125
P0302,Meera Pandey,,31,F,Delhi,Freelance Consultant,"House 540, Old City Market, Delhi",PH0346,,ORG0008
P0303,Radha Nair,,32,F,Jaipur,Logistics Manager,"House 796, Old City Market, Jaipur",PH0347,,ORG0020
P0304,Rekha Khanna,,20,F,Bhubaneswar,Transporter,"House 708, Phase 39 Industrial Estate, Bhubaneswar",PH0348|PH0349,VEH0049,ORG0147
P0305,Meera Kapoor,,29,F,Bhubaneswar,Trader,"House 304, Old City Market, Bhubaneswar",PH0350,,ORG0093
P0306,Arjun Joshi,,26,M,Agra,Accountant,"House 497, New Township Sector 15, Agra",PH0351,,
P0307,Neha Mishra,,26,F,Pune,Freelance Consultant,"House 349, Railway Colony, Pune",PH0352,,ORG0104
P0308,Manish Choudhary,,32,M,Amritsar,Warehouse Supervisor,"House 237, Sector 11, Amritsar",PH0353,,ORG0073
P0309,Ramesh Bansal,,22,M,Mumbai,Logistics Manager,"House 634, New Township Sector 37, Mumbai",PH0354,,ORG0048
P0310,Ravi Nair,,50,M,Delhi,Small Business Owner,"House 259, Phase 29 Industrial Estate, Delhi",PH0355,VEH0004,ORG0107
P0311,Sneha Choudhary,,41,F,Amritsar,Logistics Manager,"House 644, Phase 14 Industrial Estate, Amritsar",PH0356,,ORG0082
P0312,Rajesh Joshi,,25,M,Amritsar,Freelance Consultant,"House 745, Housing Board Colony, Amritsar",PH0357,,ORG0066
P0313,Ritu Khanna,,41,F,Chandigarh,Real Estate Agent,"House 648, Model Town Block B, Chandigarh",PH0358,,ORG0113
P0314,Vidya Bhalla,,42,F,Ghaziabad,Trader,"House 89, New Township Sector 28, Ghaziabad",PH0359,,ORG0027
P0315,Sneha Bhalla,,33,F,Bhubaneswar,Logistics Manager,"House 370, New Township Sector 10, Bhubaneswar",PH0360,,ORG0123
P0316,Sneha Yadav,,57,F,Surat,Transporter,"House 615, Transport Nagar, Surat",PH0361,,ORG0023
P0317,Anjali Iyer,,23,F,Patna,Logistics Manager,"House 605, New Township Sector 53, Patna",PH0362|PH0363,VEH0211,ORG0125
P0318,Manish Bhatia,,54,M,Chennai,Retailer,"House 367, Civil Lines, Chennai",PH0364,VEH0161,ORG0034
P0319,Radha Malhotra,,20,F,Ahmedabad,Driver,"House 64, Railway Colony, Ahmedabad",PH0365,,
P0320,Shruti Sethi,,41,F,Surat,Shop Owner,"House 575, Commercial Block D, Surat",PH0366,,
P0321,Naveen Chawla,,53,M,Ahmedabad,Freelance Consultant,"House 461, Model Town Block C, Ahmedabad",PH0367,VEH0204,
P0322,Harish Sethi,,25,M,Kolkata,Freelance Consultant,"House 57, Housing Board Colony, Kolkata",PH0368,,ORG0082
P0323,Aarti Saxena,,31,F,Amritsar,Warehouse Supervisor,"House 226, Housing Board Colony, Amritsar",PH0369|PH0370,VEH0110,
P0324,Amit Kohli,"""Amiu""",57,M,Lucknow,Logistics Manager,"House 336, Old City Market, Lucknow",PH0371,VEH0124,ORG0110
P0325,Sanjay Bansal,,43,M,Pune,Small Business Owner,"House 782, Model Town Block D, Pune",PH0372,VEH0108,ORG0074
P0326,Aakash Gupta,,42,M,Haridwar,Salesperson,"House 759, Railway Colony, Haridwar",PH0373,,ORG0093
P0327,Yash Gupta,,23,M,Hyderabad,Warehouse Supervisor,"House 462, Commercial Block A, Hyderabad",PH0374,VEH0111,ORG0069
P0328,Siddharth Sharma,,28,M,Mumbai,Freelance Consultant,"House 521, Transport Nagar, Mumbai",PH0375|PH0376,VEH0257,ORG0101
P0329,Anil Bhalla,,62,M,Noida,Salesperson,"House 471, Phase 41 Industrial Estate, Noida",PH0377,,ORG0008
P0330,Suresh Joshi,,51,M,Lucknow,Transporter,"House 104, Civil Lines, Lucknow",PH0378,,ORG0090
P0331,Manju Grover,,44,F,Pune,Bank Employee,"House 701, Commercial Block D, Pune",PH0379,VEH0141,
P0332,Nikhil Kohli,,33,M,Faridabad,Clerk,"House 587, Civil Lines, Faridabad",PH0380,VEH0009,
P0333,Mohit Kapoor,,27,M,Gurugram,Salesperson,"House 31, Railway Colony, Gurugram",PH0381,,
P0334,Siddharth Reddy,,28,M,Hyderabad,Accountant,"House 437, Civil Lines, Hyderabad",PH0382,,
P0335,Sneha Bhatia,,57,F,Faridabad,Freelance Consultant,"House 220, Civil Lines, Faridabad",PH0383,VEH0151,ORG0050
P0336,Neha Aggarwal,,41,F,Noida,Small Business Owner,"House 87, New Township Sector 53, Noida",PH0384,VEH0079,ORG0149
P0337,Ananya Tiwari,,31,F,Chandigarh,Shop Owner,"House 467, Transport Nagar, Chandigarh",PH0385,VEH0096,ORG0100
P0338,Swati Pandey,,19,F,Agra,Transporter,"House 407, Transport Nagar, Agra",PH0386,VEH0063,ORG0066
P0339,Jyoti Khanna,,20,F,Bengaluru,Real Estate Agent,"House 136, Housing Board Colony, Bengaluru",PH0387,,ORG0006
P0340,Vidya Nair,,25,F,Haridwar,Trader,"House 593, Transport Nagar, Haridwar",PH0388,,ORG0055
P0341,Nidhi Aggarwal,,24,F,Gurugram,Salesperson,"House 792, Commercial Block D, Gurugram",PH0389|PH0390,VEH0191,
P0342,Suresh Mishra,,58,M,Indore,Transporter,"House 323, Sector 26, Indore",PH0391,,
P0343,Amit Yadav,,41,M,Patna,Freelance Consultant,"House 74, Commercial Block C, Patna",PH0392,,ORG0068
P0344,Nikhil Rathore,,58,M,Surat,Small Business Owner,"House 374, Old City Market, Surat",PH0393|PH0394,,ORG0056
P0345,Vidya Chawla,,28,F,Hyderabad,Warehouse Supervisor,"House 480, Civil Lines, Hyderabad",PH0395,VEH0190,ORG0030
P0346,Tanya Iyer,,27,F,Agra,Bank Employee,"House 316, Transport Nagar, Agra",PH0396|PH0397,VEH0042,ORG0061
P0347,Mohit Sharma,,50,M,Ahmedabad,Small Business Owner,"House 394, Phase 19 Industrial Estate, Ahmedabad",PH0398,,
P0348,Manish Rathore,,62,M,Noida,Clerk,"House 762, Model Town Block C, Noida",PH0399,VEH0221,
P0349,Rajesh Nair,,24,M,Bhubaneswar,Freelance Consultant,"House 734, Model Town Block C, Bhubaneswar",PH0400,VEH0127,
P0350,Sameer Singh,,60,M,Haridwar,Retailer,"House 794, Sector 12, Haridwar",PH0401,,ORG0118
P0351,Payal Verma,,40,F,Delhi,Freelance Consultant,"House 269, Railway Colony, Delhi",PH0402|PH0403,,ORG0097
P0352,Sunita Mishra,,32,F,Delhi,Salesperson,"House 550, Transport Nagar, Delhi",PH0404,,ORG0084
P0353,Sunita Kohli,S. Kohli,32,F,Lucknow,Transporter,"House 412, Commercial Block B, Lucknow",PH0405,,ORG0075
P0354,Isha Bansal,,62,F,Bengaluru,Logistics Manager,"House 876, Model Town Block A, Bengaluru",PH0406,,ORG0142
P0355,Vikram Nair,,56,M,Jaipur,Trader,"House 429, Sector 32, Jaipur",PH0407,,ORG0141
P0356,Gaurav Sethi,,54,M,Ludhiana,Retailer,"House 546, Sector 15, Ludhiana",PH0408,VEH0187,ORG0029
P0357,Sanjay Rathore,,62,M,Mumbai,Salesperson,"House 291, Housing Board Colony, Mumbai",PH0409|PH0410,VEH0133,
P0358,Manish Nair,,27,M,Faridabad,Logistics Manager,"House 289, New Township Sector 45, Faridabad",PH0411,,
P0359,Rohan Verma,,62,M,Jaipur,Clerk,"House 296, Railway Colony, Jaipur",PH0412,,ORG0084
P0360,Pooja Arora,,40,F,Ahmedabad,Shop Owner,"House 409, New Township Sector 7, Ahmedabad",PH0413,,ORG0071
P0361,Amit Rathore,,40,M,Chandigarh,IT Consultant,"House 802, Railway Colony, Chandigarh",PH0414,,
P0362,Nidhi Saxena,,25,F,Chennai,Logistics Manager,"House 100, Railway Colony, Chennai",PH0415,VEH0113,ORG0138
P0363,Ravi Pandey,,29,M,Pune,Clerk,"House 534, Housing Board Colony, Pune",PH0416|PH0417,,
P0364,Aarti Verma,,25,F,Noida,Driver,"House 299, Transport Nagar, Noida",PH0418|PH0419,,ORG0085
P0365,Neeraj Iyer,,61,M,Indore,Freelance Consultant,"House 897, Sector 22, Indore",PH0420,,
P0366,Yash Bhatia,,57,M,Kolkata,Accountant,"House 458, Transport Nagar, Kolkata",PH0421,,ORG0048
P0367,Harish Bansal,,22,M,Faridabad,Warehouse Supervisor,"House 73, Model Town Block C, Faridabad",PH0422,,
P0368,Komal Mehta,,62,F,Patna,IT Consultant,"House 360, Phase 15 Industrial Estate, Patna",PH0423|PH0424,,ORG0037
P0369,Swati Sethi,,43,F,Hyderabad,Real Estate Agent,"House 548, Civil Lines, Hyderabad",PH0425|PH0426,,ORG0128
P0370,Rajat Sharma,,36,M,Hyderabad,Real Estate Agent,"House 319, Phase 6 Industrial Estate, Hyderabad",PH0427,,ORG0001
P0371,Meera Sethi,,27,F,Faridabad,Transporter,"House 625, New Township Sector 33, Faridabad",PH0428,,
P0372,Sunita Grover,,19,F,Noida,Freelance Consultant,"House 105, Railway Colony, Noida",PH0429,,
P0373,Mohit Joshi,"""Mohu""",59,M,Ranchi,Logistics Manager,"House 240, Transport Nagar, Ranchi",PH0430,,
P0374,Jyoti Arora,,19,F,Ludhiana,Real Estate Agent,"House 45, Old City Market, Ludhiana",PH0431,,ORG0066
P0375,Mohit Kapoor,,55,M,Agra,Small Business Owner,"House 207, Sector 47, Agra",PH0432,,
P0376,Shruti Bansal,,26,F,Faridabad,Driver,"House 86, Old City Market, Faridabad",PH0433|PH0434,,
P0377,Suresh Grover,,62,M,Noida,Retailer,"House 820, Commercial Block B, Noida",PH0435,VEH0119,
P0378,Mohit Arora,"""Mohu""",33,M,Bengaluru,Freelance Consultant,"House 632, New Township Sector 16, Bengaluru",PH0436,VEH0240,ORG0113
P0379,Shruti Verma,,59,F,Chandigarh,Small Business Owner,"House 427, Phase 12 Industrial Estate, Chandigarh",PH0437,VEH0107,
P0380,Tarun Rathore,,31,M,Lucknow,Small Business Owner,"House 556, Commercial Block C, Lucknow",PH0438,,ORG0067
P0381,Neha Kohli,Neha Kumar Kohli,55,F,Chandigarh,Transporter,"House 465, Model Town Block A, Chandigarh",PH0439,VEH0156,
P0382,Manju Bhatia,Manju B.,59,F,Jaipur,Salesperson,"House 751, Housing Board Colony, Jaipur",PH0440,VEH0206,ORG0100
P0383,Ananya Mehta,,29,F,Surat,Trader,"House 346, Transport Nagar, Surat",PH0441,VEH0217,ORG0132
P0384,Anjali Mishra,,50,F,Pune,Clerk,"House 252, Railway Colony, Pune",PH0442,,
P0385,Anjali Yadav,,47,F,Patna,Trader,"House 131, Housing Board Colony, Patna",PH0443,,ORG0111
P0386,Nikhil Aggarwal,,30,M,Kolkata,IT Consultant,"House 618, Commercial Block A, Kolkata",PH0444,VEH0083,ORG0058
P0387,Rajat Rawat,,43,M,Bengaluru,IT Consultant,"House 175, Phase 5 Industrial Estate, Bengaluru",PH0445,,
P0388,Komal Joshi,,46,F,Mumbai,Logistics Manager,"House 802, Sector 21, Mumbai",PH0446,VEH0162,
P0389,Meera Kohli,"""Meeu""",58,F,Amritsar,Freelance Consultant,"House 846, New Township Sector 41, Amritsar",PH0447,,ORG0103
P0390,Aakash Joshi,,37,M,Dehradun,Clerk,"House 344, Transport Nagar, Dehradun",PH0448|PH0449,,ORG0101
P0391,Neha Yadav,,62,F,Bhopal,Clerk,"House 186, Sector 46, Bhopal",PH0450,,
P0392,Sneha Saxena,,34,F,Gurugram,Warehouse Supervisor,"House 110, Commercial Block A, Gurugram",PH0451,,ORG0022
P0393,Simran Sharma,,25,F,Agra,IT Consultant,"House 435, Housing Board Colony, Agra",PH0452,,ORG0138
P0394,Pooja Arora,,42,F,Hyderabad,Real Estate Agent,"House 756, Model Town Block A, Hyderabad",PH0453,,
P0395,Anjali Gupta,,51,F,Indore,Retailer,"House 679, Railway Colony, Indore",PH0454,,
P0396,Shruti Reddy,,36,F,Ghaziabad,Trader,"House 66, Transport Nagar, Ghaziabad",PH0455|PH0456,VEH0260,ORG0114
P0397,Rohan Singh,,28,M,Amritsar,Real Estate Agent,"House 148, Phase 10 Industrial Estate, Amritsar",PH0457,,ORG0138
P0398,Meera Mishra,,47,F,Bhopal,Retailer,"House 776, Transport Nagar, Bhopal",PH0458,,
P0399,Aarti Khanna,,23,F,Ghaziabad,Real Estate Agent,"House 217, Old City Market, Ghaziabad",PH0459,VEH0225,ORG0106
P0400,Rajat Yadav,Rajat Kumar Yadav,20,M,Dehradun,Salesperson,"House 479, Model Town Block D, Dehradun",PH0460,,
P0401,Nikhil Khanna,,48,M,Surat,Warehouse Supervisor,"House 163, Phase 45 Industrial Estate, Surat",PH0461,,
P0402,Amit Kohli,,33,M,Agra,Small Business Owner,"House 669, Model Town Block C, Agra",PH0462,,
P0403,Harish Chopra,,59,M,Ranchi,Accountant,"House 6, Railway Colony, Ranchi",PH0463|PH0464,,ORG0005
P0404,Payal Bhalla,,50,F,Bengaluru,Bank Employee,"House 599, Housing Board Colony, Bengaluru",PH0465,,
P0405,Sunita Singh,,42,F,Chandigarh,Small Business Owner,"House 488, Old City Market, Chandigarh",PH0466,VEH0180,ORG0076
P0406,Suresh Mehta,,19,M,Jaipur,Accountant,"House 205, Housing Board Colony, Jaipur",PH0467,,ORG0083
P0407,Simran Bansal,,55,F,Bhubaneswar,Trader,"House 737, Sector 10, Bhubaneswar",PH0468,,ORG0043
P0408,Vivek Grover,"""Vivu""",28,M,Dehradun,Freelance Consultant,"House 692, Transport Nagar, Dehradun",PH0469|PH0470,,
P0409,Aditya Rathore,,52,M,Agra,Driver,"House 672, Civil Lines, Agra",PH0471,,
P0410,Sameer Pandey,,27,M,Bhubaneswar,Clerk,"House 894, Transport Nagar, Bhubaneswar",PH0472,,ORG0135
P0411,Priya Bansal,,56,F,Amritsar,Freelance Consultant,"House 312, Model Town Block C, Amritsar",PH0473,VEH0205,
P0412,Rekha Kapoor,,30,F,Mumbai,Trader,"House 546, Commercial Block C, Mumbai",PH0474,,ORG0018
P0413,Neeraj Arora,,33,M,Kolkata,Accountant,"House 655, Railway Colony, Kolkata",PH0475|PH0476,,ORG0121
P0414,Vidya Malhotra,,57,F,Kanpur,Clerk,"House 120, Transport Nagar, Kanpur",PH0477,,
P0415,Meera Pandey,,57,F,Jaipur,Retailer,"House 130, Commercial Block A, Jaipur",PH0478|PH0479,VEH0059,ORG0011
P0416,Kajal Gupta,,61,F,Kanpur,Small Business Owner,"House 534, Railway Colony, Kanpur",PH0480|PH0481,,
P0417,Kavya Sethi,,56,F,Kolkata,Bank Employee,"House 675, Civil Lines, Kolkata",PH0482,,ORG0029
P0418,Aakash Chopra,,32,M,Ludhiana,Small Business Owner,"House 14, Old City Market, Ludhiana",PH0483,VEH0186,
P0419,Simran Pandey,,56,F,Mumbai,Trader,"House 167, Commercial Block B, Mumbai",PH0484,,ORG0073
P0420,Pankaj Pandey,,49,M,Ghaziabad,Warehouse Supervisor,"House 522, Commercial Block C, Ghaziabad",PH0485,,ORG0129
P0421,Meera Sharma,,60,F,Ghaziabad,Clerk,"House 7, Commercial Block D, Ghaziabad",PH0486,,ORG0125
P0422,Sanjay Malhotra,,35,M,Ahmedabad,Driver,"House 306, Old City Market, Ahmedabad",PH0487,VEH0067,
P0423,Ashok Kapoor,,57,M,Haridwar,Small Business Owner,"House 646, Old City Market, Haridwar",PH0488,,
P0424,Isha Grover,,19,F,Jaipur,Accountant,"House 632, Model Town Block D, Jaipur",PH0489|PH0490,VEH0248,ORG0146
P0425,Ravi Gupta,,56,M,Dehradun,Logistics Manager,"House 584, Commercial Block B, Dehradun",PH0491,,ORG0148
P0426,Priya Kohli,,57,F,Agra,Trader,"House 241, Phase 40 Industrial Estate, Agra",PH0492,VEH0005,ORG0061
P0427,Anjali Rawat,,61,F,Indore,Trader,"House 249, Civil Lines, Indore",PH0493,,ORG0019
P0428,Sameer Singh,,45,M,Bhubaneswar,Salesperson,"House 716, Civil Lines, Bhubaneswar",PH0494,,
P0429,Kavya Iyer,,42,F,Bhopal,Real Estate Agent,"House 894, Transport Nagar, Bhopal",PH0495|PH0496,VEH0266,ORG0114
P0430,Rajesh Grover,,58,M,Agra,Shop Owner,"House 881, Model Town Block D, Agra",PH0497,VEH0099,ORG0137
P0431,Gaurav Malhotra,,60,M,Chennai,IT Consultant,"House 235, Sector 16, Chennai",PH0498,VEH0300,ORG0026
P0432,Aditya Chawla,Aditya C.,19,M,Patna,Logistics Manager,"House 381, Commercial Block C, Patna",PH0499,,
P0433,Neeraj Gupta,,29,M,Gurugram,Driver,"House 306, Transport Nagar, Gurugram",PH0500|PH0501,,ORG0005
P0434,Bhavna Joshi,,40,F,Jaipur,Real Estate Agent,"House 605, Old City Market, Jaipur",PH0502,,ORG0071
P0435,Ravi Sethi,R. Sethi,25,M,Gurugram,IT Consultant,"House 16, Old City Market, Gurugram",PH0503,,
P0436,Meera Choudhary,,24,F,Faridabad,Real Estate Agent,"House 678, Transport Nagar, Faridabad",PH0504|PH0505,,ORG0142
P0437,Sunita Tiwari,,22,F,Dehradun,Small Business Owner,"House 220, Railway Colony, Dehradun",PH0506,,
P0438,Mohit Verma,,37,M,Agra,Small Business Owner,"House 468, New Township Sector 51, Agra",PH0507,VEH0164,ORG0026
P0439,Naveen Mehta,,51,M,Kanpur,Shop Owner,"House 118, Sector 9, Kanpur",PH0508|PH0509,,
P0440,Rohit Saxena,Rohit S.,39,M,Agra,Clerk,"House 680, Old City Market, Agra",PH0510,VEH0213,ORG0081
P0441,Gaurav Choudhary,,44,M,Haridwar,IT Consultant,"House 480, Railway Colony, Haridwar",PH0511,,ORG0091
P0442,Rohit Sharma,Rohit S.,31,M,Bengaluru,Warehouse Supervisor,"House 867, Old City Market, Bengaluru",PH0512,VEH0230,ORG0128
P0443,Amit Yadav,,62,M,Faridabad,Retailer,"House 156, Phase 29 Industrial Estate, Faridabad",PH0513,VEH0212,ORG0055
P0444,Arjun Rathore,,46,M,Delhi,Trader,"House 179, Railway Colony, Delhi",PH0514,,ORG0049
P0445,Divya Chawla,"""Divu""",50,F,Delhi,Real Estate Agent,"House 572, Civil Lines, Delhi",PH0515|PH0516,VEH0177,ORG0018
P0446,Anil Tiwari,,46,M,Ranchi,IT Consultant,"House 812, Civil Lines, Ranchi",PH0517,,
P0447,Jyoti Bhalla,,54,F,Surat,Warehouse Supervisor,"House 856, Transport Nagar, Surat",PH0518,,
P0448,Pooja Reddy,,32,F,Faridabad,Driver,"House 446, Transport Nagar, Faridabad",PH0519|PH0520,,ORG0143
P0449,Divya Kapoor,,20,F,Mumbai,Logistics Manager,"House 171, Commercial Block D, Mumbai",PH0521,,ORG0148
P0450,Deepak Arora,,48,M,Haridwar,Driver,"House 519, Commercial Block C, Haridwar",PH0522,,ORG0043
P0451,Meera Iyer,,41,F,Agra,Warehouse Supervisor,"House 837, Railway Colony, Agra",PH0523|PH0524,,ORG0147
P0452,Sameer Gupta,,43,M,Agra,Freelance Consultant,"House 625, Model Town Block A, Agra",PH0525,,
P0453,Ritu Saxena,,34,F,Ghaziabad,IT Consultant,"House 524, Phase 45 Industrial Estate, Ghaziabad",PH0526,,
P0454,Kavya Reddy,,37,F,Chandigarh,IT Consultant,"House 429, Phase 5 Industrial Estate, Chandigarh",PH0527,,
P0455,Harish Kapoor,,45,M,Ludhiana,Accountant,"House 523, Phase 43 Industrial Estate, Ludhiana",PH0528,VEH0201,ORG0120
P0456,Manju Gupta,,25,F,Mumbai,Real Estate Agent,"House 602, Transport Nagar, Mumbai",PH0529,,ORG0051
P0457,Divya Tiwari,,31,F,Lucknow,Bank Employee,"House 864, Railway Colony, Lucknow",PH0530,,ORG0039
P0458,Sanjay Kohli,,33,M,Kanpur,Salesperson,"House 426, Transport Nagar, Kanpur",PH0531,,ORG0003
P0459,Amit Aggarwal,,57,M,Bhopal,Driver,"House 733, Civil Lines, Bhopal",PH0532,,ORG0041
P0460,Bhavna Bhalla,,46,F,Chandigarh,Driver,"House 850, New Township Sector 6, Chandigarh",PH0533,,
P0461,Manish Malhotra,,29,M,Faridabad,Transporter,"House 579, New Township Sector 50, Faridabad",PH0534,,ORG0097
P0462,Ashok Rawat,,23,M,Gurugram,Clerk,"House 552, New Township Sector 42, Gurugram",PH0535|PH0536,VEH0176,ORG0114
P0463,Ravi Aggarwal,,51,M,Amritsar,Retailer,"House 531, Housing Board Colony, Amritsar",PH0537,,
P0464,Tanya Nair,,54,F,Agra,Logistics Manager,"House 27, New Township Sector 18, Agra",PH0538,VEH0234,ORG0101
P0465,Jyoti Tiwari,,58,F,Delhi,Clerk,"House 407, Sector 24, Delhi",PH0539,VEH0021,ORG0142
P0466,Siddharth Mehta,,29,M,Surat,Trader,"House 160, Sector 11, Surat",PH0540|PH0541,VEH0267,
P0467,Anil Kapoor,"""Aniu""",51,M,Pune,Shop Owner,"House 690, Model Town Block A, Pune",PH0542,,ORG0008
P0468,Manju Reddy,,40,F,Pune,Accountant,"House 859, New Township Sector 32, Pune",PH0543,VEH0114,ORG0097
P0469,Mohit Arora,,56,M,Ludhiana,Warehouse Supervisor,"House 257, Railway Colony, Ludhiana",PH0544,VEH0229,ORG0083
P0470,Divya Sethi,,19,F,Pune,Driver,"House 217, Civil Lines, Pune",PH0545,VEH0126,
P0471,Nidhi Malhotra,,26,F,Surat,IT Consultant,"House 29, Transport Nagar, Surat",PH0546,,
P0472,Amit Choudhary,,53,M,Indore,Bank Employee,"House 178, Sector 17, Indore",PH0547,,ORG0090
P0473,Amit Kohli,,33,M,Indore,Shop Owner,"House 401, Old City Market, Indore",PH0548,,ORG0087
P0474,Ashok Bhalla,,24,M,Bhopal,Freelance Consultant,"House 386, Old City Market, Bhopal",PH0549,VEH0118,ORG0014
P0475,Aditya Mishra,,42,M,Faridabad,Clerk,"House 822, Phase 25 Industrial Estate, Faridabad",PH0550,VEH0247,ORG0113
P0476,Isha Kohli,Isha K.,41,F,Delhi,Bank Employee,"House 627, Railway Colony, Delhi",PH0551,,ORG0117
P0477,Aakash Nair,,42,M,Ranchi,Driver,"House 147, Railway Colony, Ranchi",PH0552,,ORG0149
P0478,Meera Rathore,,23,F,Pune,IT Consultant,"House 239, New Township Sector 39, Pune",PH0553,,ORG0144
P0479,Arjun Iyer,,49,M,Noida,Accountant,"House 457, Sector 12, Noida",PH0554,,ORG0035
P0480,Kirti Kohli,,25,F,Chandigarh,Real Estate Agent,"House 658, Sector 51, Chandigarh",PH0555,,ORG0103
P0481,Simran Khanna,,50,F,Dehradun,Freelance Consultant,"House 6, Transport Nagar, Dehradun",PH0556,VEH0145,ORG0038
P0482,Aakash Rawat,,23,M,Indore,Salesperson,"House 69, New Township Sector 26, Indore",PH0557,VEH0060,ORG0103
P0483,Shruti Gupta,,23,F,Kanpur,Small Business Owner,"House 142, Commercial Block D, Kanpur",PH0558|PH0559,,ORG0076
P0484,Vidya Kapoor,,38,F,Gurugram,Warehouse Supervisor,"House 383, Housing Board Colony, Gurugram",PH0560,,ORG0035
P0485,Meera Sethi,,33,F,Noida,Driver,"House 249, Civil Lines, Noida",PH0561,,
P0486,Kavya Nair,,24,F,Kanpur,Transporter,"House 640, Housing Board Colony, Kanpur",PH0562,VEH0055,
P0487,Isha Singh,,26,F,Faridabad,Accountant,"House 220, Model Town Block D, Faridabad",PH0563,,
P0488,Meera Rathore,,40,F,Ludhiana,Freelance Consultant,"House 542, Civil Lines, Ludhiana",PH0564,,ORG0020
P0489,Ravi Mishra,,48,M,Haridwar,Freelance Consultant,"House 772, Civil Lines, Haridwar",PH0565,VEH0262,ORG0148
P0490,Mohit Tiwari,,58,M,Amritsar,Salesperson,"House 692, Commercial Block D, Amritsar",PH0566,,ORG0127
P0491,Nidhi Choudhary,,49,F,Agra,Retailer,"House 681, Commercial Block C, Agra",PH0567,,ORG0024
P0492,Anil Choudhary,,49,M,Patna,Transporter,"House 714, Old City Market, Patna",PH0568|PH0569,,ORG0106
P0493,Amit Arora,,59,M,Hyderabad,Logistics Manager,"House 478, Civil Lines, Hyderabad",PH0570,VEH0097,ORG0138
P0494,Aditya Verma,,40,M,Kolkata,Accountant,"House 88, Transport Nagar, Kolkata",PH0571|PH0572,VEH0185,
P0495,Tarun Gupta,,38,M,Hyderabad,Trader,"House 818, Sector 26, Hyderabad",PH0573,,ORG0092
P0496,Isha Yadav,,57,F,Chennai,IT Consultant,"House 760, Railway Colony, Chennai",PH0574,,ORG0006
P0497,Ramesh Tiwari,,47,M,Ghaziabad,Transporter,"House 80, Railway Colony, Ghaziabad",PH0575,VEH0023,ORG0127
P0498,Ritu Gupta,,25,F,Noida,Warehouse Supervisor,"House 113, Sector 55, Noida",PH0576,,ORG0116
P0499,Neha Yadav,,46,F,Chennai,Accountant,"House 275, Railway Colony, Chennai",PH0577,,ORG0081
P0500,Gaurav Khanna,,49,M,Delhi,Bank Employee,"House 210, Old City Market, Delhi",PH0578,,ORG0056
P0501,Neeraj Verma,,22,M,Ludhiana,Accountant,"House 617, Housing Board Colony, Ludhiana",PH0579,,ORG0069
P0502,Kavya Pandey,,19,F,Dehradun,Retailer,"House 329, Model Town Block B, Dehradun",PH0580,VEH0058,
P0503,Divya Malhotra,,37,F,Amritsar,Salesperson,"House 73, Old City Market, Amritsar",PH0581,,ORG0121
P0504,Tarun Sethi,,24,M,Haridwar,Small Business Owner,"House 716, Transport Nagar, Haridwar",PH0582,,
P0505,Manish Sethi,"""Manu""",26,M,Hyderabad,Freelance Consultant,"House 553, Civil Lines, Hyderabad",PH0583,,ORG0128
P0506,Preeti Chopra,,21,F,Ludhiana,Accountant,"House 736, Railway Colony, Ludhiana",PH0584|PH0585,,
P0507,Sameer Joshi,,39,M,Kolkata,Logistics Manager,"House 175, Civil Lines, Kolkata",PH0586,VEH0085,ORG0065
P0508,Ritu Kapoor,,21,F,Kanpur,Bank Employee,"House 467, Old City Market, Kanpur",PH0587|PH0588,VEH0154,ORG0016
P0509,Jyoti Bhatia,"""Jyou""",35,F,Ludhiana,Trader,"House 864, Model Town Block C, Ludhiana",PH0589,VEH0273,
P0510,Anjali Verma,,32,F,Agra,IT Consultant,"House 598, Model Town Block D, Agra",PH0590,,
P0511,Isha Yadav,,56,F,Hyderabad,Logistics Manager,"House 430, Old City Market, Hyderabad",PH0591,,ORG0136
P0512,Aditya Tiwari,,27,M,Ludhiana,Warehouse Supervisor,"House 489, New Township Sector 36, Ludhiana",PH0592,,ORG0139
P0513,Kirti Verma,,47,F,Ranchi,Real Estate Agent,"House 575, Railway Colony, Ranchi",PH0593,,ORG0110
P0514,Meera Singh,,23,F,Hyderabad,Accountant,"House 486, Transport Nagar, Hyderabad",PH0594,,ORG0062
P0515,Aditya Aggarwal,,48,M,Jaipur,Bank Employee,"House 181, Sector 41, Jaipur",PH0595,,
P0516,Aakash Bansal,,53,M,Kolkata,Real Estate Agent,"House 15, Old City Market, Kolkata",PH0596,VEH0134,ORG0009
P0517,Divya Kohli,,31,F,Surat,Retailer,"House 776, Railway Colony, Surat",PH0597|PH0598,,ORG0140
P0518,Rekha Bansal,,19,F,Ghaziabad,Retailer,"House 327, Sector 59, Ghaziabad",PH0599,VEH0117,
P0519,Ananya Gupta,,28,F,Mumbai,Bank Employee,"House 877, New Township Sector 10, Mumbai",PH0600,VEH0250,ORG0092
P0520,Kirti Arora,,21,F,Pune,Real Estate Agent,"House 296, New Township Sector 29, Pune",PH0601,,ORG0109
P0521,Anjali Malhotra,,52,F,Ghaziabad,Bank Employee,"House 408, New Township Sector 12, Ghaziabad",PH0602,VEH0081,
P0522,Vikram Nair,,55,M,Ahmedabad,Transporter,"House 647, Railway Colony, Ahmedabad",PH0603,,ORG0015
P0523,Karan Yadav,,47,M,Haridwar,Freelance Consultant,"House 418, New Township Sector 39, Haridwar",PH0604,,ORG0145
P0524,Rajesh Aggarwal,,33,M,Noida,Logistics Manager,"House 319, Commercial Block A, Noida",PH0605|PH0606,VEH0292,
P0525,Vivek Mehta,,22,M,Patna,Warehouse Supervisor,"House 752, Transport Nagar, Patna",PH0607,,
P0526,Amit Verma,,58,M,Chennai,Logistics Manager,"House 661, Phase 12 Industrial Estate, Chennai",PH0608|PH0609,,ORG0148
P0527,Tanya Saxena,,42,F,Lucknow,Shop Owner,"House 386, Railway Colony, Lucknow",PH0610|PH0611,VEH0071,
P0528,Karan Bansal,,28,M,Gurugram,Trader,"House 763, New Township Sector 16, Gurugram",PH0612,,
P0529,Ashok Choudhary,,44,M,Haridwar,Clerk,"House 272, Old City Market, Haridwar",PH0613,,ORG0050
P0530,Vivek Chawla,,43,M,Kolkata,Trader,"House 83, Model Town Block B, Kolkata",PH0614|PH0615,VEH0295,ORG0010
P0531,Naveen Iyer,,23,M,Noida,Driver,"House 468, Civil Lines, Noida",PH0616,,
P0532,Kavya Choudhary,,46,F,Haridwar,Salesperson,"House 290, Housing Board Colony, Haridwar",PH0617,,
P0533,Rajat Yadav,,22,M,Hyderabad,Retailer,"House 855, Commercial Block A, Hyderabad",PH0618,,ORG0062
P0534,Priya Bhatia,,61,F,Dehradun,Warehouse Supervisor,"House 189, Housing Board Colony, Dehradun",PH0619,,
P0535,Divya Sethi,,19,F,Bengaluru,Real Estate Agent,"House 854, Old City Market, Bengaluru",PH0620,VEH0290,ORG0132
P0536,Simran Khanna,,29,F,Gurugram,Real Estate Agent,"House 423, Railway Colony, Gurugram",PH0621,,ORG0111
P0537,Jyoti Sethi,,61,F,Chandigarh,Accountant,"House 242, Phase 59 Industrial Estate, Chandigarh",PH0622,VEH0092,ORG0053
P0538,Jyoti Rawat,,26,F,Bhopal,Accountant,"House 671, Transport Nagar, Bhopal",PH0623,,ORG0029
P0539,Kirti Sharma,,21,F,Surat,Shop Owner,"House 804, New Township Sector 40, Surat",PH0624,,ORG0096
P0540,Manish Arora,,24,M,Indore,Small Business Owner,"House 456, Railway Colony, Indore",PH0625,,
P0541,Ritu Gupta,,54,F,Chandigarh,Trader,"House 725, Civil Lines, Chandigarh",PH0626,,
P0542,Swati Bhalla,,22,F,Ahmedabad,IT Consultant,"House 354, Civil Lines, Ahmedabad",PH0627|PH0628,VEH0046,ORG0110
P0543,Ramesh Mishra,,61,M,Mumbai,Shop Owner,"House 556, Commercial Block C, Mumbai",PH0629,,ORG0023
P0544,Divya Rawat,,36,F,Agra,Transporter,"House 242, Transport Nagar, Agra",PH0630,,
P0545,Radha Gupta,,34,F,Mumbai,Driver,"House 126, New Township Sector 44, Mumbai",PH0631,,
P0546,Sneha Kohli,,59,F,Surat,Retailer,"House 728, Housing Board Colony, Surat",PH0632,,
P0547,Tarun Gupta,,32,M,Haridwar,Small Business Owner,"House 573, Model Town Block D, Haridwar",PH0633,,
P0548,Divya Arora,,36,F,Mumbai,Transporter,"House 893, Phase 22 Industrial Estate, Mumbai",PH0634,,ORG0109
P0549,Arjun Bhatia,,62,M,Hyderabad,Accountant,"House 407, Phase 38 Industrial Estate, Hyderabad",PH0635,VEH0140,ORG0136
P0550,Gaurav Iyer,,39,M,Haridwar,Freelance Consultant,"House 30, Model Town Block D, Haridwar",PH0636,,ORG0016
P0551,Nikhil Tiwari,,36,M,Faridabad,IT Consultant,"House 136, Civil Lines, Faridabad",PH0637,,ORG0136
P0552,Ravi Reddy,,34,M,Kolkata,Trader,"House 400, New Township Sector 36, Kolkata",PH0638,,ORG0018
P0553,Tanya Rathore,,47,F,Agra,IT Consultant,"House 844, Transport Nagar, Agra",PH0639,,
P0554,Aarti Chopra,,33,F,Haridwar,Bank Employee,"House 105, Railway Colony, Haridwar",PH0640,,ORG0132
P0555,Radha Joshi,,60,F,Ludhiana,Freelance Consultant,"House 48, Railway Colony, Ludhiana",PH0641,,ORG0123
P0556,Isha Kohli,,58,F,Bhopal,Small Business Owner,"House 209, Civil Lines, Bhopal",PH0642,,
P0557,Bhavna Chopra,"""Bhau""",39,F,Ludhiana,Accountant,"House 868, Transport Nagar, Ludhiana",PH0643,VEH0013,
P0558,Siddharth Sharma,,58,M,Faridabad,Warehouse Supervisor,"House 260, Phase 37 Industrial Estate, Faridabad",PH0644,,
P0559,Rohit Kapoor,,21,M,Gurugram,Driver,"House 689, Old City Market, Gurugram",PH0645|PH0646,,
P0560,Payal Tiwari,,47,F,Kanpur,Bank Employee,"House 747, Sector 52, Kanpur",PH0647,,
P0561,Aakash Tiwari,,33,M,Ghaziabad,Bank Employee,"House 59, New Township Sector 16, Ghaziabad",PH0648,VEH0026,
P0562,Kirti Sharma,,39,F,Bengaluru,Driver,"House 571, Railway Colony, Bengaluru",PH0649,,ORG0058
P0563,Suresh Mishra,,60,M,Haridwar,Transporter,"House 315, New Township Sector 31, Haridwar",PH0650|PH0651,VEH0006,ORG0131
P0564,Nikhil Tiwari,,22,M,Pune,Real Estate Agent,"House 66, Model Town Block D, Pune",PH0652,,
P0565,Bhavna Pandey,,51,F,Bengaluru,Transporter,"House 883, Model Town Block D, Bengaluru",PH0653,VEH0158,
P0566,Vivek Iyer,,51,M,Pune,Logistics Manager,"House 105, Commercial Block B, Pune",PH0654,,ORG0131
P0567,Kavya Malhotra,,55,F,Hyderabad,Trader,"House 202, Commercial Block A, Hyderabad",PH0655|PH0656,,ORG0109
P0568,Sanjay Arora,,26,M,Mumbai,Salesperson,"House 891, Old City Market, Mumbai",PH0657,,ORG0080
P0569,Nidhi Bansal,,30,F,Kanpur,Bank Employee,"House 167, Model Town Block B, Kanpur",PH0658,,
P0570,Anjali Mehta,,60,F,Amritsar,Clerk,"House 575, Civil Lines, Amritsar",PH0659,VEH0150,ORG0051
P0571,Manish Bhatia,,47,M,Ranchi,Driver,"House 612, Civil Lines, Ranchi",PH0660|PH0661,,ORG0001
P0572,Komal Rawat,,59,F,Jaipur,Salesperson,"House 265, Phase 1 Industrial Estate, Jaipur",PH0662|PH0663,,
P0573,Charu Iyer,,50,F,Agra,Freelance Consultant,"House 737, Railway Colony, Agra",PH0664,VEH0163,ORG0065
P0574,Kirti Choudhary,,49,F,Faridabad,Real Estate Agent,"House 548, Sector 50, Faridabad",PH0665,,
P0575,Komal Yadav,,37,F,Bengaluru,Logistics Manager,"House 707, Railway Colony, Bengaluru",PH0666|PH0667,,ORG0150
P0576,Ashok Tiwari,,57,M,Jaipur,Trader,"House 304, Railway Colony, Jaipur",PH0668|PH0669,,ORG0084
P0577,Vivek Rathore,,30,M,Gurugram,IT Consultant,"House 651, Transport Nagar, Gurugram",PH0670,,
P0578,Bhavna Choudhary,,20,F,Hyderabad,Clerk,"House 294, Transport Nagar, Hyderabad",PH0671,,ORG0036
P0579,Rajat Mishra,,48,M,Ghaziabad,Real Estate Agent,"House 292, Old City Market, Ghaziabad",PH0672|PH0673,,
P0580,Nikhil Kohli,,43,M,Patna,Real Estate Agent,"House 79, Housing Board Colony, Patna",PH0674,,
P0581,Manju Verma,,23,F,Noida,Trader,"House 555, Railway Colony, Noida",PH0675,,
P0582,Aakash Iyer,,28,M,Hyderabad,Warehouse Supervisor,"House 671, Housing Board Colony, Hyderabad",PH0676|PH0677,,
P0583,Aditya Joshi,,40,M,Mumbai,Transporter,"House 155, Housing Board Colony, Mumbai",PH0678,,
P0584,Aarti Sharma,,34,F,Pune,Accountant,"House 667, New Township Sector 15, Pune",PH0679|PH0680,VEH0121,
P0585,Naveen Choudhary,,41,M,Ludhiana,Transporter,"House 764, Sector 50, Ludhiana",PH0681,,ORG0053
P0586,Rekha Verma,,45,F,Jaipur,Salesperson,"House 792, Transport Nagar, Jaipur",PH0682,,ORG0012
P0587,Vidya Choudhary,,33,F,Mumbai,Salesperson,"House 458, Model Town Block D, Mumbai",PH0683,VEH0227,ORG0003
P0588,Simran Iyer,,43,F,Kanpur,Bank Employee,"House 290, Civil Lines, Kanpur",PH0684|PH0685,,ORG0040
P0589,Sanjay Yadav,,38,M,Surat,Accountant,"House 856, Model Town Block B, Surat",PH0686,,
P0590,Aakash Grover,,24,M,Jaipur,Bank Employee,"House 337, Housing Board Colony, Jaipur",PH0687|PH0688,,ORG0021
P0591,Rohan Verma,,50,M,Mumbai,Transporter,"House 200, Sector 3, Mumbai",PH0689,,ORG0103
P0592,Kirti Aggarwal,,40,F,Chennai,Warehouse Supervisor,"House 37, New Township Sector 45, Chennai",PH0690,,ORG0145
P0593,Anil Malhotra,,50,M,Indore,Shop Owner,"House 200, New Township Sector 50, Indore",PH0691,,
P0594,Mohit Reddy,,36,M,Dehradun,Trader,"House 25, New Township Sector 30, Dehradun",PH0692|PH0693,,
P0595,Vikram Nair,,62,M,Ranchi,Salesperson,"House 595, Transport Nagar, Ranchi",PH0694,VEH0031,ORG0136
P0596,Neeraj Rawat,,30,M,Hyderabad,Clerk,"House 121, Civil Lines, Hyderabad",PH0695,,ORG0114
P0597,Neha Gupta,,36,F,Kanpur,Warehouse Supervisor,"House 293, Old City Market, Kanpur",PH0696,,ORG0073
P0598,Payal Saxena,P. Saxena,35,F,Bhopal,Retailer,"House 34, Housing Board Colony, Bhopal",PH0697|PH0698,VEH0105,
P0599,Rajesh Verma,,48,M,Bhubaneswar,Salesperson,"House 231, Old City Market, Bhubaneswar",PH0699,,ORG0145
P0600,Neeraj Arora,,59,M,Patna,Accountant,"House 653, Model Town Block C, Patna",PH0700,VEH0072,
P0601,Ramesh Pandey,,36,M,Bhopal,Warehouse Supervisor,"House 768, Old City Market, Bhopal",PH0701,,ORG0106
P0602,Neeraj Joshi,,45,M,Surat,Clerk,"House 314, Sector 20, Surat",PH0702,,ORG0147
P0603,Anjali Choudhary,,27,F,Mumbai,Trader,"House 552, New Township Sector 28, Mumbai",PH0703|PH0704,VEH0195,ORG0093
P0604,Shruti Malhotra,,46,F,Ghaziabad,Driver,"House 42, Sector 28, Ghaziabad",PH0705|PH0706,,
P0605,Rohan Rawat,,37,M,Chandigarh,Shop Owner,"House 806, Old City Market, Chandigarh",PH0707,,ORG0065
P0606,Shruti Rathore,,45,F,Jaipur,Clerk,"House 788, Housing Board Colony, Jaipur",PH0708,,ORG0103
P0607,Ananya Sethi,,24,F,Kolkata,Accountant,"House 795, Civil Lines, Kolkata",PH0709,VEH0199,
P0608,Arjun Singh,,33,M,Faridabad,Freelance Consultant,"House 181, Transport Nagar, Faridabad",PH0710,VEH0012,ORG0129
P0609,Manish Pandey,,58,M,Chandigarh,Small Business Owner,"House 506, Sector 38, Chandigarh",PH0711|PH0712,,ORG0146
P0610,Ritu Iyer,,26,F,Kanpur,Small Business Owner,"House 584, Old City Market, Kanpur",PH0713,,
P0611,Yash Mehta,,30,M,Agra,Warehouse Supervisor,"House 369, Sector 51, Agra",PH0714,,
P0612,Naveen Chopra,,29,M,Surat,Retailer,"House 86, Transport Nagar, Surat",PH0715,,
P0613,Amit Malhotra,,44,M,Patna,Bank Employee,"House 554, New Township Sector 6, Patna",PH0716,,
P0614,Rohit Chopra,,23,M,Surat,Trader,"House 127, New Township Sector 44, Surat",PH0717,,ORG0052
P0615,Vikram Pandey,,34,M,Chennai,Shop Owner,"House 199, Phase 21 Industrial Estate, Chennai",PH0718|PH0719,,
P0616,Sameer Aggarwal,,19,M,Haridwar,Trader,"House 66, Sector 55, Haridwar",PH0720,,ORG0121
P0617,Yash Sharma,,37,M,Bengaluru,Salesperson,"House 793, Sector 18, Bengaluru",PH0721,,ORG0007
P0618,Manish Reddy,,54,M,Bhubaneswar,Shop Owner,"House 835, Sector 17, Bhubaneswar",PH0722,VEH0039,
P0619,Vivek Yadav,,57,M,Indore,Shop Owner,"House 719, Housing Board Colony, Indore",PH0723,,
P0620,Rajat Chopra,,49,M,Amritsar,Salesperson,"House 386, Commercial Block B, Amritsar",PH0724,,ORG0074
P0621,Charu Nair,,54,F,Bengaluru,Trader,"House 136, Transport Nagar, Bengaluru",PH0725|PH0726,,ORG0063
P0622,Kirti Sharma,,20,F,Hyderabad,IT Consultant,"House 213, Old City Market, Hyderabad",PH0727,VEH0202,
P0623,Priya Saxena,,30,F,Chandigarh,Logistics Manager,"House 802, Transport Nagar, Chandigarh",PH0728,,
P0624,Tanya Yadav,,23,F,Kanpur,Salesperson,"House 231, Phase 28 Industrial Estate, Kanpur",PH0729|PH0730,VEH0087,ORG0081
P0625,Manish Mehta,,40,M,Noida,Bank Employee,"House 863, Commercial Block C, Noida",PH0731,,ORG0088
P0626,Suresh Rathore,,51,M,Ludhiana,Real Estate Agent,"House 820, Phase 22 Industrial Estate, Ludhiana",PH0732|PH0733,,
P0627,Kavya Joshi,,38,F,Ludhiana,Small Business Owner,"House 197, Transport Nagar, Ludhiana",PH0734|PH0735,,
P0628,Sanjay Choudhary,,56,M,Patna,Transporter,"House 732, New Township Sector 37, Patna",PH0736,,ORG0009
P0629,Charu Bhalla,,28,F,Kanpur,Warehouse Supervisor,"House 764, Civil Lines, Kanpur",PH0737,,
P0630,Neeraj Sharma,,28,M,Noida,Bank Employee,"House 255, Sector 59, Noida",PH0738,,ORG0104
P0631,Swati Iyer,,62,F,Pune,Salesperson,"House 636, Sector 3, Pune",PH0739,,ORG0061
P0632,Aarti Chawla,,51,F,Surat,Driver,"House 103, Model Town Block A, Surat",PH0740,,ORG0148
P0633,Deepak Tiwari,Deepak Kumar Tiwari,21,M,Pune,Transporter,"House 492, Model Town Block B, Pune",PH0741,,
P0634,Anil Chawla,,28,M,Kanpur,Accountant,"House 860, Model Town Block C, Kanpur",PH0742,VEH0025,
P0635,Nikhil Sharma,,60,M,Hyderabad,Accountant,"House 610, Housing Board Colony, Hyderabad",PH0743,,
P0636,Pankaj Chopra,,41,M,Kanpur,Logistics Manager,"House 416, Transport Nagar, Kanpur",PH0744,VEH0264,ORG0048
P0637,Pankaj Bansal,,44,M,Chandigarh,Logistics Manager,"House 565, Commercial Block B, Chandigarh",PH0745|PH0746,,
P0638,Sanjay Bhatia,,57,M,Patna,Retailer,"House 342, Old City Market, Patna",PH0747,,ORG0011
P0639,Divya Aggarwal,,32,F,Mumbai,Driver,"House 653, Phase 27 Industrial Estate, Mumbai",PH0748,VEH0132,
P0640,Vivek Kohli,,57,M,Chennai,Trader,"House 729, Phase 32 Industrial Estate, Chennai",PH0749,VEH0168,
P0641,Sanjay Rawat,,35,M,Noida,Shop Owner,"House 845, Housing Board Colony, Noida",PH0750,VEH0024,ORG0116
P0642,Siddharth Kapoor,,62,M,Lucknow,Bank Employee,"House 260, New Township Sector 59, Lucknow",PH0751,,ORG0037
P0643,Rohit Arora,,50,M,Ranchi,Freelance Consultant,"House 477, New Township Sector 51, Ranchi",PH0752,,ORG0018
P0644,Harish Aggarwal,,31,M,Amritsar,Transporter,"House 473, Sector 42, Amritsar",PH0753,,
P0645,Neha Joshi,,33,F,Hyderabad,Shop Owner,"House 543, Old City Market, Hyderabad",PH0754,VEH0103,ORG0009
P0646,Harish Singh,,55,M,Dehradun,Trader,"House 738, Old City Market, Dehradun",PH0755,,ORG0129
P0647,Kirti Kapoor,,23,F,Ludhiana,Bank Employee,"House 801, Civil Lines, Ludhiana",PH0756,VEH0231,ORG0053
P0648,Siddharth Gupta,,38,M,Haridwar,IT Consultant,"House 693, Transport Nagar, Haridwar",PH0757,,
P0649,Arjun Sharma,,52,M,Patna,Logistics Manager,"House 78, Housing Board Colony, Patna",PH0758|PH0759,VEH0200,ORG0139
P0650,Komal Saxena,,62,F,Patna,Salesperson,"House 175, Old City Market, Patna",PH0760,,ORG0037
P0651,Gaurav Bansal,,54,M,Gurugram,Trader,"House 186, Civil Lines, Gurugram",PH0761,VEH0014,ORG0116
P0652,Rajat Arora,,28,M,Bhubaneswar,Shop Owner,"House 66, Housing Board Colony, Bhubaneswar",PH0762,VEH0275,ORG0007
P0653,Charu Khanna,,31,F,Ghaziabad,Shop Owner,"House 652, New Township Sector 18, Ghaziabad",PH0763,,ORG0060
P0654,Pooja Rawat,,21,F,Patna,Accountant,"House 638, Phase 16 Industrial Estate, Patna",PH0764|PH0765,,ORG0106
P0655,Sanjay Tiwari,,38,M,Ranchi,Trader,"House 173, Civil Lines, Ranchi",PH0766,,ORG0134
P0656,Vikram Chopra,,44,M,Gurugram,Real Estate Agent,"House 791, Sector 48, Gurugram",PH0767|PH0768,,ORG0134
P0657,Karan Gupta,,44,M,Haridwar,Accountant,"House 807, Railway Colony, Haridwar",PH0769,,
P0658,Mohit Yadav,,22,M,Chandigarh,Clerk,"House 720, New Township Sector 41, Chandigarh",PH0770,,ORG0127
P0659,Sanjay Rathore,,19,M,Haridwar,Small Business Owner,"House 895, Phase 17 Industrial Estate, Haridwar",PH0771,VEH0209,ORG0131
P0660,Tanya Arora,,32,F,Kolkata,Salesperson,"House 398, Transport Nagar, Kolkata",PH0772,,ORG0077
P0661,Vikram Yadav,,53,M,Chandigarh,Accountant,"House 205, Sector 15, Chandigarh",PH0773,,ORG0026
P0662,Shruti Bhalla,,46,F,Agra,Accountant,"House 154, Phase 19 Industrial Estate, Agra",PH0774,,ORG0060
P0663,Vikram Tiwari,,60,M,Haridwar,Retailer,"House 852, Civil Lines, Haridwar",PH0775,,ORG0083
P0664,Rajesh Singh,"""Raju""",24,M,Ludhiana,Accountant,"House 61, Railway Colony, Ludhiana",PH0776,,ORG0047
P0665,Charu Singh,,22,F,Delhi,Transporter,"House 356, Old City Market, Delhi",PH0777,,
P0666,Arjun Choudhary,,39,M,Ranchi,Logistics Manager,"House 741, Commercial Block B, Ranchi",PH0778|PH0779,VEH0030,
P0667,Rajesh Nair,,50,M,Haridwar,Trader,"House 292, Old City Market, Haridwar",PH0780,,ORG0147
P0668,Kavya Yadav,,50,F,Ahmedabad,Small Business Owner,"House 555, Railway Colony, Ahmedabad",PH0781,VEH0277,ORG0117
P0669,Aakash Gupta,,26,M,Noida,Trader,"House 877, Phase 51 Industrial Estate, Noida",PH0782,VEH0131,ORG0078
P0670,Komal Bhatia,,48,F,Faridabad,IT Consultant,"House 662, Civil Lines, Faridabad",PH0783,,ORG0110
P0671,Manish Malhotra,,55,M,Amritsar,Freelance Consultant,"House 830, Old City Market, Amritsar",PH0784,,ORG0019
P0672,Ananya Chopra,,26,F,Ranchi,Driver,"House 886, New Township Sector 43, Ranchi",PH0785,,ORG0005
P0673,Manish Mishra,,62,M,Delhi,Clerk,"House 695, Sector 12, Delhi",PH0786,,ORG0116
P0674,Vikram Chawla,V. Chawla,21,M,Chandigarh,Accountant,"House 672, Sector 23, Chandigarh",PH0787,,ORG0097
P0675,Payal Choudhary,,62,F,Kolkata,Clerk,"House 194, Commercial Block B, Kolkata",PH0788,,
P0676,Vivek Verma,,34,M,Bhopal,IT Consultant,"House 80, Commercial Block D, Bhopal",PH0789,,
P0677,Aditya Mishra,,19,M,Hyderabad,Salesperson,"House 312, Housing Board Colony, Hyderabad",PH0790,VEH0298,
P0678,Manish Rawat,,32,M,Jaipur,Real Estate Agent,"House 26, Sector 14, Jaipur",PH0791,,
P0679,Sanjay Verma,,42,M,Bhopal,Warehouse Supervisor,"House 785, Railway Colony, Bhopal",PH0792|PH0793,,ORG0088
P0680,Karan Nair,,29,M,Kolkata,Trader,"House 226, Commercial Block B, Kolkata",PH0794,VEH0034,
P0681,Sunita Saxena,,57,F,Patna,Freelance Consultant,"House 480, New Township Sector 21, Patna",PH0795,,ORG0143
P0682,Priya Pandey,,21,F,Pune,Logistics Manager,"House 412, Railway Colony, Pune",PH0796,,ORG0033
P0683,Harish Kohli,,45,M,Haridwar,Freelance Consultant,"House 456, Old City Market, Haridwar",PH0797,,
P0684,Kavya Kapoor,"""Kavu""",48,F,Gurugram,Real Estate Agent,"House 636, Commercial Block A, Gurugram",PH0798,VEH0224,
P0685,Simran Grover,,36,F,Haridwar,Accountant,"House 76, Civil Lines, Haridwar",PH0799,,ORG0031
P0686,Sanjay Verma,,36,M,Haridwar,Salesperson,"House 837, Phase 10 Industrial Estate, Haridwar",PH0800,,
P0687,Harish Chopra,,61,M,Surat,Shop Owner,"House 151, Commercial Block D, Surat",PH0801,VEH0112,ORG0023
P0688,Rekha Gupta,,29,F,Ranchi,Real Estate Agent,"House 38, Housing Board Colony, Ranchi",PH0802,VEH0207,
P0689,Gaurav Gupta,,33,M,Bengaluru,Salesperson,"House 706, Model Town Block D, Bengaluru",PH0803,,ORG0014
P0690,Rohan Chawla,,33,M,Bhubaneswar,Driver,"House 844, Model Town Block C, Bhubaneswar",PH0804,,ORG0035
P0691,Rajat Joshi,,19,M,Amritsar,Trader,"House 258, Railway Colony, Amritsar",PH0805,,ORG0075
P0692,Gaurav Aggarwal,,32,M,Delhi,Freelance Consultant,"House 82, New Township Sector 41, Delhi",PH0806,,
P0693,Tanya Bhatia,,40,F,Faridabad,Logistics Manager,"House 184, Sector 60, Faridabad",PH0807,,ORG0053
P0694,Ananya Yadav,,44,F,Kanpur,Salesperson,"House 898, Railway Colony, Kanpur",PH0808,VEH0028,
P0695,Rohan Pandey,,29,M,Amritsar,IT Consultant,"House 798, Sector 9, Amritsar",PH0809,VEH0155,ORG0074
P0696,Radha Pandey,,38,F,Dehradun,Clerk,"House 631, Sector 16, Dehradun",PH0810,,
P0697,Naveen Bhalla,,47,M,Haridwar,Shop Owner,"House 556, Railway Colony, Haridwar",PH0811,,ORG0147
P0698,Neha Sharma,,57,F,Dehradun,IT Consultant,"House 531, New Township Sector 58, Dehradun",PH0812,,ORG0050
P0699,Preeti Chopra,,43,F,Ghaziabad,Clerk,"House 419, Old City Market, Ghaziabad",PH0813,VEH0019,
P0700,Aarti Grover,,24,F,Patna,Retailer,"House 144, Housing Board Colony, Patna",PH0814,,ORG0100
P0701,Pankaj Mishra,,52,M,Gurugram,Warehouse Supervisor,"House 553, Transport Nagar, Gurugram",PH0815,,ORG0080
P0702,Meera Saxena,,52,F,Bengaluru,Bank Employee,"House 600, Phase 30 Industrial Estate, Bengaluru",PH0816|PH0817,,ORG0088
P0703,Ashok Arora,,55,M,Bhubaneswar,Warehouse Supervisor,"House 709, Commercial Block D, Bhubaneswar",PH0818,VEH0002,
P0704,Ramesh Bhalla,,30,M,Delhi,Retailer,"House 190, Housing Board Colony, Delhi",PH0819,,ORG0096
P0705,Tarun Bhatia,,38,M,Ahmedabad,Small Business Owner,"House 56, Transport Nagar, Ahmedabad",PH0820,,ORG0107
P0706,Ramesh Singh,,61,M,Haridwar,Logistics Manager,"House 150, Old City Market, Haridwar",PH0821,VEH0027,
P0707,Manju Gupta,,40,F,Kolkata,Freelance Consultant,"House 76, Commercial Block C, Kolkata",PH0822|PH0823,VEH0128,
P0708,Neeraj Choudhary,,60,M,Ranchi,Warehouse Supervisor,"House 129, Old City Market, Ranchi",PH0824|PH0825,,ORG0144
P0709,Rohan Reddy,,59,M,Kanpur,Warehouse Supervisor,"House 763, Housing Board Colony, Kanpur",PH0826,VEH0171,ORG0018
P0710,Komal Mehta,,50,F,Delhi,Bank Employee,"House 570, Phase 49 Industrial Estate, Delhi",PH0827,VEH0088,
P0711,Nikhil Mehta,,40,M,Noida,Shop Owner,"House 755, Old City Market, Noida",PH0828,VEH0008,ORG0004
P0712,Vivek Khanna,,33,M,Bhubaneswar,Driver,"House 828, Model Town Block D, Bhubaneswar",PH0829,VEH0090,ORG0120
P0713,Deepak Khanna,,40,M,Bhopal,Bank Employee,"House 874, Transport Nagar, Bhopal",PH0830|PH0831,,
P0714,Isha Saxena,,54,F,Bhopal,Salesperson,"House 847, Civil Lines, Bhopal",PH0832,,ORG0019
P0715,Komal Singh,,53,F,Chandigarh,Shop Owner,"House 268, Housing Board Colony, Chandigarh",PH0833,,
P0716,Neha Bhatia,,28,F,Kanpur,Trader,"House 168, New Township Sector 17, Kanpur",PH0834,,ORG0141
P0717,Sunita Bhatia,,55,F,Patna,Accountant,"House 59, Transport Nagar, Patna",PH0835,,ORG0128
P0718,Rekha Sharma,Rekha S.,51,F,Chennai,IT Consultant,"House 2, Housing Board Colony, Chennai",PH0836,,ORG0079
P0719,Rekha Malhotra,,57,F,Lucknow,Warehouse Supervisor,"House 452, Phase 60 Industrial Estate, Lucknow",PH0837,,
P0720,Rohit Aggarwal,,40,M,Gurugram,Small Business Owner,"House 64, Transport Nagar, Gurugram",PH0838,VEH0241,
P0721,Amit Kapoor,,24,M,Ghaziabad,Transporter,"House 592, Railway Colony, Ghaziabad",PH0839,,ORG0034
P0722,Deepak Reddy,,26,M,Kolkata,Salesperson,"House 872, New Township Sector 36, Kolkata",PH0840,,ORG0001
P0723,Preeti Kapoor,,38,F,Kanpur,Small Business Owner,"House 249, New Township Sector 13, Kanpur",PH0841,,
P0724,Ravi Gupta,,20,M,Kolkata,Clerk,"House 110, Model Town Block B, Kolkata",PH0842,,ORG0056
P0725,Simran Aggarwal,,35,F,Bhopal,Trader,"House 108, Railway Colony, Bhopal",PH0843,VEH0070,
P0726,Kavya Rathore,,30,F,Agra,IT Consultant,"House 628, Phase 54 Industrial Estate, Agra",PH0844|PH0845,VEH0152,ORG0024
P0727,Ashok Malhotra,,26,M,Indore,Logistics Manager,"House 701, Transport Nagar, Indore",PH0846,,
P0728,Siddharth Yadav,,20,M,Lucknow,Freelance Consultant,"House 485, Commercial Block C, Lucknow",PH0847,VEH0047,
P0729,Sanjay Verma,,35,M,Ghaziabad,Shop Owner,"House 38, Model Town Block A, Ghaziabad",PH0848|PH0849,,ORG0088
P0730,Ashok Bansal,,58,M,Pune,Retailer,"House 180, Civil Lines, Pune",PH0850,,ORG0061
P0731,Pooja Rawat,,27,F,Ahmedabad,Warehouse Supervisor,"House 851, Commercial Block C, Ahmedabad",PH0851,VEH0210,
P0732,Ashok Mishra,,21,M,Bhopal,Driver,"House 737, Housing Board Colony, Bhopal",PH0852,,
P0733,Amit Chawla,,51,M,Ranchi,Shop Owner,"House 730, Civil Lines, Ranchi",PH0853,,
P0734,Ashok Joshi,,59,M,Ludhiana,Real Estate Agent,"House 520, Civil Lines, Ludhiana",PH0854,,
P0735,Rajesh Bhalla,,33,M,Lucknow,Real Estate Agent,"House 170, Phase 27 Industrial Estate, Lucknow",PH0855,,
P0736,Preeti Rathore,,49,F,Pune,Transporter,"House 605, New Township Sector 35, Pune",PH0856,VEH0036,ORG0059
P0737,Shruti Mishra,,53,F,Gurugram,Freelance Consultant,"House 327, Old City Market, Gurugram",PH0857,VEH0270,
P0738,Ashok Yadav,,51,M,Kolkata,Transporter,"House 81, Railway Colony, Kolkata",PH0858,,
P0739,Preeti Mishra,,35,F,Hyderabad,Transporter,"House 364, Old City Market, Hyderabad",PH0859,,ORG0040
P0740,Aakash Mishra,,49,M,Kolkata,Driver,"House 512, New Township Sector 20, Kolkata",PH0860,VEH0276,ORG0011
P0741,Sameer Iyer,,27,M,Ranchi,Accountant,"House 73, Transport Nagar, Ranchi",PH0861|PH0862,VEH0075,ORG0048
P0742,Simran Arora,,28,F,Kanpur,Driver,"House 545, Civil Lines, Kanpur",PH0863|PH0864,,
P0743,Rohan Kohli,,38,M,Gurugram,Accountant,"House 20, Phase 56 Industrial Estate, Gurugram",PH0865,,ORG0073
P0744,Divya Malhotra,,47,F,Amritsar,Warehouse Supervisor,"House 174, Sector 24, Amritsar",PH0866,,
P0745,Arjun Grover,,62,M,Ranchi,Clerk,"House 695, Phase 46 Industrial Estate, Ranchi",PH0867,,
P0746,Kajal Aggarwal,,30,F,Surat,Transporter,"House 386, Commercial Block C, Surat",PH0868,,ORG0058
P0747,Arjun Kapoor,,54,M,Ghaziabad,Bank Employee,"House 868, Sector 22, Ghaziabad",PH0869,,ORG0148
P0748,Shruti Rathore,,31,F,Bhopal,Shop Owner,"House 764, Commercial Block A, Bhopal",PH0870,VEH0169,
P0749,Arjun Mehta,,40,M,Surat,Retailer,"House 467, Old City Market, Surat",PH0871,VEH0222,ORG0105
P0750,Charu Joshi,,49,F,Ludhiana,Salesperson,"House 236, Phase 24 Industrial Estate, Ludhiana",PH0872,,ORG0085
P0751,Tanya Pandey,Tanya Kumar Pandey,61,F,Faridabad,Retailer,"House 481, Railway Colony, Faridabad",PH0873,,ORG0133
P0752,Deepak Yadav,,39,M,Bengaluru,Real Estate Agent,"House 525, Civil Lines, Bengaluru",PH0874,VEH0045,ORG0117
P0753,Vidya Joshi,,32,F,Bengaluru,Trader,"House 61, Old City Market, Bengaluru",PH0875,VEH0235,
P0754,Siddharth Verma,,53,M,Jaipur,Bank Employee,"House 219, Transport Nagar, Jaipur",PH0876|PH0877,,
P0755,Preeti Tiwari,,44,F,Bhopal,Freelance Consultant,"House 770, Old City Market, Bhopal",PH0878,,ORG0037
P0756,Swati Kohli,,30,F,Noida,IT Consultant,"House 92, Commercial Block C, Noida",PH0879,VEH0129,
P0757,Pooja Kapoor,Pooja K.,47,F,Faridabad,Trader,"House 878, Sector 30, Faridabad",PH0880,,ORG0025
P0758,Bhavna Grover,,53,F,Patna,Clerk,"House 419, Railway Colony, Patna",PH0881,,ORG0025
P0759,Manju Mehta,,52,F,Lucknow,Bank Employee,"House 425, Civil Lines, Lucknow",PH0882,,ORG0065
P0760,Tanya Malhotra,,61,F,Ranchi,Bank Employee,"House 59, Housing Board Colony, Ranchi",PH0883,,
P0761,Siddharth Yadav,,57,M,Chandigarh,Retailer,"House 322, Sector 19, Chandigarh",PH0884,VEH0283,ORG0111
P0762,Divya Saxena,,50,F,Hyderabad,Small Business Owner,"House 731, Housing Board Colony, Hyderabad",PH0885,VEH0109,
P0763,Rajesh Bhalla,"""Raju""",34,M,Gurugram,Retailer,"House 816, Old City Market, Gurugram",PH0886,,ORG0032
P0764,Divya Chawla,,20,F,Kanpur,Trader,"House 515, Transport Nagar, Kanpur",PH0887,,
P0765,Sanjay Tiwari,,56,M,Noida,Retailer,"House 815, New Township Sector 15, Noida",PH0888,VEH0170,ORG0147
P0766,Ashok Saxena,A. Saxena,31,M,Chandigarh,Freelance Consultant,"House 790, Model Town Block D, Chandigarh",PH0889,,
P0767,Sneha Iyer,,43,F,Dehradun,Transporter,"House 881, Civil Lines, Dehradun",PH0890,VEH0244,ORG0034
P0768,Rajesh Pandey,,62,M,Ahmedabad,Driver,"House 195, Sector 8, Ahmedabad",PH0891,,ORG0032
P0769,Gaurav Iyer,,30,M,Delhi,Retailer,"House 888, Model Town Block D, Delhi",PH0892,VEH0259,ORG0015
P0770,Neha Iyer,,59,F,Bengaluru,Accountant,"House 694, New Township Sector 49, Bengaluru",PH0893,VEH0252,
P0771,Arjun Mehta,,49,M,Chandigarh,Freelance Consultant,"House 353, Phase 27 Industrial Estate, Chandigarh",PH0894,,
P0772,Rajesh Pandey,,30,M,Agra,Warehouse Supervisor,"House 481, Old City Market, Agra",PH0895,,ORG0086
P0773,Suresh Kapoor,,40,M,Faridabad,Bank Employee,"House 709, Phase 28 Industrial Estate, Faridabad",PH0896,VEH0289,ORG0134
P0774,Swati Joshi,,25,F,Agra,Accountant,"House 369, Model Town Block B, Agra",PH0897,VEH0007,ORG0133
P0775,Rohan Sharma,Rohan S.,43,M,Ranchi,Logistics Manager,"House 500, Civil Lines, Ranchi",PH0898,,ORG0002
P0776,Sneha Bansal,Sneha B.,41,F,Bhubaneswar,Bank Employee,"House 539, Old City Market, Bhubaneswar",PH0899,VEH0183,ORG0078
P0777,Kirti Verma,,35,F,Bhubaneswar,Trader,"House 63, Phase 39 Industrial Estate, Bhubaneswar",PH0900,,ORG0074
P0778,Jyoti Kapoor,,34,F,Agra,Transporter,"House 843, Sector 10, Agra",PH0901,VEH0288,ORG0026
P0779,Ashok Kapoor,,60,M,Noida,Bank Employee,"House 747, New Township Sector 15, Noida",PH0902,,ORG0128
P0780,Siddharth Kohli,,61,M,Ludhiana,Bank Employee,"House 552, Old City Market, Ludhiana",PH0903,VEH0076,
P0781,Amit Pandey,,50,M,Hyderabad,Driver,"House 694, Civil Lines, Hyderabad",PH0904,VEH0003,
P0782,Rekha Bansal,,52,F,Ludhiana,Clerk,"House 570, Railway Colony, Ludhiana",PH0905,,
P0783,Meera Pandey,,24,F,Ghaziabad,Salesperson,"House 27, Model Town Block B, Ghaziabad",PH0906|PH0907,,ORG0016
P0784,Gaurav Mehta,,50,M,Kanpur,Small Business Owner,"House 774, Civil Lines, Kanpur",PH0908,,ORG0093
P0785,Neha Kohli,,56,F,Amritsar,Bank Employee,"House 816, Transport Nagar, Amritsar",PH0909,,ORG0068
P0786,Ananya Rawat,,58,F,Surat,Logistics Manager,"House 626, Sector 56, Surat",PH0910,,
P0787,Neha Rawat,,57,F,Amritsar,Freelance Consultant,"House 333, Phase 50 Industrial Estate, Amritsar",PH0911|PH0912,,ORG0040
P0788,Sameer Malhotra,,26,M,Bengaluru,Warehouse Supervisor,"House 732, Old City Market, Bengaluru",PH0913|PH0914,,
P0789,Radha Chawla,,48,F,Bhopal,Salesperson,"House 430, Housing Board Colony, Bhopal",PH0915,,
P0790,Ashok Aggarwal,,45,M,Hyderabad,Logistics Manager,"House 531, Civil Lines, Hyderabad",PH0916|PH0917,,ORG0027
P0791,Tarun Singh,,60,M,Chandigarh,Retailer,"House 663, Civil Lines, Chandigarh",PH0918,,
P0792,Neha Bhalla,,50,F,Jaipur,Salesperson,"House 205, Commercial Block D, Jaipur",PH0919,,ORG0036
P0793,Tanya Pandey,,34,F,Chennai,Transporter,"House 626, Commercial Block C, Chennai",PH0920,,ORG0125
P0794,Vivek Bansal,,41,M,Bhubaneswar,Salesperson,"House 121, New Township Sector 29, Bhubaneswar",PH0921,,ORG0107
P0795,Nikhil Arora,,54,M,Agra,Retailer,"House 630, Housing Board Colony, Agra",PH0922,,ORG0135
P0796,Vikram Chawla,,38,M,Bhubaneswar,Real Estate Agent,"House 875, Housing Board Colony, Bhubaneswar",PH0923,,ORG0101
P0797,Shruti Mehta,,56,F,Ahmedabad,Accountant,"House 438, Model Town Block D, Ahmedabad",PH0924,,
P0798,Priya Malhotra,,31,F,Ludhiana,Logistics Manager,"House 660, Phase 41 Industrial Estate, Ludhiana",PH0925,,ORG0052
P0799,Charu Rawat,,34,F,Ghaziabad,Shop Owner,"House 588, Housing Board Colony, Ghaziabad",PH0926,,
P0800,Rajat Iyer,,23,M,Chandigarh,Trader,"House 742, Sector 20, Chandigarh",PH0927,,ORG0036
P0801,Vikram Sharma,,58,M,Patna,Driver,"House 187, Model Town Block D, Patna",PH0928,,ORG0017
P0802,Manju Verma,,34,F,Chennai,IT Consultant,"House 782, Old City Market, Chennai",PH0929|PH0930,VEH0284,ORG0069
P0803,Pankaj Arora,,58,M,Bengaluru,Real Estate Agent,"House 466, Commercial Block B, Bengaluru",PH0931,,
P0804,Sameer Grover,,40,M,Ghaziabad,Warehouse Supervisor,"House 137, Model Town Block B, Ghaziabad",PH0932,VEH0074,
P0805,Ravi Joshi,,58,M,Noida,Shop Owner,"House 813, New Township Sector 34, Noida",PH0933,,
P0806,Sameer Chopra,,52,M,Ahmedabad,Driver,"House 825, Housing Board Colony, Ahmedabad",PH0934,,
P0807,Ramesh Pandey,,41,M,Dehradun,Driver,"House 745, Housing Board Colony, Dehradun",PH0935,,ORG0087
P0808,Ashok Mehta,,23,M,Amritsar,Shop Owner,"House 188, Transport Nagar, Amritsar",PH0936,VEH0179,ORG0013
P0809,Mohit Gupta,,49,M,Lucknow,Freelance Consultant,"House 190, Housing Board Colony, Lucknow",PH0937,,
P0810,Rohan Verma,,40,M,Delhi,Driver,"House 702, Railway Colony, Delhi",PH0938|PH0939,,ORG0099
P0811,Manju Khanna,,43,F,Haridwar,Shop Owner,"House 435, Transport Nagar, Haridwar",PH0940,,ORG0129
P0812,Kirti Chawla,,55,F,Bhopal,Driver,"House 773, Housing Board Colony, Bhopal",PH0941,,
P0813,Kirti Singh,,44,F,Dehradun,Driver,"House 33, Phase 18 Industrial Estate, Dehradun",PH0942,VEH0208,ORG0071
P0814,Radha Mehta,,48,F,Mumbai,Trader,"House 737, Model Town Block C, Mumbai",PH0943|PH0944,,
P0815,Pankaj Nair,,40,M,Ahmedabad,Clerk,"House 642, Phase 29 Industrial Estate, Ahmedabad",PH0945,VEH0287,ORG0042
P0816,Manju Tiwari,,58,F,Surat,Warehouse Supervisor,"House 19, Housing Board Colony, Surat",PH0946,,ORG0015
P0817,Siddharth Saxena,,50,M,Chennai,Retailer,"House 285, Civil Lines, Chennai",PH0947,VEH0094,
P0818,Ashok Verma,,29,M,Gurugram,Accountant,"House 329, Housing Board Colony, Gurugram",PH0948,VEH0051,ORG0039
P0819,Nikhil Mehta,,43,M,Kanpur,Shop Owner,"House 13, Commercial Block D, Kanpur",PH0949,VEH0153,ORG0148
P0820,Tanya Malhotra,,45,F,Bhubaneswar,Driver,"House 819, Commercial Block C, Bhubaneswar",PH0950,,ORG0066
P0821,Tarun Rathore,,57,M,Mumbai,Warehouse Supervisor,"House 311, Civil Lines, Mumbai",PH0951,,ORG0081
P0822,Gaurav Rathore,,39,M,Ludhiana,Clerk,"House 88, Commercial Block C, Ludhiana",PH0952,,
P0823,Kajal Chopra,Kajal C.,41,F,Chennai,Warehouse Supervisor,"House 609, Commercial Block B, Chennai",PH0953,,
P0824,Ritu Iyer,,62,F,Gurugram,Real Estate Agent,"House 327, Phase 51 Industrial Estate, Gurugram",PH0954,,ORG0039
P0825,Meera Bhatia,,33,F,Faridabad,Real Estate Agent,"House 136, Railway Colony, Faridabad",PH0955,,ORG0088
P0826,Bhavna Nair,,60,F,Delhi,Driver,"House 26, Old City Market, Delhi",PH0956|PH0957,,ORG0015
P0827,Vivek Chawla,,50,M,Kanpur,Accountant,"House 728, Commercial Block D, Kanpur",PH0958,VEH0203,
P0828,Aakash Choudhary,,26,M,Mumbai,Warehouse Supervisor,"House 649, Sector 3, Mumbai",PH0959,,
P0829,Vivek Pandey,,54,M,Ghaziabad,IT Consultant,"House 449, Transport Nagar, Ghaziabad",PH0960,,
P0830,Vikram Tiwari,,61,M,Chandigarh,IT Consultant,"House 65, Commercial Block B, Chandigarh",PH0961,,ORG0089
P0831,Manju Tiwari,,23,F,Indore,Salesperson,"House 272, Commercial Block C, Indore",PH0962|PH0963,,ORG0059
P0832,Nikhil Chopra,,36,M,Ghaziabad,Small Business Owner,"House 898, Housing Board Colony, Ghaziabad",PH0964,,ORG0043
P0833,Vidya Verma,,36,F,Kolkata,Real Estate Agent,"House 428, Civil Lines, Kolkata",PH0965,VEH0239,ORG0060
P0834,Pooja Rathore,,59,F,Bhubaneswar,Real Estate Agent,"House 687, New Township Sector 46, Bhubaneswar",PH0966,,
P0835,Rohit Kohli,,43,M,Chennai,Bank Employee,"House 375, Civil Lines, Chennai",PH0967,,
P0836,Tanya Chopra,,55,F,Bhubaneswar,Warehouse Supervisor,"House 722, Sector 5, Bhubaneswar",PH0968,,ORG0146
P0837,Neha Rathore,,21,F,Bhopal,Trader,"House 720, Transport Nagar, Bhopal",PH0969|PH0970,,
P0838,Aarti Aggarwal,,47,F,Noida,Clerk,"House 370, Transport Nagar, Noida",PH0971,,
P0839,Shruti Saxena,,42,F,Hyderabad,Warehouse Supervisor,"House 244, Transport Nagar, Hyderabad",PH0972,VEH0181,ORG0132
P0840,Ravi Mehta,,27,M,Bengaluru,Logistics Manager,"House 512, Civil Lines, Bengaluru",PH0973,,ORG0108
P0841,Preeti Chopra,,61,F,Bhopal,Retailer,"House 403, Housing Board Colony, Bhopal",PH0974,,
P0842,Arjun Yadav,,57,M,Patna,Warehouse Supervisor,"House 886, Housing Board Colony, Patna",PH0975,VEH0184,ORG0132
P0843,Karan Verma,,44,M,Patna,Driver,"House 611, Sector 2, Patna",PH0976,,ORG0150
P0844,Sunita Sharma,,37,F,Kanpur,Transporter,"House 697, Old City Market, Kanpur",PH0977,VEH0139,ORG0114
P0845,Arjun Joshi,,32,M,Bhubaneswar,Shop Owner,"House 311, Civil Lines, Bhubaneswar",PH0978,VEH0249,ORG0020
P0846,Anil Sharma,,37,M,Faridabad,Trader,"House 843, Housing Board Colony, Faridabad",PH0979,,
P0847,Deepak Iyer,,22,M,Kanpur,Retailer,"House 224, Commercial Block D, Kanpur",PH0980,VEH0223,ORG0042
P0848,Divya Saxena,,49,F,Chandigarh,Salesperson,"House 797, Transport Nagar, Chandigarh",PH0981,VEH0016,ORG0060
P0849,Sneha Yadav,,36,F,Jaipur,Salesperson,"House 294, New Township Sector 54, Jaipur",PH0982,VEH0136,ORG0099
P0850,Nikhil Bhalla,Nikhil B.,38,M,Chandigarh,Transporter,"House 308, Housing Board Colony, Chandigarh",PH0983|PH0984,VEH0228,
P0851,Isha Reddy,,37,F,Ghaziabad,Clerk,"House 438, Model Town Block B, Ghaziabad",PH0985,,
P0852,Ramesh Gupta,,19,M,Dehradun,Real Estate Agent,"House 276, Transport Nagar, Dehradun",PH0986,,
P0853,Manish Kapoor,,26,M,Kolkata,Shop Owner,"House 639, Commercial Block D, Kolkata",PH0987,,ORG0142
P0854,Ananya Bhalla,Ananya B.,60,F,Patna,Warehouse Supervisor,"House 217, Commercial Block B, Patna",PH0988|PH0989,,
P0855,Payal Tiwari,,51,F,Amritsar,Salesperson,"House 866, Housing Board Colony, Amritsar",PH0990,,
P0856,Ananya Chawla,,56,F,Mumbai,Logistics Manager,"House 57, Civil Lines, Mumbai",PH0991,,ORG0063
P0857,Rajesh Bhalla,,50,M,Faridabad,Logistics Manager,"House 810, Phase 11 Industrial Estate, Faridabad",PH0992,,ORG0085
P0858,Gaurav Mishra,,43,M,Bhopal,Accountant,"House 836, New Township Sector 21, Bhopal",PH0993|PH0994,,ORG0078
P0859,Kavya Rawat,,21,F,Ahmedabad,Accountant,"House 878, Model Town Block A, Ahmedabad",PH0995,,
P0860,Bhavna Arora,,32,F,Kolkata,Accountant,"House 833, Housing Board Colony, Kolkata",PH0996,VEH0015,
P0861,Yash Saxena,,24,M,Ghaziabad,Freelance Consultant,"House 358, Transport Nagar, Ghaziabad",PH0997|PH0998,,ORG0126
P0862,Radha Sharma,,26,F,Amritsar,Accountant,"House 29, Commercial Block A, Amritsar",PH0999|PH1000,,ORG0065
P0863,Manish Chawla,,38,M,Pune,Warehouse Supervisor,"House 787, Model Town Block D, Pune",PH1001|PH1002,,ORG0148
P0864,Ashok Rathore,,61,M,Lucknow,IT Consultant,"House 694, Commercial Block C, Lucknow",PH1003|PH1004,,
P0865,Charu Mehta,,52,F,Ahmedabad,Accountant,"House 30, Model Town Block A, Ahmedabad",PH1005,,ORG0129
P0866,Kavya Joshi,,61,F,Ghaziabad,Retailer,"House 270, Housing Board Colony, Ghaziabad",PH1006,,ORG0124
P0867,Arjun Bhatia,,29,M,Faridabad,Small Business Owner,"House 644, Commercial Block D, Faridabad",PH1007,,ORG0056
P0868,Ravi Joshi,,25,M,Delhi,Retailer,"House 453, Railway Colony, Delhi",PH1008,,ORG0141
P0869,Ananya Bhatia,,28,F,Haridwar,Retailer,"House 472, Phase 15 Industrial Estate, Haridwar",PH1009,,ORG0107
P0870,Komal Tiwari,,55,F,Ghaziabad,IT Consultant,"House 178, New Township Sector 15, Ghaziabad",PH1010,,ORG0104
P0871,Rajat Nair,,51,M,Delhi,Real Estate Agent,"House 381, Civil Lines, Delhi",PH1011,VEH0236,ORG0035
P0872,Anil Saxena,,47,M,Chennai,Logistics Manager,"House 814, Old City Market, Chennai",PH1012,,ORG0083
P0873,Divya Tiwari,,27,F,Agra,Driver,"House 783, New Township Sector 37, Agra",PH1013,,
P0874,Nidhi Malhotra,,38,F,Bhopal,IT Consultant,"House 891, Railway Colony, Bhopal",PH1014,,
P0875,Sunita Sharma,,60,F,Agra,Freelance Consultant,"House 369, Commercial Block D, Agra",PH1015,VEH0160,ORG0073
P0876,Neha Khanna,,44,F,Ludhiana,Logistics Manager,"House 810, Housing Board Colony, Ludhiana",PH1016|PH1017,,ORG0007
P0877,Nikhil Choudhary,,39,M,Patna,Real Estate Agent,"House 390, Old City Market, Patna",PH1018,VEH0043,ORG0079
P0878,Meera Kapoor,,40,F,Lucknow,Shop Owner,"House 592, Transport Nagar, Lucknow",PH1019,,ORG0020
P0879,Neeraj Mishra,,52,M,Pune,Salesperson,"House 411, Civil Lines, Pune",PH1020,,
P0880,Isha Tiwari,,35,F,Ludhiana,Transporter,"House 47, Civil Lines, Ludhiana",PH1021,,ORG0041
P0881,Deepak Tiwari,,28,M,Ahmedabad,Real Estate Agent,"House 674, Transport Nagar, Ahmedabad",PH1022,,ORG0137
P0882,Tanya Chawla,Tanya Kumar Chawla,42,F,Patna,Clerk,"House 779, Civil Lines, Patna",PH1023,,ORG0066
P0883,Pooja Reddy,,42,F,Dehradun,Real Estate Agent,"House 621, Commercial Block C, Dehradun",PH1024,,
P0884,Kajal Rawat,,23,F,Bhubaneswar,Salesperson,"House 191, Transport Nagar, Bhubaneswar",PH1025,,
P0885,Siddharth Joshi,,42,M,Noida,Freelance Consultant,"House 618, Civil Lines, Noida",PH1026,VEH0280,ORG0045
P0886,Manish Chawla,,24,M,Bhubaneswar,Accountant,"House 445, Phase 19 Industrial Estate, Bhubaneswar",PH1027,VEH0175,ORG0040
P0887,Charu Choudhary,,33,F,Faridabad,Warehouse Supervisor,"House 400, Phase 44 Industrial Estate, Faridabad",PH1028|PH1029,VEH0189,
P0888,Manish Verma,,38,M,Ludhiana,Logistics Manager,"House 675, Railway Colony, Ludhiana",PH1030,,
P0889,Anil Iyer,,41,M,Bengaluru,Small Business Owner,"House 261, New Township Sector 43, Bengaluru",PH1031,VEH0061,ORG0076
P0890,Shruti Aggarwal,,20,F,Kolkata,IT Consultant,"House 145, Transport Nagar, Kolkata",PH1032,VEH0018,ORG0062
P0891,Suresh Malhotra,,59,M,Ludhiana,Small Business Owner,"House 325, Civil Lines, Ludhiana",PH1033|PH1034,,ORG0049
P0892,Vidya Mehta,,33,F,Lucknow,Driver,"House 714, Sector 20, Lucknow",PH1035,,ORG0010
P0893,Anjali Khanna,"""Anju""",21,F,Bhopal,Driver,"House 204, Housing Board Colony, Bhopal",PH1036,,ORG0066
P0894,Karan Sethi,K. Sethi,44,M,Lucknow,Warehouse Supervisor,"House 157, Housing Board Colony, Lucknow",PH1037,,
P0895,Deepak Kohli,,28,M,Amritsar,Shop Owner,"House 665, Railway Colony, Amritsar",PH1038,,ORG0037
P0896,Ananya Sethi,,35,F,Gurugram,IT Consultant,"House 216, Civil Lines, Gurugram",PH1039,,
P0897,Swati Bhalla,,41,F,Pune,Driver,"House 883, Old City Market, Pune",PH1040,,ORG0120
P0898,Vivek Khanna,,41,M,Bengaluru,Warehouse Supervisor,"House 458, New Township Sector 45, Bengaluru",PH1041,,
P0899,Pankaj Gupta,,26,M,Noida,Shop Owner,"House 681, Housing Board Colony, Noida",PH1042|PH1043,,
P0900,Sameer Bhatia,,57,M,Ludhiana,Freelance Consultant,"House 597, Commercial Block C, Ludhiana",PH1044,,ORG0115
P0901,Arjun Grover,,49,M,Kanpur,Trader,"House 272, Civil Lines, Kanpur",PH1045,VEH0035,
P0902,Shruti Yadav,,38,F,Pune,Real Estate Agent,"House 602, New Township Sector 23, Pune",PH1046,,ORG0094
P0903,Divya Yadav,"""Divu""",19,F,Ranchi,Freelance Consultant,"House 858, Railway Colony, Ranchi",PH1047,,
P0904,Siddharth Choudhary,,44,M,Kanpur,Driver,"House 424, Phase 14 Industrial Estate, Kanpur",PH1048,,
P0905,Amit Nair,,47,M,Chandigarh,Driver,"House 131, Model Town Block D, Chandigarh",PH1049,,ORG0113
P0906,Manish Yadav,,34,M,Kanpur,Real Estate Agent,"House 395, Sector 11, Kanpur",PH1050,VEH0194,ORG0047
P0907,Naveen Khanna,,43,M,Noida,Trader,"House 713, New Township Sector 40, Noida",PH1051,VEH0256,ORG0015
P0908,Shruti Bhalla,,44,F,Ghaziabad,IT Consultant,"House 792, Phase 21 Industrial Estate, Ghaziabad",PH1052,,
P0909,Bhavna Chawla,,49,F,Agra,Bank Employee,"House 793, Model Town Block B, Agra",PH1053,,ORG0010
P0910,Bhavna Kohli,,33,F,Lucknow,Freelance Consultant,"House 739, Sector 36, Lucknow",PH1054|PH1055,,ORG0085
P0911,Naveen Joshi,,41,M,Faridabad,Accountant,"House 347, Commercial Block A, Faridabad",PH1056,,
P0912,Vidya Joshi,,61,F,Kanpur,Shop Owner,"House 177, Railway Colony, Kanpur",PH1057,,ORG0150
P0913,Radha Arora,,33,F,Hyderabad,Accountant,"House 836, Transport Nagar, Hyderabad",PH1058,,ORG0120
P0914,Manish Iyer,,59,M,Lucknow,Clerk,"House 798, Civil Lines, Lucknow",PH1059,VEH0279,
P0915,Preeti Khanna,,58,F,Hyderabad,Retailer,"House 692, Transport Nagar, Hyderabad",PH1060|PH1061,,
P0916,Rajat Khanna,,47,M,Dehradun,Bank Employee,"House 81, Model Town Block C, Dehradun",PH1062,,ORG0110
P0917,Aditya Mishra,,54,M,Kanpur,Retailer,"House 479, New Township Sector 37, Kanpur",PH1063,,ORG0144
P0918,Sanjay Sethi,,51,M,Ranchi,Small Business Owner,"House 697, Old City Market, Ranchi",PH1064|PH1065,VEH0064,ORG0068
P0919,Aditya Malhotra,,48,M,Hyderabad,Clerk,"House 735, Civil Lines, Hyderabad",PH1066|PH1067,,ORG0083
P0920,Rekha Yadav,,51,F,Gurugram,Retailer,"House 597, Civil Lines, Gurugram",PH1068,VEH0101,
P0921,Anjali Mishra,,36,F,Chandigarh,Transporter,"House 255, Model Town Block C, Chandigarh",PH1069|PH1070,,ORG0099
P0922,Priya Rathore,,61,F,Bengaluru,Driver,"House 883, Model Town Block C, Bengaluru",PH1071,VEH0116,ORG0060
P0923,Sunita Gupta,,39,F,Chennai,Transporter,"House 497, Civil Lines, Chennai",PH1072|PH1073,VEH0069,ORG0028
P0924,Payal Kapoor,,38,F,Bhubaneswar,Salesperson,"House 276, Railway Colony, Bhubaneswar",PH1074,,ORG0085
P0925,Suresh Saxena,,41,M,Chennai,Bank Employee,"House 460, Transport Nagar, Chennai",PH1075,,
P0926,Divya Kapoor,,39,F,Agra,Accountant,"House 398, Housing Board Colony, Agra",PH1076,VEH0022,ORG0014
P0927,Siddharth Saxena,,25,M,Surat,Salesperson,"House 326, Transport Nagar, Surat",PH1077,,ORG0006
P0928,Siddharth Khanna,,44,M,Indore,Driver,"House 109, Model Town Block D, Indore",PH1078,VEH0255,ORG0089
P0929,Pankaj Gupta,,40,M,Gurugram,Small Business Owner,"House 652, Old City Market, Gurugram",PH1079,VEH0216,ORG0093
P0930,Rohit Bhalla,,29,M,Amritsar,Bank Employee,"House 608, Commercial Block B, Amritsar",PH1080,,
P0931,Aditya Gupta,,33,M,Kanpur,Logistics Manager,"House 800, Old City Market, Kanpur",PH1081,,
P0932,Rohit Malhotra,R. Malhotra,62,M,Patna,Logistics Manager,"House 459, Housing Board Colony, Patna",PH1082|PH1083,,ORG0045
P0933,Divya Aggarwal,,48,F,Kanpur,Trader,"House 508, Railway Colony, Kanpur",PH1084,VEH0245,ORG0119
P0934,Swati Choudhary,Swati C.,26,F,Ludhiana,Shop Owner,"House 586, Transport Nagar, Ludhiana",PH1085,VEH0065,ORG0019
P0935,Nikhil Bansal,,26,M,Ghaziabad,Real Estate Agent,"House 777, Railway Colony, Ghaziabad",PH1086,,ORG0032
P0936,Tarun Bansal,,35,M,Ranchi,Salesperson,"House 318, Model Town Block A, Ranchi",PH1087|PH1088,VEH0296,
P0937,Jyoti Rathore,Jyoti Kumar Rathore,30,F,Haridwar,Trader,"House 632, New Township Sector 42, Haridwar",PH1089,,ORG0090
P0938,Simran Reddy,,33,F,Surat,Small Business Owner,"House 224, Transport Nagar, Surat",PH1090,VEH0233,ORG0036
P0939,Shruti Bhalla,,23,F,Pune,Bank Employee,"House 579, Sector 39, Pune",PH1091,VEH0291,
P0940,Sunita Malhotra,,56,F,Patna,IT Consultant,"House 712, Old City Market, Patna",PH1092,VEH0123,
P0941,Priya Bhatia,,33,F,Kanpur,Warehouse Supervisor,"House 719, New Township Sector 32, Kanpur",PH1093,VEH0263,
P0942,Jyoti Aggarwal,,61,F,Kolkata,Freelance Consultant,"House 350, Old City Market, Kolkata",PH1094,,
P0943,Payal Arora,,40,F,Ghaziabad,Salesperson,"House 108, New Township Sector 38, Ghaziabad",PH1095,,
P0944,Vidya Malhotra,,47,F,Ludhiana,Trader,"House 513, Old City Market, Ludhiana",PH1096,,ORG0052
P0945,Neha Gupta,,56,F,Bhubaneswar,Logistics Manager,"House 108, Phase 13 Industrial Estate, Bhubaneswar",PH1097,,
P0946,Aakash Saxena,,48,M,Faridabad,Shop Owner,"House 599, Commercial Block D, Faridabad",PH1098|PH1099,,ORG0025
P0947,Simran Bansal,,61,F,Delhi,Transporter,"House 556, New Township Sector 1, Delhi",PH1100,,ORG0007
P0948,Rajesh Reddy,,44,M,Amritsar,Warehouse Supervisor,"House 144, Sector 16, Amritsar",PH1101,,
P0949,Divya Arora,,27,F,Ranchi,Driver,"House 267, Old City Market, Ranchi",PH1102,,
P0950,Pankaj Nair,,47,M,Gurugram,Real Estate Agent,"House 121, Transport Nagar, Gurugram",PH1103,,
P0951,Shruti Mehta,,35,F,Ghaziabad,Shop Owner,"House 113, Commercial Block B, Ghaziabad",PH1104,,ORG0119
P0952,Anjali Mishra,,61,F,Ludhiana,Bank Employee,"House 675, Sector 43, Ludhiana",PH1105,,ORG0002
P0953,Aarti Saxena,,37,F,Mumbai,Logistics Manager,"House 122, Phase 41 Industrial Estate, Mumbai",PH1106,,ORG0017
P0954,Vidya Arora,,59,F,Hyderabad,Trader,"House 824, Transport Nagar, Hyderabad",PH1107|PH1108,,ORG0008
P0955,Payal Singh,,60,F,Bhopal,Salesperson,"House 584, Housing Board Colony, Bhopal",PH1109,VEH0106,ORG0042
P0956,Aakash Nair,,42,M,Faridabad,Accountant,"House 271, Transport Nagar, Faridabad",PH1110,,
P0957,Rohan Gupta,,33,M,Bhubaneswar,Freelance Consultant,"House 838, Sector 48, Bhubaneswar",PH1111|PH1112,,ORG0063
P0958,Mohit Joshi,,34,M,Patna,Small Business Owner,"House 273, Sector 2, Patna",PH1113,VEH0192,ORG0050
P0959,Divya Grover,,27,F,Kanpur,Small Business Owner,"House 143, Old City Market, Kanpur",PH1114|PH1115,,ORG0053
P0960,Gaurav Mishra,,56,M,Agra,Salesperson,"House 671, Old City Market, Agra",PH1116,,
P0961,Shruti Tiwari,"""Shru""",43,F,Ahmedabad,Clerk,"House 456, Commercial Block A, Ahmedabad",PH1117,,
P0962,Isha Yadav,,38,F,Chandigarh,Small Business Owner,"House 742, Commercial Block B, Chandigarh",PH1118,VEH0286,
P0963,Amit Nair,,20,M,Dehradun,Shop Owner,"House 412, Phase 10 Industrial Estate, Dehradun",PH1119,VEH0041,
P0964,Vivek Sethi,,24,M,Ahmedabad,Freelance Consultant,"House 430, New Township Sector 56, Ahmedabad",PH1120,VEH0033,
P0965,Divya Iyer,,22,F,Ludhiana,Salesperson,"House 107, Model Town Block C, Ludhiana",PH1121,,ORG0130
P0966,Neeraj Malhotra,,56,M,Pune,Small Business Owner,"House 643, Commercial Block C, Pune",PH1122,,
P0967,Shruti Gupta,,60,F,Chandigarh,Transporter,"House 434, Housing Board Colony, Chandigarh",PH1123,,ORG0026
P0968,Shruti Pandey,,31,F,Hyderabad,Trader,"House 560, Model Town Block D, Hyderabad",PH1124,,ORG0128
P0969,Kajal Sharma,"""Kaju""",46,F,Ghaziabad,Shop Owner,"House 715, Railway Colony, Ghaziabad",PH1125,VEH0080,ORG0051
P0970,Gaurav Bansal,,60,M,Dehradun,Retailer,"House 7, Old City Market, Dehradun",PH1126,,ORG0112
P0971,Sneha Singh,,38,F,Bengaluru,Accountant,"House 877, Model Town Block A, Bengaluru",PH1127,,ORG0089
P0972,Radha Chopra,,44,F,Gurugram,Transporter,"House 721, Railway Colony, Gurugram",PH1128|PH1129,VEH0243,
P0973,Swati Bhatia,,39,F,Faridabad,Small Business Owner,"House 113, Phase 35 Industrial Estate, Faridabad",PH1130,,ORG0019
P0974,Sunita Pandey,,43,F,Gurugram,Salesperson,"House 617, Civil Lines, Gurugram",PH1131,VEH0044,ORG0095
P0975,Ashok Chopra,,43,M,Amritsar,Transporter,"House 760, Housing Board Colony, Amritsar",PH1132,,
P0976,Aakash Joshi,,40,M,Lucknow,Bank Employee,"House 501, Transport Nagar, Lucknow",PH1133|PH1134,VEH0265,
P0977,Siddharth Rawat,,40,M,Kanpur,Shop Owner,"House 381, Model Town Block D, Kanpur",PH1135|PH1136,,
P0978,Neha Nair,,45,F,Ludhiana,Driver,"House 302, Railway Colony, Ludhiana",PH1137,,
P0979,Neha Joshi,,19,F,Indore,Shop Owner,"House 519, Sector 12, Indore",PH1138,,ORG0107
P0980,Vikram Arora,,43,M,Noida,IT Consultant,"House 264, Civil Lines, Noida",PH1139,,ORG0022
P0981,Yash Khanna,,31,M,Amritsar,Shop Owner,"House 482, Railway Colony, Amritsar",PH1140,,ORG0075
P0982,Rajat Nair,,48,M,Bhubaneswar,Bank Employee,"House 580, Civil Lines, Bhubaneswar",PH1141,,
P0983,Amit Sethi,,42,M,Surat,Small Business Owner,"House 760, Sector 58, Surat",PH1142,,ORG0020
P0984,Ananya Chawla,,41,F,Bhubaneswar,Clerk,"House 37, Housing Board Colony, Bhubaneswar",PH1143,VEH0138,ORG0094
P0985,Pooja Chopra,,19,F,Agra,Small Business Owner,"House 836, Sector 40, Agra",PH1144|PH1145,,ORG0134
P0986,Shruti Aggarwal,,47,F,Ranchi,IT Consultant,"House 626, Railway Colony, Ranchi",PH1146,,ORG0044
P0987,Aarti Iyer,,31,F,Surat,Transporter,"House 553, Commercial Block D, Surat",PH1147,,ORG0073
P0988,Aakash Grover,,25,M,Chandigarh,Transporter,"House 688, Old City Market, Chandigarh",PH1148,,ORG0025
P0989,Nidhi Singh,,28,F,Lucknow,Accountant,"House 184, Railway Colony, Lucknow",PH1149,,
P0990,Preeti Tiwari,,40,F,Amritsar,Warehouse Supervisor,"House 286, Civil Lines, Amritsar",PH1150|PH1151,,ORG0079
P0991,Anjali Pandey,,45,F,Chandigarh,Driver,"House 550, Railway Colony, Chandigarh",PH1152,,ORG0070
P0992,Suresh Aggarwal,,48,M,Amritsar,Shop Owner,"House 495, Housing Board Colony, Amritsar",PH1153,,ORG0097
P0993,Manju Rathore,,35,F,Ahmedabad,Driver,"House 741, Old City Market, Ahmedabad",PH1154,,
P0994,Sunita Kapoor,,57,F,Mumbai,Clerk,"House 310, Commercial Block B, Mumbai",PH1155,VEH0104,
P0995,Amit Rathore,,38,M,Noida,Retailer,"House 404, Phase 13 Industrial Estate, Noida",PH1156,,
P0996,Meera Mehta,,51,F,Chandigarh,IT Consultant,"House 386, Housing Board Colony, Chandigarh",PH1157,,ORG0053
P0997,Manish Bansal,,29,M,Ludhiana,Bank Employee,"House 35, Transport Nagar, Ludhiana",PH1158,,
P0998,Sameer Kapoor,,31,M,Ahmedabad,Bank Employee,"House 895, Old City Market, Ahmedabad",PH1159,,ORG0002
P0999,Sneha Aggarwal,,30,F,Ludhiana,Freelance Consultant,"House 169, Model Town Block B, Ludhiana",PH1160,,ORG0009
P1000,Tanya Saxena,,45,F,Delhi,Clerk,"House 10, Railway Colony, Delhi",PH1161,VEH0219,
