relationship_id,source_entity,target_entity,relationship_type,timestamp,source_record,confidence
REL0001,P0981,P0520,CALLS,2026-06-11T04:59:00,CDR,0.83
REL0002,P0520,P0536,CALLS,2026-06-11T04:59:00,CDR,0.84
REL0003,P0536,P0624,CALLS,2026-06-11T04:59:00,CDR,0.65
REL0004,P0624,P0144,CALLS,2026-06-11T04:59:00,CDR,0.94
REL0005,P0144,P0887,CALLS,2026-06-11T04:59:00,CDR,0.75
REL0006,P0887,P0607,CALLS,2026-06-11T04:59:00,CDR,0.66
REL0007,P0607,P0201,CALLS,2026-06-11T04:59:00,CDR,0.66
REL0008,P0201,P0914,CALLS,2026-06-11T04:59:00,CDR,0.92
REL0009,P0914,P0469,CALLS,2026-06-11T04:59:00,CDR,0.87
REL0010,P0469,P0163,CALLS,2026-06-11T04:59:00,CDR,0.55
REL0011,P0163,P0019,CALLS,2026-06-11T04:59:00,CDR,0.86
REL0012,P0019,P0635,CALLS,2026-06-11T04:59:00,CDR,0.66
REL0013,P0635,P0745,CALLS,2026-06-11T04:59:00,CDR,0.61
REL0014,P0745,P0107,CALLS,2026-06-11T04:59:00,CDR,0.68
REL0015,P0107,P0076,CALLS,2026-06-11T04:59:00,CDR,0.74
REL0016,P0076,P0270,CALLS,2026-06-11T04:59:00,CDR,0.54
REL0017,P0270,P0493,CALLS,2026-06-11T04:59:00,CDR,0.72
REL0018,P0493,P0824,CALLS,2026-06-11T04:59:00,CDR,0.54
REL0019,P0824,P0980,CALLS,2026-06-11T04:59:00,CDR,0.63
REL0020,P0980,P0013,CALLS,2026-06-11T04:59:00,CDR,0.89
REL0021,P0013,P0269,CALLS,2026-06-11T04:59:00,CDR,0.64
REL0022,P0269,P0867,CALLS,2026-06-11T04:59:00,CDR,0.54
REL0023,P0867,P0344,CALLS,2026-06-11T04:59:00,CDR,0.82
REL0024,P0344,P0172,CALLS,2026-06-11T04:59:00,CDR,0.86
REL0025,P0172,P0508,CALLS,2026-06-11T04:59:00,CDR,0.65
REL0026,P0508,P0119,CALLS,2026-06-11T04:59:00,CDR,0.66
REL0027,P0119,P0212,CALLS,2026-06-11T04:59:00,CDR,0.91
REL0028,P0212,P0338,CALLS,2026-06-11T04:59:00,CDR,0.57
REL0029,P0338,P0083,CALLS,2026-06-11T04:59:00,CDR,0.69
REL0030,P0083,P0286,CALLS,2026-06-11T04:59:00,CDR,0.62
REL0031,P0286,P0236,CALLS,2026-06-11T04:59:00,CDR,0.55
REL0032,P0236,P0321,CALLS,2026-06-11T04:59:00,CDR,0.69
REL0033,P0321,P0861,CALLS,2026-06-11T04:59:00,CDR,0.62
REL0034,P0861,P0967,CALLS,2026-06-11T04:59:00,CDR,0.93
REL0035,P0967,P0475,CALLS,2026-06-11T04:59:00,CDR,0.76
REL0036,P0475,P0038,CALLS,2026-06-11T04:59:00,CDR,0.75
REL0037,P0038,P0907,CALLS,2026-06-11T04:59:00,CDR,0.55
REL0038,P0907,P0006,CALLS,2026-06-11T04:59:00,CDR,0.69
REL0039,P0607,P0607,ASSOCIATED_WITH,2026-06-11T04:59:00,SHARED_ORG,0.3
REL0040,P0905,P0555,CALLS,2026-04-22T23:17:00,CDR,0.94
REL0041,P0905,P0017,CALLS,2026-04-22T23:17:00,CDR,0.94
REL0042,P0905,P0665,CALLS,2026-04-22T23:17:00,CDR,0.67
REL0043,P0905,P0029,CALLS,2026-04-22T23:17:00,CDR,0.73
REL0044,P0905,P0417,CALLS,2026-04-22T23:17:00,CDR,0.84
REL0045,P0905,P0082,CALLS,2026-04-22T23:17:00,CDR,0.7
REL0046,P0905,P0925,CALLS,2026-04-22T23:17:00,CDR,0.8
REL0047,P0905,P0920,CALLS,2026-04-22T23:17:00,CDR,0.9
REL0048,P0905,P0325,CALLS,2026-04-22T23:17:00,CDR,0.57
REL0049,P0905,P0917,CALLS,2026-04-22T23:17:00,CDR,0.78
REL0050,P0905,P0060,CALLS,2026-04-22T23:17:00,CDR,0.63
REL0051,P0905,P0063,CALLS,2026-04-22T23:17:00,CDR,0.89
REL0052,P0905,P0919,CALLS,2026-04-22T23:17:00,CDR,0.6
REL0053,P0905,P0524,CALLS,2026-04-22T23:17:00,CDR,0.72
REL0054,P0905,P0677,CALLS,2026-04-22T23:17:00,CDR,0.51
REL0055,P0905,P0730,CALLS,2026-04-22T23:17:00,CDR,0.55
REL0056,P0905,P0003,CALLS,2026-04-22T23:17:00,CDR,0.88
REL0057,P0905,P0320,CALLS,2026-04-22T23:17:00,CDR,0.75
REL0058,P0905,P0552,CALLS,2026-04-22T23:17:00,CDR,0.63
REL0059,P0905,P0125,CALLS,2026-04-22T23:17:00,CDR,0.69
REL0060,P0905,P0916,CALLS,2026-04-22T23:17:00,CDR,0.76
REL0061,P0905,P0844,CALLS,2026-04-22T23:17:00,CDR,0.57
REL0062,P0905,P0964,CALLS,2026-04-22T23:17:00,CDR,0.52
REL0063,P0905,P0904,CALLS,2026-04-22T23:17:00,CDR,0.65
REL0064,P0905,P0949,CALLS,2026-04-22T23:17:00,CDR,0.6
REL0065,P0905,P0049,CALLS,2026-04-22T23:17:00,CDR,0.8
REL0066,P0905,P0773,CALLS,2026-04-22T23:17:00,CDR,0.86
REL0067,P0905,P0234,CALLS,2026-04-22T23:17:00,CDR,0.71
REL0068,P0905,P0663,CALLS,2026-04-22T23:17:00,CDR,0.81
REL0069,P0905,P0182,CALLS,2026-04-22T23:17:00,CDR,0.68
REL0070,P0904,P0905,ASSOCIATED_WITH,2026-04-22T23:17:00,SHARED_ORG,0.3
REL0071,P0037,P0154,CALLS,2026-01-09T06:29:00,CDR,0.91
REL0072,P0217,P0605,CALLS,2026-01-09T06:29:00,CDR,0.71
REL0073,P0037,P0990,CALLS,2026-01-09T06:29:00,CDR,0.67
REL0074,P0217,P0423,CALLS,2026-01-09T06:29:00,CDR,0.68
REL0075,P0217,P0019,CALLS,2026-01-09T06:29:00,CDR,0.84
REL0076,P0217,P0539,CALLS,2026-01-09T06:29:00,CDR,0.63
REL0077,P0037,P0584,CALLS,2026-01-09T06:29:00,CDR,0.81
REL0078,P0037,P0001,CALLS,2026-01-09T06:29:00,CDR,0.85
REL0079,P0037,P1000,CALLS,2026-01-09T06:29:00,CDR,0.72
REL0080,P0217,P0894,CALLS,2026-01-09T06:29:00,CDR,0.77
REL0081,P0217,P0351,CALLS,2026-01-09T06:29:00,CDR,0.86
REL0082,P0037,P0421,CALLS,2026-01-09T06:29:00,CDR,0.52
REL0083,P0037,P0173,CALLS,2026-01-09T06:29:00,CDR,0.51
REL0084,P0037,P0523,CALLS,2026-01-09T06:29:00,CDR,0.61
REL0085,P0037,P0607,CALLS,2026-01-09T06:29:00,CDR,0.52
REL0086,P0217,P0784,CALLS,2026-01-09T06:29:00,CDR,0.77
REL0087,P1000,P0539,ASSOCIATED_WITH,2026-01-09T06:29:00,SHARED_ORG,0.3
REL0088,P0662,P0595,CALLS,2026-07-30T18:00:00,CDR,0.5
REL0089,P0662,P0257,CALLS,2026-07-30T18:00:00,CDR,0.55
REL0090,P0662,P0726,CALLS,2026-07-30T18:00:00,CDR,0.53
REL0091,P0662,P0841,CALLS,2026-07-30T18:00:00,CDR,0.75
REL0092,P0662,P0976,CALLS,2026-07-30T18:00:00,CDR,0.86
REL0093,P0662,P0081,CALLS,2026-07-30T18:00:00,CDR,0.74
REL0094,P0662,P0179,CALLS,2026-07-30T18:00:00,CDR,0.58
REL0095,P0662,P0792,CALLS,2026-07-30T18:00:00,CDR,0.7
REL0096,P0662,P0307,CALLS,2026-07-30T18:00:00,CDR,0.57
REL0097,P0662,P0775,CALLS,2026-07-30T18:00:00,CDR,0.89
REL0098,P0662,P0964,CALLS,2026-07-30T18:00:00,CDR,0.61
REL0099,P0307,P0841,ASSOCIATED_WITH,2026-07-30T18:00:00,SHARED_ORG,0.3
REL0100,P0509,P0765,CALLS,2026-04-13T07:48:00,CDR,0.57
REL0101,P0509,P0639,CALLS,2026-04-13T07:48:00,CDR,0.54
REL0102,P0509,P0450,CALLS,2026-04-13T07:48:00,CDR,0.81
REL0103,P0509,P0705,CALLS,2026-04-13T07:48:00,CDR,0.59
REL0104,P0509,P0327,CALLS,2026-04-13T07:48:00,CDR,0.72
REL0105,P0509,P0414,CALLS,2026-04-13T07:48:00,CDR,0.52
REL0106,P0509,P0432,CALLS,2026-04-13T07:48:00,CDR,0.78
REL0107,P0509,P0782,CALLS,2026-04-13T07:48:00,CDR,0.71
REL0108,P0509,P0093,CALLS,2026-04-13T07:48:00,CDR,0.79
REL0109,P0509,P0622,CALLS,2026-04-13T07:48:00,CDR,0.9
REL0110,P0327,P0093,ASSOCIATED_WITH,2026-04-13T07:48:00,SHARED_ORG,0.3
REL0111,P0575,P0036,CALLS,2025-11-03T03:22:00,CDR,0.79
REL0112,P0036,P0095,CALLS,2025-11-03T03:22:00,CDR,0.83
REL0113,P0095,P0036,ASSOCIATED_WITH,2025-11-03T03:22:00,SHARED_ORG,0.3
REL0114,P0207,P0303,CALLS,2026-05-30T21:03:00,CDR,0.77
REL0115,P0303,P0586,CALLS,2026-05-30T21:03:00,CDR,0.51
REL0116,P0586,P0918,CALLS,2026-05-30T21:03:00,CDR,0.79
REL0117,P0267,P0584,CALLS,2026-05-30T21:03:00,CDR,0.69
REL0118,P0584,P0053,CALLS,2026-05-30T21:03:00,CDR,0.64
REL0119,P0053,P0158,CALLS,2026-05-30T21:03:00,CDR,0.56
REL0120,P0918,P0267,CALLS,2026-05-30T21:03:00,CDR,0.67
REL0121,P0586,P0586,ASSOCIATED_WITH,2026-05-30T21:03:00,SHARED_ORG,0.3
REL0122,P0922,P0913,CALLS,2025-08-13T02:17:00,CDR,0.81
REL0123,P0922,P0220,CALLS,2025-08-13T02:17:00,CDR,0.65
REL0124,P0922,P0004,CALLS,2025-08-13T02:17:00,CDR,0.73
REL0125,P0922,P0066,CALLS,2025-08-13T02:17:00,CDR,0.8
REL0126,P0922,P0414,CALLS,2025-08-13T02:17:00,CDR,0.88
REL0127,P0922,P0954,CALLS,2025-08-13T02:17:00,CDR,0.58
REL0128,P0922,P0788,CALLS,2025-08-13T02:17:00,CDR,0.76
REL0129,P0922,P0722,CALLS,2025-08-13T02:17:00,CDR,0.56
REL0130,P0922,P0463,CALLS,2025-08-13T02:17:00,CDR,0.89
REL0131,P0922,P0945,CALLS,2025-08-13T02:17:00,CDR,0.59
REL0132,P0922,P0662,CALLS,2025-08-13T02:17:00,CDR,0.84
REL0133,P0922,P0298,CALLS,2025-08-13T02:17:00,CDR,0.57
REL0134,P0922,P0667,CALLS,2025-08-13T02:17:00,CDR,0.65
REL0135,P0922,P0876,CALLS,2025-08-13T02:17:00,CDR,0.61
REL0136,P0922,P0941,CALLS,2025-08-13T02:17:00,CDR,0.64
REL0137,P0922,P0593,CALLS,2025-08-13T02:17:00,CDR,0.58
REL0138,P0922,P0885,CALLS,2025-08-13T02:17:00,CDR,0.71
REL0139,P0922,P0459,CALLS,2025-08-13T02:17:00,CDR,0.82
REL0140,P0922,P0736,CALLS,2025-08-13T02:17:00,CDR,0.82
REL0141,P0922,P0218,CALLS,2025-08-13T02:17:00,CDR,0.72
REL0142,P0922,P0108,CALLS,2025-08-13T02:17:00,CDR,0.68
REL0143,P0922,P0377,CALLS,2025-08-13T02:17:00,CDR,0.54
REL0144,P0922,P0844,CALLS,2025-08-13T02:17:00,CDR,0.59
REL0145,P0922,P0490,CALLS,2025-08-13T02:17:00,CDR,0.75
REL0146,P0922,P0205,CALLS,2025-08-13T02:17:00,CDR,0.86
REL0147,P0922,P0351,CALLS,2025-08-13T02:17:00,CDR,0.52
REL0148,P0922,P0135,CALLS,2025-08-13T02:17:00,CDR,0.94
REL0149,P0922,P0001,CALLS,2025-08-13T02:17:00,CDR,0.5
REL0150,P0922,P0902,CALLS,2025-08-13T02:17:00,CDR,0.8
REL0151,P0922,P0926,CALLS,2025-08-13T02:17:00,CDR,0.64
REL0152,P0922,P0154,CALLS,2025-08-13T02:17:00,CDR,0.68
REL0153,P0922,P0966,CALLS,2025-08-13T02:17:00,CDR,0.55
REL0154,P0922,P0763,CALLS,2025-08-13T02:17:00,CDR,0.92
REL0155,P0922,P0408,CALLS,2025-08-13T02:17:00,CDR,0.8
REL0156,P0922,P0195,CALLS,2025-08-13T02:17:00,CDR,0.75
REL0157,P0922,P0447,CALLS,2025-08-13T02:17:00,CDR,0.88
REL0158,P0922,P0470,CALLS,2025-08-13T02:17:00,CDR,0.73
REL0159,P0922,P0188,CALLS,2025-08-13T02:17:00,CDR,0.62
REL0160,P0922,P0806,CALLS,2025-08-13T02:17:00,CDR,0.67
REL0161,P0922,P0505,CALLS,2025-08-13T02:17:00,CDR,0.57
REL0162,P0922,P0774,CALLS,2025-08-13T02:17:00,CDR,0.73
REL0163,P0922,P0023,CALLS,2025-08-13T02:17:00,CDR,0.76
REL0164,P0922,P0555,CALLS,2025-08-13T02:17:00,CDR,0.64
REL0165,P0922,P0996,CALLS,2025-08-13T02:17:00,CDR,0.84
REL0166,P0922,P0661,CALLS,2025-08-13T02:17:00,CDR,0.63
REL0167,P0922,P0760,CALLS,2025-08-13T02:17:00,CDR,0.58
REL0168,P0922,P0212,CALLS,2025-08-13T02:17:00,CDR,0.6
REL0169,P0922,P0746,CALLS,2025-08-13T02:17:00,CDR,0.76
REL0170,P0922,P0333,CALLS,2025-08-13T02:17:00,CDR,0.6
REL0171,P0922,P0669,CALLS,2025-08-13T02:17:00,CDR,0.57
REL0172,P0922,P0908,CALLS,2025-08-13T02:17:00,CDR,0.77
REL0173,P0922,P0777,CALLS,2025-08-13T02:17:00,CDR,0.55
REL0174,P0922,P0528,CALLS,2025-08-13T02:17:00,CDR,0.79
REL0175,P0922,P0586,CALLS,2025-08-13T02:17:00,CDR,0.85
REL0176,P0922,P0451,CALLS,2025-08-13T02:17:00,CDR,0.73
REL0177,P0922,P0617,CALLS,2025-08-13T02:17:00,CDR,0.56
REL0178,P0922,P0043,CALLS,2025-08-13T02:17:00,CDR,0.61
REL0179,P0922,P0318,CALLS,2025-08-13T02:17:00,CDR,0.75
REL0180,P0922,P0035,CALLS,2025-08-13T02:17:00,CDR,0.5
REL0181,P0922,P0674,CALLS,2025-08-13T02:17:00,CDR,0.75
REL0182,P0922,P0085,CALLS,2025-08-13T02:17:00,CDR,0.86
REL0183,P0922,P0375,CALLS,2025-08-13T02:17:00,CDR,0.79
REL0184,P0922,P0148,CALLS,2025-08-13T02:17:00,CDR,0.7
REL0185,P0922,P0860,CALLS,2025-08-13T02:17:00,CDR,0.8
REL0186,P0922,P0229,CALLS,2025-08-13T02:17:00,CDR,0.54
REL0187,P0922,P0964,CALLS,2025-08-13T02:17:00,CDR,0.7
REL0188,P0922,P0424,CALLS,2025-08-13T02:17:00,CDR,0.64
REL0189,P0922,P0289,CALLS,2025-08-13T02:17:00,CDR,0.88
REL0190,P0922,P0293,CALLS,2025-08-13T02:17:00,CDR,0.79
REL0191,P0922,P0805,CALLS,2025-08-13T02:17:00,CDR,0.51
REL0192,P0922,P0049,CALLS,2025-08-13T02:17:00,CDR,0.88
REL0193,P0922,P0301,CALLS,2025-08-13T02:17:00,CDR,0.78
REL0194,P0922,P0171,CALLS,2025-08-13T02:17:00,CDR,0.6
REL0195,P0229,P0195,ASSOCIATED_WITH,2025-08-13T02:17:00,SHARED_ORG,0.3
REL0196,P0763,P0399,CALLS,2026-07-21T12:03:00,CDR,0.62
REL0197,P0763,P0967,CALLS,2026-07-21T12:03:00,CDR,0.58
REL0198,P0399,P0967,CALLS,2026-07-21T12:03:00,CDR,0.7
REL0199,P0399,P0979,CALLS,2026-07-21T12:03:00,CDR,0.84
REL0200,P0967,P0979,CALLS,2026-07-21T12:03:00,CDR,0.7
REL0201,P0967,P0013,CALLS,2026-07-21T12:03:00,CDR,0.88
REL0202,P0979,P0013,CALLS,2026-07-21T12:03:00,CDR,0.55
REL0203,P0979,P0351,CALLS,2026-07-21T12:03:00,CDR,0.61
REL0204,P0013,P0351,CALLS,2026-07-21T12:03:00,CDR,0.89
REL0205,P0013,P0838,CALLS,2026-07-21T12:03:00,CDR,0.53
REL0206,P0351,P0838,CALLS,2026-07-21T12:03:00,CDR,0.63
REL0207,P0351,P0016,CALLS,2026-07-21T12:03:00,CDR,0.89
REL0208,P0838,P0016,CALLS,2026-07-21T12:03:00,CDR,0.53
REL0209,P0838,P0472,CALLS,2026-07-21T12:03:00,CDR,0.78
REL0210,P0016,P0472,CALLS,2026-07-21T12:03:00,CDR,0.59
REL0211,P0016,P0529,CALLS,2026-07-21T12:03:00,CDR,0.52
REL0212,P0472,P0529,CALLS,2026-07-21T12:03:00,CDR,0.83
REL0213,P0472,P0137,CALLS,2026-07-21T12:03:00,CDR,0.85
REL0214,P0529,P0137,CALLS,2026-07-21T12:03:00,CDR,0.52
REL0215,P0529,P0141,CALLS,2026-07-21T12:03:00,CDR,0.86
REL0216,P0137,P0141,CALLS,2026-07-21T12:03:00,CDR,0.53
REL0217,P0137,P0029,CALLS,2026-07-21T12:03:00,CDR,0.82
REL0218,P0141,P0029,CALLS,2026-07-21T12:03:00,CDR,0.87
REL0219,P0141,P0858,CALLS,2026-07-21T12:03:00,CDR,0.72
REL0220,P0029,P0858,CALLS,2026-07-21T12:03:00,CDR,0.56
REL0221,P0029,P0012,CALLS,2026-07-21T12:03:00,CDR,0.62
REL0222,P0858,P0012,CALLS,2026-07-21T12:03:00,CDR,0.92
REL0223,P0858,P0871,CALLS,2026-07-21T12:03:00,CDR,0.75
REL0224,P0012,P0871,CALLS,2026-07-21T12:03:00,CDR,0.59
REL0225,P0012,P0055,CALLS,2026-07-21T12:03:00,CDR,0.91
REL0226,P0871,P0055,CALLS,2026-07-21T12:03:00,CDR,0.95
REL0227,P0871,P0725,CALLS,2026-07-21T12:03:00,CDR,0.6
REL0228,P0055,P0725,CALLS,2026-07-21T12:03:00,CDR,0.52
REL0229,P0055,P0208,CALLS,2026-07-21T12:03:00,CDR,0.82
REL0230,P0725,P0208,CALLS,2026-07-21T12:03:00,CDR,0.87
REL0231,P0725,P0124,CALLS,2026-07-21T12:03:00,CDR,0.53
REL0232,P0208,P0124,CALLS,2026-07-21T12:03:00,CDR,0.78
REL0233,P0208,P0430,CALLS,2026-07-21T12:03:00,CDR,0.6
REL0234,P0124,P0430,CALLS,2026-07-21T12:03:00,CDR,0.8
REL0235,P0124,P0547,CALLS,2026-07-21T12:03:00,CDR,0.73
REL0236,P0430,P0547,CALLS,2026-07-21T12:03:00,CDR,0.93
REL0237,P0430,P0225,CALLS,2026-07-21T12:03:00,CDR,0.57
REL0238,P0547,P0225,CALLS,2026-07-21T12:03:00,CDR,0.57
REL0239,P0547,P0083,CALLS,2026-07-21T12:03:00,CDR,0.94
REL0240,P0225,P0083,CALLS,2026-07-21T12:03:00,CDR,0.77
REL0241,P0225,P0798,CALLS,2026-07-21T12:03:00,CDR,0.55
REL0242,P0083,P0798,CALLS,2026-07-21T12:03:00,CDR,0.62
REL0243,P0083,P0125,CALLS,2026-07-21T12:03:00,CDR,0.69
REL0244,P0798,P0125,CALLS,2026-07-21T12:03:00,CDR,0.54
REL0245,P0798,P0670,CALLS,2026-07-21T12:03:00,CDR,0.74
REL0246,P0125,P0670,CALLS,2026-07-21T12:03:00,CDR,0.61
REL0247,P0125,P0228,CALLS,2026-07-21T12:03:00,CDR,0.65
REL0248,P0670,P0228,CALLS,2026-07-21T12:03:00,CDR,0.73
REL0249,P0670,P0340,CALLS,2026-07-21T12:03:00,CDR,0.83
REL0250,P0228,P0340,CALLS,2026-07-21T12:03:00,CDR,0.93
REL0251,P0228,P0282,CALLS,2026-07-21T12:03:00,CDR,0.72
REL0252,P0340,P0282,CALLS,2026-07-21T12:03:00,CDR,0.59
REL0253,P0340,P0374,CALLS,2026-07-21T12:03:00,CDR,0.81
REL0254,P0282,P0374,CALLS,2026-07-21T12:03:00,CDR,0.9
REL0255,P0282,P0517,CALLS,2026-07-21T12:03:00,CDR,0.72
REL0256,P0374,P0517,CALLS,2026-07-21T12:03:00,CDR,0.76
REL0257,P0374,P0814,CALLS,2026-07-21T12:03:00,CDR,0.72
REL0258,P0517,P0814,CALLS,2026-07-21T12:03:00,CDR,0.75
REL0259,P0517,P0599,CALLS,2026-07-21T12:03:00,CDR,0.9
REL0260,P0814,P0599,CALLS,2026-07-21T12:03:00,CDR,0.9
REL0261,P0814,P0905,CALLS,2026-07-21T12:03:00,CDR,0.58
REL0262,P0599,P0905,CALLS,2026-07-21T12:03:00,CDR,0.78
REL0263,P0599,P0426,CALLS,2026-07-21T12:03:00,CDR,0.55
REL0264,P0905,P0426,CALLS,2026-07-21T12:03:00,CDR,0.78
REL0265,P0905,P0380,CALLS,2026-07-21T12:03:00,CDR,0.76
REL0266,P0426,P0380,CALLS,2026-07-21T12:03:00,CDR,0.81
REL0267,P0426,P0103,CALLS,2026-07-21T12:03:00,CDR,0.88
REL0268,P0380,P0103,CALLS,2026-07-21T12:03:00,CDR,0.94
REL0269,P0380,P0964,CALLS,2026-07-21T12:03:00,CDR,0.68
REL0270,P0103,P0964,CALLS,2026-07-21T12:03:00,CDR,0.68
REL0271,P0103,P0076,CALLS,2026-07-21T12:03:00,CDR,0.78
REL0272,P0964,P0076,CALLS,2026-07-21T12:03:00,CDR,0.9
REL0273,P0964,P0315,CALLS,2026-07-21T12:03:00,CDR,0.62
REL0274,P0076,P0315,CALLS,2026-07-21T12:03:00,CDR,0.8
REL0275,P0076,P0255,CALLS,2026-07-21T12:03:00,CDR,0.54
REL0276,P0315,P0255,CALLS,2026-07-21T12:03:00,CDR,0.53
REL0277,P0315,P0740,CALLS,2026-07-21T12:03:00,CDR,0.82
REL0278,P0255,P0740,CALLS,2026-07-21T12:03:00,CDR,0.57
REL0279,P0255,P0505,CALLS,2026-07-21T12:03:00,CDR,0.9
REL0280,P0740,P0505,CALLS,2026-07-21T12:03:00,CDR,0.82
REL0281,P0740,P0332,CALLS,2026-07-21T12:03:00,CDR,0.85
REL0282,P0505,P0332,CALLS,2026-07-21T12:03:00,CDR,0.66
REL0283,P0505,P0445,CALLS,2026-07-21T12:03:00,CDR,0.54
REL0284,P0332,P0445,CALLS,2026-07-21T12:03:00,CDR,0.56
REL0285,P0332,P0008,CALLS,2026-07-21T12:03:00,CDR,0.85
REL0286,P0445,P0008,CALLS,2026-07-21T12:03:00,CDR,0.79
REL0287,P0445,P0140,CALLS,2026-07-21T12:03:00,CDR,0.89
REL0288,P0008,P0140,CALLS,2026-07-21T12:03:00,CDR,0.78
REL0289,P0008,P0400,CALLS,2026-07-21T12:03:00,CDR,0.62
REL0290,P0140,P0400,CALLS,2026-07-21T12:03:00,CDR,0.84
REL0291,P0140,P0886,CALLS,2026-07-21T12:03:00,CDR,0.65
REL0292,P0400,P0886,CALLS,2026-07-21T12:03:00,CDR,0.55
REL0293,P0400,P0538,CALLS,2026-07-21T12:03:00,CDR,0.65
REL0294,P0886,P0538,CALLS,2026-07-21T12:03:00,CDR,0.82
REL0295,P0886,P0164,CALLS,2026-07-21T12:03:00,CDR,0.53
REL0296,P0538,P0164,CALLS,2026-07-21T12:03:00,CDR,0.69
REL0297,P0538,P0709,CALLS,2026-07-21T12:03:00,CDR,0.94
REL0298,P0164,P0709,CALLS,2026-07-21T12:03:00,CDR,0.89
REL0299,P0164,P0397,CALLS,2026-07-21T12:03:00,CDR,0.94
REL0300,P0709,P0397,CALLS,2026-07-21T12:03:00,CDR,0.87
REL0301,P0709,P0248,CALLS,2026-07-21T12:03:00,CDR,0.53
REL0302,P0397,P0248,CALLS,2026-07-21T12:03:00,CDR,0.79
REL0303,P0397,P0609,CALLS,2026-07-21T12:03:00,CDR,0.7
REL0304,P0248,P0609,CALLS,2026-07-21T12:03:00,CDR,0.62
REL0305,P0248,P0436,CALLS,2026-07-21T12:03:00,CDR,0.9
REL0306,P0609,P0436,CALLS,2026-07-21T12:03:00,CDR,0.87
REL0307,P0609,P0200,CALLS,2026-07-21T12:03:00,CDR,0.8
REL0308,P0436,P0200,CALLS,2026-07-21T12:03:00,CDR,0.63
REL0309,P0436,P0133,CALLS,2026-07-21T12:03:00,CDR,0.9
REL0310,P0200,P0133,CALLS,2026-07-21T12:03:00,CDR,0.9
REL0311,P0200,P0567,CALLS,2026-07-21T12:03:00,CDR,0.73
REL0312,P0133,P0567,CALLS,2026-07-21T12:03:00,CDR,0.91
REL0313,P0133,P0323,CALLS,2026-07-21T12:03:00,CDR,0.78
REL0314,P0567,P0323,CALLS,2026-07-21T12:03:00,CDR,0.87
REL0315,P0567,P0755,CALLS,2026-07-21T12:03:00,CDR,0.68
REL0316,P0323,P0755,CALLS,2026-07-21T12:03:00,CDR,0.54
REL0317,P0323,P0041,CALLS,2026-07-21T12:03:00,CDR,0.77
REL0318,P0755,P0041,CALLS,2026-07-21T12:03:00,CDR,0.55
REL0319,P0755,P0250,CALLS,2026-07-21T12:03:00,CDR,0.52
REL0320,P0041,P0250,CALLS,2026-07-21T12:03:00,CDR,0.54
REL0321,P0041,P0826,CALLS,2026-07-21T12:03:00,CDR,0.52
REL0322,P0250,P0826,CALLS,2026-07-21T12:03:00,CDR,0.81
REL0323,P0250,P0840,CALLS,2026-07-21T12:03:00,CDR,0.77
REL0324,P0826,P0840,CALLS,2026-07-21T12:03:00,CDR,0.81
REL0325,P0826,P0990,CALLS,2026-07-21T12:03:00,CDR,0.72
REL0326,P0840,P0990,CALLS,2026-07-21T12:03:00,CDR,0.55
REL0327,P0840,P0440,CALLS,2026-07-21T12:03:00,CDR,0.55
REL0328,P0990,P0440,CALLS,2026-07-21T12:03:00,CDR,0.59
REL0329,P0990,P0421,CALLS,2026-07-21T12:03:00,CDR,0.77
REL0330,P0440,P0421,CALLS,2026-07-21T12:03:00,CDR,0.72
REL0331,P0440,P0787,CALLS,2026-07-21T12:03:00,CDR,0.64
REL0332,P0421,P0787,CALLS,2026-07-21T12:03:00,CDR,0.82
REL0333,P0421,P0376,CALLS,2026-07-21T12:03:00,CDR,0.51
REL0334,P0787,P0376,CALLS,2026-07-21T12:03:00,CDR,0.59
REL0335,P0787,P0572,CALLS,2026-07-21T12:03:00,CDR,0.76
REL0336,P0376,P0572,CALLS,2026-07-21T12:03:00,CDR,0.85
REL0337,P0376,P0651,CALLS,2026-07-21T12:03:00,CDR,0.65
REL0338,P0572,P0651,CALLS,2026-07-21T12:03:00,CDR,0.57
REL0339,P0572,P0247,CALLS,2026-07-21T12:03:00,CDR,0.55
REL0340,P0651,P0247,CALLS,2026-07-21T12:03:00,CDR,0.71
REL0341,P0651,P0153,CALLS,2026-07-21T12:03:00,CDR,0.87
REL0342,P0247,P0153,CALLS,2026-07-21T12:03:00,CDR,0.62
REL0343,P0247,P0658,CALLS,2026-07-21T12:03:00,CDR,0.69
REL0344,P0153,P0658,CALLS,2026-07-21T12:03:00,CDR,0.77
REL0345,P0153,P0294,CALLS,2026-07-21T12:03:00,CDR,0.65
REL0346,P0658,P0294,CALLS,2026-07-21T12:03:00,CDR,0.82
REL0347,P0658,P0861,CALLS,2026-07-21T12:03:00,CDR,0.68
REL0348,P0294,P0861,CALLS,2026-07-21T12:03:00,CDR,0.94
REL0349,P0294,P0827,CALLS,2026-07-21T12:03:00,CDR,0.52
REL0350,P0861,P0827,CALLS,2026-07-21T12:03:00,CDR,0.84
REL0351,P0029,P0990,ASSOCIATED_WITH,2026-07-21T12:03:00,SHARED_ORG,0.3
REL0352,P0288,P0534,CALLS,2025-10-09T05:38:00,CDR,0.6
REL0353,P0288,P0141,CALLS,2025-10-09T05:38:00,CDR,0.95
REL0354,P0288,P0978,CALLS,2025-10-09T05:38:00,CDR,0.89
REL0355,P0288,P0730,CALLS,2025-10-09T05:38:00,CDR,0.68
REL0356,P0288,P0231,CALLS,2025-10-09T05:38:00,CDR,0.89
REL0357,P0288,P0794,CALLS,2025-10-09T05:38:00,CDR,0.67
REL0358,P0288,P0353,CALLS,2025-10-09T05:38:00,CDR,0.88
REL0359,P0288,P0210,CALLS,2025-10-09T05:38:00,CDR,0.62
REL0360,P0288,P0006,CALLS,2025-10-09T05:38:00,CDR,0.56
REL0361,P0288,P0720,CALLS,2025-10-09T05:38:00,CDR,0.72
REL0362,P0288,P0815,CALLS,2025-10-09T05:38:00,CDR,0.76
REL0363,P0288,P0694,CALLS,2025-10-09T05:38:00,CDR,0.83
REL0364,P0288,P0319,CALLS,2025-10-09T05:38:00,CDR,0.85
REL0365,P0288,P0960,CALLS,2025-10-09T05:38:00,CDR,0.52
REL0366,P0288,P0129,CALLS,2025-10-09T05:38:00,CDR,0.81
REL0367,P0288,P0510,CALLS,2025-10-09T05:38:00,CDR,0.8
REL0368,P0288,P0746,CALLS,2025-10-09T05:38:00,CDR,0.89
REL0369,P0288,P0967,CALLS,2025-10-09T05:38:00,CDR,0.6
REL0370,P0288,P0486,CALLS,2025-10-09T05:38:00,CDR,0.88
REL0371,P0288,P0061,CALLS,2025-10-09T05:38:00,CDR,0.61
REL0372,P0288,P0124,CALLS,2025-10-09T05:38:00,CDR,0.74
REL0373,P0288,P0809,CALLS,2025-10-09T05:38:00,CDR,0.78
REL0374,P0288,P0159,CALLS,2025-10-09T05:38:00,CDR,0.79
REL0375,P0288,P0506,CALLS,2025-10-09T05:38:00,CDR,0.67
REL0376,P0288,P0814,CALLS,2025-10-09T05:38:00,CDR,0.69
REL0377,P0288,P0440,CALLS,2025-10-09T05:38:00,CDR,0.58
REL0378,P0288,P0436,CALLS,2025-10-09T05:38:00,CDR,0.54
REL0379,P0288,P0499,CALLS,2025-10-09T05:38:00,CDR,0.71
REL0380,P0288,P0832,CALLS,2025-10-09T05:38:00,CDR,0.65
REL0381,P0288,P0076,CALLS,2025-10-09T05:38:00,CDR,0.76
REL0382,P0288,P0594,CALLS,2025-10-09T05:38:00,CDR,0.53
REL0383,P0288,P0428,CALLS,2025-10-09T05:38:00,CDR,0.7
REL0384,P0288,P0280,CALLS,2025-10-09T05:38:00,CDR,0.89
REL0385,P0288,P0144,CALLS,2025-10-09T05:38:00,CDR,0.67
REL0386,P0288,P0999,CALLS,2025-10-09T05:38:00,CDR,0.92
REL0387,P0288,P0983,CALLS,2025-10-09T05:38:00,CDR,0.94
REL0388,P0288,P0939,CALLS,2025-10-09T05:38:00,CDR,0.85
REL0389,P0288,P0028,CALLS,2025-10-09T05:38:00,CDR,0.68
REL0390,P0288,P0830,CALLS,2025-10-09T05:38:00,CDR,0.9
REL0391,P0288,P0085,CALLS,2025-10-09T05:38:00,CDR,0.89
REL0392,P0288,P0416,CALLS,2025-10-09T05:38:00,CDR,0.72
REL0393,P0288,P0840,CALLS,2025-10-09T05:38:00,CDR,0.74
REL0394,P0288,P0807,CALLS,2025-10-09T05:38:00,CDR,0.53
REL0395,P0288,P0565,CALLS,2025-10-09T05:38:00,CDR,0.75
REL0396,P0288,P0904,CALLS,2025-10-09T05:38:00,CDR,0.6
REL0397,P0440,P0999,ASSOCIATED_WITH,2025-10-09T05:38:00,SHARED_ORG,0.3
REL0398,P0649,P0510,CALLS,2025-09-28T03:12:00,CDR,0.66
REL0399,P0649,P0437,CALLS,2025-09-28T03:12:00,CDR,0.81
REL0400,P0510,P0437,CALLS,2025-09-28T03:12:00,CDR,0.5
REL0401,P0510,P0137,CALLS,2025-09-28T03:12:00,CDR,0.81
REL0402,P0437,P0137,CALLS,2025-09-28T03:12:00,CDR,0.79
REL0403,P0437,P0361,CALLS,2025-09-28T03:12:00,CDR,0.59
REL0404,P0137,P0361,CALLS,2025-09-28T03:12:00,CDR,0.53
REL0405,P0137,P0705,CALLS,2025-09-28T03:12:00,CDR,0.52
REL0406,P0361,P0705,CALLS,2025-09-28T03:12:00,CDR,0.67
REL0407,P0361,P0402,CALLS,2025-09-28T03:12:00,CDR,0.52
REL0408,P0705,P0402,CALLS,2025-09-28T03:12:00,CDR,0.66
REL0409,P0705,P0842,CALLS,2025-09-28T03:12:00,CDR,0.6
REL0410,P0402,P0842,CALLS,2025-09-28T03:12:00,CDR,0.88
REL0411,P0402,P0549,CALLS,2025-09-28T03:12:00,CDR,0.85
REL0412,P0842,P0549,CALLS,2025-09-28T03:12:00,CDR,0.66
REL0413,P0842,P0587,CALLS,2025-09-28T03:12:00,CDR,0.9
REL0414,P0549,P0587,CALLS,2025-09-28T03:12:00,CDR,0.51
REL0415,P0549,P0794,CALLS,2025-09-28T03:12:00,CDR,0.93
REL0416,P0587,P0794,CALLS,2025-09-28T03:12:00,CDR,0.61
REL0417,P0587,P0416,CALLS,2025-09-28T03:12:00,CDR,0.77
REL0418,P0794,P0416,CALLS,2025-09-28T03:12:00,CDR,0.61
REL0419,P0794,P0034,CALLS,2025-09-28T03:12:00,CDR,0.87
REL0420,P0416,P0034,CALLS,2025-09-28T03:12:00,CDR,0.8
REL0421,P0437,P0034,ASSOCIATED_WITH,2025-09-28T03:12:00,SHARED_ORG,0.3
REL0422,P0174,P0927,CALLS,2026-05-24T10:40:00,CDR,0.89
REL0423,P0927,P0235,CALLS,2026-05-24T10:40:00,CDR,0.9
REL0424,P0235,P0670,CALLS,2026-05-24T10:40:00,CDR,0.89
REL0425,P0715,P0637,CALLS,2026-05-24T10:40:00,CDR,0.54
REL0426,P0637,P0257,CALLS,2026-05-24T10:40:00,CDR,0.51
REL0427,P0257,P0096,CALLS,2026-05-24T10:40:00,CDR,0.56
REL0428,P0670,P0715,CALLS,2026-05-24T10:40:00,CDR,0.52
REL0429,P0096,P0174,ASSOCIATED_WITH,2026-05-24T10:40:00,SHARED_ORG,0.3
REL0430,P0196,P0759,CALLS,2025-10-08T21:12:00,CDR,0.76
REL0431,P0325,P0759,CALLS,2025-10-08T21:12:00,CDR,0.85
REL0432,P0309,P0383,CALLS,2025-10-08T21:12:00,CDR,0.85
REL0433,P0759,P0344,CALLS,2025-10-08T21:12:00,CDR,0.91
REL0434,P0759,P0443,ASSOCIATED_WITH,2025-10-08T21:12:00,SHARED_ORG,0.3
REL0435,P0454,P0801,CALLS,2026-02-17T17:41:00,CDR,0.92
REL0436,P0801,P0233,CALLS,2026-02-17T17:41:00,CDR,0.86
REL0437,P0233,P0754,CALLS,2026-02-17T17:41:00,CDR,0.9
REL0438,P0754,P0842,CALLS,2026-02-17T17:41:00,CDR,0.94
REL0439,P0842,P0026,CALLS,2026-02-17T17:41:00,CDR,0.81
REL0440,P0026,P0234,CALLS,2026-02-17T17:41:00,CDR,0.6
REL0441,P0234,P0666,CALLS,2026-02-17T17:41:00,CDR,0.87
REL0442,P0666,P0610,CALLS,2026-02-17T17:41:00,CDR,0.69
REL0443,P0610,P0332,CALLS,2026-02-17T17:41:00,CDR,0.83
REL0444,P0332,P0889,CALLS,2026-02-17T17:41:00,CDR,0.68
REL0445,P0889,P0703,CALLS,2026-02-17T17:41:00,CDR,0.54
REL0446,P0703,P0643,CALLS,2026-02-17T17:41:00,CDR,0.94
REL0447,P0643,P0414,CALLS,2026-02-17T17:41:00,CDR,0.74
REL0448,P0414,P0861,CALLS,2026-02-17T17:41:00,CDR,0.83
REL0449,P0861,P0266,CALLS,2026-02-17T17:41:00,CDR,0.62
REL0450,P0266,P0627,CALLS,2026-02-17T17:41:00,CDR,0.79
REL0451,P0627,P0807,CALLS,2026-02-17T17:41:00,CDR,0.67
REL0452,P0807,P0342,CALLS,2026-02-17T17:41:00,CDR,0.58
REL0453,P0342,P0843,CALLS,2026-02-17T17:41:00,CDR,0.67
REL0454,P0843,P0168,CALLS,2026-02-17T17:41:00,CDR,0.89
REL0455,P0168,P0697,CALLS,2026-02-17T17:41:00,CDR,0.82
REL0456,P0697,P0171,CALLS,2026-02-17T17:41:00,CDR,0.76
REL0457,P0171,P0001,CALLS,2026-02-17T17:41:00,CDR,0.64
REL0458,P0001,P0691,CALLS,2026-02-17T17:41:00,CDR,0.52
REL0459,P0691,P0116,CALLS,2026-02-17T17:41:00,CDR,0.58
REL0460,P0116,P0616,CALLS,2026-02-17T17:41:00,CDR,0.92
REL0461,P0616,P0449,CALLS,2026-02-17T17:41:00,CDR,0.75
REL0462,P0449,P0502,CALLS,2026-02-17T17:41:00,CDR,0.74
REL0463,P0807,P0666,ASSOCIATED_WITH,2026-02-17T17:41:00,SHARED_ORG,0.3
REL0464,P0930,P0261,CALLS,2026-05-09T00:34:00,CDR,0.71
REL0465,P0261,P0587,CALLS,2026-05-09T00:34:00,CDR,0.74
REL0466,P0587,P0611,CALLS,2026-05-09T00:34:00,CDR,0.93
REL0467,P0611,P0046,CALLS,2026-05-09T00:34:00,CDR,0.86
REL0468,P0611,P0587,ASSOCIATED_WITH,2026-05-09T00:34:00,SHARED_ORG,0.3
REL0469,P0486,P0704,CALLS,2025-11-23T07:00:00,CDR,0.7
REL0470,P0486,P0099,CALLS,2025-11-23T07:00:00,CDR,0.67
REL0471,P0486,P0130,CALLS,2025-11-23T07:00:00,CDR,0.83
REL0472,P0486,P0550,CALLS,2025-11-23T07:00:00,CDR,0.53
REL0473,P0486,P0979,CALLS,2025-11-23T07:00:00,CDR,0.84
REL0474,P0486,P0591,CALLS,2025-11-23T07:00:00,CDR,0.9
REL0475,P0486,P0319,CALLS,2025-11-23T07:00:00,CDR,0.74
REL0476,P0486,P0566,CALLS,2025-11-23T07:00:00,CDR,0.86
REL0477,P0486,P0926,CALLS,2025-11-23T07:00:00,CDR,0.92
REL0478,P0486,P0547,CALLS,2025-11-23T07:00:00,CDR,0.57
REL0479,P0486,P0875,CALLS,2025-11-23T07:00:00,CDR,0.79
REL0480,P0486,P0962,CALLS,2025-11-23T07:00:00,CDR,0.55
REL0481,P0486,P0861,CALLS,2025-11-23T07:00:00,CDR,0.58
REL0482,P0486,P0343,CALLS,2025-11-23T07:00:00,CDR,0.57
REL0483,P0486,P0859,CALLS,2025-11-23T07:00:00,CDR,0.61
REL0484,P0486,P0801,CALLS,2025-11-23T07:00:00,CDR,0.79
REL0485,P0486,P0452,CALLS,2025-11-23T07:00:00,CDR,0.84
REL0486,P0486,P0913,CALLS,2025-11-23T07:00:00,CDR,0.83
REL0487,P0486,P0729,CALLS,2025-11-23T07:00:00,CDR,0.9
REL0488,P0486,P0355,CALLS,2025-11-23T07:00:00,CDR,0.77
REL0489,P0486,P0092,CALLS,2025-11-23T07:00:00,CDR,0.59
REL0490,P0486,P0826,CALLS,2025-11-23T07:00:00,CDR,0.87
REL0491,P0486,P0737,CALLS,2025-11-23T07:00:00,CDR,0.89
REL0492,P0486,P0521,CALLS,2025-11-23T07:00:00,CDR,0.92
REL0493,P0486,P0786,CALLS,2025-11-23T07:00:00,CDR,0.71
REL0494,P0486,P0909,CALLS,2025-11-23T07:00:00,CDR,0.72
REL0495,P0486,P0029,CALLS,2025-11-23T07:00:00,CDR,0.94
REL0496,P0486,P0150,CALLS,2025-11-23T07:00:00,CDR,0.64
REL0497,P0486,P0189,CALLS,2025-11-23T07:00:00,CDR,0.69
REL0498,P0486,P0384,CALLS,2025-11-23T07:00:00,CDR,0.53
REL0499,P0486,P0002,CALLS,2025-11-23T07:00:00,CDR,0.81
REL0500,P0486,P0906,CALLS,2025-11-23T07:00:00,CDR,0.93
REL0501,P0486,P0534,CALLS,2025-11-23T07:00:00,CDR,0.55
REL0502,P0486,P0730,CALLS,2025-11-23T07:00:00,CDR,0.63
REL0503,P0486,P0489,CALLS,2025-11-23T07:00:00,CDR,0.65
REL0504,P0486,P0889,CALLS,2025-11-23T07:00:00,CDR,0.83
REL0505,P0486,P0447,CALLS,2025-11-23T07:00:00,CDR,0.63
REL0506,P0486,P0956,CALLS,2025-11-23T07:00:00,CDR,0.78
REL0507,P0486,P0210,CALLS,2025-11-23T07:00:00,CDR,0.91
REL0508,P0486,P0829,CALLS,2025-11-23T07:00:00,CDR,0.91
REL0509,P0486,P0076,CALLS,2025-11-23T07:00:00,CDR,0.6
REL0510,P0486,P0732,CALLS,2025-11-23T07:00:00,CDR,0.81
REL0511,P0486,P0032,CALLS,2025-11-23T07:00:00,CDR,0.59
REL0512,P0547,P0319,ASSOCIATED_WITH,2025-11-23T07:00:00,SHARED_ORG,0.3
REL0513,P0186,P0723,CALLS,2026-01-11T02:16:00,CDR,0.75
REL0514,P0186,P0695,CALLS,2026-01-11T02:16:00,CDR,0.71
REL0515,P0723,P0695,CALLS,2026-01-11T02:16:00,CDR,0.78
REL0516,P0723,P0727,CALLS,2026-01-11T02:16:00,CDR,0.6
REL0517,P0695,P0727,CALLS,2026-01-11T02:16:00,CDR,0.64
REL0518,P0695,P0139,CALLS,2026-01-11T02:16:00,CDR,0.53
REL0519,P0727,P0139,CALLS,2026-01-11T02:16:00,CDR,0.74
REL0520,P0727,P0862,CALLS,2026-01-11T02:16:00,CDR,0.62
REL0521,P0139,P0862,CALLS,2026-01-11T02:16:00,CDR,0.62
REL0522,P0139,P0318,CALLS,2026-01-11T02:16:00,CDR,0.92
REL0523,P0862,P0318,CALLS,2026-01-11T02:16:00,CDR,0.6
REL0524,P0862,P0870,CALLS,2026-01-11T02:16:00,CDR,0.91
REL0525,P0318,P0870,CALLS,2026-01-11T02:16:00,CDR,0.66
REL0526,P0318,P0219,CALLS,2026-01-11T02:16:00,CDR,0.93
REL0527,P0870,P0219,CALLS,2026-01-11T02:16:00,CDR,0.68
REL0528,P0870,P0624,CALLS,2026-01-11T02:16:00,CDR,0.52
REL0529,P0219,P0624,CALLS,2026-01-11T02:16:00,CDR,0.77
REL0530,P0219,P0313,CALLS,2026-01-11T02:16:00,CDR,0.65
REL0531,P0624,P0313,CALLS,2026-01-11T02:16:00,CDR,0.7
REL0532,P0624,P0730,CALLS,2026-01-11T02:16:00,CDR,0.67
REL0533,P0313,P0730,CALLS,2026-01-11T02:16:00,CDR,0.91
REL0534,P0313,P0579,CALLS,2026-01-11T02:16:00,CDR,0.76
REL0535,P0730,P0579,CALLS,2026-01-11T02:16:00,CDR,0.5
REL0536,P0730,P1000,CALLS,2026-01-11T02:16:00,CDR,0.81
REL0537,P0579,P1000,CALLS,2026-01-11T02:16:00,CDR,0.65
REL0538,P0579,P0600,CALLS,2026-01-11T02:16:00,CDR,0.85
REL0539,P1000,P0600,CALLS,2026-01-11T02:16:00,CDR,0.84
REL0540,P1000,P0450,CALLS,2026-01-11T02:16:00,CDR,0.82
REL0541,P0600,P0450,CALLS,2026-01-11T02:16:00,CDR,0.75
REL0542,P0600,P0196,CALLS,2026-01-11T02:16:00,CDR,0.61
REL0543,P0450,P0196,CALLS,2026-01-11T02:16:00,CDR,0.57
REL0544,P0450,P0359,CALLS,2026-01-11T02:16:00,CDR,0.78
REL0545,P0196,P0359,CALLS,2026-01-11T02:16:00,CDR,0.6
REL0546,P0196,P0397,CALLS,2026-01-11T02:16:00,CDR,0.66
REL0547,P0359,P0397,CALLS,2026-01-11T02:16:00,CDR,0.86
REL0548,P0359,P0953,CALLS,2026-01-11T02:16:00,CDR,0.72
REL0549,P0397,P0953,CALLS,2026-01-11T02:16:00,CDR,0.71
REL0550,P0397,P0463,CALLS,2026-01-11T02:16:00,CDR,0.53
REL0551,P0953,P0463,CALLS,2026-01-11T02:16:00,CDR,0.77
REL0552,P0953,P0404,CALLS,2026-01-11T02:16:00,CDR,0.71
REL0553,P0463,P0404,CALLS,2026-01-11T02:16:00,CDR,0.8
REL0554,P0463,P0693,CALLS,2026-01-11T02:16:00,CDR,0.85
REL0555,P0404,P0693,CALLS,2026-01-11T02:16:00,CDR,0.8
REL0556,P0404,P0748,CALLS,2026-01-11T02:16:00,CDR,0.54
REL0557,P0693,P0748,CALLS,2026-01-11T02:16:00,CDR,0.68
REL0558,P0693,P0728,CALLS,2026-01-11T02:16:00,CDR,0.89
REL0559,P0748,P0728,CALLS,2026-01-11T02:16:00,CDR,0.67
REL0560,P0748,P0029,CALLS,2026-01-11T02:16:00,CDR,0.79
REL0561,P0728,P0029,CALLS,2026-01-11T02:16:00,CDR,0.94
REL0562,P0728,P0198,CALLS,2026-01-11T02:16:00,CDR,0.66
REL0563,P0029,P0198,CALLS,2026-01-11T02:16:00,CDR,0.75
REL0564,P0029,P0970,CALLS,2026-01-11T02:16:00,CDR,0.87
REL0565,P0198,P0970,CALLS,2026-01-11T02:16:00,CDR,0.91
REL0566,P0198,P0026,CALLS,2026-01-11T02:16:00,CDR,0.89
REL0567,P0970,P0026,CALLS,2026-01-11T02:16:00,CDR,0.64
REL0568,P0970,P0356,CALLS,2026-01-11T02:16:00,CDR,0.76
REL0569,P0026,P0356,CALLS,2026-01-11T02:16:00,CDR,0.57
REL0570,P0026,P0009,CALLS,2026-01-11T02:16:00,CDR,0.78
REL0571,P0356,P0009,CALLS,2026-01-11T02:16:00,CDR,0.7
REL0572,P0356,P0775,CALLS,2026-01-11T02:16:00,CDR,0.57
REL0573,P0009,P0775,CALLS,2026-01-11T02:16:00,CDR,0.53
REL0574,P0009,P0520,CALLS,2026-01-11T02:16:00,CDR,0.63
REL0575,P0775,P0520,CALLS,2026-01-11T02:16:00,CDR,0.85
REL0576,P0775,P0043,CALLS,2026-01-11T02:16:00,CDR,0.93
REL0577,P0520,P0043,CALLS,2026-01-11T02:16:00,CDR,0.82
REL0578,P0520,P0785,CALLS,2026-01-11T02:16:00,CDR,0.89
REL0579,P0043,P0785,CALLS,2026-01-11T02:16:00,CDR,0.51
REL0580,P0043,P0456,CALLS,2026-01-11T02:16:00,CDR,0.95
REL0581,P0785,P0456,CALLS,2026-01-11T02:16:00,CDR,0.55
REL0582,P0785,P0806,CALLS,2026-01-11T02:16:00,CDR,0.55
REL0583,P0456,P0806,CALLS,2026-01-11T02:16:00,CDR,0.9
REL0584,P0456,P0249,CALLS,2026-01-11T02:16:00,CDR,0.52
REL0585,P0806,P0249,CALLS,2026-01-11T02:16:00,CDR,0.55
REL0586,P0806,P0287,CALLS,2026-01-11T02:16:00,CDR,0.91
REL0587,P0249,P0287,CALLS,2026-01-11T02:16:00,CDR,0.72
REL0588,P0249,P0550,CALLS,2026-01-11T02:16:00,CDR,0.75
REL0589,P0287,P0550,CALLS,2026-01-11T02:16:00,CDR,0.81
REL0590,P0287,P0178,CALLS,2026-01-11T02:16:00,CDR,0.69
REL0591,P0550,P0178,CALLS,2026-01-11T02:16:00,CDR,0.9
REL0592,P0550,P0814,CALLS,2026-01-11T02:16:00,CDR,0.56
REL0593,P0178,P0814,CALLS,2026-01-11T02:16:00,CDR,0.82
REL0594,P0178,P0511,CALLS,2026-01-11T02:16:00,CDR,0.58
REL0595,P0814,P0511,CALLS,2026-01-11T02:16:00,CDR,0.5
REL0596,P0814,P0307,CALLS,2026-01-11T02:16:00,CDR,0.85
REL0597,P0511,P0307,CALLS,2026-01-11T02:16:00,CDR,0.92
REL0598,P0026,P0520,ASSOCIATED_WITH,2026-01-11T02:16:00,SHARED_ORG,0.3
REL0599,P0772,P0613,CALLS,2025-07-27T17:18:00,CDR,0.64
REL0600,P0772,P0970,CALLS,2025-07-27T17:18:00,CDR,0.55
REL0601,P0772,P0664,CALLS,2025-07-27T17:18:00,CDR,0.63
REL0602,P0772,P0103,CALLS,2025-07-27T17:18:00,CDR,0.77
REL0603,P0772,P0021,CALLS,2025-07-27T17:18:00,CDR,0.65
REL0604,P0772,P0273,CALLS,2025-07-27T17:18:00,CDR,0.87
REL0605,P0772,P0810,CALLS,2025-07-27T17:18:00,CDR,0.84
REL0606,P0772,P0728,CALLS,2025-07-27T17:18:00,CDR,0.53
REL0607,P0772,P0893,CALLS,2025-07-27T17:18:00,CDR,0.68
REL0608,P0772,P0930,CALLS,2025-07-27T17:18:00,CDR,0.54
REL0609,P0772,P0148,CALLS,2025-07-27T17:18:00,CDR,0.65
REL0610,P0772,P0663,CALLS,2025-07-27T17:18:00,CDR,0.63
REL0611,P0772,P0732,CALLS,2025-07-27T17:18:00,CDR,0.83
REL0612,P0772,P0355,CALLS,2025-07-27T17:18:00,CDR,0.74
REL0613,P0772,P0552,CALLS,2025-07-27T17:18:00,CDR,0.7
REL0614,P0772,P0239,CALLS,2025-07-27T17:18:00,CDR,0.92
REL0615,P0772,P0277,CALLS,2025-07-27T17:18:00,CDR,0.71
REL0616,P0772,P0589,CALLS,2025-07-27T17:18:00,CDR,0.57
REL0617,P0772,P0448,CALLS,2025-07-27T17:18:00,CDR,0.54
REL0618,P0772,P0585,CALLS,2025-07-27T17:18:00,CDR,0.7
REL0619,P0772,P0120,CALLS,2025-07-27T17:18:00,CDR,0.61
REL0620,P0772,P0745,CALLS,2025-07-27T17:18:00,CDR,0.86
REL0621,P0772,P0326,CALLS,2025-07-27T17:18:00,CDR,0.56
REL0622,P0772,P0778,CALLS,2025-07-27T17:18:00,CDR,0.52
REL0623,P0772,P0535,CALLS,2025-07-27T17:18:00,CDR,0.88
REL0624,P0772,P0757,CALLS,2025-07-27T17:18:00,CDR,0.63
REL0625,P0772,P0921,CALLS,2025-07-27T17:18:00,CDR,0.57
REL0626,P0772,P0924,CALLS,2025-07-27T17:18:00,CDR,0.89
REL0627,P0772,P0036,CALLS,2025-07-27T17:18:00,CDR,0.71
REL0628,P0772,P0248,CALLS,2025-07-27T17:18:00,CDR,0.62
REL0629,P0772,P0786,CALLS,2025-07-27T17:18:00,CDR,0.84
REL0630,P0772,P0789,CALLS,2025-07-27T17:18:00,CDR,0.87
REL0631,P0772,P0918,CALLS,2025-07-27T17:18:00,CDR,0.69
REL0632,P0772,P0219,CALLS,2025-07-27T17:18:00,CDR,0.57
REL0633,P0772,P0673,CALLS,2025-07-27T17:18:00,CDR,0.57
REL0634,P0772,P0680,CALLS,2025-07-27T17:18:00,CDR,0.52
REL0635,P0772,P0393,CALLS,2025-07-27T17:18:00,CDR,0.62
REL0636,P0772,P0012,CALLS,2025-07-27T17:18:00,CDR,0.82
REL0637,P0772,P0991,CALLS,2025-07-27T17:18:00,CDR,0.68
REL0638,P0772,P0776,CALLS,2025-07-27T17:18:00,CDR,0.93
REL0639,P0772,P0665,CALLS,2025-07-27T17:18:00,CDR,0.81
REL0640,P0772,P0931,CALLS,2025-07-27T17:18:00,CDR,0.69
REL0641,P0772,P0246,CALLS,2025-07-27T17:18:00,CDR,0.53
REL0642,P0772,P0986,CALLS,2025-07-27T17:18:00,CDR,0.94
REL0643,P0772,P0005,CALLS,2025-07-27T17:18:00,CDR,0.95
REL0644,P0772,P0531,CALLS,2025-07-27T17:18:00,CDR,0.95
REL0645,P0772,P0466,CALLS,2025-07-27T17:18:00,CDR,0.63
REL0646,P0772,P0584,CALLS,2025-07-27T17:18:00,CDR,0.74
REL0647,P0772,P0163,CALLS,2025-07-27T17:18:00,CDR,0.9
REL0648,P0772,P0746,CALLS,2025-07-27T17:18:00,CDR,0.78
REL0649,P0772,P0168,CALLS,2025-07-27T17:18:00,CDR,0.69
REL0650,P0772,P0854,CALLS,2025-07-27T17:18:00,CDR,0.63
REL0651,P0772,P0596,CALLS,2025-07-27T17:18:00,CDR,0.66
REL0652,P0273,P0986,ASSOCIATED_WITH,2025-07-27T17:18:00,SHARED_ORG,0.3
REL0653,P0888,P0333,CALLS,2025-07-28T12:19:00,CDR,0.81
REL0654,P0333,P0406,CALLS,2025-07-28T12:19:00,CDR,0.69
REL0655,P0406,P0538,CALLS,2025-07-28T12:19:00,CDR,0.63
REL0656,P0538,P0283,CALLS,2025-07-28T12:19:00,CDR,0.91
REL0657,P0283,P0215,CALLS,2025-07-28T12:19:00,CDR,0.88
REL0658,P0215,P0498,CALLS,2025-07-28T12:19:00,CDR,0.88
REL0659,P0498,P0354,CALLS,2025-07-28T12:19:00,CDR,0.69
REL0660,P0354,P0772,CALLS,2025-07-28T12:19:00,CDR,0.55
REL0661,P0772,P0222,CALLS,2025-07-28T12:19:00,CDR,0.69
REL0662,P0222,P0547,CALLS,2025-07-28T12:19:00,CDR,0.89
REL0663,P0547,P0257,CALLS,2025-07-28T12:19:00,CDR,0.63
REL0664,P0257,P0816,CALLS,2025-07-28T12:19:00,CDR,0.75
REL0665,P0816,P0723,CALLS,2025-07-28T12:19:00,CDR,0.57
REL0666,P0723,P0242,CALLS,2025-07-28T12:19:00,CDR,0.88
REL0667,P0242,P0722,CALLS,2025-07-28T12:19:00,CDR,0.93
REL0668,P0722,P0431,CALLS,2025-07-28T12:19:00,CDR,0.73
REL0669,P0431,P0635,CALLS,2025-07-28T12:19:00,CDR,0.83
REL0670,P0635,P0458,CALLS,2025-07-28T12:19:00,CDR,0.59
REL0671,P0458,P0929,CALLS,2025-07-28T12:19:00,CDR,0.86
REL0672,P0929,P0404,CALLS,2025-07-28T12:19:00,CDR,0.89
REL0673,P0404,P0052,CALLS,2025-07-28T12:19:00,CDR,0.54
REL0674,P0052,P0228,CALLS,2025-07-28T12:19:00,CDR,0.69
REL0675,P0228,P0050,CALLS,2025-07-28T12:19:00,CDR,0.9
REL0676,P0050,P0587,CALLS,2025-07-28T12:19:00,CDR,0.93
REL0677,P0587,P0613,CALLS,2025-07-28T12:19:00,CDR,0.87
REL0678,P0613,P0270,CALLS,2025-07-28T12:19:00,CDR,0.8
REL0679,P0270,P0582,CALLS,2025-07-28T12:19:00,CDR,0.8
REL0680,P0582,P0710,CALLS,2025-07-28T12:19:00,CDR,0.85
REL0681,P0710,P0703,CALLS,2025-07-28T12:19:00,CDR,0.65
REL0682,P0703,P0998,CALLS,2025-07-28T12:19:00,CDR,0.77
REL0683,P0998,P0313,CALLS,2025-07-28T12:19:00,CDR,0.93
REL0684,P0313,P0759,CALLS,2025-07-28T12:19:00,CDR,0.58
REL0685,P0759,P0741,CALLS,2025-07-28T12:19:00,CDR,0.74
REL0686,P0741,P0933,CALLS,2025-07-28T12:19:00,CDR,0.73
REL0687,P0933,P0762,CALLS,2025-07-28T12:19:00,CDR,0.88
REL0688,P0762,P0528,CALLS,2025-07-28T12:19:00,CDR,0.61
REL0689,P0528,P0734,CALLS,2025-07-28T12:19:00,CDR,0.63
REL0690,P0734,P0777,CALLS,2025-07-28T12:19:00,CDR,0.57
REL0691,P0777,P0912,CALLS,2025-07-28T12:19:00,CDR,0.62
REL0692,P0912,P0295,CALLS,2025-07-28T12:19:00,CDR,0.72
REL0693,P0295,P0438,CALLS,2025-07-28T12:19:00,CDR,0.86
REL0694,P0438,P0894,CALLS,2025-07-28T12:19:00,CDR,0.66
REL0695,P0894,P0850,CALLS,2025-07-28T12:19:00,CDR,0.94
REL0696,P0850,P0990,CALLS,2025-07-28T12:19:00,CDR,0.81
REL0697,P0990,P0687,CALLS,2025-07-28T12:19:00,CDR,0.9
REL0698,P0687,P0755,CALLS,2025-07-28T12:19:00,CDR,0.86
REL0699,P0755,P0733,CALLS,2025-07-28T12:19:00,CDR,0.9
REL0700,P0733,P0107,CALLS,2025-07-28T12:19:00,CDR,0.92
REL0701,P0107,P0823,CALLS,2025-07-28T12:19:00,CDR,0.51
REL0702,P0823,P0532,CALLS,2025-07-28T12:19:00,CDR,0.76
REL0703,P0532,P0463,CALLS,2025-07-28T12:19:00,CDR,0.66
REL0704,P0463,P0343,CALLS,2025-07-28T12:19:00,CDR,0.78
REL0705,P0343,P0291,CALLS,2025-07-28T12:19:00,CDR,0.88
REL0706,P0291,P0062,CALLS,2025-07-28T12:19:00,CDR,0.74
REL0707,P0062,P0649,CALLS,2025-07-28T12:19:00,CDR,0.87
REL0708,P0649,P0407,CALLS,2025-07-28T12:19:00,CDR,0.79
REL0709,P0407,P0625,CALLS,2025-07-28T12:19:00,CDR,0.76
REL0710,P0894,P0582,ASSOCIATED_WITH,2025-07-28T12:19:00,SHARED_ORG,0.3
REL0711,P0985,P0820,CALLS,2025-12-12T15:54:00,CDR,0.59
REL0712,P0820,P0850,CALLS,2025-12-12T15:54:00,CDR,0.5
REL0713,P0850,P0541,CALLS,2025-12-12T15:54:00,CDR,0.6
REL0714,P0541,P0435,CALLS,2025-12-12T15:54:00,CDR,0.52
REL0715,P0435,P0023,CALLS,2025-12-12T15:54:00,CDR,0.71
REL0716,P0023,P0565,CALLS,2025-12-12T15:54:00,CDR,0.52
REL0717,P0565,P0911,CALLS,2025-12-12T15:54:00,CDR,0.69
REL0718,P0911,P0714,CALLS,2025-12-12T15:54:00,CDR,0.64
REL0719,P0714,P0693,CALLS,2025-12-12T15:54:00,CDR,0.88
REL0720,P0693,P0951,CALLS,2025-12-12T15:54:00,CDR,0.67
REL0721,P0951,P0273,CALLS,2025-12-12T15:54:00,CDR,0.94
REL0722,P0273,P0065,CALLS,2025-12-12T15:54:00,CDR,0.83
REL0723,P0065,P0132,CALLS,2025-12-12T15:54:00,CDR,0.65
REL0724,P0132,P0443,CALLS,2025-12-12T15:54:00,CDR,0.52
REL0725,P0443,P0494,CALLS,2025-12-12T15:54:00,CDR,0.65
REL0726,P0494,P0214,CALLS,2025-12-12T15:54:00,CDR,0.86
REL0727,P0214,P0239,CALLS,2025-12-12T15:54:00,CDR,0.67
REL0728,P0239,P1000,CALLS,2025-12-12T15:54:00,CDR,0.83
REL0729,P1000,P0041,CALLS,2025-12-12T15:54:00,CDR,0.89
REL0730,P0041,P0669,CALLS,2025-12-12T15:54:00,CDR,0.74
REL0731,P0669,P0206,CALLS,2025-12-12T15:54:00,CDR,0.87
REL0732,P0206,P0010,CALLS,2025-12-12T15:54:00,CDR,0.73
REL0733,P0010,P0817,CALLS,2025-12-12T15:54:00,CDR,0.67
REL0734,P0817,P0345,CALLS,2025-12-12T15:54:00,CDR,0.57
REL0735,P0345,P0964,CALLS,2025-12-12T15:54:00,CDR,0.64
REL0736,P0964,P0048,CALLS,2025-12-12T15:54:00,CDR,0.62
REL0737,P0048,P0763,CALLS,2025-12-12T15:54:00,CDR,0.93
REL0738,P0763,P0203,CALLS,2025-12-12T15:54:00,CDR,0.72
REL0739,P0203,P0572,CALLS,2025-12-12T15:54:00,CDR,0.67
REL0740,P0572,P0397,CALLS,2025-12-12T15:54:00,CDR,0.56
REL0741,P0397,P0789,CALLS,2025-12-12T15:54:00,CDR,0.51
REL0742,P0789,P0950,CALLS,2025-12-12T15:54:00,CDR,0.78
REL0743,P0950,P0606,CALLS,2025-12-12T15:54:00,CDR,0.81
REL0744,P0606,P0296,CALLS,2025-12-12T15:54:00,CDR,0.87
REL0745,P0296,P0487,CALLS,2025-12-12T15:54:00,CDR,0.92
REL0746,P0487,P0411,CALLS,2025-12-12T15:54:00,CDR,0.89
REL0747,P0949,P0767,CALLS,2025-12-12T15:54:00,CDR,0.82
REL0748,P0767,P0742,CALLS,2025-12-12T15:54:00,CDR,0.54
REL0749,P0742,P0975,CALLS,2025-12-12T15:54:00,CDR,0.59
REL0750,P0975,P0007,CALLS,2025-12-12T15:54:00,CDR,0.59
REL0751,P0007,P0502,CALLS,2025-12-12T15:54:00,CDR,0.62
REL0752,P0502,P0191,CALLS,2025-12-12T15:54:00,CDR,0.87
REL0753,P0191,P0621,CALLS,2025-12-12T15:54:00,CDR,0.81
REL0754,P0621,P0930,CALLS,2025-12-12T15:54:00,CDR,0.77
REL0755,P0930,P0125,CALLS,2025-12-12T15:54:00,CDR,0.67
REL0756,P0125,P0927,CALLS,2025-12-12T15:54:00,CDR,0.79
REL0757,P0927,P0707,CALLS,2025-12-12T15:54:00,CDR,0.69
REL0758,P0707,P0127,CALLS,2025-12-12T15:54:00,CDR,0.93
REL0759,P0127,P0670,CALLS,2025-12-12T15:54:00,CDR,0.93
REL0760,P0670,P0842,CALLS,2025-12-12T15:54:00,CDR,0.59
REL0761,P0842,P0561,CALLS,2025-12-12T15:54:00,CDR,0.74
REL0762,P0561,P0195,CALLS,2025-12-12T15:54:00,CDR,0.64
REL0763,P0195,P0651,CALLS,2025-12-12T15:54:00,CDR,0.65
REL0764,P0651,P0674,CALLS,2025-12-12T15:54:00,CDR,0.82
REL0765,P0674,P0066,CALLS,2025-12-12T15:54:00,CDR,0.71
REL0766,P0066,P0302,CALLS,2025-12-12T15:54:00,CDR,0.61
REL0767,P0302,P0255,CALLS,2025-12-12T15:54:00,CDR,0.76
REL0768,P0255,P0076,CALLS,2025-12-12T15:54:00,CDR,0.59
REL0769,P0076,P0406,CALLS,2025-12-12T15:54:00,CDR,0.74
REL0770,P0406,P0543,CALLS,2025-12-12T15:54:00,CDR,0.88
REL0771,P0543,P0107,CALLS,2025-12-12T15:54:00,CDR,0.81
REL0772,P0107,P0448,CALLS,2025-12-12T15:54:00,CDR,0.53
REL0773,P0448,P0708,CALLS,2025-12-12T15:54:00,CDR,0.54
REL0774,P0708,P0802,CALLS,2025-12-12T15:54:00,CDR,0.51
REL0775,P0802,P0177,CALLS,2025-12-12T15:54:00,CDR,0.74
REL0776,P0177,P0826,CALLS,2025-12-12T15:54:00,CDR,0.84
REL0777,P0826,P0038,CALLS,2025-12-12T15:54:00,CDR,0.74
REL0778,P0038,P0071,CALLS,2025-12-12T15:54:00,CDR,0.85
REL0779,P0071,P0544,CALLS,2025-12-12T15:54:00,CDR,0.8
REL0780,P0544,P0620,CALLS,2025-12-12T15:54:00,CDR,0.58
REL0781,P0620,P0421,CALLS,2025-12-12T15:54:00,CDR,0.55
REL0782,P0421,P0907,CALLS,2025-12-12T15:54:00,CDR,0.64
REL0783,P0907,P0812,CALLS,2025-12-12T15:54:00,CDR,0.68
REL0784,P0411,P0949,CALLS,2025-12-12T15:54:00,CDR,0.54
REL0785,P0572,P0406,ASSOCIATED_WITH,2025-12-12T15:54:00,SHARED_ORG,0.3
REL0786,P0801,P0038,CALLS,2026-01-27T21:59:00,CDR,0.71
REL0787,P0038,P0127,CALLS,2026-01-27T21:59:00,CDR,0.91
REL0788,P0127,P0113,CALLS,2026-01-27T21:59:00,CDR,0.62
REL0789,P0113,P0401,CALLS,2026-01-27T21:59:00,CDR,0.51
REL0790,P0401,P0624,CALLS,2026-01-27T21:59:00,CDR,0.56
REL0791,P0624,P0954,CALLS,2026-01-27T21:59:00,CDR,0.79
REL0792,P0954,P0591,CALLS,2026-01-27T21:59:00,CDR,0.68
REL0793,P0591,P0738,CALLS,2026-01-27T21:59:00,CDR,0.63
REL0794,P0738,P0328,CALLS,2026-01-27T21:59:00,CDR,0.92
REL0795,P0328,P0483,CALLS,2026-01-27T21:59:00,CDR,0.65
REL0796,P0483,P0132,CALLS,2026-01-27T21:59:00,CDR,0.94
REL0797,P0132,P0616,CALLS,2026-01-27T21:59:00,CDR,0.56
REL0798,P0585,P0431,CALLS,2026-01-27T21:59:00,CDR,0.73
REL0799,P0431,P0187,CALLS,2026-01-27T21:59:00,CDR,0.79
REL0800,P0187,P0922,CALLS,2026-01-27T21:59:00,CDR,0.7
REL0801,P0922,P0840,CALLS,2026-01-27T21:59:00,CDR,0.86
REL0802,P0840,P0090,CALLS,2026-01-27T21:59:00,CDR,0.61
REL0803,P0090,P0974,CALLS,2026-01-27T21:59:00,CDR,0.75
REL0804,P0974,P0938,CALLS,2026-01-27T21:59:00,CDR,0.91
REL0805,P0938,P0942,CALLS,2026-01-27T21:59:00,CDR,0.94
REL0806,P0942,P0200,CALLS,2026-01-27T21:59:00,CDR,0.81
REL0807,P0200,P0806,CALLS,2026-01-27T21:59:00,CDR,0.87
REL0808,P0806,P0763,CALLS,2026-01-27T21:59:00,CDR,0.78
REL0809,P0763,P0358,CALLS,2026-01-27T21:59:00,CDR,0.82
REL0810,P0616,P0585,CALLS,2026-01-27T21:59:00,CDR,0.82
REL0811,P0585,P0585,ASSOCIATED_WITH,2026-01-27T21:59:00,SHARED_ORG,0.3
REL0812,P0875,P0364,CALLS,2025-09-10T20:54:00,CDR,0.73
REL0813,P0184,P0346,CALLS,2025-09-10T20:54:00,CDR,0.72
REL0814,P0364,P0498,CALLS,2025-09-10T20:54:00,CDR,0.79
REL0815,P0346,P0908,CALLS,2025-09-10T20:54:00,CDR,0.5
REL0816,P0346,P0184,ASSOCIATED_WITH,2025-09-10T20:54:00,SHARED_ORG,0.3
REL0817,P0933,P0760,CALLS,2025-06-27T01:43:00,CDR,0.84
REL0818,P0760,P0892,CALLS,2025-06-27T01:43:00,CDR,0.76
REL0819,P0892,P0393,CALLS,2025-06-27T01:43:00,CDR,0.56
REL0820,P0393,P0246,CALLS,2025-06-27T01:43:00,CDR,0.89
REL0821,P0246,P0093,CALLS,2025-06-27T01:43:00,CDR,0.89
REL0822,P0093,P0536,CALLS,2025-06-27T01:43:00,CDR,0.5
REL0823,P0536,P0063,CALLS,2025-06-27T01:43:00,CDR,0.83
REL0824,P0063,P0992,CALLS,2025-06-27T01:43:00,CDR,0.71
REL0825,P0992,P0678,CALLS,2025-06-27T01:43:00,CDR,0.51
REL0826,P0678,P0925,CALLS,2025-06-27T01:43:00,CDR,0.65
REL0827,P0925,P0624,CALLS,2025-06-27T01:43:00,CDR,0.82
REL0828,P0624,P0358,CALLS,2025-06-27T01:43:00,CDR,0.66
REL0829,P0358,P0315,CALLS,2025-06-27T01:43:00,CDR,0.63
REL0830,P0315,P0444,CALLS,2025-06-27T01:43:00,CDR,0.53
REL0831,P0444,P0679,CALLS,2025-06-27T01:43:00,CDR,0.79
REL0832,P0679,P0149,CALLS,2025-06-27T01:43:00,CDR,0.88
REL0833,P0149,P0878,CALLS,2025-06-27T01:43:00,CDR,0.68
REL0834,P0878,P0058,CALLS,2025-06-27T01:43:00,CDR,0.54
REL0835,P0058,P0434,CALLS,2025-06-27T01:43:00,CDR,0.56
REL0836,P0434,P0191,CALLS,2025-06-27T01:43:00,CDR,0.72
REL0837,P0191,P0575,CALLS,2025-06-27T01:43:00,CDR,0.68
REL0838,P0575,P0084,CALLS,2025-06-27T01:43:00,CDR,0.5
REL0839,P0084,P0915,CALLS,2025-06-27T01:43:00,CDR,0.58
REL0840,P0915,P0756,CALLS,2025-06-27T01:43:00,CDR,0.73
REL0841,P0756,P0048,CALLS,2025-06-27T01:43:00,CDR,0.95
REL0842,P0048,P0176,CALLS,2025-06-27T01:43:00,CDR,0.78
REL0843,P0176,P0346,CALLS,2025-06-27T01:43:00,CDR,0.69
REL0844,P0346,P0479,CALLS,2025-06-27T01:43:00,CDR,0.7
REL0845,P0479,P0182,CALLS,2025-06-27T01:43:00,CDR,0.66
REL0846,P0182,P0172,CALLS,2025-06-27T01:43:00,CDR,0.76
REL0847,P0172,P0843,CALLS,2025-06-27T01:43:00,CDR,0.93
REL0848,P0843,P0245,CALLS,2025-06-27T01:43:00,CDR,0.87
REL0849,P0245,P0596,CALLS,2025-06-27T01:43:00,CDR,0.8
REL0850,P0596,P0630,CALLS,2025-06-27T01:43:00,CDR,0.65
REL0851,P0630,P0905,CALLS,2025-06-27T01:43:00,CDR,0.76
REL0852,P0905,P0081,CALLS,2025-06-27T01:43:00,CDR,0.55
REL0853,P0081,P0531,CALLS,2025-06-27T01:43:00,CDR,0.79
REL0854,P0714,P0857,CALLS,2025-06-27T01:43:00,CDR,0.54
REL0855,P0857,P0699,CALLS,2025-06-27T01:43:00,CDR,0.81
REL0856,P0699,P0024,CALLS,2025-06-27T01:43:00,CDR,0.64
REL0857,P0024,P0665,CALLS,2025-06-27T01:43:00,CDR,0.88
REL0858,P0665,P0526,CALLS,2025-06-27T01:43:00,CDR,0.59
REL0859,P0526,P0303,CALLS,2025-06-27T01:43:00,CDR,0.52
REL0860,P0303,P0123,CALLS,2025-06-27T01:43:00,CDR,0.93
REL0861,P0123,P0644,CALLS,2025-06-27T01:43:00,CDR,0.74
REL0862,P0644,P0166,CALLS,2025-06-27T01:43:00,CDR,0.71
REL0863,P0166,P0098,CALLS,2025-06-27T01:43:00,CDR,0.93
REL0864,P0098,P0380,CALLS,2025-06-27T01:43:00,CDR,0.6
REL0865,P0380,P0340,CALLS,2025-06-27T01:43:00,CDR,0.73
REL0866,P0340,P0101,CALLS,2025-06-27T01:43:00,CDR,0.8
REL0867,P0101,P0397,CALLS,2025-06-27T01:43:00,CDR,0.61
REL0868,P0397,P0970,CALLS,2025-06-27T01:43:00,CDR,0.57
REL0869,P0970,P0386,CALLS,2025-06-27T01:43:00,CDR,0.93
REL0870,P0386,P0602,CALLS,2025-06-27T01:43:00,CDR,0.73
REL0871,P0602,P0914,CALLS,2025-06-27T01:43:00,CDR,0.75
REL0872,P0914,P0518,CALLS,2025-06-27T01:43:00,CDR,0.79
REL0873,P0518,P0167,CALLS,2025-06-27T01:43:00,CDR,0.59
REL0874,P0167,P0208,CALLS,2025-06-27T01:43:00,CDR,0.65
REL0875,P0208,P0731,CALLS,2025-06-27T01:43:00,CDR,0.83
REL0876,P0731,P0431,CALLS,2025-06-27T01:43:00,CDR,0.84
REL0877,P0431,P0594,CALLS,2025-06-27T01:43:00,CDR,0.61
REL0878,P0594,P0334,CALLS,2025-06-27T01:43:00,CDR,0.93
REL0879,P0334,P0898,CALLS,2025-06-27T01:43:00,CDR,0.53
REL0880,P0898,P0803,CALLS,2025-06-27T01:43:00,CDR,0.77
REL0881,P0803,P0522,CALLS,2025-06-27T01:43:00,CDR,0.56
REL0882,P0522,P0932,CALLS,2025-06-27T01:43:00,CDR,0.7
REL0883,P0932,P0675,CALLS,2025-06-27T01:43:00,CDR,0.92
REL0884,P0675,P0832,CALLS,2025-06-27T01:43:00,CDR,0.62
REL0885,P0832,P0827,CALLS,2025-06-27T01:43:00,CDR,0.54
REL0886,P0827,P0060,CALLS,2025-06-27T01:43:00,CDR,0.87
REL0887,P0060,P0661,CALLS,2025-06-27T01:43:00,CDR,0.56
REL0888,P0661,P0552,CALLS,2025-06-27T01:43:00,CDR,0.6
REL0889,P0552,P0351,CALLS,2025-06-27T01:43:00,CDR,0.53
REL0890,P0351,P0629,CALLS,2025-06-27T01:43:00,CDR,0.65
REL0891,P0629,P0353,CALLS,2025-06-27T01:43:00,CDR,0.54
REL0892,P0531,P0714,CALLS,2025-06-27T01:43:00,CDR,0.74
REL0893,P0060,P0176,ASSOCIATED_WITH,2025-06-27T01:43:00,SHARED_ORG,0.3
REL0894,P0436,P0824,CALLS,2025-07-14T03:50:00,CDR,0.67
REL0895,P0429,P0337,CALLS,2025-07-14T03:50:00,CDR,0.67
REL0896,P0236,P0963,CALLS,2025-07-14T03:50:00,CDR,0.74
REL0897,P0630,P0960,CALLS,2025-07-14T03:50:00,CDR,0.93
REL0898,P0162,P0221,CALLS,2025-07-14T03:50:00,CDR,0.87
REL0899,P0288,P0205,CALLS,2025-07-14T03:50:00,CDR,0.61
REL0900,P0967,P0240,CALLS,2025-07-14T03:50:00,CDR,0.87
REL0901,P0366,P0885,CALLS,2025-07-14T03:50:00,CDR,0.84
REL0902,P0384,P0963,CALLS,2025-07-14T03:50:00,CDR,0.65
REL0903,P0544,P0249,CALLS,2025-07-14T03:50:00,CDR,0.83
REL0904,P0212,P0391,CALLS,2025-07-14T03:50:00,CDR,0.92
REL0905,P0404,P0824,CALLS,2025-07-14T03:50:00,CDR,0.64
REL0906,P0169,P0221,CALLS,2025-07-14T03:50:00,CDR,0.72
REL0907,P0070,P0249,CALLS,2025-07-14T03:50:00,CDR,0.67
REL0908,P0038,P0885,CALLS,2025-07-14T03:50:00,CDR,0.81
REL0909,P0318,P0451,CALLS,2025-07-14T03:50:00,CDR,0.88
REL0910,P0882,P0249,CALLS,2025-07-14T03:50:00,CDR,0.72
REL0911,P0772,P0240,CALLS,2025-07-14T03:50:00,CDR,0.66
REL0912,P0206,P0963,CALLS,2025-07-14T03:50:00,CDR,0.58
REL0913,P0241,P0885,CALLS,2025-07-14T03:50:00,CDR,0.58
REL0914,P0482,P0451,CALLS,2025-07-14T03:50:00,CDR,0.7
REL0915,P0263,P0451,CALLS,2025-07-14T03:50:00,CDR,0.55
REL0916,P0684,P0221,CALLS,2025-07-14T03:50:00,CDR,0.89
REL0917,P0590,P0565,CALLS,2025-07-14T03:50:00,CDR,0.69
REL0918,P0666,P0865,CALLS,2025-07-14T03:50:00,CDR,0.9
REL0919,P0780,P0297,CALLS,2025-07-14T03:50:00,CDR,0.92
REL0920,P0221,P0387,CALLS,2025-07-14T03:50:00,CDR,0.65
REL0921,P0635,P0245,CALLS,2025-07-14T03:50:00,CDR,0.6
REL0922,P0960,P0364,CALLS,2025-07-14T03:50:00,CDR,0.6
REL0923,P0205,P0421,CALLS,2025-07-14T03:50:00,CDR,0.89
REL0924,P0063,P0421,CALLS,2025-07-14T03:50:00,CDR,0.85
REL0925,P0266,P0387,CALLS,2025-07-14T03:50:00,CDR,0.64
REL0926,P0391,P0328,CALLS,2025-07-14T03:50:00,CDR,0.52
REL0927,P0963,P0438,CALLS,2025-07-14T03:50:00,CDR,0.55
REL0928,P0219,P0731,CALLS,2025-07-14T03:50:00,CDR,0.76
REL0929,P0250,P0310,CALLS,2025-07-14T03:50:00,CDR,0.64
REL0930,P0249,P0422,CALLS,2025-07-14T03:50:00,CDR,0.95
REL0931,P0297,P0422,CALLS,2025-07-14T03:50:00,CDR,0.87
REL0932,P0337,P0302,CALLS,2025-07-14T03:50:00,CDR,0.76
REL0933,P0565,P0310,CALLS,2025-07-14T03:50:00,CDR,0.69
REL0934,P0885,P0925,CALLS,2025-07-14T03:50:00,CDR,0.8
REL0935,P0736,P0302,CALLS,2025-07-14T03:50:00,CDR,0.87
REL0936,P0865,P0364,CALLS,2025-07-14T03:50:00,CDR,0.91
REL0937,P0352,P0731,CALLS,2025-07-14T03:50:00,CDR,0.89
REL0938,P0878,P0310,CALLS,2025-07-14T03:50:00,CDR,0.64
REL0939,P0824,P0158,CALLS,2025-07-14T03:50:00,CDR,0.59
REL0940,P0451,P0074,CALLS,2025-07-14T03:50:00,CDR,0.83
REL0941,P0529,P0074,CALLS,2025-07-14T03:50:00,CDR,0.63
REL0942,P0240,P0806,CALLS,2025-07-14T03:50:00,CDR,0.53
REL0943,P0491,P0541,CALLS,2025-07-14T03:50:00,CDR,0.75
REL0944,P0353,P0182,CALLS,2025-07-14T03:50:00,CDR,0.73
REL0945,P0850,P0438,CALLS,2025-07-14T03:50:00,CDR,0.56
REL0946,P0352,P0266,ASSOCIATED_WITH,2025-07-14T03:50:00,SHARED_ORG,0.3
REL0947,P0510,P0603,CALLS,2026-03-08T17:19:00,CDR,0.82
REL0948,P0510,P0711,CALLS,2026-03-08T17:19:00,CDR,0.57
REL0949,P0603,P0711,CALLS,2026-03-08T17:19:00,CDR,0.74
REL0950,P0603,P0223,CALLS,2026-03-08T17:19:00,CDR,0.57
REL0951,P0711,P0223,CALLS,2026-03-08T17:19:00,CDR,0.68
REL0952,P0711,P0550,CALLS,2026-03-08T17:19:00,CDR,0.68
REL0953,P0223,P0550,CALLS,2026-03-08T17:19:00,CDR,0.69
REL0954,P0223,P0900,CALLS,2026-03-08T17:19:00,CDR,0.85
REL0955,P0550,P0900,CALLS,2026-03-08T17:19:00,CDR,0.8
REL0956,P0550,P0751,CALLS,2026-03-08T17:19:00,CDR,0.82
REL0957,P0900,P0751,CALLS,2026-03-08T17:19:00,CDR,0.81
REL0958,P0900,P0625,CALLS,2026-03-08T17:19:00,CDR,0.51
REL0959,P0751,P0625,CALLS,2026-03-08T17:19:00,CDR,0.74
REL0960,P0751,P0510,ASSOCIATED_WITH,2026-03-08T17:19:00,SHARED_ORG,0.3
REL0961,P0689,P0759,CALLS,2026-06-03T04:37:00,CDR,0.64
REL0962,P0759,P0734,CALLS,2026-06-03T04:37:00,CDR,0.77
REL0963,P0734,P0095,CALLS,2026-06-03T04:37:00,CDR,0.68
REL0964,P0095,P0903,CALLS,2026-06-03T04:37:00,CDR,0.75
REL0965,P0903,P0290,CALLS,2026-06-03T04:37:00,CDR,0.6
REL0966,P0290,P0069,CALLS,2026-06-03T04:37:00,CDR,0.88
REL0967,P0069,P0577,CALLS,2026-06-03T04:37:00,CDR,0.56
REL0968,P0577,P0162,CALLS,2026-06-03T04:37:00,CDR,0.59
REL0969,P0162,P0034,CALLS,2026-06-03T04:37:00,CDR,0.67
REL0970,P0034,P0843,CALLS,2026-06-03T04:37:00,CDR,0.56
REL0971,P0843,P0397,CALLS,2026-06-03T04:37:00,CDR,0.78
REL0972,P0397,P0187,CALLS,2026-06-03T04:37:00,CDR,0.9
REL0973,P0187,P0992,CALLS,2026-06-03T04:37:00,CDR,0.86
REL0974,P0992,P0946,CALLS,2026-06-03T04:37:00,CDR,0.93
REL0975,P0946,P0473,CALLS,2026-06-03T04:37:00,CDR,0.52
REL0976,P0473,P0979,CALLS,2026-06-03T04:37:00,CDR,0.71
REL0977,P0979,P0767,CALLS,2026-06-03T04:37:00,CDR,0.91
REL0978,P0767,P0895,CALLS,2026-06-03T04:37:00,CDR,0.72
REL0979,P0895,P0431,CALLS,2026-06-03T04:37:00,CDR,0.74
REL0980,P0431,P0851,CALLS,2026-06-03T04:37:00,CDR,0.75
REL0981,P0851,P0773,CALLS,2026-06-03T04:37:00,CDR,0.87
REL0982,P0773,P0394,CALLS,2026-06-03T04:37:00,CDR,0.95
REL0983,P0394,P0153,CALLS,2026-06-03T04:37:00,CDR,0.93
REL0984,P0153,P0849,CALLS,2026-06-03T04:37:00,CDR,0.83
REL0985,P0849,P0883,CALLS,2026-06-03T04:37:00,CDR,0.86
REL0986,P0883,P0094,CALLS,2026-06-03T04:37:00,CDR,0.7
REL0987,P0992,P0473,ASSOCIATED_WITH,2026-06-03T04:37:00,SHARED_ORG,0.3
REL0988,P0627,P0126,CALLS,2026-06-14T12:13:00,CDR,0.61
REL0989,P0126,P0811,CALLS,2026-06-14T12:13:00,CDR,0.8
REL0990,P0811,P0937,CALLS,2026-06-14T12:13:00,CDR,0.58
REL0991,P0937,P0203,CALLS,2026-06-14T12:13:00,CDR,0.78
REL0992,P0203,P0943,CALLS,2026-06-14T12:13:00,CDR,0.93
REL0993,P0943,P0532,CALLS,2026-06-14T12:13:00,CDR,0.52
REL0994,P0532,P0292,CALLS,2026-06-14T12:13:00,CDR,0.6
REL0995,P0292,P0149,CALLS,2026-06-14T12:13:00,CDR,0.76
REL0996,P0149,P0153,CALLS,2026-06-14T12:13:00,CDR,0.83
REL0997,P0153,P0995,CALLS,2026-06-14T12:13:00,CDR,0.63
REL0998,P0995,P0547,CALLS,2026-06-14T12:13:00,CDR,0.52
REL0999,P0547,P0068,CALLS,2026-06-14T12:13:00,CDR,0.74
REL1000,P0068,P0558,CALLS,2026-06-14T12:13:00,CDR,0.55
REL1001,P0558,P0688,CALLS,2026-06-14T12:13:00,CDR,0.68
REL1002,P0688,P0870,CALLS,2026-06-14T12:13:00,CDR,0.89
REL1003,P0870,P0327,CALLS,2026-06-14T12:13:00,CDR,0.74
REL1004,P0327,P0218,CALLS,2026-06-14T12:13:00,CDR,0.75
REL1005,P0218,P0823,CALLS,2026-06-14T12:13:00,CDR,0.51
REL1006,P0823,P0692,CALLS,2026-06-14T12:13:00,CDR,0.83
REL1007,P0692,P0971,CALLS,2026-06-14T12:13:00,CDR,0.53
REL1008,P0971,P0586,CALLS,2026-06-14T12:13:00,CDR,0.8
REL1009,P0586,P0975,CALLS,2026-06-14T12:13:00,CDR,0.93
REL1010,P0975,P0154,CALLS,2026-06-14T12:13:00,CDR,0.76
REL1011,P0154,P0664,CALLS,2026-06-14T12:13:00,CDR,0.93
REL1012,P0664,P0258,CALLS,2026-06-14T12:13:00,CDR,0.76
REL1013,P0258,P0066,CALLS,2026-06-14T12:13:00,CDR,0.69
REL1014,P0066,P0541,CALLS,2026-06-14T12:13:00,CDR,0.67
REL1015,P0541,P0259,CALLS,2026-06-14T12:13:00,CDR,0.72
REL1016,P0259,P0899,CALLS,2026-06-14T12:13:00,CDR,0.54
REL1017,P0899,P0467,CALLS,2026-06-14T12:13:00,CDR,0.59
REL1018,P0467,P0158,CALLS,2026-06-14T12:13:00,CDR,0.84
REL1019,P0899,P0066,ASSOCIATED_WITH,2026-06-14T12:13:00,SHARED_ORG,0.3
REL1020,P0813,P0054,CALLS,2025-09-16T11:56:00,CDR,0.69
REL1021,P0054,P0250,CALLS,2025-09-16T11:56:00,CDR,0.79
REL1022,P0250,P0648,CALLS,2025-09-16T11:56:00,CDR,0.77
REL1023,P0648,P0502,CALLS,2025-09-16T11:56:00,CDR,0.87
REL1024,P0502,P0146,CALLS,2025-09-16T11:56:00,CDR,0.63
REL1025,P0431,P0430,CALLS,2025-09-16T11:56:00,CDR,0.55
REL1026,P0430,P0588,CALLS,2025-09-16T11:56:00,CDR,0.56
REL1027,P0588,P0226,CALLS,2025-09-16T11:56:00,CDR,0.7
REL1028,P0226,P0414,CALLS,2025-09-16T11:56:00,CDR,0.63
REL1029,P0414,P0003,CALLS,2025-09-16T11:56:00,CDR,0.8
REL1030,P0003,P0170,CALLS,2025-09-16T11:56:00,CDR,0.85
REL1031,P0146,P0431,CALLS,2025-09-16T11:56:00,CDR,0.65
REL1032,P0146,P0502,ASSOCIATED_WITH,2025-09-16T11:56:00,SHARED_ORG,0.3
REL1033,P0849,P0341,CALLS,2025-09-21T19:21:00,CDR,0.91
REL1034,P0125,P0171,CALLS,2025-09-21T19:21:00,CDR,0.83
REL1035,P0378,P0822,CALLS,2025-09-21T19:21:00,CDR,0.79
REL1036,P0842,P0933,CALLS,2025-09-21T19:21:00,CDR,0.56
REL1037,P0634,P0810,CALLS,2025-09-21T19:21:00,CDR,0.94
REL1038,P0282,P0870,CALLS,2025-09-21T19:21:00,CDR,0.66
REL1039,P0597,P0986,CALLS,2025-09-21T19:21:00,CDR,0.69
REL1040,P0322,P0901,CALLS,2025-09-21T19:21:00,CDR,0.68
REL1041,P0791,P0845,CALLS,2025-09-21T19:21:00,CDR,0.86
REL1042,P0901,P0810,ASSOCIATED_WITH,2025-09-21T19:21:00,SHARED_ORG,0.3
REL1043,P0026,P0501,CALLS,2025-06-18T20:26:00,CDR,0.66
REL1044,P0374,P0320,CALLS,2025-06-18T20:26:00,CDR,0.89
REL1045,P0477,P0327,CALLS,2025-06-18T20:26:00,CDR,0.89
REL1046,P0813,P0375,CALLS,2025-06-18T20:26:00,CDR,0.92
REL1047,P0740,P0011,CALLS,2025-06-18T20:26:00,CDR,0.8
REL1048,P0857,P0354,CALLS,2025-06-18T20:26:00,CDR,0.87
REL1049,P0411,P0027,CALLS,2025-06-18T20:26:00,CDR,0.81
REL1050,P0269,P0818,CALLS,2025-06-18T20:26:00,CDR,0.51
REL1051,P0984,P0883,CALLS,2025-06-18T20:26:00,CDR,0.56
REL1052,P0355,P0055,CALLS,2025-06-18T20:26:00,CDR,0.88
REL1053,P0697,P0716,CALLS,2025-06-18T20:26:00,CDR,0.81
REL1054,P0478,P0880,CALLS,2025-06-18T20:26:00,CDR,0.7
REL1055,P0409,P0489,CALLS,2025-06-18T20:26:00,CDR,0.57
REL1056,P0810,P0016,CALLS,2025-06-18T20:26:00,CDR,0.89
REL1057,P0069,P0184,CALLS,2025-06-18T20:26:00,CDR,0.63
REL1058,P0758,P0920,CALLS,2025-06-18T20:26:00,CDR,0.53
REL1059,P0266,P0596,CALLS,2025-06-18T20:26:00,CDR,0.84
REL1060,P0069,P0069,ASSOCIATED_WITH,2025-06-18T20:26:00,SHARED_ORG,0.3
REL1061,P0323,P0805,CALLS,2026-01-22T11:11:00,CDR,0.81
REL1062,P0117,P0170,CALLS,2026-01-22T11:11:00,CDR,0.78
REL1063,P0160,P0978,CALLS,2026-01-22T11:11:00,CDR,0.66
REL1064,P0694,P0595,CALLS,2026-01-22T11:11:00,CDR,0.67
REL1065,P0139,P0999,CALLS,2026-01-22T11:11:00,CDR,0.83
REL1066,P0998,P0211,CALLS,2026-01-22T11:11:00,CDR,0.52
REL1067,P0533,P0440,CALLS,2026-01-22T11:11:00,CDR,0.82
REL1068,P0778,P0927,CALLS,2026-01-22T11:11:00,CDR,0.87
REL1069,P0770,P0495,CALLS,2026-01-22T11:11:00,CDR,0.56
REL1070,P0016,P0494,CALLS,2026-01-22T11:11:00,CDR,0.67
REL1071,P0107,P0603,CALLS,2026-01-22T11:11:00,CDR,0.6
REL1072,P0539,P0260,CALLS,2026-01-22T11:11:00,CDR,0.9
REL1073,P0898,P0997,CALLS,2026-01-22T11:11:00,CDR,0.51
REL1074,P0723,P0466,CALLS,2026-01-22T11:11:00,CDR,0.54
REL1075,P0541,P0480,CALLS,2026-01-22T11:11:00,CDR,0.86
REL1076,P0492,P0885,CALLS,2026-01-22T11:11:00,CDR,0.93
REL1077,P0922,P0514,CALLS,2026-01-22T11:11:00,CDR,0.61
REL1078,P0940,P0656,CALLS,2026-01-22T11:11:00,CDR,0.61
REL1079,P0034,P0055,CALLS,2026-01-22T11:11:00,CDR,0.82
REL1080,P0593,P0611,CALLS,2026-01-22T11:11:00,CDR,0.88
REL1081,P0629,P0780,CALLS,2026-01-22T11:11:00,CDR,0.86
REL1082,P0022,P0575,CALLS,2026-01-22T11:11:00,CDR,0.7
REL1083,P0269,P0263,CALLS,2026-01-22T11:11:00,CDR,0.9
REL1084,P0327,P0423,CALLS,2026-01-22T11:11:00,CDR,0.61
REL1085,P0243,P0929,CALLS,2026-01-22T11:11:00,CDR,0.69
REL1086,P0788,P0058,CALLS,2026-01-22T11:11:00,CDR,0.85
REL1087,P0484,P0100,CALLS,2026-01-22T11:11:00,CDR,0.57
REL1088,P0585,P0353,CALLS,2026-01-22T11:11:00,CDR,0.57
REL1089,P0763,P0869,CALLS,2026-01-22T11:11:00,CDR,0.93
REL1090,P0787,P0481,CALLS,2026-01-22T11:11:00,CDR,0.83
REL1091,P0802,P0883,CALLS,2026-01-22T11:11:00,CDR,0.75
REL1092,P0919,P0094,CALLS,2026-01-22T11:11:00,CDR,0.89
REL1093,P0738,P0120,CALLS,2026-01-22T11:11:00,CDR,0.91
REL1094,P0207,P0948,CALLS,2026-01-22T11:11:00,CDR,0.94
REL1095,P0281,P0635,CALLS,2026-01-22T11:11:00,CDR,0.7
REL1096,P0033,P0512,CALLS,2026-01-22T11:11:00,CDR,0.82
REL1097,P0192,P0887,CALLS,2026-01-22T11:11:00,CDR,0.85
REL1098,P0557,P0054,CALLS,2026-01-22T11:11:00,CDR,0.57
REL1099,P0514,P0260,ASSOCIATED_WITH,2026-01-22T11:11:00,SHARED_ORG,0.3
REL1100,P0019,P0207,CALLS,2025-12-31T11:51:00,CDR,0.66
REL1101,P0791,P0994,CALLS,2025-12-31T11:51:00,CDR,0.69
REL1102,P0918,P0773,CALLS,2025-12-31T11:51:00,CDR,0.78
REL1103,P0615,P0207,CALLS,2025-12-31T11:51:00,CDR,0.67
REL1104,P0716,P0649,CALLS,2025-12-31T11:51:00,CDR,0.8
REL1105,P0210,P0773,CALLS,2025-12-31T11:51:00,CDR,0.51
REL1106,P0614,P0583,CALLS,2025-12-31T11:51:00,CDR,0.84
REL1107,P0207,P0138,CALLS,2025-12-31T11:51:00,CDR,0.84
REL1108,P0773,P0583,CALLS,2025-12-31T11:51:00,CDR,0.77
REL1109,P0994,P0631,CALLS,2025-12-31T11:51:00,CDR,0.72
REL1110,P0832,P0138,CALLS,2025-12-31T11:51:00,CDR,0.87
REL1111,P0649,P0138,CALLS,2025-12-31T11:51:00,CDR,0.58
REL1112,P0832,P0918,ASSOCIATED_WITH,2025-12-31T11:51:00,SHARED_ORG,0.3
REL1113,P0535,P0490,CALLS,2025-07-02T02:23:00,CDR,0.51
REL1114,P0490,P0979,CALLS,2025-07-02T02:23:00,CDR,0.93
REL1115,P0979,P0095,CALLS,2025-07-02T02:23:00,CDR,0.71
REL1116,P0095,P0059,CALLS,2025-07-02T02:23:00,CDR,0.79
REL1117,P0059,P0844,CALLS,2025-07-02T02:23:00,CDR,0.57
REL1118,P0844,P0560,CALLS,2025-07-02T02:23:00,CDR,0.74
REL1119,P0560,P0675,CALLS,2025-07-02T02:23:00,CDR,0.62
REL1120,P0675,P0642,CALLS,2025-07-02T02:23:00,CDR,0.93
REL1121,P0642,P0823,CALLS,2025-07-02T02:23:00,CDR,0.73
REL1122,P0823,P0752,CALLS,2025-07-02T02:23:00,CDR,0.92
REL1123,P0752,P0799,CALLS,2025-07-02T02:23:00,CDR,0.55
REL1124,P0799,P0388,CALLS,2025-07-02T02:23:00,CDR,0.6
REL1125,P0388,P0094,CALLS,2025-07-02T02:23:00,CDR,0.78
REL1126,P0752,P0560,ASSOCIATED_WITH,2025-07-02T02:23:00,SHARED_ORG,0.3
REL1127,P0287,P0216,CALLS,2026-07-06T19:09:00,CDR,0.78
REL1128,P0216,P0251,CALLS,2026-07-06T19:09:00,CDR,0.83
REL1129,P0251,P0216,ASSOCIATED_WITH,2026-07-06T19:09:00,SHARED_ORG,0.3
REL1130,P0414,P0894,CALLS,2025-10-25T16:13:00,CDR,0.6
REL1131,P0414,P0856,CALLS,2025-10-25T16:13:00,CDR,0.73
REL1132,P0414,P0418,CALLS,2025-10-25T16:13:00,CDR,0.51
REL1133,P0414,P0770,CALLS,2025-10-25T16:13:00,CDR,0.65
REL1134,P0414,P0180,CALLS,2025-10-25T16:13:00,CDR,0.73
REL1135,P0414,P0483,CALLS,2025-10-25T16:13:00,CDR,0.72
REL1136,P0414,P0938,CALLS,2025-10-25T16:13:00,CDR,0.58
REL1137,P0414,P0064,CALLS,2025-10-25T16:13:00,CDR,0.83
REL1138,P0414,P0124,CALLS,2025-10-25T16:13:00,CDR,0.92
REL1139,P0414,P0660,CALLS,2025-10-25T16:13:00,CDR,0.64
REL1140,P0414,P0076,CALLS,2025-10-25T16:13:00,CDR,0.56
REL1141,P0414,P0235,CALLS,2025-10-25T16:13:00,CDR,0.8
REL1142,P0414,P0387,CALLS,2025-10-25T16:13:00,CDR,0.57
REL1143,P0414,P0925,CALLS,2025-10-25T16:13:00,CDR,0.76
REL1144,P0414,P0299,CALLS,2025-10-25T16:13:00,CDR,0.76
REL1145,P0414,P0244,CALLS,2025-10-25T16:13:00,CDR,0.9
REL1146,P0414,P0291,CALLS,2025-10-25T16:13:00,CDR,0.52
REL1147,P0414,P0530,CALLS,2025-10-25T16:13:00,CDR,0.53
REL1148,P0414,P0243,CALLS,2025-10-25T16:13:00,CDR,0.55
REL1149,P0414,P0261,CALLS,2025-10-25T16:13:00,CDR,0.65
REL1150,P0414,P0727,CALLS,2025-10-25T16:13:00,CDR,0.57
REL1151,P0414,P0587,CALLS,2025-10-25T16:13:00,CDR,0.66
REL1152,P0414,P0832,CALLS,2025-10-25T16:13:00,CDR,0.6
REL1153,P0414,P0210,CALLS,2025-10-25T16:13:00,CDR,0.67
REL1154,P0414,P0070,CALLS,2025-10-25T16:13:00,CDR,0.69
REL1155,P0414,P0537,CALLS,2025-10-25T16:13:00,CDR,0.88
REL1156,P0414,P0968,CALLS,2025-10-25T16:13:00,CDR,0.51
REL1157,P0414,P0930,CALLS,2025-10-25T16:13:00,CDR,0.86
REL1158,P0414,P0741,CALLS,2025-10-25T16:13:00,CDR,0.63
REL1159,P0414,P0236,CALLS,2025-10-25T16:13:00,CDR,0.57
REL1160,P0414,P0361,CALLS,2025-10-25T16:13:00,CDR,0.58
REL1161,P0414,P0569,CALLS,2025-10-25T16:13:00,CDR,0.56
REL1162,P0414,P0628,CALLS,2025-10-25T16:13:00,CDR,0.59
REL1163,P0414,P0276,CALLS,2025-10-25T16:13:00,CDR,0.62
REL1164,P0414,P0931,CALLS,2025-10-25T16:13:00,CDR,0.81
REL1165,P0414,P0100,CALLS,2025-10-25T16:13:00,CDR,0.77
REL1166,P0414,P0193,CALLS,2025-10-25T16:13:00,CDR,0.67
REL1167,P0414,P0839,CALLS,2025-10-25T16:13:00,CDR,0.76
REL1168,P0414,P0428,CALLS,2025-10-25T16:13:00,CDR,0.51
REL1169,P0414,P0729,CALLS,2025-10-25T16:13:00,CDR,0.61
REL1170,P0414,P0564,CALLS,2025-10-25T16:13:00,CDR,0.82
REL1171,P0414,P0001,CALLS,2025-10-25T16:13:00,CDR,0.66
REL1172,P0414,P0423,CALLS,2025-10-25T16:13:00,CDR,0.66
REL1173,P0414,P0252,CALLS,2025-10-25T16:13:00,CDR,0.87
REL1174,P0414,P0590,CALLS,2025-10-25T16:13:00,CDR,0.72
REL1175,P0414,P0278,CALLS,2025-10-25T16:13:00,CDR,0.74
REL1176,P0414,P0306,CALLS,2025-10-25T16:13:00,CDR,0.72
REL1177,P0414,P0972,CALLS,2025-10-25T16:13:00,CDR,0.51
REL1178,P0414,P0020,CALLS,2025-10-25T16:13:00,CDR,0.53
REL1179,P0414,P0300,CALLS,2025-10-25T16:13:00,CDR,0.82
REL1180,P0414,P0634,CALLS,2025-10-25T16:13:00,CDR,0.58
REL1181,P0587,P0729,ASSOCIATED_WITH,2025-10-25T16:13:00,SHARED_ORG,0.3
REL1182,P0970,P0954,CALLS,2025-07-30T20:04:00,CDR,0.66
REL1183,P0954,P0595,CALLS,2025-07-30T20:04:00,CDR,0.86
REL1184,P0595,P0351,CALLS,2025-07-30T20:04:00,CDR,0.93
REL1185,P0351,P0851,CALLS,2025-07-30T20:04:00,CDR,0.79
REL1186,P0851,P0437,CALLS,2025-07-30T20:04:00,CDR,0.75
REL1187,P0437,P0442,CALLS,2025-07-30T20:04:00,CDR,0.87
REL1188,P0442,P0644,CALLS,2025-07-30T20:04:00,CDR,0.65
REL1189,P0351,P0851,ASSOCIATED_WITH,2025-07-30T20:04:00,SHARED_ORG,0.3
REL1190,P0557,P0441,CALLS,2026-06-19T19:16:00,CDR,0.51
REL1191,P0557,P0599,CALLS,2026-06-19T19:16:00,CDR,0.81
REL1192,P0723,P0094,CALLS,2026-06-19T19:16:00,CDR,0.82
REL1193,P0557,P0926,CALLS,2026-06-19T19:16:00,CDR,0.53
REL1194,P0557,P0063,CALLS,2026-06-19T19:16:00,CDR,0.53
REL1195,P0723,P0159,CALLS,2026-06-19T19:16:00,CDR,0.6
REL1196,P0723,P0644,CALLS,2026-06-19T19:16:00,CDR,0.75
REL1197,P0723,P0047,CALLS,2026-06-19T19:16:00,CDR,0.76
REL1198,P0557,P0708,CALLS,2026-06-19T19:16:00,CDR,0.73
REL1199,P0723,P0419,CALLS,2026-06-19T19:16:00,CDR,0.73
REL1200,P0723,P0852,CALLS,2026-06-19T19:16:00,CDR,0.84
REL1201,P0723,P0545,CALLS,2026-06-19T19:16:00,CDR,0.88
REL1202,P0723,P0881,CALLS,2026-06-19T19:16:00,CDR,0.66
REL1203,P0723,P0609,CALLS,2026-06-19T19:16:00,CDR,0.66
REL1204,P0723,P0004,CALLS,2026-06-19T19:16:00,CDR,0.85
REL1205,P0004,P0708,ASSOCIATED_WITH,2026-06-19T19:16:00,SHARED_ORG,0.3
REL1206,P0899,P0938,CALLS,2026-06-19T16:56:00,CDR,0.78
REL1207,P0938,P0818,CALLS,2026-06-19T16:56:00,CDR,0.6
REL1208,P0818,P0514,CALLS,2026-06-19T16:56:00,CDR,0.68
REL1209,P0514,P0426,CALLS,2026-06-19T16:56:00,CDR,0.9
REL1210,P0426,P0781,CALLS,2026-06-19T16:56:00,CDR,0.87
REL1211,P0781,P0239,CALLS,2026-06-19T16:56:00,CDR,0.68
REL1212,P0239,P0158,CALLS,2026-06-19T16:56:00,CDR,0.58
REL1213,P0239,P0899,ASSOCIATED_WITH,2026-06-19T16:56:00,SHARED_ORG,0.3
REL1214,P0826,P0285,CALLS,2025-12-24T11:22:00,CDR,0.66
REL1215,P0826,P0054,CALLS,2025-12-24T11:22:00,CDR,0.6
REL1216,P0285,P0054,CALLS,2025-12-24T11:22:00,CDR,0.67
REL1217,P0285,P0608,CALLS,2025-12-24T11:22:00,CDR,0.59
REL1218,P0054,P0608,CALLS,2025-12-24T11:22:00,CDR,0.53
REL1219,P0054,P0458,CALLS,2025-12-24T11:22:00,CDR,0.65
REL1220,P0608,P0458,CALLS,2025-12-24T11:22:00,CDR,0.51
REL1221,P0608,P0364,CALLS,2025-12-24T11:22:00,CDR,0.77
REL1222,P0458,P0364,CALLS,2025-12-24T11:22:00,CDR,0.89
REL1223,P0458,P0085,CALLS,2025-12-24T11:22:00,CDR,0.54
REL1224,P0364,P0085,CALLS,2025-12-24T11:22:00,CDR,0.53
REL1225,P0364,P0244,CALLS,2025-12-24T11:22:00,CDR,0.52
REL1226,P0085,P0244,CALLS,2025-12-24T11:22:00,CDR,0.82
REL1227,P0085,P0234,CALLS,2025-12-24T11:22:00,CDR,0.66
REL1228,P0244,P0234,CALLS,2025-12-24T11:22:00,CDR,0.81
REL1229,P0244,P0463,CALLS,2025-12-24T11:22:00,CDR,0.93
REL1230,P0234,P0463,CALLS,2025-12-24T11:22:00,CDR,0.93
REL1231,P0234,P0730,CALLS,2025-12-24T11:22:00,CDR,0.75
REL1232,P0463,P0730,CALLS,2025-12-24T11:22:00,CDR,0.79
REL1233,P0463,P0564,CALLS,2025-12-24T11:22:00,CDR,0.54
REL1234,P0730,P0564,CALLS,2025-12-24T11:22:00,CDR,0.6
REL1235,P0730,P0279,CALLS,2025-12-24T11:22:00,CDR,0.83
REL1236,P0564,P0279,CALLS,2025-12-24T11:22:00,CDR,0.94
REL1237,P0564,P0981,CALLS,2025-12-24T11:22:00,CDR,0.67
REL1238,P0279,P0981,CALLS,2025-12-24T11:22:00,CDR,0.74
REL1239,P0279,P0597,CALLS,2025-12-24T11:22:00,CDR,0.89
REL1240,P0981,P0597,CALLS,2025-12-24T11:22:00,CDR,0.62
REL1241,P0981,P0143,CALLS,2025-12-24T11:22:00,CDR,0.53
REL1242,P0597,P0143,CALLS,2025-12-24T11:22:00,CDR,0.84
REL1243,P0597,P0581,CALLS,2025-12-24T11:22:00,CDR,0.73
REL1244,P0143,P0581,CALLS,2025-12-24T11:22:00,CDR,0.93
REL1245,P0143,P0264,CALLS,2025-12-24T11:22:00,CDR,0.93
REL1246,P0581,P0264,CALLS,2025-12-24T11:22:00,CDR,0.85
REL1247,P0581,P0817,CALLS,2025-12-24T11:22:00,CDR,0.8
REL1248,P0264,P0817,CALLS,2025-12-24T11:22:00,CDR,0.78
REL1249,P0264,P0004,CALLS,2025-12-24T11:22:00,CDR,0.81
REL1250,P0817,P0004,CALLS,2025-12-24T11:22:00,CDR,0.53
REL1251,P0817,P0894,CALLS,2025-12-24T11:22:00,CDR,0.6
REL1252,P0004,P0894,CALLS,2025-12-24T11:22:00,CDR,0.67
REL1253,P0004,P0342,CALLS,2025-12-24T11:22:00,CDR,0.53
REL1254,P0894,P0342,CALLS,2025-12-24T11:22:00,CDR,0.83
REL1255,P0894,P0920,CALLS,2025-12-24T11:22:00,CDR,0.62
REL1256,P0342,P0920,CALLS,2025-12-24T11:22:00,CDR,0.89
REL1257,P0342,P0425,CALLS,2025-12-24T11:22:00,CDR,0.65
REL1258,P0920,P0425,CALLS,2025-12-24T11:22:00,CDR,0.55
REL1259,P0920,P0490,CALLS,2025-12-24T11:22:00,CDR,0.52
REL1260,P0425,P0490,CALLS,2025-12-24T11:22:00,CDR,0.69
REL1261,P0425,P0711,CALLS,2025-12-24T11:22:00,CDR,0.84
REL1262,P0490,P0711,CALLS,2025-12-24T11:22:00,CDR,0.7
REL1263,P0490,P0984,CALLS,2025-12-24T11:22:00,CDR,0.71
REL1264,P0711,P0984,CALLS,2025-12-24T11:22:00,CDR,0.68
REL1265,P0711,P0737,CALLS,2025-12-24T11:22:00,CDR,0.83
REL1266,P0984,P0737,CALLS,2025-12-24T11:22:00,CDR,0.73
REL1267,P0984,P0811,CALLS,2025-12-24T11:22:00,CDR,0.85
REL1268,P0737,P0811,CALLS,2025-12-24T11:22:00,CDR,0.65
REL1269,P0737,P0047,CALLS,2025-12-24T11:22:00,CDR,0.65
REL1270,P0811,P0047,CALLS,2025-12-24T11:22:00,CDR,0.9
REL1271,P0811,P0697,CALLS,2025-12-24T11:22:00,CDR,0.94
REL1272,P0047,P0697,CALLS,2025-12-24T11:22:00,CDR,0.88
REL1273,P0047,P0961,CALLS,2025-12-24T11:22:00,CDR,0.93
REL1274,P0697,P0961,CALLS,2025-12-24T11:22:00,CDR,0.81
REL1275,P0697,P0093,CALLS,2025-12-24T11:22:00,CDR,0.54
REL1276,P0961,P0093,CALLS,2025-12-24T11:22:00,CDR,0.95
REL1277,P0961,P0231,CALLS,2025-12-24T11:22:00,CDR,0.78
REL1278,P0093,P0231,CALLS,2025-12-24T11:22:00,CDR,0.81
REL1279,P0093,P0089,CALLS,2025-12-24T11:22:00,CDR,0.82
REL1280,P0231,P0089,CALLS,2025-12-24T11:22:00,CDR,0.63
REL1281,P0231,P0033,CALLS,2025-12-24T11:22:00,CDR,0.68
REL1282,P0089,P0033,CALLS,2025-12-24T11:22:00,CDR,0.87
REL1283,P0089,P0945,CALLS,2025-12-24T11:22:00,CDR,0.89
REL1284,P0033,P0945,CALLS,2025-12-24T11:22:00,CDR,0.61
REL1285,P0033,P0735,CALLS,2025-12-24T11:22:00,CDR,0.72
REL1286,P0945,P0735,CALLS,2025-12-24T11:22:00,CDR,0.8
REL1287,P0945,P0139,CALLS,2025-12-24T11:22:00,CDR,0.69
REL1288,P0735,P0139,CALLS,2025-12-24T11:22:00,CDR,0.85
REL1289,P0735,P0947,CALLS,2025-12-24T11:22:00,CDR,0.74
REL1290,P0139,P0947,CALLS,2025-12-24T11:22:00,CDR,0.91
REL1291,P0139,P0302,CALLS,2025-12-24T11:22:00,CDR,0.53
REL1292,P0947,P0302,CALLS,2025-12-24T11:22:00,CDR,0.85
REL1293,P0947,P0477,CALLS,2025-12-24T11:22:00,CDR,0.78
REL1294,P0302,P0477,CALLS,2025-12-24T11:22:00,CDR,0.86
REL1295,P0302,P0621,CALLS,2025-12-24T11:22:00,CDR,0.55
REL1296,P0477,P0621,CALLS,2025-12-24T11:22:00,CDR,0.78
REL1297,P0477,P0549,CALLS,2025-12-24T11:22:00,CDR,0.6
REL1298,P0621,P0549,CALLS,2025-12-24T11:22:00,CDR,0.85
REL1299,P0621,P0413,CALLS,2025-12-24T11:22:00,CDR,0.81
REL1300,P0549,P0413,CALLS,2025-12-24T11:22:00,CDR,0.77
REL1301,P0549,P0729,CALLS,2025-12-24T11:22:00,CDR,0.75
REL1302,P0413,P0729,CALLS,2025-12-24T11:22:00,CDR,0.57
REL1303,P0413,P0024,CALLS,2025-12-24T11:22:00,CDR,0.79
REL1304,P0729,P0024,CALLS,2025-12-24T11:22:00,CDR,0.54
REL1305,P0729,P0485,CALLS,2025-12-24T11:22:00,CDR,0.65
REL1306,P0024,P0485,CALLS,2025-12-24T11:22:00,CDR,0.85
REL1307,P0024,P0766,CALLS,2025-12-24T11:22:00,CDR,0.83
REL1308,P0485,P0766,CALLS,2025-12-24T11:22:00,CDR,0.61
REL1309,P0485,P0319,CALLS,2025-12-24T11:22:00,CDR,0.54
REL1310,P0766,P0319,CALLS,2025-12-24T11:22:00,CDR,0.72
REL1311,P0766,P0733,CALLS,2025-12-24T11:22:00,CDR,0.64
REL1312,P0319,P0733,CALLS,2025-12-24T11:22:00,CDR,0.61
REL1313,P0342,P0485,ASSOCIATED_WITH,2025-12-24T11:22:00,SHARED_ORG,0.3
REL1314,P0869,P0581,CALLS,2025-12-13T14:40:00,CDR,0.94
REL1315,P0581,P0335,CALLS,2025-12-13T14:40:00,CDR,0.74
REL1316,P0335,P0581,ASSOCIATED_WITH,2025-12-13T14:40:00,SHARED_ORG,0.3
REL1317,P0772,P0917,CALLS,2025-06-06T14:25:00,CDR,0.75
REL1318,P0772,P0714,CALLS,2025-06-06T14:25:00,CDR,0.81
REL1319,P0917,P0714,CALLS,2025-06-06T14:25:00,CDR,0.8
REL1320,P0917,P0659,CALLS,2025-06-06T14:25:00,CDR,0.52
REL1321,P0714,P0659,CALLS,2025-06-06T14:25:00,CDR,0.74
REL1322,P0714,P0311,CALLS,2025-06-06T14:25:00,CDR,0.75
REL1323,P0659,P0311,CALLS,2025-06-06T14:25:00,CDR,0.84
REL1324,P0659,P0176,CALLS,2025-06-06T14:25:00,CDR,0.61
REL1325,P0311,P0176,CALLS,2025-06-06T14:25:00,CDR,0.6
REL1326,P0311,P0535,CALLS,2025-06-06T14:25:00,CDR,0.5
REL1327,P0176,P0535,CALLS,2025-06-06T14:25:00,CDR,0.86
REL1328,P0176,P0186,CALLS,2025-06-06T14:25:00,CDR,0.78
REL1329,P0535,P0186,CALLS,2025-06-06T14:25:00,CDR,0.92
REL1330,P0535,P0095,CALLS,2025-06-06T14:25:00,CDR,0.55
REL1331,P0186,P0095,CALLS,2025-06-06T14:25:00,CDR,0.57
REL1332,P0186,P0461,CALLS,2025-06-06T14:25:00,CDR,0.84
REL1333,P0095,P0461,CALLS,2025-06-06T14:25:00,CDR,0.89
REL1334,P0095,P0544,CALLS,2025-06-06T14:25:00,CDR,0.53
REL1335,P0461,P0544,CALLS,2025-06-06T14:25:00,CDR,0.9
REL1336,P0461,P0153,CALLS,2025-06-06T14:25:00,CDR,0.71
REL1337,P0544,P0153,CALLS,2025-06-06T14:25:00,CDR,0.83
REL1338,P0544,P0640,CALLS,2025-06-06T14:25:00,CDR,0.62
REL1339,P0153,P0640,CALLS,2025-06-06T14:25:00,CDR,0.89
REL1340,P0153,P0382,CALLS,2025-06-06T14:25:00,CDR,0.85
REL1341,P0640,P0382,CALLS,2025-06-06T14:25:00,CDR,0.55
REL1342,P0640,P0954,CALLS,2025-06-06T14:25:00,CDR,0.84
REL1343,P0382,P0954,CALLS,2025-06-06T14:25:00,CDR,0.89
REL1344,P0382,P0610,CALLS,2025-06-06T14:25:00,CDR,0.85
REL1345,P0954,P0610,CALLS,2025-06-06T14:25:00,CDR,0.59
REL1346,P0954,P0759,CALLS,2025-06-06T14:25:00,CDR,0.92
REL1347,P0610,P0759,CALLS,2025-06-06T14:25:00,CDR,0.83
REL1348,P0610,P0636,CALLS,2025-06-06T14:25:00,CDR,0.85
REL1349,P0759,P0636,CALLS,2025-06-06T14:25:00,CDR,0.92
REL1350,P0759,P0124,CALLS,2025-06-06T14:25:00,CDR,0.79
REL1351,P0636,P0124,CALLS,2025-06-06T14:25:00,CDR,0.57
REL1352,P0636,P0947,CALLS,2025-06-06T14:25:00,CDR,0.93
REL1353,P0124,P0947,CALLS,2025-06-06T14:25:00,CDR,0.74
REL1354,P0124,P0928,CALLS,2025-06-06T14:25:00,CDR,0.88
REL1355,P0947,P0928,CALLS,2025-06-06T14:25:00,CDR,0.8
REL1356,P0947,P0729,CALLS,2025-06-06T14:25:00,CDR,0.58
REL1357,P0928,P0729,CALLS,2025-06-06T14:25:00,CDR,0.8
REL1358,P0928,P0410,CALLS,2025-06-06T14:25:00,CDR,0.76
REL1359,P0729,P0410,CALLS,2025-06-06T14:25:00,CDR,0.77
REL1360,P0729,P0310,CALLS,2025-06-06T14:25:00,CDR,0.88
REL1361,P0410,P0310,CALLS,2025-06-06T14:25:00,CDR,0.83
REL1362,P0410,P0534,CALLS,2025-06-06T14:25:00,CDR,0.74
REL1363,P0310,P0534,CALLS,2025-06-06T14:25:00,CDR,0.54
REL1364,P0310,P0671,CALLS,2025-06-06T14:25:00,CDR,0.75
REL1365,P0534,P0671,CALLS,2025-06-06T14:25:00,CDR,0.61
REL1366,P0759,P0954,ASSOCIATED_WITH,2025-06-06T14:25:00,SHARED_ORG,0.3
REL1367,P0431,P0529,CALLS,2025-07-31T21:53:00,CDR,0.62
REL1368,P0431,P0513,CALLS,2025-07-31T21:53:00,CDR,0.95
REL1369,P0431,P0754,CALLS,2025-07-31T21:53:00,CDR,0.65
REL1370,P0431,P0013,CALLS,2025-07-31T21:53:00,CDR,0.64
REL1371,P0431,P0427,CALLS,2025-07-31T21:53:00,CDR,0.58
REL1372,P0431,P0490,CALLS,2025-07-31T21:53:00,CDR,0.72
REL1373,P0431,P0512,CALLS,2025-07-31T21:53:00,CDR,0.6
REL1374,P0431,P0588,CALLS,2025-07-31T21:53:00,CDR,0.81
REL1375,P0431,P0546,CALLS,2025-07-31T21:53:00,CDR,0.76
REL1376,P0431,P0987,CALLS,2025-07-31T21:53:00,CDR,0.81
REL1377,P0431,P0954,CALLS,2025-07-31T21:53:00,CDR,0.57
REL1378,P0431,P0217,CALLS,2025-07-31T21:53:00,CDR,0.76
REL1379,P0431,P0468,CALLS,2025-07-31T21:53:00,CDR,0.7
REL1380,P0431,P0772,CALLS,2025-07-31T21:53:00,CDR,0.71
REL1381,P0431,P0194,CALLS,2025-07-31T21:53:00,CDR,0.94
REL1382,P0431,P0583,CALLS,2025-07-31T21:53:00,CDR,0.57
REL1383,P0431,P0907,CALLS,2025-07-31T21:53:00,CDR,0.7
REL1384,P0431,P0043,CALLS,2025-07-31T21:53:00,CDR,0.89
REL1385,P0194,P0431,ASSOCIATED_WITH,2025-07-31T21:53:00,SHARED_ORG,0.3
REL1386,P0310,P0133,CALLS,2026-02-12T11:54:00,CDR,0.51
REL1387,P0310,P0844,CALLS,2026-02-12T11:54:00,CDR,0.91
REL1388,P0310,P0984,CALLS,2026-02-12T11:54:00,CDR,0.85
REL1389,P0310,P0074,CALLS,2026-02-12T11:54:00,CDR,0.9
REL1390,P0844,P0984,ASSOCIATED_WITH,2026-02-12T11:54:00,SHARED_ORG,0.3
REL1391,P0227,P0758,CALLS,2026-01-17T06:34:00,CDR,0.75
REL1392,P0227,P0747,CALLS,2026-01-17T06:34:00,CDR,0.57
REL1393,P0689,P0800,CALLS,2026-01-17T06:34:00,CDR,0.68
REL1394,P0227,P0449,CALLS,2026-01-17T06:34:00,CDR,0.73
REL1395,P0227,P0934,CALLS,2026-01-17T06:34:00,CDR,0.87
REL1396,P0227,P0030,CALLS,2026-01-17T06:34:00,CDR,0.84
REL1397,P0227,P0823,CALLS,2026-01-17T06:34:00,CDR,0.74
REL1398,P0689,P0481,CALLS,2026-01-17T06:34:00,CDR,0.68
REL1399,P0227,P0476,CALLS,2026-01-17T06:34:00,CDR,0.94
REL1400,P0227,P0049,CALLS,2026-01-17T06:34:00,CDR,0.91
REL1401,P0227,P0517,CALLS,2026-01-17T06:34:00,CDR,0.79
REL1402,P0227,P0976,CALLS,2026-01-17T06:34:00,CDR,0.81
REL1403,P0227,P0600,CALLS,2026-01-17T06:34:00,CDR,0.87
REL1404,P0227,P0052,CALLS,2026-01-17T06:34:00,CDR,0.64
REL1405,P0689,P0919,CALLS,2026-01-17T06:34:00,CDR,0.81
REL1406,P0227,P0892,CALLS,2026-01-17T06:34:00,CDR,0.67
REL1407,P0689,P0729,CALLS,2026-01-17T06:34:00,CDR,0.51
REL1408,P0052,P0517,ASSOCIATED_WITH,2026-01-17T06:34:00,SHARED_ORG,0.3
REL1409,P0125,P0916,CALLS,2025-12-03T15:01:00,CDR,0.77
REL1410,P0916,P0573,CALLS,2025-12-03T15:01:00,CDR,0.53
REL1411,P0573,P0755,CALLS,2025-12-03T15:01:00,CDR,0.52
REL1412,P0755,P0242,CALLS,2025-12-03T15:01:00,CDR,0.85
REL1413,P0242,P0748,CALLS,2025-12-03T15:01:00,CDR,0.79
REL1414,P0748,P0281,CALLS,2025-12-03T15:01:00,CDR,0.86
REL1415,P0768,P0297,CALLS,2025-12-03T15:01:00,CDR,0.81
REL1416,P0297,P0002,CALLS,2025-12-03T15:01:00,CDR,0.58
REL1417,P0002,P0785,CALLS,2025-12-03T15:01:00,CDR,0.62
REL1418,P0785,P0261,CALLS,2025-12-03T15:01:00,CDR,0.57
REL1419,P0261,P0491,CALLS,2025-12-03T15:01:00,CDR,0.54
REL1420,P0491,P0055,CALLS,2025-12-03T15:01:00,CDR,0.74
REL1421,P0281,P0768,CALLS,2025-12-03T15:01:00,CDR,0.64
REL1422,P0281,P0491,ASSOCIATED_WITH,2025-12-03T15:01:00,SHARED_ORG,0.3
REL1423,P0170,P0498,CALLS,2025-08-26T12:57:00,CDR,0.63
REL1424,P0170,P0296,CALLS,2025-08-26T12:57:00,CDR,0.58
REL1425,P0296,P0170,ASSOCIATED_WITH,2025-08-26T12:57:00,SHARED_ORG,0.3
REL1426,P0296,P0817,CALLS,2025-07-06T14:09:00,CDR,0.74
REL1427,P0817,P0195,CALLS,2025-07-06T14:09:00,CDR,0.94
REL1428,P0195,P0443,CALLS,2025-07-06T14:09:00,CDR,0.88
REL1429,P0195,P0817,ASSOCIATED_WITH,2025-07-06T14:09:00,SHARED_ORG,0.3
REL1430,P0632,P0230,CALLS,2026-03-31T11:23:00,CDR,0.77
REL1431,P0482,P0359,CALLS,2026-03-31T11:23:00,CDR,0.75
REL1432,P0394,P0709,CALLS,2026-03-31T11:23:00,CDR,0.74
REL1433,P0947,P0053,CALLS,2026-03-31T11:23:00,CDR,0.86
REL1434,P0378,P0230,CALLS,2026-03-31T11:23:00,CDR,0.55
REL1435,P0005,P0264,CALLS,2026-03-31T11:23:00,CDR,0.68
REL1436,P0231,P0053,CALLS,2026-03-31T11:23:00,CDR,0.78
REL1437,P0346,P0264,CALLS,2026-03-31T11:23:00,CDR,0.92
REL1438,P0228,P0894,CALLS,2026-03-31T11:23:00,CDR,0.5
REL1439,P0564,P0124,CALLS,2026-03-31T11:23:00,CDR,0.65
REL1440,P0593,P0359,CALLS,2026-03-31T11:23:00,CDR,0.51
REL1441,P0930,P0894,CALLS,2026-03-31T11:23:00,CDR,0.58
REL1442,P0053,P0111,CALLS,2026-03-31T11:23:00,CDR,0.93
REL1443,P0673,P0297,CALLS,2026-03-31T11:23:00,CDR,0.77
REL1444,P0124,P0144,CALLS,2026-03-31T11:23:00,CDR,0.6
REL1445,P0894,P0506,CALLS,2026-03-31T11:23:00,CDR,0.66
REL1446,P0422,P0558,CALLS,2026-03-31T11:23:00,CDR,0.73
REL1447,P0734,P0961,CALLS,2026-03-31T11:23:00,CDR,0.63
REL1448,P0235,P0111,CALLS,2026-03-31T11:23:00,CDR,0.73
REL1449,P0264,P0297,CALLS,2026-03-31T11:23:00,CDR,0.91
REL1450,P0359,P0297,CALLS,2026-03-31T11:23:00,CDR,0.57
REL1451,P0230,P0873,CALLS,2026-03-31T11:23:00,CDR,0.9
REL1452,P0563,P0035,CALLS,2026-03-31T11:23:00,CDR,0.67
REL1453,P0709,P0144,CALLS,2026-03-31T11:23:00,CDR,0.63
REL1454,P0419,P0378,ASSOCIATED_WITH,2026-03-31T11:23:00,SHARED_ORG,0.3
REL1455,P0736,P0837,CALLS,2026-01-19T11:15:00,CDR,0.54
REL1456,P0145,P0224,CALLS,2026-01-19T11:15:00,CDR,0.54
REL1457,P0923,P0507,CALLS,2026-01-19T11:15:00,CDR,0.55
REL1458,P0324,P0165,CALLS,2026-01-19T11:15:00,CDR,0.76
REL1459,P0662,P0059,CALLS,2026-01-19T11:15:00,CDR,0.79
REL1460,P0998,P0172,CALLS,2026-01-19T11:15:00,CDR,0.67
REL1461,P0153,P0896,CALLS,2026-01-19T11:15:00,CDR,0.85
REL1462,P0405,P0156,CALLS,2026-01-19T11:15:00,CDR,0.79
REL1463,P1000,P0616,CALLS,2026-01-19T11:15:00,CDR,0.88
REL1464,P0274,P0843,CALLS,2026-01-19T11:15:00,CDR,0.78
REL1465,P0147,P0818,CALLS,2026-01-19T11:15:00,CDR,0.71
REL1466,P0287,P0417,CALLS,2026-01-19T11:15:00,CDR,0.64
REL1467,P0125,P0755,CALLS,2026-01-19T11:15:00,CDR,0.83
REL1468,P0224,P0059,ASSOCIATED_WITH,2026-01-19T11:15:00,SHARED_ORG,0.3
REL1469,P0118,P0156,CALLS,2025-06-01T20:06:00,CDR,0.65
REL1470,P0118,P0700,CALLS,2025-06-01T20:06:00,CDR,0.57
REL1471,P0118,P0393,CALLS,2025-06-01T20:06:00,CDR,0.89
REL1472,P0118,P0486,CALLS,2025-06-01T20:06:00,CDR,0.77
REL1473,P0118,P0691,CALLS,2025-06-01T20:06:00,CDR,0.79
REL1474,P0118,P0046,CALLS,2025-06-01T20:06:00,CDR,0.65
REL1475,P0118,P0433,CALLS,2025-06-01T20:06:00,CDR,0.89
REL1476,P0118,P0503,CALLS,2025-06-01T20:06:00,CDR,0.89
REL1477,P0118,P0272,CALLS,2025-06-01T20:06:00,CDR,0.94
REL1478,P0118,P0136,CALLS,2025-06-01T20:06:00,CDR,0.64
REL1479,P0118,P0630,CALLS,2025-06-01T20:06:00,CDR,0.72
REL1480,P0118,P0544,CALLS,2025-06-01T20:06:00,CDR,0.62
REL1481,P0118,P0533,CALLS,2025-06-01T20:06:00,CDR,0.75
REL1482,P0118,P0080,CALLS,2025-06-01T20:06:00,CDR,0.71
REL1483,P0118,P0065,CALLS,2025-06-01T20:06:00,CDR,0.87
REL1484,P0118,P0575,CALLS,2025-06-01T20:06:00,CDR,0.66
REL1485,P0118,P0653,CALLS,2025-06-01T20:06:00,CDR,0.68
REL1486,P0118,P0843,CALLS,2025-06-01T20:06:00,CDR,0.58
REL1487,P0118,P0430,CALLS,2025-06-01T20:06:00,CDR,0.55
REL1488,P0118,P0453,CALLS,2025-06-01T20:06:00,CDR,0.64
REL1489,P0118,P0333,CALLS,2025-06-01T20:06:00,CDR,0.53
REL1490,P0118,P0534,CALLS,2025-06-01T20:06:00,CDR,0.79
REL1491,P0118,P0720,CALLS,2025-06-01T20:06:00,CDR,0.92
REL1492,P0118,P0021,CALLS,2025-06-01T20:06:00,CDR,0.71
REL1493,P0118,P0686,CALLS,2025-06-01T20:06:00,CDR,0.89
REL1494,P0118,P0816,CALLS,2025-06-01T20:06:00,CDR,0.8
REL1495,P0118,P0984,CALLS,2025-06-01T20:06:00,CDR,0.84
REL1496,P0118,P0013,CALLS,2025-06-01T20:06:00,CDR,0.71
REL1497,P0118,P0938,CALLS,2025-06-01T20:06:00,CDR,0.79
REL1498,P0118,P0190,CALLS,2025-06-01T20:06:00,CDR,0.8
REL1499,P0118,P0278,CALLS,2025-06-01T20:06:00,CDR,0.69
REL1500,P0118,P0378,CALLS,2025-06-01T20:06:00,CDR,0.89
REL1501,P0118,P0942,CALLS,2025-06-01T20:06:00,CDR,0.68
REL1502,P0118,P0582,CALLS,2025-06-01T20:06:00,CDR,0.52
REL1503,P0118,P0732,CALLS,2025-06-01T20:06:00,CDR,0.63
REL1504,P0118,P0956,CALLS,2025-06-01T20:06:00,CDR,0.8
REL1505,P0118,P0998,CALLS,2025-06-01T20:06:00,CDR,0.58
REL1506,P0118,P0180,CALLS,2025-06-01T20:06:00,CDR,0.79
REL1507,P0118,P0482,CALLS,2025-06-01T20:06:00,CDR,0.61
REL1508,P0118,P0227,CALLS,2025-06-01T20:06:00,CDR,0.72
REL1509,P0118,P0943,CALLS,2025-06-01T20:06:00,CDR,0.56
REL1510,P0118,P0401,CALLS,2025-06-01T20:06:00,CDR,0.71
REL1511,P0118,P0441,CALLS,2025-06-01T20:06:00,CDR,0.58
REL1512,P0942,P0393,ASSOCIATED_WITH,2025-06-01T20:06:00,SHARED_ORG,0.3
REL1513,P0009,P0201,CALLS,2026-02-16T10:18:00,CDR,0.73
REL1514,P0009,P0145,CALLS,2026-02-16T10:18:00,CDR,0.77
REL1515,P0145,P0201,ASSOCIATED_WITH,2026-02-16T10:18:00,SHARED_ORG,0.3
REL1516,P0086,P0716,CALLS,2026-03-20T17:08:00,CDR,0.61
REL1517,P0716,P0783,CALLS,2026-03-20T17:08:00,CDR,0.87
REL1518,P0783,P0783,ASSOCIATED_WITH,2026-03-20T17:08:00,SHARED_ORG,0.3
REL1519,P0968,P0494,CALLS,2026-05-04T23:47:00,CDR,0.71
REL1520,P0494,P0774,CALLS,2026-05-04T23:47:00,CDR,0.57
REL1521,P0774,P0808,CALLS,2026-05-04T23:47:00,CDR,0.94
REL1522,P0808,P0438,CALLS,2026-05-04T23:47:00,CDR,0.66
REL1523,P0438,P0874,CALLS,2026-05-04T23:47:00,CDR,0.88
REL1524,P0874,P0873,CALLS,2026-05-04T23:47:00,CDR,0.56
REL1525,P0873,P0241,CALLS,2026-05-04T23:47:00,CDR,0.6
REL1526,P0241,P0988,CALLS,2026-05-04T23:47:00,CDR,0.81
REL1527,P0988,P0901,CALLS,2026-05-04T23:47:00,CDR,0.72
REL1528,P0901,P0688,CALLS,2026-05-04T23:47:00,CDR,0.8
REL1529,P0688,P0158,CALLS,2026-05-04T23:47:00,CDR,0.57
REL1530,P0873,P0688,ASSOCIATED_WITH,2026-05-04T23:47:00,SHARED_ORG,0.3
REL1531,P0497,P0126,CALLS,2026-04-17T20:07:00,CDR,0.59
REL1532,P0366,P0126,CALLS,2026-04-17T20:07:00,CDR,0.72
REL1533,P0251,P0053,CALLS,2026-04-17T20:07:00,CDR,0.88
REL1534,P0126,P0053,CALLS,2026-04-17T20:07:00,CDR,0.53
REL1535,P0126,P0287,ASSOCIATED_WITH,2026-04-17T20:07:00,SHARED_ORG,0.3
REL1536,P0476,P0101,CALLS,2026-03-02T16:06:00,CDR,0.83
REL1537,P0117,P0563,CALLS,2026-03-02T16:06:00,CDR,0.65
REL1538,P0712,P0398,CALLS,2026-03-02T16:06:00,CDR,0.66
REL1539,P0856,P0430,CALLS,2026-03-02T16:06:00,CDR,0.62
REL1540,P0426,P0402,CALLS,2026-03-02T16:06:00,CDR,0.84
REL1541,P0981,P0280,CALLS,2026-03-02T16:06:00,CDR,0.92
REL1542,P0996,P0711,CALLS,2026-03-02T16:06:00,CDR,0.95
REL1543,P0964,P0890,CALLS,2026-03-02T16:06:00,CDR,0.72
REL1544,P0964,P0890,ASSOCIATED_WITH,2026-03-02T16:06:00,SHARED_ORG,0.3
REL1545,P0179,P0725,CALLS,2025-06-15T03:21:00,CDR,0.76
REL1546,P0179,P0688,CALLS,2025-06-15T03:21:00,CDR,0.57
REL1547,P0725,P0688,CALLS,2025-06-15T03:21:00,CDR,0.82
REL1548,P0725,P0485,CALLS,2025-06-15T03:21:00,CDR,0.76
REL1549,P0688,P0485,CALLS,2025-06-15T03:21:00,CDR,0.6
REL1550,P0688,P0986,CALLS,2025-06-15T03:21:00,CDR,0.9
REL1551,P0485,P0986,CALLS,2025-06-15T03:21:00,CDR,0.64
REL1552,P0485,P0379,CALLS,2025-06-15T03:21:00,CDR,0.9
REL1553,P0986,P0379,CALLS,2025-06-15T03:21:00,CDR,0.86
REL1554,P0986,P0687,CALLS,2025-06-15T03:21:00,CDR,0.71
REL1555,P0379,P0687,CALLS,2025-06-15T03:21:00,CDR,0.77
REL1556,P0379,P0783,CALLS,2025-06-15T03:21:00,CDR,0.68
REL1557,P0687,P0783,CALLS,2025-06-15T03:21:00,CDR,0.82
REL1558,P0687,P0607,CALLS,2025-06-15T03:21:00,CDR,0.87
REL1559,P0783,P0607,CALLS,2025-06-15T03:21:00,CDR,0.83
REL1560,P0783,P0532,CALLS,2025-06-15T03:21:00,CDR,0.92
REL1561,P0607,P0532,CALLS,2025-06-15T03:21:00,CDR,0.88
REL1562,P0607,P0698,CALLS,2025-06-15T03:21:00,CDR,0.79
REL1563,P0532,P0698,CALLS,2025-06-15T03:21:00,CDR,0.73
REL1564,P0532,P0847,CALLS,2025-06-15T03:21:00,CDR,0.94
REL1565,P0698,P0847,CALLS,2025-06-15T03:21:00,CDR,0.62
REL1566,P0698,P0315,CALLS,2025-06-15T03:21:00,CDR,0.57
REL1567,P0847,P0315,CALLS,2025-06-15T03:21:00,CDR,0.55
REL1568,P0847,P0702,CALLS,2025-06-15T03:21:00,CDR,0.63
REL1569,P0315,P0702,CALLS,2025-06-15T03:21:00,CDR,0.94
REL1570,P0315,P0992,CALLS,2025-06-15T03:21:00,CDR,0.83
REL1571,P0702,P0992,CALLS,2025-06-15T03:21:00,CDR,0.76
REL1572,P0702,P0251,CALLS,2025-06-15T03:21:00,CDR,0.64
REL1573,P0992,P0251,CALLS,2025-06-15T03:21:00,CDR,0.74
REL1574,P0992,P0480,CALLS,2025-06-15T03:21:00,CDR,0.8
REL1575,P0251,P0480,CALLS,2025-06-15T03:21:00,CDR,0.57
REL1576,P0251,P0178,CALLS,2025-06-15T03:21:00,CDR,0.62
REL1577,P0480,P0178,CALLS,2025-06-15T03:21:00,CDR,0.7
REL1578,P0480,P0728,CALLS,2025-06-15T03:21:00,CDR,0.57
REL1579,P0178,P0728,CALLS,2025-06-15T03:21:00,CDR,0.7
REL1580,P0178,P0966,CALLS,2025-06-15T03:21:00,CDR,0.71
REL1581,P0728,P0966,CALLS,2025-06-15T03:21:00,CDR,0.63
REL1582,P0728,P0555,CALLS,2025-06-15T03:21:00,CDR,0.67
REL1583,P0966,P0555,CALLS,2025-06-15T03:21:00,CDR,0.95
REL1584,P0966,P0192,CALLS,2025-06-15T03:21:00,CDR,0.66
REL1585,P0555,P0192,CALLS,2025-06-15T03:21:00,CDR,0.5
REL1586,P0555,P0809,CALLS,2025-06-15T03:21:00,CDR,0.94
REL1587,P0192,P0809,CALLS,2025-06-15T03:21:00,CDR,0.64
REL1588,P0192,P0406,CALLS,2025-06-15T03:21:00,CDR,0.61
REL1589,P0809,P0406,CALLS,2025-06-15T03:21:00,CDR,0.81
REL1590,P0809,P0822,CALLS,2025-06-15T03:21:00,CDR,0.88
REL1591,P0406,P0822,CALLS,2025-06-15T03:21:00,CDR,0.59
REL1592,P0406,P0699,CALLS,2025-06-15T03:21:00,CDR,0.75
REL1593,P0822,P0699,CALLS,2025-06-15T03:21:00,CDR,0.94
REL1594,P0822,P0775,CALLS,2025-06-15T03:21:00,CDR,0.81
REL1595,P0699,P0775,CALLS,2025-06-15T03:21:00,CDR,0.71
REL1596,P0699,P0297,CALLS,2025-06-15T03:21:00,CDR,0.89
REL1597,P0775,P0297,CALLS,2025-06-15T03:21:00,CDR,0.67
REL1598,P0775,P0124,CALLS,2025-06-15T03:21:00,CDR,0.86
REL1599,P0297,P0124,CALLS,2025-06-15T03:21:00,CDR,0.61
REL1600,P0297,P0328,CALLS,2025-06-15T03:21:00,CDR,0.89
REL1601,P0124,P0328,CALLS,2025-06-15T03:21:00,CDR,0.89
REL1602,P0124,P0429,CALLS,2025-06-15T03:21:00,CDR,0.54
REL1603,P0328,P0429,CALLS,2025-06-15T03:21:00,CDR,0.68
REL1604,P0698,P0328,ASSOCIATED_WITH,2025-06-15T03:21:00,SHARED_ORG,0.3
REL1605,P0851,P0285,CALLS,2026-03-31T16:39:00,CDR,0.87
REL1606,P0285,P0714,CALLS,2026-03-31T16:39:00,CDR,0.62
REL1607,P0714,P0714,ASSOCIATED_WITH,2026-03-31T16:39:00,SHARED_ORG,0.3
REL1608,P0637,P0821,CALLS,2025-06-30T14:03:00,CDR,0.67
REL1609,P0821,P0193,CALLS,2025-06-30T14:03:00,CDR,0.58
REL1610,P0193,P0543,CALLS,2025-06-30T14:03:00,CDR,0.6
REL1611,P0543,P0187,CALLS,2025-06-30T14:03:00,CDR,0.52
REL1612,P0187,P0487,CALLS,2025-06-30T14:03:00,CDR,0.56
REL1613,P0487,P0862,CALLS,2025-06-30T14:03:00,CDR,0.55
REL1614,P0373,P0771,CALLS,2025-06-30T14:03:00,CDR,0.91
REL1615,P0771,P0424,CALLS,2025-06-30T14:03:00,CDR,0.51
REL1616,P0424,P0426,CALLS,2025-06-30T14:03:00,CDR,0.72
REL1617,P0426,P0602,CALLS,2025-06-30T14:03:00,CDR,0.9
REL1618,P0602,P0350,CALLS,2025-06-30T14:03:00,CDR,0.78
REL1619,P0350,P0828,CALLS,2025-06-30T14:03:00,CDR,0.88
REL1620,P0862,P0373,CALLS,2025-06-30T14:03:00,CDR,0.62
REL1621,P0187,P0187,ASSOCIATED_WITH,2025-06-30T14:03:00,SHARED_ORG,0.3
REL1622,P0780,P0642,CALLS,2025-07-26T20:42:00,CDR,0.76
REL1623,P0642,P0373,CALLS,2025-07-26T20:42:00,CDR,0.53
REL1624,P0373,P0223,CALLS,2025-07-26T20:42:00,CDR,0.56
REL1625,P0223,P0671,CALLS,2025-07-26T20:42:00,CDR,0.79
REL1626,P0671,P0077,CALLS,2025-07-26T20:42:00,CDR,0.73
REL1627,P0077,P0075,CALLS,2025-07-26T20:42:00,CDR,0.65
REL1628,P0075,P0325,CALLS,2025-07-26T20:42:00,CDR,0.95
REL1629,P0325,P0466,CALLS,2025-07-26T20:42:00,CDR,0.9
REL1630,P0466,P0850,CALLS,2025-07-26T20:42:00,CDR,0.91
REL1631,P0850,P0958,CALLS,2025-07-26T20:42:00,CDR,0.58
REL1632,P0958,P0334,CALLS,2025-07-26T20:42:00,CDR,0.74
REL1633,P0334,P0117,CALLS,2025-07-26T20:42:00,CDR,0.51
REL1634,P0117,P0818,CALLS,2025-07-26T20:42:00,CDR,0.91
REL1635,P0818,P0676,CALLS,2025-07-26T20:42:00,CDR,0.84
REL1636,P0676,P0131,CALLS,2025-07-26T20:42:00,CDR,0.68
REL1637,P0131,P0425,CALLS,2025-07-26T20:42:00,CDR,0.85
REL1638,P0425,P0320,CALLS,2025-07-26T20:42:00,CDR,0.95
REL1639,P0320,P0130,CALLS,2025-07-26T20:42:00,CDR,0.9
REL1640,P0130,P0551,CALLS,2025-07-26T20:42:00,CDR,0.85
REL1641,P0551,P0296,CALLS,2025-07-26T20:42:00,CDR,0.75
REL1642,P0296,P0970,CALLS,2025-07-26T20:42:00,CDR,0.7
REL1643,P0970,P0405,CALLS,2025-07-26T20:42:00,CDR,0.82
REL1644,P0405,P0248,CALLS,2025-07-26T20:42:00,CDR,0.67
REL1645,P0960,P0678,CALLS,2025-07-26T20:42:00,CDR,0.55
REL1646,P0678,P0071,CALLS,2025-07-26T20:42:00,CDR,0.64
REL1647,P0071,P0009,CALLS,2025-07-26T20:42:00,CDR,0.81
REL1648,P0009,P0541,CALLS,2025-07-26T20:42:00,CDR,0.63
REL1649,P0541,P0585,CALLS,2025-07-26T20:42:00,CDR,0.67
REL1650,P0585,P0019,CALLS,2025-07-26T20:42:00,CDR,0.6
REL1651,P0019,P0503,CALLS,2025-07-26T20:42:00,CDR,0.92
REL1652,P0503,P0529,CALLS,2025-07-26T20:42:00,CDR,0.6
REL1653,P0529,P0445,CALLS,2025-07-26T20:42:00,CDR,0.81
REL1654,P0445,P0617,CALLS,2025-07-26T20:42:00,CDR,0.73
REL1655,P0617,P0426,CALLS,2025-07-26T20:42:00,CDR,0.56
REL1656,P0426,P0157,CALLS,2025-07-26T20:42:00,CDR,0.91
REL1657,P0157,P0324,CALLS,2025-07-26T20:42:00,CDR,0.73
REL1658,P0324,P0140,CALLS,2025-07-26T20:42:00,CDR,0.84
REL1659,P0140,P0613,CALLS,2025-07-26T20:42:00,CDR,0.64
REL1660,P0613,P0458,CALLS,2025-07-26T20:42:00,CDR,0.59
REL1661,P0458,P0193,CALLS,2025-07-26T20:42:00,CDR,0.83
REL1662,P0193,P0603,CALLS,2025-07-26T20:42:00,CDR,0.67
REL1663,P0603,P0885,CALLS,2025-07-26T20:42:00,CDR,0.63
REL1664,P0885,P0207,CALLS,2025-07-26T20:42:00,CDR,0.78
REL1665,P0207,P0584,CALLS,2025-07-26T20:42:00,CDR,0.85
REL1666,P0584,P0450,CALLS,2025-07-26T20:42:00,CDR,0.59
REL1667,P0450,P0692,CALLS,2025-07-26T20:42:00,CDR,0.67
REL1668,P0248,P0960,CALLS,2025-07-26T20:42:00,CDR,0.87
REL1669,P0678,P0692,ASSOCIATED_WITH,2025-07-26T20:42:00,SHARED_ORG,0.3
REL1670,P0577,P0884,CALLS,2025-07-25T00:03:00,CDR,0.51
REL1671,P0577,P0062,CALLS,2025-07-25T00:03:00,CDR,0.86
REL1672,P0577,P0713,CALLS,2025-07-25T00:03:00,CDR,0.5
REL1673,P0577,P0373,CALLS,2025-07-25T00:03:00,CDR,0.55
REL1674,P0577,P0311,CALLS,2025-07-25T00:03:00,CDR,0.62
REL1675,P0577,P0358,CALLS,2025-07-25T00:03:00,CDR,0.76
REL1676,P0577,P0354,CALLS,2025-07-25T00:03:00,CDR,0.9
REL1677,P0577,P0374,CALLS,2025-07-25T00:03:00,CDR,0.77
REL1678,P0577,P0758,CALLS,2025-07-25T00:03:00,CDR,0.76
REL1679,P0577,P0696,CALLS,2025-07-25T00:03:00,CDR,0.78
REL1680,P0577,P0666,CALLS,2025-07-25T00:03:00,CDR,0.82
REL1681,P0577,P0968,CALLS,2025-07-25T00:03:00,CDR,0.72
REL1682,P0577,P0498,CALLS,2025-07-25T00:03:00,CDR,0.69
REL1683,P0577,P0371,CALLS,2025-07-25T00:03:00,CDR,0.77
REL1684,P0577,P1000,CALLS,2025-07-25T00:03:00,CDR,0.52
REL1685,P0577,P0917,CALLS,2025-07-25T00:03:00,CDR,0.87
REL1686,P0577,P0035,CALLS,2025-07-25T00:03:00,CDR,0.57
REL1687,P0577,P0733,CALLS,2025-07-25T00:03:00,CDR,0.69
REL1688,P0577,P0033,CALLS,2025-07-25T00:03:00,CDR,0.65
REL1689,P0577,P0316,CALLS,2025-07-25T00:03:00,CDR,0.59
REL1690,P0577,P0557,CALLS,2025-07-25T00:03:00,CDR,0.78
REL1691,P0577,P0730,CALLS,2025-07-25T00:03:00,CDR,0.76
REL1692,P0577,P0934,CALLS,2025-07-25T00:03:00,CDR,0.69
REL1693,P0577,P0529,CALLS,2025-07-25T00:03:00,CDR,0.63
REL1694,P0577,P0263,CALLS,2025-07-25T00:03:00,CDR,0.81
REL1695,P0577,P0381,CALLS,2025-07-25T00:03:00,CDR,0.83
REL1696,P0577,P0684,CALLS,2025-07-25T00:03:00,CDR,0.86
REL1697,P0577,P0981,CALLS,2025-07-25T00:03:00,CDR,0.7
REL1698,P0577,P0580,CALLS,2025-07-25T00:03:00,CDR,0.6
REL1699,P0577,P0550,CALLS,2025-07-25T00:03:00,CDR,0.55
REL1700,P0577,P0370,CALLS,2025-07-25T00:03:00,CDR,0.54
REL1701,P0577,P0830,CALLS,2025-07-25T00:03:00,CDR,0.55
REL1702,P0577,P0559,CALLS,2025-07-25T00:03:00,CDR,0.64
REL1703,P0577,P0851,CALLS,2025-07-25T00:03:00,CDR,0.76
REL1704,P0577,P0960,CALLS,2025-07-25T00:03:00,CDR,0.75
REL1705,P0577,P0494,CALLS,2025-07-25T00:03:00,CDR,0.82
REL1706,P0577,P0697,CALLS,2025-07-25T00:03:00,CDR,0.57
REL1707,P0577,P0241,CALLS,2025-07-25T00:03:00,CDR,0.77
REL1708,P1000,P0733,ASSOCIATED_WITH,2025-07-25T00:03:00,SHARED_ORG,0.3
REL1709,P0353,P0432,CALLS,2026-06-02T23:31:00,CDR,0.95
REL1710,P0432,P0035,CALLS,2026-06-02T23:31:00,CDR,0.85
REL1711,P0035,P0715,CALLS,2026-06-02T23:31:00,CDR,0.83
REL1712,P0715,P0133,CALLS,2026-06-02T23:31:00,CDR,0.64
REL1713,P0133,P0497,CALLS,2026-06-02T23:31:00,CDR,0.63
REL1714,P0497,P0879,CALLS,2026-06-02T23:31:00,CDR,0.89
REL1715,P0879,P0661,CALLS,2026-06-02T23:31:00,CDR,0.79
REL1716,P0661,P0414,CALLS,2026-06-02T23:31:00,CDR,0.77
REL1717,P0414,P0198,CALLS,2026-06-02T23:31:00,CDR,0.83
REL1718,P0198,P0474,CALLS,2026-06-02T23:31:00,CDR,0.66
REL1719,P0474,P0115,CALLS,2026-06-02T23:31:00,CDR,0.58
REL1720,P0115,P0411,CALLS,2026-06-02T23:31:00,CDR,0.72
REL1721,P0411,P0617,CALLS,2026-06-02T23:31:00,CDR,0.57
REL1722,P0617,P0711,CALLS,2026-06-02T23:31:00,CDR,0.73
REL1723,P0711,P0493,CALLS,2026-06-02T23:31:00,CDR,0.94
REL1724,P0493,P0549,CALLS,2026-06-02T23:31:00,CDR,0.94
REL1725,P0549,P0899,CALLS,2026-06-02T23:31:00,CDR,0.63
REL1726,P0899,P0294,CALLS,2026-06-02T23:31:00,CDR,0.62
REL1727,P0294,P0839,CALLS,2026-06-02T23:31:00,CDR,0.56
REL1728,P0839,P0961,CALLS,2026-06-02T23:31:00,CDR,0.84
REL1729,P0961,P0345,CALLS,2026-06-02T23:31:00,CDR,0.53
REL1730,P0345,P0826,CALLS,2026-06-02T23:31:00,CDR,0.57
REL1731,P0826,P0544,CALLS,2026-06-02T23:31:00,CDR,0.94
REL1732,P0544,P0923,CALLS,2026-06-02T23:31:00,CDR,0.94
REL1733,P0923,P0933,CALLS,2026-06-02T23:31:00,CDR,0.85
REL1734,P0933,P0492,CALLS,2026-06-02T23:31:00,CDR,0.87
REL1735,P0492,P0050,CALLS,2026-06-02T23:31:00,CDR,0.78
REL1736,P0050,P0456,CALLS,2026-06-02T23:31:00,CDR,0.59
REL1737,P0456,P0116,CALLS,2026-06-02T23:31:00,CDR,0.91
REL1738,P0116,P0356,CALLS,2026-06-02T23:31:00,CDR,0.9
REL1739,P0356,P0363,CALLS,2026-06-02T23:31:00,CDR,0.7
REL1740,P0363,P0908,CALLS,2026-06-02T23:31:00,CDR,0.57
REL1741,P0908,P0072,CALLS,2026-06-02T23:31:00,CDR,0.94
REL1742,P0072,P0752,CALLS,2026-06-02T23:31:00,CDR,0.63
REL1743,P0752,P0996,CALLS,2026-06-02T23:31:00,CDR,0.84
REL1744,P0996,P0399,CALLS,2026-06-02T23:31:00,CDR,0.85
REL1745,P0399,P0855,CALLS,2026-06-02T23:31:00,CDR,0.84
REL1746,P0855,P0114,CALLS,2026-06-02T23:31:00,CDR,0.56
REL1747,P0114,P0800,CALLS,2026-06-02T23:31:00,CDR,0.54
REL1748,P0800,P0136,CALLS,2026-06-02T23:31:00,CDR,0.78
REL1749,P0136,P0001,CALLS,2026-06-02T23:31:00,CDR,0.62
REL1750,P0001,P0510,CALLS,2026-06-02T23:31:00,CDR,0.52
REL1751,P0510,P0371,CALLS,2026-06-02T23:31:00,CDR,0.76
REL1752,P0371,P0620,CALLS,2026-06-02T23:31:00,CDR,0.64
REL1753,P0620,P0272,CALLS,2026-06-02T23:31:00,CDR,0.86
REL1754,P0272,P0288,CALLS,2026-06-02T23:31:00,CDR,0.84
REL1755,P0288,P0346,CALLS,2026-06-02T23:31:00,CDR,0.8
REL1756,P0346,P0816,CALLS,2026-06-02T23:31:00,CDR,0.65
REL1757,P0816,P0331,CALLS,2026-06-02T23:31:00,CDR,0.61
REL1758,P0331,P0103,CALLS,2026-06-02T23:31:00,CDR,0.62
REL1759,P0103,P0968,CALLS,2026-06-02T23:31:00,CDR,0.61
REL1760,P0968,P0779,CALLS,2026-06-02T23:31:00,CDR,0.71
REL1761,P0779,P0350,CALLS,2026-06-02T23:31:00,CDR,0.58
REL1762,P0350,P0298,CALLS,2026-06-02T23:31:00,CDR,0.68
REL1763,P0298,P0370,CALLS,2026-06-02T23:31:00,CDR,0.65
REL1764,P0370,P0023,CALLS,2026-06-02T23:31:00,CDR,0.56
REL1765,P0023,P0631,CALLS,2026-06-02T23:31:00,CDR,0.83
REL1766,P0631,P0650,CALLS,2026-06-02T23:31:00,CDR,0.87
REL1767,P0650,P0327,CALLS,2026-06-02T23:31:00,CDR,0.95
REL1768,P0327,P0459,CALLS,2026-06-02T23:31:00,CDR,0.88
REL1769,P0459,P0890,CALLS,2026-06-02T23:31:00,CDR,0.54
REL1770,P0890,P0725,CALLS,2026-06-02T23:31:00,CDR,0.7
REL1771,P0725,P0766,CALLS,2026-06-02T23:31:00,CDR,0.51
REL1772,P0766,P0902,CALLS,2026-06-02T23:31:00,CDR,0.72
REL1773,P0902,P0049,CALLS,2026-06-02T23:31:00,CDR,0.87
REL1774,P0049,P0280,CALLS,2026-06-02T23:31:00,CDR,0.67
REL1775,P0280,P0435,CALLS,2026-06-02T23:31:00,CDR,0.94
REL1776,P0435,P0501,CALLS,2026-06-02T23:31:00,CDR,0.92
REL1777,P0501,P0740,CALLS,2026-06-02T23:31:00,CDR,0.73
REL1778,P0740,P0601,CALLS,2026-06-02T23:31:00,CDR,0.57
REL1779,P0601,P0379,CALLS,2026-06-02T23:31:00,CDR,0.81
REL1780,P0379,P0821,CALLS,2026-06-02T23:31:00,CDR,0.85
REL1781,P0821,P0321,CALLS,2026-06-02T23:31:00,CDR,0.51
REL1782,P0023,P0826,ASSOCIATED_WITH,2026-06-02T23:31:00,SHARED_ORG,0.3
REL1783,P0901,P0794,CALLS,2025-12-28T16:17:00,CDR,0.93
REL1784,P0794,P0314,CALLS,2025-12-28T16:17:00,CDR,0.86
REL1785,P0314,P0463,CALLS,2025-12-28T16:17:00,CDR,0.69
REL1786,P0463,P0366,CALLS,2025-12-28T16:17:00,CDR,0.77
REL1787,P0366,P0108,CALLS,2025-12-28T16:17:00,CDR,0.68
REL1788,P0108,P0757,CALLS,2025-12-28T16:17:00,CDR,0.93
REL1789,P0757,P0456,CALLS,2025-12-28T16:17:00,CDR,0.76
REL1790,P0456,P0200,CALLS,2025-12-28T16:17:00,CDR,0.9
REL1791,P0200,P0824,CALLS,2025-12-28T16:17:00,CDR,0.72
REL1792,P0824,P0363,CALLS,2025-12-28T16:17:00,CDR,0.59
REL1793,P0363,P0980,CALLS,2025-12-28T16:17:00,CDR,0.76
REL1794,P0980,P0895,CALLS,2025-12-28T16:17:00,CDR,0.76
REL1795,P0895,P0328,CALLS,2025-12-28T16:17:00,CDR,0.77
REL1796,P0328,P0519,CALLS,2025-12-28T16:17:00,CDR,0.61
REL1797,P0519,P0664,CALLS,2025-12-28T16:17:00,CDR,0.8
REL1798,P0664,P0816,CALLS,2025-12-28T16:17:00,CDR,0.61
REL1799,P0816,P0782,CALLS,2025-12-28T16:17:00,CDR,0.51
REL1800,P0782,P0199,CALLS,2025-12-28T16:17:00,CDR,0.68
REL1801,P0199,P0070,CALLS,2025-12-28T16:17:00,CDR,0.91
REL1802,P0070,P0359,CALLS,2025-12-28T16:17:00,CDR,0.66
REL1803,P0359,P0053,CALLS,2025-12-28T16:17:00,CDR,0.74
REL1804,P0053,P0287,CALLS,2025-12-28T16:17:00,CDR,0.75
REL1805,P0287,P0653,CALLS,2025-12-28T16:17:00,CDR,0.93
REL1806,P0653,P0915,CALLS,2025-12-28T16:17:00,CDR,0.5
REL1807,P0915,P0446,CALLS,2025-12-28T16:17:00,CDR,0.81
REL1808,P0446,P0112,CALLS,2025-12-28T16:17:00,CDR,0.53
REL1809,P0112,P0297,CALLS,2025-12-28T16:17:00,CDR,0.82
REL1810,P0297,P0060,CALLS,2025-12-28T16:17:00,CDR,0.73
REL1811,P0060,P0996,CALLS,2025-12-28T16:17:00,CDR,0.55
REL1812,P0996,P0806,CALLS,2025-12-28T16:17:00,CDR,0.66
REL1813,P0806,P0404,CALLS,2025-12-28T16:17:00,CDR,0.67
REL1814,P0404,P0345,CALLS,2025-12-28T16:17:00,CDR,0.54
REL1815,P0345,P0280,CALLS,2025-12-28T16:17:00,CDR,0.84
REL1816,P0280,P0853,CALLS,2025-12-28T16:17:00,CDR,0.8
REL1817,P0853,P0370,CALLS,2025-12-28T16:17:00,CDR,0.62
REL1818,P0370,P0288,CALLS,2025-12-28T16:17:00,CDR,0.61
REL1819,P0288,P0395,CALLS,2025-12-28T16:17:00,CDR,0.85
REL1820,P0395,P0181,CALLS,2025-12-28T16:17:00,CDR,0.56
REL1821,P0181,P0875,CALLS,2025-12-28T16:17:00,CDR,0.82
REL1822,P0875,P0469,CALLS,2025-12-28T16:17:00,CDR,0.65
REL1823,P0469,P0969,CALLS,2025-12-28T16:17:00,CDR,0.76
REL1824,P0969,P0544,CALLS,2025-12-28T16:17:00,CDR,0.72
REL1825,P0544,P0625,CALLS,2025-12-28T16:17:00,CDR,0.56
REL1826,P0395,P0070,ASSOCIATED_WITH,2025-12-28T16:17:00,SHARED_ORG,0.3
REL1827,P0471,P0116,CALLS,2025-11-14T05:13:00,CDR,0.91
REL1828,P0148,P0272,CALLS,2025-11-14T05:13:00,CDR,0.53
REL1829,P0148,P0694,CALLS,2025-11-14T05:13:00,CDR,0.69
REL1830,P0471,P0229,CALLS,2025-11-14T05:13:00,CDR,0.54
REL1831,P0471,P0005,CALLS,2025-11-14T05:13:00,CDR,0.59
REL1832,P0148,P0017,CALLS,2025-11-14T05:13:00,CDR,0.55
REL1833,P0148,P0124,CALLS,2025-11-14T05:13:00,CDR,0.6
REL1834,P0148,P0545,CALLS,2025-11-14T05:13:00,CDR,0.81
REL1835,P0471,P0707,CALLS,2025-11-14T05:13:00,CDR,0.78
REL1836,P0148,P0223,CALLS,2025-11-14T05:13:00,CDR,0.57
REL1837,P0148,P0390,CALLS,2025-11-14T05:13:00,CDR,0.92
REL1838,P0148,P0659,CALLS,2025-11-14T05:13:00,CDR,0.56
REL1839,P0148,P0806,CALLS,2025-11-14T05:13:00,CDR,0.82
REL1840,P0471,P0607,CALLS,2025-11-14T05:13:00,CDR,0.57
REL1841,P0148,P0689,CALLS,2025-11-14T05:13:00,CDR,0.55
REL1842,P0148,P0307,CALLS,2025-11-14T05:13:00,CDR,0.82
REL1843,P0148,P0448,CALLS,2025-11-14T05:13:00,CDR,0.57
REL1844,P0148,P0064,CALLS,2025-11-14T05:13:00,CDR,0.89
REL1845,P0471,P0999,CALLS,2025-11-14T05:13:00,CDR,0.51
REL1846,P0471,P0431,CALLS,2025-11-14T05:13:00,CDR,0.87
REL1847,P0148,P0484,CALLS,2025-11-14T05:13:00,CDR,0.59
REL1848,P0148,P0812,CALLS,2025-11-14T05:13:00,CDR,0.65
REL1849,P0471,P0370,CALLS,2025-11-14T05:13:00,CDR,0.93
REL1850,P0471,P0168,CALLS,2025-11-14T05:13:00,CDR,0.88
REL1851,P0148,P0289,CALLS,2025-11-14T05:13:00,CDR,0.87
REL1852,P0148,P0930,CALLS,2025-11-14T05:13:00,CDR,0.8
REL1853,P0148,P0306,CALLS,2025-11-14T05:13:00,CDR,0.77
REL1854,P0471,P0027,CALLS,2025-11-14T05:13:00,CDR,0.79
REL1855,P0471,P0611,CALLS,2025-11-14T05:13:00,CDR,0.74
REL1856,P0471,P0986,CALLS,2025-11-14T05:13:00,CDR,0.86
REL1857,P0148,P0145,CALLS,2025-11-14T05:13:00,CDR,0.75
REL1858,P0471,P0469,CALLS,2025-11-14T05:13:00,CDR,0.88
REL1859,P0471,P0630,CALLS,2025-11-14T05:13:00,CDR,0.67
REL1860,P0148,P0451,CALLS,2025-11-14T05:13:00,CDR,0.83
REL1861,P0148,P0575,CALLS,2025-11-14T05:13:00,CDR,0.62
REL1862,P0471,P0216,CALLS,2025-11-14T05:13:00,CDR,0.75
REL1863,P0148,P0135,CALLS,2025-11-14T05:13:00,CDR,0.9
REL1864,P0471,P0646,CALLS,2025-11-14T05:13:00,CDR,0.72
REL1865,P0471,P0947,CALLS,2025-11-14T05:13:00,CDR,0.79
REL1866,P0148,P0861,CALLS,2025-11-14T05:13:00,CDR,0.64
REL1867,P0471,P0499,CALLS,2025-11-14T05:13:00,CDR,0.54
REL1868,P0148,P0786,CALLS,2025-11-14T05:13:00,CDR,0.54
REL1869,P0148,P0134,CALLS,2025-11-14T05:13:00,CDR,0.74
REL1870,P0148,P0350,CALLS,2025-11-14T05:13:00,CDR,0.54
REL1871,P0471,P0001,CALLS,2025-11-14T05:13:00,CDR,0.58
REL1872,P0148,P0206,CALLS,2025-11-14T05:13:00,CDR,0.94
REL1873,P0471,P0282,CALLS,2025-11-14T05:13:00,CDR,0.8
REL1874,P0148,P0173,CALLS,2025-11-14T05:13:00,CDR,0.94
REL1875,P0148,P0189,CALLS,2025-11-14T05:13:00,CDR,0.65
REL1876,P0148,P0943,CALLS,2025-11-14T05:13:00,CDR,0.59
REL1877,P0471,P0388,CALLS,2025-11-14T05:13:00,CDR,0.53
REL1878,P0148,P0601,CALLS,2025-11-14T05:13:00,CDR,0.74
REL1879,P0148,P0746,CALLS,2025-11-14T05:13:00,CDR,0.69
REL1880,P0148,P0615,CALLS,2025-11-14T05:13:00,CDR,0.77
REL1881,P0148,P0973,CALLS,2025-11-14T05:13:00,CDR,0.53
REL1882,P0148,P0164,CALLS,2025-11-14T05:13:00,CDR,0.54
REL1883,P0615,P0973,ASSOCIATED_WITH,2025-11-14T05:13:00,SHARED_ORG,0.3
REL1884,P0753,P0462,CALLS,2025-06-08T20:02:00,CDR,0.78
REL1885,P0753,P0488,CALLS,2025-06-08T20:02:00,CDR,0.51
REL1886,P0753,P0568,CALLS,2025-06-08T20:02:00,CDR,0.76
REL1887,P0753,P0519,CALLS,2025-06-08T20:02:00,CDR,0.87
REL1888,P0753,P0169,CALLS,2025-06-08T20:02:00,CDR,0.59
REL1889,P0753,P0848,CALLS,2025-06-08T20:02:00,CDR,0.71
REL1890,P0568,P0519,ASSOCIATED_WITH,2025-06-08T20:02:00,SHARED_ORG,0.3
REL1891,P0790,P0401,CALLS,2025-07-10T08:51:00,CDR,0.69
REL1892,P0790,P0795,CALLS,2025-07-10T08:51:00,CDR,0.91
REL1893,P0560,P0015,CALLS,2025-07-10T08:51:00,CDR,0.58
REL1894,P0790,P0598,CALLS,2025-07-10T08:51:00,CDR,0.78
REL1895,P0560,P0561,CALLS,2025-07-10T08:51:00,CDR,0.69
REL1896,P0598,P0561,ASSOCIATED_WITH,2025-07-10T08:51:00,SHARED_ORG,0.3
REL1897,P0778,P0180,CALLS,2025-12-23T18:54:00,CDR,0.86
REL1898,P0180,P0743,CALLS,2025-12-23T18:54:00,CDR,0.85
REL1899,P0743,P0845,CALLS,2025-12-23T18:54:00,CDR,0.52
REL1900,P0845,P0956,CALLS,2025-12-23T18:54:00,CDR,0.85
REL1901,P0956,P0648,CALLS,2025-12-23T18:54:00,CDR,0.7
REL1902,P0648,P0368,CALLS,2025-12-23T18:54:00,CDR,0.93
REL1903,P0368,P0148,CALLS,2025-12-23T18:54:00,CDR,0.84
REL1904,P0148,P0853,CALLS,2025-12-23T18:54:00,CDR,0.69
REL1905,P0853,P0809,CALLS,2025-12-23T18:54:00,CDR,0.94
REL1906,P0809,P0942,CALLS,2025-12-23T18:54:00,CDR,0.91
REL1907,P0942,P0389,CALLS,2025-12-23T18:54:00,CDR,0.62
REL1908,P0389,P0940,CALLS,2025-12-23T18:54:00,CDR,0.91
REL1909,P0940,P0606,CALLS,2025-12-23T18:54:00,CDR,0.62
REL1910,P0606,P0789,CALLS,2025-12-23T18:54:00,CDR,0.67
REL1911,P0789,P0132,CALLS,2025-12-23T18:54:00,CDR,0.94
REL1912,P0132,P0274,CALLS,2025-12-23T18:54:00,CDR,0.69
REL1913,P0274,P0859,CALLS,2025-12-23T18:54:00,CDR,0.57
REL1914,P0859,P0213,CALLS,2025-12-23T18:54:00,CDR,0.7
REL1915,P0213,P0450,CALLS,2025-12-23T18:54:00,CDR,0.63
REL1916,P0450,P0107,CALLS,2025-12-23T18:54:00,CDR,0.75
REL1917,P0107,P0153,CALLS,2025-12-23T18:54:00,CDR,0.64
REL1918,P0153,P0932,CALLS,2025-12-23T18:54:00,CDR,0.9
REL1919,P0932,P0101,CALLS,2025-12-23T18:54:00,CDR,0.73
REL1920,P0101,P0248,CALLS,2025-12-23T18:54:00,CDR,0.73
REL1921,P0248,P0090,CALLS,2025-12-23T18:54:00,CDR,0.85
REL1922,P0090,P0141,CALLS,2025-12-23T18:54:00,CDR,0.94
REL1923,P0141,P0189,CALLS,2025-12-23T18:54:00,CDR,0.75
REL1924,P0189,P0601,CALLS,2025-12-23T18:54:00,CDR,0.64
REL1925,P0601,P0725,CALLS,2025-12-23T18:54:00,CDR,0.61
REL1926,P0725,P0405,CALLS,2025-12-23T18:54:00,CDR,0.73
REL1927,P0405,P0750,CALLS,2025-12-23T18:54:00,CDR,0.74
REL1928,P0750,P0688,CALLS,2025-12-23T18:54:00,CDR,0.61
REL1929,P0688,P0724,CALLS,2025-12-23T18:54:00,CDR,0.52
REL1930,P0724,P0957,CALLS,2025-12-23T18:54:00,CDR,0.83
REL1931,P0957,P0830,CALLS,2025-12-23T18:54:00,CDR,0.78
REL1932,P0830,P0930,CALLS,2025-12-23T18:54:00,CDR,0.83
REL1933,P0930,P0113,CALLS,2025-12-23T18:54:00,CDR,0.52
REL1934,P0113,P0171,CALLS,2025-12-23T18:54:00,CDR,0.7
REL1935,P0171,P0475,CALLS,2025-12-23T18:54:00,CDR,0.66
REL1936,P0475,P0104,CALLS,2025-12-23T18:54:00,CDR,0.71
REL1937,P0104,P0379,CALLS,2025-12-23T18:54:00,CDR,0.8
REL1938,P0379,P0850,CALLS,2025-12-23T18:54:00,CDR,0.91
REL1939,P0850,P0584,CALLS,2025-12-23T18:54:00,CDR,0.55
REL1940,P0584,P0580,CALLS,2025-12-23T18:54:00,CDR,0.56
REL1941,P0580,P0055,CALLS,2025-12-23T18:54:00,CDR,0.81
REL1942,P0055,P0410,CALLS,2025-12-23T18:54:00,CDR,0.94
REL1943,P0410,P0795,CALLS,2025-12-23T18:54:00,CDR,0.81
REL1944,P0795,P0501,CALLS,2025-12-23T18:54:00,CDR,0.92
REL1945,P0501,P0543,CALLS,2025-12-23T18:54:00,CDR,0.66
REL1946,P0543,P0391,CALLS,2025-12-23T18:54:00,CDR,0.63
REL1947,P0391,P0432,CALLS,2025-12-23T18:54:00,CDR,0.77
REL1948,P0432,P0498,CALLS,2025-12-23T18:54:00,CDR,0.63
REL1949,P0498,P0669,CALLS,2025-12-23T18:54:00,CDR,0.86
REL1950,P0669,P0441,CALLS,2025-12-23T18:54:00,CDR,0.86
REL1951,P0441,P0121,CALLS,2025-12-23T18:54:00,CDR,0.83
REL1952,P0121,P0713,CALLS,2025-12-23T18:54:00,CDR,0.75
REL1953,P0713,P0969,CALLS,2025-12-23T18:54:00,CDR,0.79
REL1954,P0969,P0697,CALLS,2025-12-23T18:54:00,CDR,0.84
REL1955,P0697,P0878,CALLS,2025-12-23T18:54:00,CDR,0.94
REL1956,P0878,P0444,CALLS,2025-12-23T18:54:00,CDR,0.75
REL1957,P0444,P0357,CALLS,2025-12-23T18:54:00,CDR,0.66
REL1958,P0357,P0784,CALLS,2025-12-23T18:54:00,CDR,0.51
REL1959,P0784,P0964,CALLS,2025-12-23T18:54:00,CDR,0.84
REL1960,P0964,P0553,CALLS,2025-12-23T18:54:00,CDR,0.56
REL1961,P0553,P0003,CALLS,2025-12-23T18:54:00,CDR,0.51
REL1962,P0003,P0687,CALLS,2025-12-23T18:54:00,CDR,0.51
REL1963,P0687,P0469,CALLS,2025-12-23T18:54:00,CDR,0.73
REL1964,P0469,P0806,CALLS,2025-12-23T18:54:00,CDR,0.64
REL1965,P0806,P0159,CALLS,2025-12-23T18:54:00,CDR,0.92
REL1966,P0159,P0671,CALLS,2025-12-23T18:54:00,CDR,0.85
REL1967,P0368,P0148,ASSOCIATED_WITH,2025-12-23T18:54:00,SHARED_ORG,0.3
REL1968,P0156,P0258,CALLS,2026-01-10T08:01:00,CDR,0.52
REL1969,P0847,P0847,ASSOCIATED_WITH,2026-01-10T08:01:00,SHARED_ORG,0.3
REL1970,P0763,P0309,CALLS,2026-07-06T00:00:00,CDR,0.79
REL1971,P0309,P0622,CALLS,2026-07-06T00:00:00,CDR,0.62
REL1972,P0622,P0267,CALLS,2026-07-06T00:00:00,CDR,0.53
REL1973,P0267,P0115,CALLS,2026-07-06T00:00:00,CDR,0.53
REL1974,P0115,P0932,CALLS,2026-07-06T00:00:00,CDR,0.84
REL1975,P0932,P0068,CALLS,2026-07-06T00:00:00,CDR,0.83
REL1976,P0068,P0333,CALLS,2026-07-06T00:00:00,CDR,0.73
REL1977,P0333,P0721,CALLS,2026-07-06T00:00:00,CDR,0.6
REL1978,P0721,P0225,CALLS,2026-07-06T00:00:00,CDR,0.73
REL1979,P0225,P0107,CALLS,2026-07-06T00:00:00,CDR,0.67
REL1980,P0107,P0089,CALLS,2026-07-06T00:00:00,CDR,0.65
REL1981,P0089,P0994,CALLS,2026-07-06T00:00:00,CDR,0.62
REL1982,P0994,P0845,CALLS,2026-07-06T00:00:00,CDR,0.51
REL1983,P0845,P0923,CALLS,2026-07-06T00:00:00,CDR,0.81
REL1984,P0923,P0795,CALLS,2026-07-06T00:00:00,CDR,0.69
REL1985,P0795,P0280,CALLS,2026-07-06T00:00:00,CDR,0.65
REL1986,P0280,P0051,CALLS,2026-07-06T00:00:00,CDR,0.62
REL1987,P0051,P0510,CALLS,2026-07-06T00:00:00,CDR,0.77
REL1988,P0510,P0971,CALLS,2026-07-06T00:00:00,CDR,0.91
REL1989,P0971,P0238,CALLS,2026-07-06T00:00:00,CDR,0.52
REL1990,P0238,P0262,CALLS,2026-07-06T00:00:00,CDR,0.87
REL1991,P0262,P0724,CALLS,2026-07-06T00:00:00,CDR,0.92
REL1992,P0724,P0103,CALLS,2026-07-06T00:00:00,CDR,0.73
REL1993,P0103,P0712,CALLS,2026-07-06T00:00:00,CDR,0.83
REL1994,P0712,P0788,CALLS,2026-07-06T00:00:00,CDR,0.69
REL1995,P0788,P0980,CALLS,2026-07-06T00:00:00,CDR,0.68
REL1996,P0980,P0512,CALLS,2026-07-06T00:00:00,CDR,0.95
REL1997,P0512,P0989,CALLS,2026-07-06T00:00:00,CDR,0.85
REL1998,P0989,P0571,CALLS,2026-07-06T00:00:00,CDR,0.66
REL1999,P0571,P0939,CALLS,2026-07-06T00:00:00,CDR,0.75
REL2000,P0795,P0980,ASSOCIATED_WITH,2026-07-06T00:00:00,SHARED_ORG,0.3
REL2001,P0195,P0846,CALLS,2025-06-01T19:46:00,CDR,0.5
REL2002,P0195,P0914,CALLS,2025-06-01T19:46:00,CDR,0.62
REL2003,P0195,P0906,CALLS,2025-06-01T19:46:00,CDR,0.72
REL2004,P0195,P0326,CALLS,2025-06-01T19:46:00,CDR,0.61
REL2005,P0195,P0180,CALLS,2025-06-01T19:46:00,CDR,0.76
REL2006,P0195,P0737,CALLS,2025-06-01T19:46:00,CDR,0.82
REL2007,P0195,P0212,CALLS,2025-06-01T19:46:00,CDR,0.66
REL2008,P0195,P0700,CALLS,2025-06-01T19:46:00,CDR,0.73
REL2009,P0195,P0757,CALLS,2025-06-01T19:46:00,CDR,0.79
REL2010,P0195,P0550,CALLS,2025-06-01T19:46:00,CDR,0.94
REL2011,P0195,P0016,CALLS,2025-06-01T19:46:00,CDR,0.53
REL2012,P0195,P0293,CALLS,2025-06-01T19:46:00,CDR,0.88
REL2013,P0195,P0998,CALLS,2025-06-01T19:46:00,CDR,0.59
REL2014,P0195,P0919,CALLS,2025-06-01T19:46:00,CDR,0.7
REL2015,P0195,P0079,CALLS,2025-06-01T19:46:00,CDR,0.89
REL2016,P0180,P0079,ASSOCIATED_WITH,2025-06-01T19:46:00,SHARED_ORG,0.3
REL2017,P0300,P0357,CALLS,2025-09-13T19:16:00,CDR,0.54
REL2018,P0357,P0270,CALLS,2025-09-13T19:16:00,CDR,0.52
REL2019,P0270,P0738,CALLS,2025-09-13T19:16:00,CDR,0.5
REL2020,P0738,P0469,CALLS,2025-09-13T19:16:00,CDR,0.66
REL2021,P0469,P0262,CALLS,2025-09-13T19:16:00,CDR,0.52
REL2022,P0262,P0663,CALLS,2025-09-13T19:16:00,CDR,0.54
REL2023,P0663,P0084,CALLS,2025-09-13T19:16:00,CDR,0.7
REL2024,P0084,P0861,CALLS,2025-09-13T19:16:00,CDR,0.55
REL2025,P0861,P0128,CALLS,2025-09-13T19:16:00,CDR,0.74
REL2026,P0128,P0853,CALLS,2025-09-13T19:16:00,CDR,0.83
REL2027,P0853,P0710,CALLS,2025-09-13T19:16:00,CDR,0.68
REL2028,P0710,P0418,CALLS,2025-09-13T19:16:00,CDR,0.79
REL2029,P0418,P0212,CALLS,2025-09-13T19:16:00,CDR,0.93
REL2030,P0212,P0563,CALLS,2025-09-13T19:16:00,CDR,0.5
REL2031,P0563,P0766,CALLS,2025-09-13T19:16:00,CDR,0.52
REL2032,P0766,P0240,CALLS,2025-09-13T19:16:00,CDR,0.87
REL2033,P0240,P0510,CALLS,2025-09-13T19:16:00,CDR,0.53
REL2034,P0510,P0175,CALLS,2025-09-13T19:16:00,CDR,0.58
REL2035,P0175,P0770,CALLS,2025-09-13T19:16:00,CDR,0.85
REL2036,P0770,P0383,CALLS,2025-09-13T19:16:00,CDR,0.78
REL2037,P0383,P0430,CALLS,2025-09-13T19:16:00,CDR,0.76
REL2038,P0430,P0980,CALLS,2025-09-13T19:16:00,CDR,0.79
REL2039,P0980,P0316,CALLS,2025-09-13T19:16:00,CDR,0.75
REL2040,P0128,P0563,ASSOCIATED_WITH,2025-09-13T19:16:00,SHARED_ORG,0.3
REL2041,P0662,P0023,CALLS,2026-03-29T12:34:00,CDR,0.68
REL2042,P0023,P0683,CALLS,2026-03-29T12:34:00,CDR,0.82
REL2043,P0683,P0693,CALLS,2026-03-29T12:34:00,CDR,0.52
REL2044,P0693,P0061,CALLS,2026-03-29T12:34:00,CDR,0.92
REL2045,P0061,P0175,CALLS,2026-03-29T12:34:00,CDR,0.8
REL2046,P0175,P0665,CALLS,2026-03-29T12:34:00,CDR,0.52
REL2047,P0665,P0341,CALLS,2026-03-29T12:34:00,CDR,0.74
REL2048,P0341,P0206,CALLS,2026-03-29T12:34:00,CDR,0.68
REL2049,P0206,P0737,CALLS,2026-03-29T12:34:00,CDR,0.6
REL2050,P0737,P0924,CALLS,2026-03-29T12:34:00,CDR,0.69
REL2051,P0924,P0518,CALLS,2026-03-29T12:34:00,CDR,0.9
REL2052,P0518,P0482,CALLS,2026-03-29T12:34:00,CDR,0.84
REL2053,P0482,P0990,CALLS,2026-03-29T12:34:00,CDR,0.64
REL2054,P0990,P0549,CALLS,2026-03-29T12:34:00,CDR,0.66
REL2055,P0549,P0689,CALLS,2026-03-29T12:34:00,CDR,0.67
REL2056,P0689,P0126,CALLS,2026-03-29T12:34:00,CDR,0.8
REL2057,P0126,P0736,CALLS,2026-03-29T12:34:00,CDR,0.57
REL2058,P0736,P0286,CALLS,2026-03-29T12:34:00,CDR,0.76
REL2059,P0286,P0954,CALLS,2026-03-29T12:34:00,CDR,0.8
REL2060,P0954,P0197,CALLS,2026-03-29T12:34:00,CDR,0.76
REL2061,P0197,P0059,CALLS,2026-03-29T12:34:00,CDR,0.79
REL2062,P0059,P0072,CALLS,2026-03-29T12:34:00,CDR,0.73
REL2063,P0072,P0314,CALLS,2026-03-29T12:34:00,CDR,0.65
REL2064,P0314,P0459,CALLS,2026-03-29T12:34:00,CDR,0.7
REL2065,P0459,P0998,CALLS,2026-03-29T12:34:00,CDR,0.75
REL2066,P0998,P0419,CALLS,2026-03-29T12:34:00,CDR,0.76
REL2067,P0419,P0310,CALLS,2026-03-29T12:34:00,CDR,0.85
REL2068,P0310,P0401,CALLS,2026-03-29T12:34:00,CDR,0.54
REL2069,P0401,P0484,CALLS,2026-03-29T12:34:00,CDR,0.51
REL2070,P0484,P0381,CALLS,2026-03-29T12:34:00,CDR,0.7
REL2071,P0381,P0724,CALLS,2026-03-29T12:34:00,CDR,0.9
REL2072,P0724,P0232,CALLS,2026-03-29T12:34:00,CDR,0.92
REL2073,P0232,P0437,CALLS,2026-03-29T12:34:00,CDR,0.78
REL2074,P0437,P0378,CALLS,2026-03-29T12:34:00,CDR,0.66
REL2075,P0378,P0553,CALLS,2026-03-29T12:34:00,CDR,0.82
REL2076,P0553,P0499,CALLS,2026-03-29T12:34:00,CDR,0.89
REL2077,P0499,P0411,CALLS,2026-03-29T12:34:00,CDR,0.57
REL2078,P0411,P0649,CALLS,2026-03-29T12:34:00,CDR,0.92
REL2079,P0649,P0651,CALLS,2026-03-29T12:34:00,CDR,0.65
REL2080,P0651,P0057,CALLS,2026-03-29T12:34:00,CDR,0.66
REL2081,P0057,P0745,CALLS,2026-03-29T12:34:00,CDR,0.88
REL2082,P0745,P0508,CALLS,2026-03-29T12:34:00,CDR,0.53
REL2083,P0549,P0310,ASSOCIATED_WITH,2026-03-29T12:34:00,SHARED_ORG,0.3
REL2084,P0958,P0650,CALLS,2025-08-25T08:34:00,CDR,0.82
REL2085,P0958,P0172,CALLS,2025-08-25T08:34:00,CDR,0.71
REL2086,P0958,P0938,CALLS,2025-08-25T08:34:00,CDR,0.81
REL2087,P0958,P0663,CALLS,2025-08-25T08:34:00,CDR,0.73
REL2088,P0958,P0019,CALLS,2025-08-25T08:34:00,CDR,0.67
REL2089,P0958,P0615,CALLS,2025-08-25T08:34:00,CDR,0.73
REL2090,P0958,P0450,CALLS,2025-08-25T08:34:00,CDR,0.79
REL2091,P0958,P0935,CALLS,2025-08-25T08:34:00,CDR,0.5
REL2092,P0958,P0869,CALLS,2025-08-25T08:34:00,CDR,0.91
REL2093,P0958,P0825,CALLS,2025-08-25T08:34:00,CDR,0.91
REL2094,P0958,P0837,CALLS,2025-08-25T08:34:00,CDR,0.6
REL2095,P0958,P0336,CALLS,2025-08-25T08:34:00,CDR,0.61
REL2096,P0958,P0323,CALLS,2025-08-25T08:34:00,CDR,0.6
REL2097,P0958,P0751,CALLS,2025-08-25T08:34:00,CDR,0.68
REL2098,P0958,P0051,CALLS,2025-08-25T08:34:00,CDR,0.53
REL2099,P0958,P0281,CALLS,2025-08-25T08:34:00,CDR,0.8
REL2100,P0958,P0004,CALLS,2025-08-25T08:34:00,CDR,0.68
REL2101,P0958,P0261,CALLS,2025-08-25T08:34:00,CDR,0.81
REL2102,P0958,P0295,CALLS,2025-08-25T08:34:00,CDR,0.54
REL2103,P0958,P0489,CALLS,2025-08-25T08:34:00,CDR,0.75
REL2104,P0958,P0401,CALLS,2025-08-25T08:34:00,CDR,0.86
REL2105,P0958,P0319,CALLS,2025-08-25T08:34:00,CDR,0.94
REL2106,P0958,P0691,CALLS,2025-08-25T08:34:00,CDR,0.51
REL2107,P0958,P0379,CALLS,2025-08-25T08:34:00,CDR,0.61
REL2108,P0958,P0757,CALLS,2025-08-25T08:34:00,CDR,0.93
REL2109,P0958,P0906,CALLS,2025-08-25T08:34:00,CDR,0.92
REL2110,P0958,P0808,CALLS,2025-08-25T08:34:00,CDR,0.55
REL2111,P0958,P0070,CALLS,2025-08-25T08:34:00,CDR,0.71
REL2112,P0958,P0377,CALLS,2025-08-25T08:34:00,CDR,0.9
REL2113,P0958,P0754,CALLS,2025-08-25T08:34:00,CDR,0.75
REL2114,P0958,P0169,CALLS,2025-08-25T08:34:00,CDR,0.66
REL2115,P0958,P0146,CALLS,2025-08-25T08:34:00,CDR,0.77
REL2116,P0958,P0769,CALLS,2025-08-25T08:34:00,CDR,0.58
REL2117,P0958,P0604,CALLS,2025-08-25T08:34:00,CDR,0.9
REL2118,P0958,P0164,CALLS,2025-08-25T08:34:00,CDR,0.63
REL2119,P0958,P0592,CALLS,2025-08-25T08:34:00,CDR,0.72
REL2120,P0958,P0636,CALLS,2025-08-25T08:34:00,CDR,0.72
REL2121,P0958,P0214,CALLS,2025-08-25T08:34:00,CDR,0.87
REL2122,P0958,P0047,CALLS,2025-08-25T08:34:00,CDR,0.8
REL2123,P0958,P0767,CALLS,2025-08-25T08:34:00,CDR,0.5
REL2124,P0958,P0588,CALLS,2025-08-25T08:34:00,CDR,0.53
REL2125,P0958,P0240,CALLS,2025-08-25T08:34:00,CDR,0.55
REL2126,P0958,P0687,CALLS,2025-08-25T08:34:00,CDR,0.88
REL2127,P0958,P0010,CALLS,2025-08-25T08:34:00,CDR,0.51
REL2128,P0958,P0968,CALLS,2025-08-25T08:34:00,CDR,0.69
REL2129,P0958,P0599,CALLS,2025-08-25T08:34:00,CDR,0.61
REL2130,P0958,P0764,CALLS,2025-08-25T08:34:00,CDR,0.82
REL2131,P0958,P0887,CALLS,2025-08-25T08:34:00,CDR,0.67
REL2132,P0958,P0048,CALLS,2025-08-25T08:34:00,CDR,0.94
REL2133,P0958,P0290,CALLS,2025-08-25T08:34:00,CDR,0.75
REL2134,P0958,P0882,CALLS,2025-08-25T08:34:00,CDR,0.64
REL2135,P0958,P0955,CALLS,2025-08-25T08:34:00,CDR,0.85
REL2136,P0958,P0846,CALLS,2025-08-25T08:34:00,CDR,0.95
REL2137,P0958,P0883,CALLS,2025-08-25T08:34:00,CDR,0.93
REL2138,P0958,P0311,CALLS,2025-08-25T08:34:00,CDR,0.68
REL2139,P0958,P0834,CALLS,2025-08-25T08:34:00,CDR,0.91
REL2140,P0958,P0533,CALLS,2025-08-25T08:34:00,CDR,0.91
REL2141,P0958,P0920,CALLS,2025-08-25T08:34:00,CDR,0.66
REL2142,P0958,P0481,CALLS,2025-08-25T08:34:00,CDR,0.7
REL2143,P0958,P0541,CALLS,2025-08-25T08:34:00,CDR,0.58
REL2144,P0958,P0108,CALLS,2025-08-25T08:34:00,CDR,0.73
REL2145,P0958,P0473,CALLS,2025-08-25T08:34:00,CDR,0.67
REL2146,P0958,P0670,CALLS,2025-08-25T08:34:00,CDR,0.92
REL2147,P0958,P0403,CALLS,2025-08-25T08:34:00,CDR,0.74
REL2148,P0958,P0289,CALLS,2025-08-25T08:34:00,CDR,0.52
REL2149,P0958,P0013,CALLS,2025-08-25T08:34:00,CDR,0.67
REL2150,P0958,P0065,CALLS,2025-08-25T08:34:00,CDR,0.57
REL2151,P0311,P0906,ASSOCIATED_WITH,2025-08-25T08:34:00,SHARED_ORG,0.3
REL2152,P0664,P0450,CALLS,2026-06-15T03:06:00,CDR,0.54
REL2153,P0450,P0235,CALLS,2026-06-15T03:06:00,CDR,0.9
REL2154,P0235,P0286,CALLS,2026-06-15T03:06:00,CDR,0.82
REL2155,P0286,P0572,CALLS,2026-06-15T03:06:00,CDR,0.58
REL2156,P0572,P0955,CALLS,2026-06-15T03:06:00,CDR,0.66
REL2157,P0955,P0321,CALLS,2026-06-15T03:06:00,CDR,0.87
REL2158,P0321,P0455,CALLS,2026-06-15T03:06:00,CDR,0.61
REL2159,P0455,P0409,CALLS,2026-06-15T03:06:00,CDR,0.62
REL2160,P0409,P0640,CALLS,2026-06-15T03:06:00,CDR,0.91
REL2161,P0640,P0956,CALLS,2026-06-15T03:06:00,CDR,0.75
REL2162,P0956,P0904,CALLS,2026-06-15T03:06:00,CDR,0.83
REL2163,P0904,P0987,CALLS,2026-06-15T03:06:00,CDR,0.52
REL2164,P0987,P0189,CALLS,2026-06-15T03:06:00,CDR,0.72
REL2165,P0189,P0621,CALLS,2026-06-15T03:06:00,CDR,0.51
REL2166,P0621,P0830,CALLS,2026-06-15T03:06:00,CDR,0.59
REL2167,P0830,P0428,CALLS,2026-06-15T03:06:00,CDR,0.58
REL2168,P0428,P0547,CALLS,2026-06-15T03:06:00,CDR,0.53
REL2169,P0547,P0276,CALLS,2026-06-15T03:06:00,CDR,0.64
REL2170,P0358,P0036,CALLS,2026-06-15T03:06:00,CDR,0.76
REL2171,P0036,P0821,CALLS,2026-06-15T03:06:00,CDR,0.52
REL2172,P0821,P0673,CALLS,2026-06-15T03:06:00,CDR,0.89
REL2173,P0673,P0543,CALLS,2026-06-15T03:06:00,CDR,0.72
REL2174,P0543,P0711,CALLS,2026-06-15T03:06:00,CDR,0.91
REL2175,P0711,P0650,CALLS,2026-06-15T03:06:00,CDR,0.62
REL2176,P0650,P0143,CALLS,2026-06-15T03:06:00,CDR,0.8
REL2177,P0143,P0209,CALLS,2026-06-15T03:06:00,CDR,0.58
REL2178,P0209,P0086,CALLS,2026-06-15T03:06:00,CDR,0.65
REL2179,P0086,P0626,CALLS,2026-06-15T03:06:00,CDR,0.6
REL2180,P0626,P0954,CALLS,2026-06-15T03:06:00,CDR,0.82
REL2181,P0954,P0897,CALLS,2026-06-15T03:06:00,CDR,0.77
REL2182,P0897,P0581,CALLS,2026-06-15T03:06:00,CDR,0.63
REL2183,P0581,P0812,CALLS,2026-06-15T03:06:00,CDR,0.89
REL2184,P0812,P0055,CALLS,2026-06-15T03:06:00,CDR,0.65
REL2185,P0055,P0011,CALLS,2026-06-15T03:06:00,CDR,0.55
REL2186,P0011,P0600,CALLS,2026-06-15T03:06:00,CDR,0.88
REL2187,P0600,P0493,CALLS,2026-06-15T03:06:00,CDR,0.94
REL2188,P0493,P0994,CALLS,2026-06-15T03:06:00,CDR,0.84
REL2189,P0276,P0358,CALLS,2026-06-15T03:06:00,CDR,0.84
REL2190,P0955,P0621,ASSOCIATED_WITH,2026-06-15T03:06:00,SHARED_ORG,0.3
REL2191,P0884,P0056,CALLS,2025-10-18T22:19:00,CDR,0.8
REL2192,P0056,P0329,CALLS,2025-10-18T22:19:00,CDR,0.74
REL2193,P0329,P0251,CALLS,2025-10-18T22:19:00,CDR,0.53
REL2194,P0251,P0309,CALLS,2025-10-18T22:19:00,CDR,0.78
REL2195,P0309,P0036,CALLS,2025-10-18T22:19:00,CDR,0.78
REL2196,P0036,P0821,CALLS,2025-10-18T22:19:00,CDR,0.65
REL2197,P0821,P0040,CALLS,2025-10-18T22:19:00,CDR,0.94
REL2198,P0040,P0498,CALLS,2025-10-18T22:19:00,CDR,0.75
REL2199,P0498,P0317,CALLS,2025-10-18T22:19:00,CDR,0.61
REL2200,P0317,P0402,CALLS,2025-10-18T22:19:00,CDR,0.86
REL2201,P0402,P0875,CALLS,2025-10-18T22:19:00,CDR,0.68
REL2202,P0875,P0549,CALLS,2025-10-18T22:19:00,CDR,0.68
REL2203,P0549,P0964,CALLS,2025-10-18T22:19:00,CDR,0.91
REL2204,P0964,P0233,CALLS,2025-10-18T22:19:00,CDR,0.93
REL2205,P0233,P0250,CALLS,2025-10-18T22:19:00,CDR,0.6
REL2206,P0250,P0843,CALLS,2025-10-18T22:19:00,CDR,0.59
REL2207,P0843,P0909,CALLS,2025-10-18T22:19:00,CDR,0.83
REL2208,P0909,P0125,CALLS,2025-10-18T22:19:00,CDR,0.88
REL2209,P0125,P0734,CALLS,2025-10-18T22:19:00,CDR,0.94
REL2210,P0734,P0597,CALLS,2025-10-18T22:19:00,CDR,0.6
REL2211,P0597,P0838,CALLS,2025-10-18T22:19:00,CDR,0.71
REL2212,P0838,P0958,CALLS,2025-10-18T22:19:00,CDR,0.86
REL2213,P0958,P0683,CALLS,2025-10-18T22:19:00,CDR,0.93
REL2214,P0683,P0308,CALLS,2025-10-18T22:19:00,CDR,0.58
REL2215,P0308,P0577,CALLS,2025-10-18T22:19:00,CDR,0.65
REL2216,P0577,P0351,CALLS,2025-10-18T22:19:00,CDR,0.94
REL2217,P0351,P0057,CALLS,2025-10-18T22:19:00,CDR,0.92
REL2218,P0057,P0963,CALLS,2025-10-18T22:19:00,CDR,0.95
REL2219,P0963,P0935,CALLS,2025-10-18T22:19:00,CDR,0.8
REL2220,P0935,P0344,CALLS,2025-10-18T22:19:00,CDR,0.56
REL2221,P0344,P0916,CALLS,2025-10-18T22:19:00,CDR,0.81
REL2222,P0916,P0650,CALLS,2025-10-18T22:19:00,CDR,0.84
REL2223,P0650,P0401,CALLS,2025-10-18T22:19:00,CDR,0.65
REL2224,P0401,P0678,CALLS,2025-10-18T22:19:00,CDR,0.58
REL2225,P0678,P0372,CALLS,2025-10-18T22:19:00,CDR,0.68
REL2226,P0511,P0939,CALLS,2025-10-18T22:19:00,CDR,0.54
REL2227,P0939,P0934,CALLS,2025-10-18T22:19:00,CDR,0.78
REL2228,P0934,P0319,CALLS,2025-10-18T22:19:00,CDR,0.85
REL2229,P0319,P0803,CALLS,2025-10-18T22:19:00,CDR,0.7
REL2230,P0803,P0975,CALLS,2025-10-18T22:19:00,CDR,0.78
REL2231,P0975,P0887,CALLS,2025-10-18T22:19:00,CDR,0.93
REL2232,P0887,P0531,CALLS,2025-10-18T22:19:00,CDR,0.86
REL2233,P0531,P0374,CALLS,2025-10-18T22:19:00,CDR,0.73
REL2234,P0374,P0991,CALLS,2025-10-18T22:19:00,CDR,0.81
REL2235,P0991,P0147,CALLS,2025-10-18T22:19:00,CDR,0.52
REL2236,P0147,P0184,CALLS,2025-10-18T22:19:00,CDR,0.62
REL2237,P0184,P0508,CALLS,2025-10-18T22:19:00,CDR,0.75
REL2238,P0508,P0676,CALLS,2025-10-18T22:19:00,CDR,0.51
REL2239,P0676,P0016,CALLS,2025-10-18T22:19:00,CDR,0.73
REL2240,P0016,P0500,CALLS,2025-10-18T22:19:00,CDR,0.8
REL2241,P0500,P0273,CALLS,2025-10-18T22:19:00,CDR,0.75
REL2242,P0273,P0398,CALLS,2025-10-18T22:19:00,CDR,0.69
REL2243,P0398,P0910,CALLS,2025-10-18T22:19:00,CDR,0.78
REL2244,P0910,P0456,CALLS,2025-10-18T22:19:00,CDR,0.7
REL2245,P0456,P0830,CALLS,2025-10-18T22:19:00,CDR,0.78
REL2246,P0830,P0361,CALLS,2025-10-18T22:19:00,CDR,0.67
REL2247,P0361,P0264,CALLS,2025-10-18T22:19:00,CDR,0.66
REL2248,P0264,P0522,CALLS,2025-10-18T22:19:00,CDR,0.94
REL2249,P0522,P0285,CALLS,2025-10-18T22:19:00,CDR,0.85
REL2250,P0285,P0258,CALLS,2025-10-18T22:19:00,CDR,0.94
REL2251,P0258,P0217,CALLS,2025-10-18T22:19:00,CDR,0.59
REL2252,P0217,P0651,CALLS,2025-10-18T22:19:00,CDR,0.75
REL2253,P0651,P0845,CALLS,2025-10-18T22:19:00,CDR,0.7
REL2254,P0845,P0320,CALLS,2025-10-18T22:19:00,CDR,0.66
REL2255,P0320,P0529,CALLS,2025-10-18T22:19:00,CDR,0.64
REL2256,P0529,P0071,CALLS,2025-10-18T22:19:00,CDR,0.88
REL2257,P0071,P0536,CALLS,2025-10-18T22:19:00,CDR,0.51
REL2258,P0536,P0523,CALLS,2025-10-18T22:19:00,CDR,0.74
REL2259,P0523,P0978,CALLS,2025-10-18T22:19:00,CDR,0.51
REL2260,P0978,P0898,CALLS,2025-10-18T22:19:00,CDR,0.5
REL2261,P0372,P0511,CALLS,2025-10-18T22:19:00,CDR,0.68
REL2262,P0935,P0344,ASSOCIATED_WITH,2025-10-18T22:19:00,SHARED_ORG,0.3
REL2263,P0460,P0143,CALLS,2026-02-22T06:39:00,CDR,0.78
REL2264,P0571,P0143,CALLS,2026-02-22T06:39:00,CDR,0.6
REL2265,P0143,P0014,CALLS,2026-02-22T06:39:00,CDR,0.65
REL2266,P0474,P0014,CALLS,2026-02-22T06:39:00,CDR,0.54
REL2267,P0505,P0571,ASSOCIATED_WITH,2026-02-22T06:39:00,SHARED_ORG,0.3
REL2268,P0947,P0559,CALLS,2026-04-30T18:31:00,CDR,0.52
REL2269,P0101,P0771,CALLS,2026-04-30T18:31:00,CDR,0.69
REL2270,P0095,P0240,CALLS,2026-04-30T18:31:00,CDR,0.92
REL2271,P0771,P0771,ASSOCIATED_WITH,2026-04-30T18:31:00,SHARED_ORG,0.3
REL2272,P0664,P0775,CALLS,2025-07-22T18:34:00,CDR,0.87
REL2273,P0664,P0968,CALLS,2025-07-22T18:34:00,CDR,0.8
REL2274,P0775,P0968,CALLS,2025-07-22T18:34:00,CDR,0.95
REL2275,P0775,P0690,CALLS,2025-07-22T18:34:00,CDR,0.7
REL2276,P0968,P0690,CALLS,2025-07-22T18:34:00,CDR,0.6
REL2277,P0968,P0343,CALLS,2025-07-22T18:34:00,CDR,0.84
REL2278,P0690,P0343,CALLS,2025-07-22T18:34:00,CDR,0.64
REL2279,P0690,P0649,CALLS,2025-07-22T18:34:00,CDR,0.94
REL2280,P0343,P0649,CALLS,2025-07-22T18:34:00,CDR,0.58
REL2281,P0343,P0854,CALLS,2025-07-22T18:34:00,CDR,0.92
REL2282,P0649,P0854,CALLS,2025-07-22T18:34:00,CDR,0.76
REL2283,P0649,P0397,CALLS,2025-07-22T18:34:00,CDR,0.84
REL2284,P0854,P0397,CALLS,2025-07-22T18:34:00,CDR,0.58
REL2285,P0854,P0144,CALLS,2025-07-22T18:34:00,CDR,0.63
REL2286,P0397,P0144,CALLS,2025-07-22T18:34:00,CDR,0.81
REL2287,P0397,P0106,CALLS,2025-07-22T18:34:00,CDR,0.79
REL2288,P0144,P0106,CALLS,2025-07-22T18:34:00,CDR,0.79
REL2289,P0144,P0009,CALLS,2025-07-22T18:34:00,CDR,0.92
REL2290,P0106,P0009,CALLS,2025-07-22T18:34:00,CDR,0.77
REL2291,P0106,P0541,CALLS,2025-07-22T18:34:00,CDR,0.52
REL2292,P0009,P0541,CALLS,2025-07-22T18:34:00,CDR,0.55
REL2293,P0009,P0286,CALLS,2025-07-22T18:34:00,CDR,0.54
REL2294,P0541,P0286,CALLS,2025-07-22T18:34:00,CDR,0.56
REL2295,P0541,P0352,CALLS,2025-07-22T18:34:00,CDR,0.59
REL2296,P0286,P0352,CALLS,2025-07-22T18:34:00,CDR,0.9
REL2297,P0286,P0169,CALLS,2025-07-22T18:34:00,CDR,0.81
REL2298,P0352,P0169,CALLS,2025-07-22T18:34:00,CDR,0.92
REL2299,P0352,P0785,CALLS,2025-07-22T18:34:00,CDR,0.83
REL2300,P0169,P0785,CALLS,2025-07-22T18:34:00,CDR,0.69
REL2301,P0169,P0996,CALLS,2025-07-22T18:34:00,CDR,0.87
REL2302,P0785,P0996,CALLS,2025-07-22T18:34:00,CDR,0.94
REL2303,P0785,P0572,CALLS,2025-07-22T18:34:00,CDR,0.59
REL2304,P0996,P0572,CALLS,2025-07-22T18:34:00,CDR,0.62
REL2305,P0996,P0230,CALLS,2025-07-22T18:34:00,CDR,0.72
REL2306,P0572,P0230,CALLS,2025-07-22T18:34:00,CDR,0.63
REL2307,P0572,P0692,CALLS,2025-07-22T18:34:00,CDR,0.74
REL2308,P0230,P0692,CALLS,2025-07-22T18:34:00,CDR,0.67
REL2309,P0230,P0705,CALLS,2025-07-22T18:34:00,CDR,0.84
REL2310,P0692,P0705,CALLS,2025-07-22T18:34:00,CDR,0.84
REL2311,P0692,P0876,CALLS,2025-07-22T18:34:00,CDR,0.63
REL2312,P0705,P0876,CALLS,2025-07-22T18:34:00,CDR,0.5
REL2313,P0705,P0737,CALLS,2025-07-22T18:34:00,CDR,0.59
REL2314,P0876,P0737,CALLS,2025-07-22T18:34:00,CDR,0.82
REL2315,P0876,P0904,CALLS,2025-07-22T18:34:00,CDR,0.74
REL2316,P0737,P0904,CALLS,2025-07-22T18:34:00,CDR,0.92
REL2317,P0737,P0436,CALLS,2025-07-22T18:34:00,CDR,0.69
REL2318,P0904,P0436,CALLS,2025-07-22T18:34:00,CDR,0.73
REL2319,P0904,P0618,CALLS,2025-07-22T18:34:00,CDR,0.64
REL2320,P0436,P0618,CALLS,2025-07-22T18:34:00,CDR,0.58
REL2321,P0541,P0775,ASSOCIATED_WITH,2025-07-22T18:34:00,SHARED_ORG,0.3
REL2322,P0200,P0092,CALLS,2026-07-11T12:19:00,CDR,0.72
REL2323,P0092,P0346,CALLS,2026-07-11T12:19:00,CDR,0.83
REL2324,P0346,P0248,CALLS,2026-07-11T12:19:00,CDR,0.63
REL2325,P0248,P0856,CALLS,2026-07-11T12:19:00,CDR,0.79
REL2326,P0856,P0052,CALLS,2026-07-11T12:19:00,CDR,0.63
REL2327,P0052,P0832,CALLS,2026-07-11T12:19:00,CDR,0.56
REL2328,P0832,P0445,CALLS,2026-07-11T12:19:00,CDR,0.81
REL2329,P0445,P0107,CALLS,2026-07-11T12:19:00,CDR,0.89
REL2330,P0107,P0981,CALLS,2026-07-11T12:19:00,CDR,0.83
REL2331,P0981,P0801,CALLS,2026-07-11T12:19:00,CDR,0.62
REL2332,P0801,P0285,CALLS,2026-07-11T12:19:00,CDR,0.78
REL2333,P0285,P0148,CALLS,2026-07-11T12:19:00,CDR,0.54
REL2334,P0148,P0833,CALLS,2026-07-11T12:19:00,CDR,0.58
REL2335,P0833,P0691,CALLS,2026-07-11T12:19:00,CDR,0.72
REL2336,P0691,P0597,CALLS,2026-07-11T12:19:00,CDR,0.77
REL2337,P0597,P0864,CALLS,2026-07-11T12:19:00,CDR,0.66
REL2338,P0864,P0905,CALLS,2026-07-11T12:19:00,CDR,0.61
REL2339,P0905,P0612,CALLS,2026-07-11T12:19:00,CDR,0.87
REL2340,P0612,P0777,CALLS,2026-07-11T12:19:00,CDR,0.83
REL2341,P0777,P0295,CALLS,2026-07-11T12:19:00,CDR,0.67
REL2342,P0295,P0927,CALLS,2026-07-11T12:19:00,CDR,0.59
REL2343,P0927,P0619,CALLS,2026-07-11T12:19:00,CDR,0.64
REL2344,P0619,P0269,CALLS,2026-07-11T12:19:00,CDR,0.76
REL2345,P0269,P0325,CALLS,2026-07-11T12:19:00,CDR,0.6
REL2346,P0325,P0711,CALLS,2026-07-11T12:19:00,CDR,0.62
REL2347,P0711,P0725,CALLS,2026-07-11T12:19:00,CDR,0.93
REL2348,P0725,P0138,CALLS,2026-07-11T12:19:00,CDR,0.93
REL2349,P0536,P0985,CALLS,2026-07-11T12:19:00,CDR,0.84
REL2350,P0985,P0002,CALLS,2026-07-11T12:19:00,CDR,0.55
REL2351,P0002,P0270,CALLS,2026-07-11T12:19:00,CDR,0.68
REL2352,P0270,P0240,CALLS,2026-07-11T12:19:00,CDR,0.76
REL2353,P0240,P0868,CALLS,2026-07-11T12:19:00,CDR,0.74
REL2354,P0868,P0658,CALLS,2026-07-11T12:19:00,CDR,0.8
REL2355,P0658,P0524,CALLS,2026-07-11T12:19:00,CDR,0.52
REL2356,P0524,P0854,CALLS,2026-07-11T12:19:00,CDR,0.86
REL2357,P0854,P0489,CALLS,2026-07-11T12:19:00,CDR,0.91
REL2358,P0489,P0036,CALLS,2026-07-11T12:19:00,CDR,0.86
REL2359,P0036,P0160,CALLS,2026-07-11T12:19:00,CDR,0.62
REL2360,P0160,P0019,CALLS,2026-07-11T12:19:00,CDR,0.81
REL2361,P0019,P0694,CALLS,2026-07-11T12:19:00,CDR,0.89
REL2362,P0694,P0056,CALLS,2026-07-11T12:19:00,CDR,0.88
REL2363,P0056,P0796,CALLS,2026-07-11T12:19:00,CDR,0.76
REL2364,P0796,P0328,CALLS,2026-07-11T12:19:00,CDR,0.93
REL2365,P0328,P0222,CALLS,2026-07-11T12:19:00,CDR,0.87
REL2366,P0222,P0969,CALLS,2026-07-11T12:19:00,CDR,0.86
REL2367,P0969,P0010,CALLS,2026-07-11T12:19:00,CDR,0.56
REL2368,P0010,P0128,CALLS,2026-07-11T12:19:00,CDR,0.59
REL2369,P0128,P0561,CALLS,2026-07-11T12:19:00,CDR,0.62
REL2370,P0561,P0341,CALLS,2026-07-11T12:19:00,CDR,0.63
REL2371,P0341,P0618,CALLS,2026-07-11T12:19:00,CDR,0.54
REL2372,P0618,P0701,CALLS,2026-07-11T12:19:00,CDR,0.85
REL2373,P0701,P0474,CALLS,2026-07-11T12:19:00,CDR,0.71
REL2374,P0474,P0225,CALLS,2026-07-11T12:19:00,CDR,0.95
REL2375,P0225,P0719,CALLS,2026-07-11T12:19:00,CDR,0.84
REL2376,P0138,P0536,CALLS,2026-07-11T12:19:00,CDR,0.64
REL2377,P0269,P0618,ASSOCIATED_WITH,2026-07-11T12:19:00,SHARED_ORG,0.3
REL2378,P0701,P0139,CALLS,2025-12-03T00:28:00,CDR,0.5
REL2379,P0701,P0171,CALLS,2025-12-03T00:28:00,CDR,0.74
REL2380,P0701,P0267,CALLS,2025-12-03T00:28:00,CDR,0.85
REL2381,P0701,P0007,CALLS,2025-12-03T00:28:00,CDR,0.93
REL2382,P0701,P0313,CALLS,2025-12-03T00:28:00,CDR,0.78
REL2383,P0701,P0769,CALLS,2025-12-03T00:28:00,CDR,0.6
REL2384,P0701,P0451,CALLS,2025-12-03T00:28:00,CDR,0.52
REL2385,P0701,P0784,CALLS,2025-12-03T00:28:00,CDR,0.81
REL2386,P0701,P0108,CALLS,2025-12-03T00:28:00,CDR,0.56
REL2387,P0701,P0086,CALLS,2025-12-03T00:28:00,CDR,0.86
REL2388,P0701,P0204,CALLS,2025-12-03T00:28:00,CDR,0.69
REL2389,P0701,P0507,CALLS,2025-12-03T00:28:00,CDR,0.89
REL2390,P0701,P0832,CALLS,2025-12-03T00:28:00,CDR,0.6
REL2391,P0701,P0644,CALLS,2025-12-03T00:28:00,CDR,0.93
REL2392,P0701,P0837,CALLS,2025-12-03T00:28:00,CDR,0.71
REL2393,P0701,P0465,CALLS,2025-12-03T00:28:00,CDR,0.81
REL2394,P0701,P0594,CALLS,2025-12-03T00:28:00,CDR,0.7
REL2395,P0701,P0373,CALLS,2025-12-03T00:28:00,CDR,0.68
REL2396,P0701,P0867,CALLS,2025-12-03T00:28:00,CDR,0.58
REL2397,P0701,P0541,CALLS,2025-12-03T00:28:00,CDR,0.69
REL2398,P0701,P0066,CALLS,2025-12-03T00:28:00,CDR,0.54
REL2399,P0701,P0341,CALLS,2025-12-03T00:28:00,CDR,0.51
REL2400,P0701,P0670,CALLS,2025-12-03T00:28:00,CDR,0.73
REL2401,P0701,P0745,CALLS,2025-12-03T00:28:00,CDR,0.61
REL2402,P0701,P0210,CALLS,2025-12-03T00:28:00,CDR,0.72
REL2403,P0701,P0535,CALLS,2025-12-03T00:28:00,CDR,0.61
REL2404,P0701,P0704,CALLS,2025-12-03T00:28:00,CDR,0.67
REL2405,P0701,P0746,CALLS,2025-12-03T00:28:00,CDR,0.85
REL2406,P0701,P0286,CALLS,2025-12-03T00:28:00,CDR,0.87
REL2407,P0701,P0367,CALLS,2025-12-03T00:28:00,CDR,0.59
REL2408,P0701,P0028,CALLS,2025-12-03T00:28:00,CDR,0.68
REL2409,P0701,P0279,CALLS,2025-12-03T00:28:00,CDR,0.68
REL2410,P0373,P0451,ASSOCIATED_WITH,2025-12-03T00:28:00,SHARED_ORG,0.3
REL2411,P0303,P0779,CALLS,2025-10-20T21:17:00,CDR,0.56
REL2412,P0303,P0049,CALLS,2025-10-20T21:17:00,CDR,0.57
REL2413,P0303,P0997,CALLS,2025-10-20T21:17:00,CDR,0.66
REL2414,P0303,P0881,CALLS,2025-10-20T21:17:00,CDR,0.61
REL2415,P0303,P0869,CALLS,2025-10-20T21:17:00,CDR,0.62
REL2416,P0303,P0699,CALLS,2025-10-20T21:17:00,CDR,0.7
REL2417,P0303,P0105,CALLS,2025-10-20T21:17:00,CDR,0.56
REL2418,P0303,P0735,CALLS,2025-10-20T21:17:00,CDR,0.54
REL2419,P0303,P0155,CALLS,2025-10-20T21:17:00,CDR,0.95
REL2420,P0303,P0131,CALLS,2025-10-20T21:17:00,CDR,0.61
REL2421,P0303,P0322,CALLS,2025-10-20T21:17:00,CDR,0.91
REL2422,P0303,P0643,CALLS,2025-10-20T21:17:00,CDR,0.74
REL2423,P0303,P0026,CALLS,2025-10-20T21:17:00,CDR,0.93
REL2424,P0303,P0392,CALLS,2025-10-20T21:17:00,CDR,0.84
REL2425,P0322,P0155,ASSOCIATED_WITH,2025-10-20T21:17:00,SHARED_ORG,0.3
REL2426,P0582,P0548,CALLS,2025-11-02T16:18:00,CDR,0.74
REL2427,P0582,P0117,CALLS,2025-11-02T16:18:00,CDR,0.68
REL2428,P0548,P0117,CALLS,2025-11-02T16:18:00,CDR,0.76
REL2429,P0548,P0351,CALLS,2025-11-02T16:18:00,CDR,0.59
REL2430,P0117,P0351,CALLS,2025-11-02T16:18:00,CDR,0.86
REL2431,P0117,P0233,CALLS,2025-11-02T16:18:00,CDR,0.72
REL2432,P0351,P0233,CALLS,2025-11-02T16:18:00,CDR,0.69
REL2433,P0351,P0979,CALLS,2025-11-02T16:18:00,CDR,0.5
REL2434,P0233,P0979,CALLS,2025-11-02T16:18:00,CDR,0.78
REL2435,P0233,P0433,CALLS,2025-11-02T16:18:00,CDR,0.89
REL2436,P0979,P0433,CALLS,2025-11-02T16:18:00,CDR,0.69
REL2437,P0979,P0872,CALLS,2025-11-02T16:18:00,CDR,0.91
REL2438,P0433,P0872,CALLS,2025-11-02T16:18:00,CDR,0.93
REL2439,P0433,P0789,CALLS,2025-11-02T16:18:00,CDR,0.78
REL2440,P0872,P0789,CALLS,2025-11-02T16:18:00,CDR,0.9
REL2441,P0872,P0525,CALLS,2025-11-02T16:18:00,CDR,0.9
REL2442,P0789,P0525,CALLS,2025-11-02T16:18:00,CDR,0.88
REL2443,P0789,P0742,CALLS,2025-11-02T16:18:00,CDR,0.87
REL2444,P0525,P0742,CALLS,2025-11-02T16:18:00,CDR,0.66
REL2445,P0525,P0493,CALLS,2025-11-02T16:18:00,CDR,0.77
REL2446,P0742,P0493,CALLS,2025-11-02T16:18:00,CDR,0.94
REL2447,P0742,P0562,CALLS,2025-11-02T16:18:00,CDR,0.75
REL2448,P0493,P0562,CALLS,2025-11-02T16:18:00,CDR,0.59
REL2449,P0493,P0107,CALLS,2025-11-02T16:18:00,CDR,0.86
REL2450,P0562,P0107,CALLS,2025-11-02T16:18:00,CDR,0.75
REL2451,P0562,P0891,CALLS,2025-11-02T16:18:00,CDR,0.51
REL2452,P0107,P0891,CALLS,2025-11-02T16:18:00,CDR,0.65
REL2453,P0107,P0429,CALLS,2025-11-02T16:18:00,CDR,0.54
REL2454,P0891,P0429,CALLS,2025-11-02T16:18:00,CDR,0.71
REL2455,P0891,P0585,CALLS,2025-11-02T16:18:00,CDR,0.8
REL2456,P0429,P0585,CALLS,2025-11-02T16:18:00,CDR,0.69
REL2457,P0429,P0620,CALLS,2025-11-02T16:18:00,CDR,0.8
REL2458,P0585,P0620,CALLS,2025-11-02T16:18:00,CDR,0.57
REL2459,P0585,P0499,CALLS,2025-11-02T16:18:00,CDR,0.86
REL2460,P0620,P0499,CALLS,2025-11-02T16:18:00,CDR,0.81
REL2461,P0620,P0439,CALLS,2025-11-02T16:18:00,CDR,0.8
REL2462,P0499,P0439,CALLS,2025-11-02T16:18:00,CDR,0.66
REL2463,P0499,P0075,CALLS,2025-11-02T16:18:00,CDR,0.87
REL2464,P0439,P0075,CALLS,2025-11-02T16:18:00,CDR,0.66
REL2465,P0439,P0434,CALLS,2025-11-02T16:18:00,CDR,0.74
REL2466,P0075,P0434,CALLS,2025-11-02T16:18:00,CDR,0.88
REL2467,P0075,P0007,CALLS,2025-11-02T16:18:00,CDR,0.87
REL2468,P0434,P0007,CALLS,2025-11-02T16:18:00,CDR,0.68
REL2469,P0434,P0679,CALLS,2025-11-02T16:18:00,CDR,0.75
REL2470,P0007,P0679,CALLS,2025-11-02T16:18:00,CDR,0.72
REL2471,P0007,P0505,CALLS,2025-11-02T16:18:00,CDR,0.51
REL2472,P0679,P0505,CALLS,2025-11-02T16:18:00,CDR,0.68
REL2473,P0679,P0986,CALLS,2025-11-02T16:18:00,CDR,0.64
REL2474,P0505,P0986,CALLS,2025-11-02T16:18:00,CDR,0.87
REL2475,P0505,P0946,CALLS,2025-11-02T16:18:00,CDR,0.68
REL2476,P0986,P0946,CALLS,2025-11-02T16:18:00,CDR,0.86
REL2477,P0986,P0945,CALLS,2025-11-02T16:18:00,CDR,0.89
REL2478,P0946,P0945,CALLS,2025-11-02T16:18:00,CDR,0.73
REL2479,P0946,P0684,CALLS,2025-11-02T16:18:00,CDR,0.91
REL2480,P0945,P0684,CALLS,2025-11-02T16:18:00,CDR,0.76
REL2481,P0945,P0420,CALLS,2025-11-02T16:18:00,CDR,0.66
REL2482,P0684,P0420,CALLS,2025-11-02T16:18:00,CDR,0.69
REL2483,P0684,P0873,CALLS,2025-11-02T16:18:00,CDR,0.8
REL2484,P0420,P0873,CALLS,2025-11-02T16:18:00,CDR,0.53
REL2485,P0420,P0992,CALLS,2025-11-02T16:18:00,CDR,0.8
REL2486,P0873,P0992,CALLS,2025-11-02T16:18:00,CDR,0.69
REL2487,P0873,P0566,CALLS,2025-11-02T16:18:00,CDR,0.68
REL2488,P0992,P0566,CALLS,2025-11-02T16:18:00,CDR,0.58
REL2489,P0992,P0393,CALLS,2025-11-02T16:18:00,CDR,0.81
REL2490,P0566,P0393,CALLS,2025-11-02T16:18:00,CDR,0.78
REL2491,P0566,P0261,CALLS,2025-11-02T16:18:00,CDR,0.93
REL2492,P0393,P0261,CALLS,2025-11-02T16:18:00,CDR,0.64
REL2493,P0393,P0352,CALLS,2025-11-02T16:18:00,CDR,0.9
REL2494,P0261,P0352,CALLS,2025-11-02T16:18:00,CDR,0.66
REL2495,P0261,P0295,CALLS,2025-11-02T16:18:00,CDR,0.72
REL2496,P0352,P0295,CALLS,2025-11-02T16:18:00,CDR,0.73
REL2497,P0352,P0529,CALLS,2025-11-02T16:18:00,CDR,0.95
REL2498,P0295,P0529,CALLS,2025-11-02T16:18:00,CDR,0.74
REL2499,P0295,P0944,CALLS,2025-11-02T16:18:00,CDR,0.55
REL2500,P0529,P0944,CALLS,2025-11-02T16:18:00,CDR,0.65
REL2501,P0620,P0233,ASSOCIATED_WITH,2025-11-02T16:18:00,SHARED_ORG,0.3
REL2502,P0530,P0107,CALLS,2025-09-22T10:56:00,CDR,0.51
REL2503,P0107,P0243,CALLS,2025-09-22T10:56:00,CDR,0.78
REL2504,P0243,P0525,CALLS,2025-09-22T10:56:00,CDR,0.62
REL2505,P0525,P0534,CALLS,2025-09-22T10:56:00,CDR,0.84
REL2506,P0534,P0397,CALLS,2025-09-22T10:56:00,CDR,0.93
REL2507,P0397,P0701,CALLS,2025-09-22T10:56:00,CDR,0.9
REL2508,P0701,P0547,CALLS,2025-09-22T10:56:00,CDR,0.73
REL2509,P0547,P0433,CALLS,2025-09-22T10:56:00,CDR,0.75
REL2510,P0433,P0314,CALLS,2025-09-22T10:56:00,CDR,0.76
REL2511,P0314,P0862,CALLS,2025-09-22T10:56:00,CDR,0.54
REL2512,P0862,P0325,CALLS,2025-09-22T10:56:00,CDR,0.73
REL2513,P0325,P0042,CALLS,2025-09-22T10:56:00,CDR,0.88
REL2514,P0042,P0581,CALLS,2025-09-22T10:56:00,CDR,0.6
REL2515,P0581,P0284,CALLS,2025-09-22T10:56:00,CDR,0.57
REL2516,P0284,P0103,CALLS,2025-09-22T10:56:00,CDR,0.52
REL2517,P0103,P0186,CALLS,2025-09-22T10:56:00,CDR,0.83
REL2518,P0186,P0504,CALLS,2025-09-22T10:56:00,CDR,0.86
REL2519,P0504,P0138,CALLS,2025-09-22T10:56:00,CDR,0.66
REL2520,P0138,P0848,CALLS,2025-09-22T10:56:00,CDR,0.82
REL2521,P0848,P0404,CALLS,2025-09-22T10:56:00,CDR,0.81
REL2522,P0404,P0233,CALLS,2025-09-22T10:56:00,CDR,0.83
REL2523,P0233,P0614,CALLS,2025-09-22T10:56:00,CDR,0.52
REL2524,P0614,P0145,CALLS,2025-09-22T10:56:00,CDR,0.89
REL2525,P0145,P0116,CALLS,2025-09-22T10:56:00,CDR,0.65
REL2526,P0116,P0248,CALLS,2025-09-22T10:56:00,CDR,0.57
REL2527,P0248,P0528,CALLS,2025-09-22T10:56:00,CDR,0.64
REL2528,P0528,P0387,CALLS,2025-09-22T10:56:00,CDR,0.73
REL2529,P0387,P0255,CALLS,2025-09-22T10:56:00,CDR,0.95
REL2530,P0255,P0236,CALLS,2025-09-22T10:56:00,CDR,0.58
REL2531,P0236,P0279,CALLS,2025-09-22T10:56:00,CDR,0.89
REL2532,P0528,P0534,ASSOCIATED_WITH,2025-09-22T10:56:00,SHARED_ORG,0.3
REL2533,P0241,P0435,CALLS,2026-07-04T01:24:00,CDR,0.69
REL2534,P0241,P0827,CALLS,2026-07-04T01:24:00,CDR,0.73
REL2535,P0241,P0351,CALLS,2026-07-04T01:24:00,CDR,0.63
REL2536,P0241,P0549,CALLS,2026-07-04T01:24:00,CDR,0.59
REL2537,P0241,P0163,CALLS,2026-07-04T01:24:00,CDR,0.74
REL2538,P0241,P0277,CALLS,2026-07-04T01:24:00,CDR,0.71
REL2539,P0241,P0661,CALLS,2026-07-04T01:24:00,CDR,0.87
REL2540,P0241,P0371,CALLS,2026-07-04T01:24:00,CDR,0.68
REL2541,P0241,P0321,CALLS,2026-07-04T01:24:00,CDR,0.58
REL2542,P0241,P0929,CALLS,2026-07-04T01:24:00,CDR,0.57
REL2543,P0241,P0793,CALLS,2026-07-04T01:24:00,CDR,0.85
REL2544,P0241,P0259,CALLS,2026-07-04T01:24:00,CDR,0.54
REL2545,P0241,P0857,CALLS,2026-07-04T01:24:00,CDR,0.77
REL2546,P0241,P0278,CALLS,2026-07-04T01:24:00,CDR,0.58
REL2547,P0241,P0324,CALLS,2026-07-04T01:24:00,CDR,0.72
REL2548,P0241,P0415,CALLS,2026-07-04T01:24:00,CDR,0.58
REL2549,P0241,P0014,CALLS,2026-07-04T01:24:00,CDR,0.85
REL2550,P0241,P0066,CALLS,2026-07-04T01:24:00,CDR,0.72
REL2551,P0241,P0601,CALLS,2026-07-04T01:24:00,CDR,0.63
REL2552,P0241,P0671,CALLS,2026-07-04T01:24:00,CDR,0.63
REL2553,P0241,P0158,CALLS,2026-07-04T01:24:00,CDR,0.77
REL2554,P0241,P0229,CALLS,2026-07-04T01:24:00,CDR,0.66
REL2555,P0241,P0660,CALLS,2026-07-04T01:24:00,CDR,0.66
REL2556,P0241,P0288,CALLS,2026-07-04T01:24:00,CDR,0.83
REL2557,P0241,P0052,CALLS,2026-07-04T01:24:00,CDR,0.57
REL2558,P0241,P0850,CALLS,2026-07-04T01:24:00,CDR,0.79
REL2559,P0241,P0247,CALLS,2026-07-04T01:24:00,CDR,0.79
REL2560,P0415,P0052,ASSOCIATED_WITH,2026-07-04T01:24:00,SHARED_ORG,0.3
REL2561,P0647,P0862,CALLS,2026-06-02T16:09:00,CDR,0.57
REL2562,P0647,P0612,CALLS,2026-06-02T16:09:00,CDR,0.65
REL2563,P0862,P0612,CALLS,2026-06-02T16:09:00,CDR,0.62
REL2564,P0862,P0651,CALLS,2026-06-02T16:09:00,CDR,0.83
REL2565,P0612,P0651,CALLS,2026-06-02T16:09:00,CDR,0.54
REL2566,P0612,P0870,CALLS,2026-06-02T16:09:00,CDR,0.73
REL2567,P0651,P0870,CALLS,2026-06-02T16:09:00,CDR,0.52
REL2568,P0651,P0198,CALLS,2026-06-02T16:09:00,CDR,0.82
REL2569,P0870,P0198,CALLS,2026-06-02T16:09:00,CDR,0.5
REL2570,P0870,P0960,CALLS,2026-06-02T16:09:00,CDR,0.57
REL2571,P0198,P0960,CALLS,2026-06-02T16:09:00,CDR,0.82
REL2572,P0198,P0624,CALLS,2026-06-02T16:09:00,CDR,0.76
REL2573,P0960,P0624,CALLS,2026-06-02T16:09:00,CDR,0.59
REL2574,P0960,P0575,CALLS,2026-06-02T16:09:00,CDR,0.87
REL2575,P0624,P0575,CALLS,2026-06-02T16:09:00,CDR,0.79
REL2576,P0624,P0567,CALLS,2026-06-02T16:09:00,CDR,0.9
REL2577,P0575,P0567,CALLS,2026-06-02T16:09:00,CDR,0.68
REL2578,P0575,P0576,CALLS,2026-06-02T16:09:00,CDR,0.6
REL2579,P0567,P0576,CALLS,2026-06-02T16:09:00,CDR,0.72
REL2580,P0567,P0649,CALLS,2026-06-02T16:09:00,CDR,0.63
REL2581,P0576,P0649,CALLS,2026-06-02T16:09:00,CDR,0.91
REL2582,P0576,P0867,CALLS,2026-06-02T16:09:00,CDR,0.55
REL2583,P0649,P0867,CALLS,2026-06-02T16:09:00,CDR,0.85
REL2584,P0649,P0785,CALLS,2026-06-02T16:09:00,CDR,0.84
REL2585,P0867,P0785,CALLS,2026-06-02T16:09:00,CDR,0.55
REL2586,P0867,P0077,CALLS,2026-06-02T16:09:00,CDR,0.85
REL2587,P0785,P0077,CALLS,2026-06-02T16:09:00,CDR,0.52
REL2588,P0785,P0668,CALLS,2026-06-02T16:09:00,CDR,0.69
REL2589,P0077,P0668,CALLS,2026-06-02T16:09:00,CDR,0.59
REL2590,P0077,P0689,CALLS,2026-06-02T16:09:00,CDR,0.52
REL2591,P0668,P0689,CALLS,2026-06-02T16:09:00,CDR,0.62
REL2592,P0668,P0096,CALLS,2026-06-02T16:09:00,CDR,0.88
REL2593,P0689,P0096,CALLS,2026-06-02T16:09:00,CDR,0.61
REL2594,P0689,P0185,CALLS,2026-06-02T16:09:00,CDR,0.89
REL2595,P0096,P0185,CALLS,2026-06-02T16:09:00,CDR,0.78
REL2596,P0096,P0573,CALLS,2026-06-02T16:09:00,CDR,0.88
REL2597,P0185,P0573,CALLS,2026-06-02T16:09:00,CDR,0.8
REL2598,P0185,P0699,CALLS,2026-06-02T16:09:00,CDR,0.78
REL2599,P0573,P0699,CALLS,2026-06-02T16:09:00,CDR,0.77
REL2600,P0573,P0740,CALLS,2026-06-02T16:09:00,CDR,0.89
REL2601,P0699,P0740,CALLS,2026-06-02T16:09:00,CDR,0.87
REL2602,P0699,P0875,CALLS,2026-06-02T16:09:00,CDR,0.8
REL2603,P0740,P0875,CALLS,2026-06-02T16:09:00,CDR,0.68
REL2604,P0740,P0719,CALLS,2026-06-02T16:09:00,CDR,0.8
REL2605,P0875,P0719,CALLS,2026-06-02T16:09:00,CDR,0.58
REL2606,P0875,P0496,CALLS,2026-06-02T16:09:00,CDR,0.87
REL2607,P0719,P0496,CALLS,2026-06-02T16:09:00,CDR,0.59
REL2608,P0719,P0724,CALLS,2026-06-02T16:09:00,CDR,0.82
REL2609,P0496,P0724,CALLS,2026-06-02T16:09:00,CDR,0.92
REL2610,P0870,P0724,ASSOCIATED_WITH,2026-06-02T16:09:00,SHARED_ORG,0.3
REL2611,P0182,P0605,CALLS,2026-05-29T08:57:00,CDR,0.83
REL2612,P0605,P0957,CALLS,2026-05-29T08:57:00,CDR,0.5
REL2613,P0957,P0105,CALLS,2026-05-29T08:57:00,CDR,0.54
REL2614,P0105,P0426,CALLS,2026-05-29T08:57:00,CDR,0.52
REL2615,P0426,P0637,CALLS,2026-05-29T08:57:00,CDR,0.82
REL2616,P0637,P0577,CALLS,2026-05-29T08:57:00,CDR,0.86
REL2617,P0577,P0329,CALLS,2026-05-29T08:57:00,CDR,0.94
REL2618,P0329,P0158,CALLS,2026-05-29T08:57:00,CDR,0.62
REL2619,P0426,P0577,ASSOCIATED_WITH,2026-05-29T08:57:00,SHARED_ORG,0.3
REL2620,P0301,P0245,CALLS,2026-01-31T05:46:00,CDR,0.62
REL2621,P0245,P0771,CALLS,2026-01-31T05:46:00,CDR,0.82
REL2622,P0771,P0751,CALLS,2026-01-31T05:46:00,CDR,0.77
REL2623,P0751,P0445,CALLS,2026-01-31T05:46:00,CDR,0.72
REL2624,P0445,P0839,CALLS,2026-01-31T05:46:00,CDR,0.9
REL2625,P0839,P0020,CALLS,2026-01-31T05:46:00,CDR,0.63
REL2626,P0020,P0469,CALLS,2026-01-31T05:46:00,CDR,0.75
REL2627,P0469,P0513,CALLS,2026-01-31T05:46:00,CDR,0.55
REL2628,P0513,P0322,CALLS,2026-01-31T05:46:00,CDR,0.72
REL2629,P0322,P0106,CALLS,2026-01-31T05:46:00,CDR,0.87
REL2630,P0106,P0119,CALLS,2026-01-31T05:46:00,CDR,0.94
REL2631,P0119,P0690,CALLS,2026-01-31T05:46:00,CDR,0.92
REL2632,P0690,P0443,CALLS,2026-01-31T05:46:00,CDR,0.8
REL2633,P0751,P0690,ASSOCIATED_WITH,2026-01-31T05:46:00,SHARED_ORG,0.3
REL2634,P0359,P0826,CALLS,2025-12-09T07:17:00,CDR,0.59
REL2635,P0826,P0638,CALLS,2025-12-09T07:17:00,CDR,0.69
REL2636,P0857,P0754,CALLS,2025-12-09T07:17:00,CDR,0.65
REL2637,P0754,P0697,CALLS,2025-12-09T07:17:00,CDR,0.67
REL2638,P0697,P0024,CALLS,2025-12-09T07:17:00,CDR,0.67
REL2639,P0638,P0857,CALLS,2025-12-09T07:17:00,CDR,0.65
REL2640,P0638,P0754,ASSOCIATED_WITH,2025-12-09T07:17:00,SHARED_ORG,0.3
REL2641,P0651,P0187,CALLS,2025-06-27T22:41:00,CDR,0.94
REL2642,P0187,P0696,CALLS,2025-06-27T22:41:00,CDR,0.63
REL2643,P0696,P0813,CALLS,2025-06-27T22:41:00,CDR,0.52
REL2644,P0813,P0463,CALLS,2025-06-27T22:41:00,CDR,0.93
REL2645,P0463,P0985,CALLS,2025-06-27T22:41:00,CDR,0.63
REL2646,P0775,P0016,CALLS,2025-06-27T22:41:00,CDR,0.81
REL2647,P0016,P0759,CALLS,2025-06-27T22:41:00,CDR,0.88
REL2648,P0759,P0714,CALLS,2025-06-27T22:41:00,CDR,0.51
REL2649,P0714,P0825,CALLS,2025-06-27T22:41:00,CDR,0.57
REL2650,P0825,P0459,CALLS,2025-06-27T22:41:00,CDR,0.9
REL2651,P0459,P0279,CALLS,2025-06-27T22:41:00,CDR,0.68
REL2652,P0985,P0775,CALLS,2025-06-27T22:41:00,CDR,0.65
REL2653,P0696,P0463,ASSOCIATED_WITH,2025-06-27T22:41:00,SHARED_ORG,0.3
REL2654,P0172,P0777,CALLS,2026-04-04T23:03:00,CDR,0.64
REL2655,P0378,P0014,CALLS,2026-04-04T23:03:00,CDR,0.52
REL2656,P0014,P0051,CALLS,2026-04-04T23:03:00,CDR,0.76
REL2657,P0777,P0378,CALLS,2026-04-04T23:03:00,CDR,0.68
REL2658,P0378,P0014,ASSOCIATED_WITH,2026-04-04T23:03:00,SHARED_ORG,0.3
REL2659,P0906,P0623,CALLS,2026-04-21T20:37:00,CDR,0.74
REL2660,P0623,P0806,CALLS,2026-04-21T20:37:00,CDR,0.51
REL2661,P0806,P0749,CALLS,2026-04-21T20:37:00,CDR,0.61
REL2662,P0749,P0328,CALLS,2026-04-21T20:37:00,CDR,0.63
REL2663,P0328,P0643,CALLS,2026-04-21T20:37:00,CDR,0.8
REL2664,P0643,P0362,CALLS,2026-04-21T20:37:00,CDR,0.95
REL2665,P0362,P0482,CALLS,2026-04-21T20:37:00,CDR,0.88
REL2666,P0482,P0172,CALLS,2026-04-21T20:37:00,CDR,0.91
REL2667,P0172,P0645,CALLS,2026-04-21T20:37:00,CDR,0.77
REL2668,P0645,P0994,CALLS,2026-04-21T20:37:00,CDR,0.56
REL2669,P0994,P0560,CALLS,2026-04-21T20:37:00,CDR,0.54
REL2670,P0560,P0781,CALLS,2026-04-21T20:37:00,CDR,0.93
REL2671,P0781,P0263,CALLS,2026-04-21T20:37:00,CDR,0.93
REL2672,P0263,P0105,CALLS,2026-04-21T20:37:00,CDR,0.82
REL2673,P0105,P0962,CALLS,2026-04-21T20:37:00,CDR,0.88
REL2674,P0962,P0376,CALLS,2026-04-21T20:37:00,CDR,0.7
REL2675,P0376,P0545,CALLS,2026-04-21T20:37:00,CDR,0.61
REL2676,P0545,P0841,CALLS,2026-04-21T20:37:00,CDR,0.71
REL2677,P0841,P0316,CALLS,2026-04-21T20:37:00,CDR,0.84
REL2678,P0316,P0265,CALLS,2026-04-21T20:37:00,CDR,0.54
REL2679,P0265,P0534,CALLS,2026-04-21T20:37:00,CDR,0.68
REL2680,P0534,P0170,CALLS,2026-04-21T20:37:00,CDR,0.82
REL2681,P0170,P0700,CALLS,2026-04-21T20:37:00,CDR,0.8
REL2682,P0700,P0928,CALLS,2026-04-21T20:37:00,CDR,0.79
REL2683,P0928,P0533,CALLS,2026-04-21T20:37:00,CDR,0.7
REL2684,P0533,P0224,CALLS,2026-04-21T20:37:00,CDR,0.59
REL2685,P0224,P0758,CALLS,2026-04-21T20:37:00,CDR,0.53
REL2686,P0758,P0966,CALLS,2026-04-21T20:37:00,CDR,0.76
REL2687,P0966,P0840,CALLS,2026-04-21T20:37:00,CDR,0.87
REL2688,P0840,P0008,CALLS,2026-04-21T20:37:00,CDR,0.71
REL2689,P0008,P0486,CALLS,2026-04-21T20:37:00,CDR,0.93
REL2690,P0486,P0118,CALLS,2026-04-21T20:37:00,CDR,0.57
REL2691,P0118,P0015,CALLS,2026-04-21T20:37:00,CDR,0.59
REL2692,P0015,P0117,CALLS,2026-04-21T20:37:00,CDR,0.58
REL2693,P0117,P0581,CALLS,2026-04-21T20:37:00,CDR,0.69
REL2694,P0581,P0595,CALLS,2026-04-21T20:37:00,CDR,0.87
REL2695,P0746,P0633,CALLS,2026-04-21T20:37:00,CDR,0.8
REL2696,P0633,P0067,CALLS,2026-04-21T20:37:00,CDR,0.68
REL2697,P0067,P0507,CALLS,2026-04-21T20:37:00,CDR,0.85
REL2698,P0507,P0195,CALLS,2026-04-21T20:37:00,CDR,0.74
REL2699,P0195,P0986,CALLS,2026-04-21T20:37:00,CDR,0.9
REL2700,P0986,P0152,CALLS,2026-04-21T20:37:00,CDR,0.78
REL2701,P0152,P0524,CALLS,2026-04-21T20:37:00,CDR,0.67
REL2702,P0524,P0883,CALLS,2026-04-21T20:37:00,CDR,0.76
REL2703,P0883,P0222,CALLS,2026-04-21T20:37:00,CDR,0.94
REL2704,P0222,P0852,CALLS,2026-04-21T20:37:00,CDR,0.89
REL2705,P0852,P0721,CALLS,2026-04-21T20:37:00,CDR,0.84
REL2706,P0721,P0843,CALLS,2026-04-21T20:37:00,CDR,0.68
REL2707,P0843,P0449,CALLS,2026-04-21T20:37:00,CDR,0.65
REL2708,P0449,P0078,CALLS,2026-04-21T20:37:00,CDR,0.61
REL2709,P0078,P0961,CALLS,2026-04-21T20:37:00,CDR,0.57
REL2710,P0961,P0327,CALLS,2026-04-21T20:37:00,CDR,0.88
REL2711,P0327,P0663,CALLS,2026-04-21T20:37:00,CDR,0.85
REL2712,P0663,P0978,CALLS,2026-04-21T20:37:00,CDR,0.52
REL2713,P0978,P0814,CALLS,2026-04-21T20:37:00,CDR,0.58
REL2714,P0814,P0987,CALLS,2026-04-21T20:37:00,CDR,0.69
REL2715,P0987,P0336,CALLS,2026-04-21T20:37:00,CDR,0.52
REL2716,P0336,P0703,CALLS,2026-04-21T20:37:00,CDR,0.84
REL2717,P0703,P0651,CALLS,2026-04-21T20:37:00,CDR,0.81
REL2718,P0651,P0361,CALLS,2026-04-21T20:37:00,CDR,0.51
REL2719,P0361,P0750,CALLS,2026-04-21T20:37:00,CDR,0.51
REL2720,P0750,P0691,CALLS,2026-04-21T20:37:00,CDR,0.83
REL2721,P0691,P0847,CALLS,2026-04-21T20:37:00,CDR,0.75
REL2722,P0847,P0474,CALLS,2026-04-21T20:37:00,CDR,0.7
REL2723,P0474,P0257,CALLS,2026-04-21T20:37:00,CDR,0.69
REL2724,P0257,P0812,CALLS,2026-04-21T20:37:00,CDR,0.58
REL2725,P0812,P0086,CALLS,2026-04-21T20:37:00,CDR,0.63
REL2726,P0086,P0945,CALLS,2026-04-21T20:37:00,CDR,0.72
REL2727,P0945,P0348,CALLS,2026-04-21T20:37:00,CDR,0.79
REL2728,P0348,P0589,CALLS,2026-04-21T20:37:00,CDR,0.6
REL2729,P0589,P0392,CALLS,2026-04-21T20:37:00,CDR,0.74
REL2730,P0392,P0732,CALLS,2026-04-21T20:37:00,CDR,0.53
REL2731,P0732,P0740,CALLS,2026-04-21T20:37:00,CDR,0.83
REL2732,P0595,P0746,CALLS,2026-04-21T20:37:00,CDR,0.59
REL2733,P0978,P0691,ASSOCIATED_WITH,2026-04-21T20:37:00,SHARED_ORG,0.3
REL2734,P0462,P0095,CALLS,2026-01-13T00:52:00,CDR,0.62
REL2735,P0095,P0600,CALLS,2026-01-13T00:52:00,CDR,0.6
REL2736,P0600,P0286,CALLS,2026-01-13T00:52:00,CDR,0.5
REL2737,P0286,P0738,CALLS,2026-01-13T00:52:00,CDR,0.77
REL2738,P0738,P0048,CALLS,2026-01-13T00:52:00,CDR,0.62
REL2739,P0048,P0657,CALLS,2026-01-13T00:52:00,CDR,0.76
REL2740,P0657,P0828,CALLS,2026-01-13T00:52:00,CDR,0.63
REL2741,P0828,P0828,ASSOCIATED_WITH,2026-01-13T00:52:00,SHARED_ORG,0.3
REL2742,P0706,P0980,CALLS,2025-10-28T09:02:00,CDR,0.85
REL2743,P0980,P0472,CALLS,2025-10-28T09:02:00,CDR,0.67
REL2744,P0472,P0024,CALLS,2025-10-28T09:02:00,CDR,0.61
REL2745,P0024,P0136,CALLS,2025-10-28T09:02:00,CDR,0.92
REL2746,P0136,P0309,CALLS,2025-10-28T09:02:00,CDR,0.58
REL2747,P0822,P0232,CALLS,2025-10-28T09:02:00,CDR,0.86
REL2748,P0232,P0187,CALLS,2025-10-28T09:02:00,CDR,0.82
REL2749,P0187,P0840,CALLS,2025-10-28T09:02:00,CDR,0.69
REL2750,P0840,P0020,CALLS,2025-10-28T09:02:00,CDR,0.56
REL2751,P0020,P0842,CALLS,2025-10-28T09:02:00,CDR,0.69
REL2752,P0842,P0668,CALLS,2025-10-28T09:02:00,CDR,0.72
REL2753,P0309,P0822,CALLS,2025-10-28T09:02:00,CDR,0.79
REL2754,P0136,P0840,ASSOCIATED_WITH,2025-10-28T09:02:00,SHARED_ORG,0.3
REL2755,P0531,P0723,CALLS,2025-08-12T20:32:00,CDR,0.71
REL2756,P0332,P0455,CALLS,2025-08-12T20:32:00,CDR,0.7
REL2757,P0332,P0811,CALLS,2025-08-12T20:32:00,CDR,0.83
REL2758,P0332,P0039,CALLS,2025-08-12T20:32:00,CDR,0.64
REL2759,P0332,P0583,CALLS,2025-08-12T20:32:00,CDR,0.54
REL2760,P0332,P0311,CALLS,2025-08-12T20:32:00,CDR,0.62
REL2761,P0455,P0723,ASSOCIATED_WITH,2025-08-12T20:32:00,SHARED_ORG,0.3
REL2762,P0681,P0502,CALLS,2026-05-18T21:43:00,CDR,0.92
REL2763,P0502,P0733,CALLS,2026-05-18T21:43:00,CDR,0.59
REL2764,P0733,P0286,CALLS,2026-05-18T21:43:00,CDR,0.63
REL2765,P0286,P0269,CALLS,2026-05-18T21:43:00,CDR,0.64
REL2766,P0269,P0200,CALLS,2026-05-18T21:43:00,CDR,0.7
REL2767,P0200,P0825,CALLS,2026-05-18T21:43:00,CDR,0.58
REL2768,P0825,P0104,CALLS,2026-05-18T21:43:00,CDR,0.91
REL2769,P0104,P0638,CALLS,2026-05-18T21:43:00,CDR,0.79
REL2770,P0638,P0910,CALLS,2026-05-18T21:43:00,CDR,0.65
REL2771,P0910,P0266,CALLS,2026-05-18T21:43:00,CDR,0.82
REL2772,P0266,P0777,CALLS,2026-05-18T21:43:00,CDR,0.82
REL2773,P0777,P0979,CALLS,2026-05-18T21:43:00,CDR,0.92
REL2774,P0979,P0866,CALLS,2026-05-18T21:43:00,CDR,0.63
REL2775,P0866,P0226,CALLS,2026-05-18T21:43:00,CDR,0.57
REL2776,P0226,P0765,CALLS,2026-05-18T21:43:00,CDR,0.89
REL2777,P0765,P0907,CALLS,2026-05-18T21:43:00,CDR,0.8
REL2778,P0907,P0750,CALLS,2026-05-18T21:43:00,CDR,0.74
REL2779,P0750,P0372,CALLS,2026-05-18T21:43:00,CDR,0.67
REL2780,P0372,P0186,CALLS,2026-05-18T21:43:00,CDR,0.82
REL2781,P0186,P0043,CALLS,2026-05-18T21:43:00,CDR,0.82
REL2782,P0043,P0921,CALLS,2026-05-18T21:43:00,CDR,0.95
REL2783,P0921,P0088,CALLS,2026-05-18T21:43:00,CDR,0.91
REL2784,P0088,P0783,CALLS,2026-05-18T21:43:00,CDR,0.66
REL2785,P0783,P0954,CALLS,2026-05-18T21:43:00,CDR,0.78
REL2786,P0954,P0356,CALLS,2026-05-18T21:43:00,CDR,0.75
REL2787,P0356,P0171,CALLS,2026-05-18T21:43:00,CDR,0.84
REL2788,P0171,P0228,CALLS,2026-05-18T21:43:00,CDR,0.53
REL2789,P0228,P0437,CALLS,2026-05-18T21:43:00,CDR,0.94
REL2790,P0437,P0268,CALLS,2026-05-18T21:43:00,CDR,0.67
REL2791,P0268,P0352,CALLS,2026-05-18T21:43:00,CDR,0.59
REL2792,P0352,P0501,CALLS,2026-05-18T21:43:00,CDR,0.82
REL2793,P0501,P0841,CALLS,2026-05-18T21:43:00,CDR,0.54
REL2794,P0841,P0865,CALLS,2026-05-18T21:43:00,CDR,0.61
REL2795,P0865,P0255,CALLS,2026-05-18T21:43:00,CDR,0.58
REL2796,P0255,P0939,CALLS,2026-05-18T21:43:00,CDR,0.81
REL2797,P0939,P0198,CALLS,2026-05-18T21:43:00,CDR,0.55
REL2798,P0198,P0026,CALLS,2026-05-18T21:43:00,CDR,0.56
REL2799,P0026,P0699,CALLS,2026-05-18T21:43:00,CDR,0.62
REL2800,P0699,P0100,CALLS,2026-05-18T21:43:00,CDR,0.52
REL2801,P0100,P0562,CALLS,2026-05-18T21:43:00,CDR,0.79
REL2802,P0562,P0637,CALLS,2026-05-18T21:43:00,CDR,0.61
REL2803,P0637,P0061,CALLS,2026-05-18T21:43:00,CDR,0.54
REL2804,P0061,P0278,CALLS,2026-05-18T21:43:00,CDR,0.82
REL2805,P0278,P0419,CALLS,2026-05-18T21:43:00,CDR,0.93
REL2806,P0419,P0076,CALLS,2026-05-18T21:43:00,CDR,0.72
REL2807,P0076,P0872,CALLS,2026-05-18T21:43:00,CDR,0.59
REL2808,P0872,P0067,CALLS,2026-05-18T21:43:00,CDR,0.6
REL2809,P0067,P0080,CALLS,2026-05-18T21:43:00,CDR,0.51
REL2810,P0080,P0902,CALLS,2026-05-18T21:43:00,CDR,0.93
REL2811,P0902,P0151,CALLS,2026-05-18T21:43:00,CDR,0.68
REL2812,P0151,P0057,CALLS,2026-05-18T21:43:00,CDR,0.7
REL2813,P0057,P0032,CALLS,2026-05-18T21:43:00,CDR,0.68
REL2814,P0255,P0356,ASSOCIATED_WITH,2026-05-18T21:43:00,SHARED_ORG,0.3
REL2815,P0682,P0933,CALLS,2026-07-20T16:07:00,CDR,0.86
REL2816,P0236,P0315,CALLS,2026-07-20T16:07:00,CDR,0.62
REL2817,P0682,P0661,CALLS,2026-07-20T16:07:00,CDR,0.56
REL2818,P0682,P0653,CALLS,2026-07-20T16:07:00,CDR,0.92
REL2819,P0682,P0125,CALLS,2026-07-20T16:07:00,CDR,0.86
REL2820,P0682,P0987,CALLS,2026-07-20T16:07:00,CDR,0.84
REL2821,P0682,P0260,CALLS,2026-07-20T16:07:00,CDR,0.61
REL2822,P0236,P0207,CALLS,2026-07-20T16:07:00,CDR,0.93
REL2823,P0236,P0814,CALLS,2026-07-20T16:07:00,CDR,0.65
REL2824,P0682,P0519,CALLS,2026-07-20T16:07:00,CDR,0.83
REL2825,P0682,P0679,CALLS,2026-07-20T16:07:00,CDR,0.7
REL2826,P0682,P0802,CALLS,2026-07-20T16:07:00,CDR,0.71
REL2827,P0236,P0652,CALLS,2026-07-20T16:07:00,CDR,0.53
REL2828,P0236,P0224,CALLS,2026-07-20T16:07:00,CDR,0.77
REL2829,P0682,P0497,CALLS,2026-07-20T16:07:00,CDR,0.68
REL2830,P0236,P0729,CALLS,2026-07-20T16:07:00,CDR,0.56
REL2831,P0236,P0637,CALLS,2026-07-20T16:07:00,CDR,0.83
REL2832,P0236,P0546,CALLS,2026-07-20T16:07:00,CDR,0.71
REL2833,P0682,P0426,CALLS,2026-07-20T16:07:00,CDR,0.85
REL2834,P0236,P0876,CALLS,2026-07-20T16:07:00,CDR,0.59
REL2835,P0125,P0637,ASSOCIATED_WITH,2026-07-20T16:07:00,SHARED_ORG,0.3
REL2836,P0673,P0331,CALLS,2026-01-17T05:05:00,CDR,0.56
REL2837,P0331,P0304,CALLS,2026-01-17T05:05:00,CDR,0.91
REL2838,P0304,P0851,CALLS,2026-01-17T05:05:00,CDR,0.52
REL2839,P0851,P0238,CALLS,2026-01-17T05:05:00,CDR,0.73
REL2840,P0238,P0198,CALLS,2026-01-17T05:05:00,CDR,0.71
REL2841,P0198,P0660,CALLS,2026-01-17T05:05:00,CDR,0.59
REL2842,P0660,P0907,CALLS,2026-01-17T05:05:00,CDR,0.73
REL2843,P0907,P0588,CALLS,2026-01-17T05:05:00,CDR,0.9
REL2844,P0588,P0947,CALLS,2026-01-17T05:05:00,CDR,0.75
REL2845,P0947,P0788,CALLS,2026-01-17T05:05:00,CDR,0.51
REL2846,P0788,P0883,CALLS,2026-01-17T05:05:00,CDR,0.51
REL2847,P0883,P0092,CALLS,2026-01-17T05:05:00,CDR,0.93
REL2848,P0092,P0285,CALLS,2026-01-17T05:05:00,CDR,0.55
REL2849,P0285,P0809,CALLS,2026-01-17T05:05:00,CDR,0.68
REL2850,P0809,P0383,CALLS,2026-01-17T05:05:00,CDR,0.81
REL2851,P0383,P0812,CALLS,2026-01-17T05:05:00,CDR,0.9
REL2852,P0812,P0605,CALLS,2026-01-17T05:05:00,CDR,0.92
REL2853,P0605,P0692,CALLS,2026-01-17T05:05:00,CDR,0.83
REL2854,P0692,P0290,CALLS,2026-01-17T05:05:00,CDR,0.8
REL2855,P0290,P0561,CALLS,2026-01-17T05:05:00,CDR,0.71
REL2856,P0561,P0334,CALLS,2026-01-17T05:05:00,CDR,0.62
REL2857,P0334,P0981,CALLS,2026-01-17T05:05:00,CDR,0.68
REL2858,P0981,P0818,CALLS,2026-01-17T05:05:00,CDR,0.71
REL2859,P0818,P0162,CALLS,2026-01-17T05:05:00,CDR,0.69
REL2860,P0162,P0338,CALLS,2026-01-17T05:05:00,CDR,0.6
REL2861,P0338,P0184,CALLS,2026-01-17T05:05:00,CDR,0.77
REL2862,P0184,P0597,CALLS,2026-01-17T05:05:00,CDR,0.57
REL2863,P0597,P0576,CALLS,2026-01-17T05:05:00,CDR,0.79
REL2864,P0576,P0865,CALLS,2026-01-17T05:05:00,CDR,0.72
REL2865,P0865,P0546,CALLS,2026-01-17T05:05:00,CDR,0.67
REL2866,P0546,P0448,CALLS,2026-01-17T05:05:00,CDR,0.82
REL2867,P0448,P0461,CALLS,2026-01-17T05:05:00,CDR,0.82
REL2868,P0461,P0256,CALLS,2026-01-17T05:05:00,CDR,0.52
REL2869,P0256,P0654,CALLS,2026-01-17T05:05:00,CDR,0.78
REL2870,P0654,P0429,CALLS,2026-01-17T05:05:00,CDR,0.77
REL2871,P0429,P0591,CALLS,2026-01-17T05:05:00,CDR,0.83
REL2872,P0591,P0997,CALLS,2026-01-17T05:05:00,CDR,0.77
REL2873,P0997,P0980,CALLS,2026-01-17T05:05:00,CDR,0.71
REL2874,P0980,P0158,CALLS,2026-01-17T05:05:00,CDR,0.85
REL2875,P0158,P0301,CALLS,2026-01-17T05:05:00,CDR,0.58
REL2876,P0301,P0884,CALLS,2026-01-17T05:05:00,CDR,0.72
REL2877,P0884,P0249,CALLS,2026-01-17T05:05:00,CDR,0.77
REL2878,P0249,P0458,CALLS,2026-01-17T05:05:00,CDR,0.63
REL2879,P0458,P0674,CALLS,2026-01-17T05:05:00,CDR,0.95
REL2880,P0674,P0743,CALLS,2026-01-17T05:05:00,CDR,0.59
REL2881,P0743,P0072,CALLS,2026-01-17T05:05:00,CDR,0.73
REL2882,P0072,P0362,CALLS,2026-01-17T05:05:00,CDR,0.67
REL2883,P0362,P0214,CALLS,2026-01-17T05:05:00,CDR,0.7
REL2884,P0214,P0211,CALLS,2026-01-17T05:05:00,CDR,0.67
REL2885,P0211,P0550,CALLS,2026-01-17T05:05:00,CDR,0.72
REL2886,P0550,P0045,CALLS,2026-01-17T05:05:00,CDR,0.78
REL2887,P0045,P0121,CALLS,2026-01-17T05:05:00,CDR,0.67
REL2888,P0121,P0431,CALLS,2026-01-17T05:05:00,CDR,0.8
REL2889,P0431,P0790,CALLS,2026-01-17T05:05:00,CDR,0.72
REL2890,P0790,P0364,CALLS,2026-01-17T05:05:00,CDR,0.59
REL2891,P0364,P0227,CALLS,2026-01-17T05:05:00,CDR,0.91
REL2892,P0227,P0294,CALLS,2026-01-17T05:05:00,CDR,0.7
REL2893,P0294,P0849,CALLS,2026-01-17T05:05:00,CDR,0.6
REL2894,P0849,P0459,CALLS,2026-01-17T05:05:00,CDR,0.52
REL2895,P0459,P0332,CALLS,2026-01-17T05:05:00,CDR,0.6
REL2896,P0332,P0084,CALLS,2026-01-17T05:05:00,CDR,0.78
REL2897,P0084,P0656,CALLS,2026-01-17T05:05:00,CDR,0.56
REL2898,P0656,P0414,CALLS,2026-01-17T05:05:00,CDR,0.69
REL2899,P0414,P0363,CALLS,2026-01-17T05:05:00,CDR,0.77
REL2900,P0363,P0102,CALLS,2026-01-17T05:05:00,CDR,0.7
REL2901,P0102,P0279,CALLS,2026-01-17T05:05:00,CDR,0.55
REL2902,P0332,P0588,ASSOCIATED_WITH,2026-01-17T05:05:00,SHARED_ORG,0.3
REL2903,P0890,P0664,CALLS,2026-01-21T00:25:00,CDR,0.74
REL2904,P0664,P0788,CALLS,2026-01-21T00:25:00,CDR,0.67
REL2905,P0788,P0676,CALLS,2026-01-21T00:25:00,CDR,0.78
REL2906,P0676,P0900,CALLS,2026-01-21T00:25:00,CDR,0.52
REL2907,P0900,P0714,CALLS,2026-01-21T00:25:00,CDR,0.64
REL2908,P0714,P0717,CALLS,2026-01-21T00:25:00,CDR,0.94
REL2909,P0717,P0928,CALLS,2026-01-21T00:25:00,CDR,0.56
REL2910,P0928,P0678,CALLS,2026-01-21T00:25:00,CDR,0.57
REL2911,P0678,P0003,CALLS,2026-01-21T00:25:00,CDR,0.7
REL2912,P0003,P0340,CALLS,2026-01-21T00:25:00,CDR,0.78
REL2913,P0340,P0862,CALLS,2026-01-21T00:25:00,CDR,0.77
REL2914,P0862,P0658,CALLS,2026-01-21T00:25:00,CDR,0.63
REL2915,P0658,P0535,CALLS,2026-01-21T00:25:00,CDR,0.51
REL2916,P0535,P0045,CALLS,2026-01-21T00:25:00,CDR,0.53
REL2917,P0045,P0190,CALLS,2026-01-21T00:25:00,CDR,0.7
REL2918,P0190,P0391,CALLS,2026-01-21T00:25:00,CDR,0.59
REL2919,P0391,P0792,CALLS,2026-01-21T00:25:00,CDR,0.58
REL2920,P0792,P0593,CALLS,2026-01-21T00:25:00,CDR,0.8
REL2921,P0593,P0059,CALLS,2026-01-21T00:25:00,CDR,0.73
REL2922,P0059,P0299,CALLS,2026-01-21T00:25:00,CDR,0.88
REL2923,P0299,P0974,CALLS,2026-01-21T00:25:00,CDR,0.84
REL2924,P0862,P0676,ASSOCIATED_WITH,2026-01-21T00:25:00,SHARED_ORG,0.3
REL2925,P0224,P0103,CALLS,2025-12-14T16:52:00,CDR,0.62
REL2926,P0224,P0241,CALLS,2025-12-14T16:52:00,CDR,0.78
REL2927,P0103,P0241,CALLS,2025-12-14T16:52:00,CDR,0.8
REL2928,P0103,P0690,CALLS,2025-12-14T16:52:00,CDR,0.85
REL2929,P0241,P0690,CALLS,2025-12-14T16:52:00,CDR,0.63
REL2930,P0241,P0690,ASSOCIATED_WITH,2025-12-14T16:52:00,SHARED_ORG,0.3
REL2931,P0519,P0229,CALLS,2026-06-18T12:57:00,CDR,0.75
REL2932,P0935,P0270,CALLS,2026-06-18T12:57:00,CDR,0.53
REL2933,P0935,P0061,CALLS,2026-06-18T12:57:00,CDR,0.87
REL2934,P0935,P0001,CALLS,2026-06-18T12:57:00,CDR,0.68
REL2935,P0935,P0246,CALLS,2026-06-18T12:57:00,CDR,0.77
REL2936,P0935,P0158,CALLS,2026-06-18T12:57:00,CDR,0.52
REL2937,P0935,P0534,CALLS,2026-06-18T12:57:00,CDR,0.67
REL2938,P0935,P0934,CALLS,2026-06-18T12:57:00,CDR,0.94
REL2939,P0519,P0701,CALLS,2026-06-18T12:57:00,CDR,0.6
REL2940,P0519,P0230,CALLS,2026-06-18T12:57:00,CDR,0.78
REL2941,P0935,P0666,CALLS,2026-06-18T12:57:00,CDR,0.82
REL2942,P0519,P0599,CALLS,2026-06-18T12:57:00,CDR,0.89
REL2943,P0935,P0971,CALLS,2026-06-18T12:57:00,CDR,0.55
REL2944,P0935,P0649,CALLS,2026-06-18T12:57:00,CDR,0.67
REL2945,P0519,P0319,CALLS,2026-06-18T12:57:00,CDR,0.94
REL2946,P0935,P0476,CALLS,2026-06-18T12:57:00,CDR,0.64
REL2947,P0935,P0469,CALLS,2026-06-18T12:57:00,CDR,0.54
REL2948,P0935,P0918,CALLS,2026-06-18T12:57:00,CDR,0.82
REL2949,P0935,P0066,CALLS,2026-06-18T12:57:00,CDR,0.87
REL2950,P0519,P0977,CALLS,2026-06-18T12:57:00,CDR,0.63
REL2951,P0519,P0700,CALLS,2026-06-18T12:57:00,CDR,0.51
REL2952,P0519,P0650,CALLS,2026-06-18T12:57:00,CDR,0.66
REL2953,P0935,P0771,CALLS,2026-06-18T12:57:00,CDR,0.92
REL2954,P0519,P0038,CALLS,2026-06-18T12:57:00,CDR,0.72
REL2955,P0935,P0808,CALLS,2026-06-18T12:57:00,CDR,0.52
REL2956,P0519,P0716,CALLS,2026-06-18T12:57:00,CDR,0.59
REL2957,P0935,P0558,CALLS,2026-06-18T12:57:00,CDR,0.68
REL2958,P0519,P0118,CALLS,2026-06-18T12:57:00,CDR,0.85
REL2959,P0935,P0682,CALLS,2026-06-18T12:57:00,CDR,0.54
REL2960,P0935,P0611,CALLS,2026-06-18T12:57:00,CDR,0.89
REL2961,P0519,P0132,CALLS,2026-06-18T12:57:00,CDR,0.54
REL2962,P0935,P0778,CALLS,2026-06-18T12:57:00,CDR,0.85
REL2963,P0935,P0799,CALLS,2026-06-18T12:57:00,CDR,0.58
REL2964,P0519,P0289,CALLS,2026-06-18T12:57:00,CDR,0.75
REL2965,P0935,P0513,CALLS,2026-06-18T12:57:00,CDR,0.8
REL2966,P0935,P0169,CALLS,2026-06-18T12:57:00,CDR,0.79
REL2967,P0935,P0624,CALLS,2026-06-18T12:57:00,CDR,0.92
REL2968,P0519,P0437,CALLS,2026-06-18T12:57:00,CDR,0.92
REL2969,P0935,P0457,CALLS,2026-06-18T12:57:00,CDR,0.83
REL2970,P0519,P0931,CALLS,2026-06-18T12:57:00,CDR,0.67
REL2971,P0935,P0082,CALLS,2026-06-18T12:57:00,CDR,0.85
REL2972,P0519,P0815,CALLS,2026-06-18T12:57:00,CDR,0.51
REL2973,P0935,P0717,CALLS,2026-06-18T12:57:00,CDR,0.91
REL2974,P0519,P0396,CALLS,2026-06-18T12:57:00,CDR,0.64
REL2975,P0935,P0911,CALLS,2026-06-18T12:57:00,CDR,0.65
REL2976,P0935,P0678,CALLS,2026-06-18T12:57:00,CDR,0.69
REL2977,P0935,P0614,CALLS,2026-06-18T12:57:00,CDR,0.8
REL2978,P0519,P0190,CALLS,2026-06-18T12:57:00,CDR,0.58
REL2979,P0935,P0134,CALLS,2026-06-18T12:57:00,CDR,0.7
REL2980,P0519,P0968,CALLS,2026-06-18T12:57:00,CDR,0.59
REL2981,P0935,P0062,CALLS,2026-06-18T12:57:00,CDR,0.81
REL2982,P0935,P0630,CALLS,2026-06-18T12:57:00,CDR,0.69
REL2983,P0519,P0107,CALLS,2026-06-18T12:57:00,CDR,0.75
REL2984,P0519,P0388,CALLS,2026-06-18T12:57:00,CDR,0.57
REL2985,P0935,P0777,CALLS,2026-06-18T12:57:00,CDR,0.51
REL2986,P0519,P0272,CALLS,2026-06-18T12:57:00,CDR,0.59
REL2987,P0935,P0375,CALLS,2026-06-18T12:57:00,CDR,0.9
REL2988,P0519,P0401,CALLS,2026-06-18T12:57:00,CDR,0.67
REL2989,P0935,P0427,CALLS,2026-06-18T12:57:00,CDR,0.59
REL2990,P0519,P0350,CALLS,2026-06-18T12:57:00,CDR,0.58
REL2991,P0935,P0572,CALLS,2026-06-18T12:57:00,CDR,0.79
REL2992,P0935,P0706,CALLS,2026-06-18T12:57:00,CDR,0.75
REL2993,P0935,P0471,CALLS,2026-06-18T12:57:00,CDR,0.91
REL2994,P0935,P0535,CALLS,2026-06-18T12:57:00,CDR,0.89
REL2995,P0519,P0097,CALLS,2026-06-18T12:57:00,CDR,0.83
REL2996,P0935,P0282,CALLS,2026-06-18T12:57:00,CDR,0.82
REL2997,P0935,P0423,CALLS,2026-06-18T12:57:00,CDR,0.59
REL2998,P0935,P0510,CALLS,2026-06-18T12:57:00,CDR,0.92
REL2999,P0519,P0677,CALLS,2026-06-18T12:57:00,CDR,0.62
REL3000,P0519,P0913,CALLS,2026-06-18T12:57:00,CDR,0.94
REL3001,P0935,P0866,CALLS,2026-06-18T12:57:00,CDR,0.55
REL3002,P0935,P0333,CALLS,2026-06-18T12:57:00,CDR,0.94
REL3003,P0935,P0425,CALLS,2026-06-18T12:57:00,CDR,0.64
REL3004,P0935,P0769,CALLS,2026-06-18T12:57:00,CDR,0.71
REL3005,P0935,P0010,CALLS,2026-06-18T12:57:00,CDR,0.57
REL3006,P0935,P0833,CALLS,2026-06-18T12:57:00,CDR,0.68
REL3007,P0062,P0866,ASSOCIATED_WITH,2026-06-18T12:57:00,SHARED_ORG,0.3
REL3008,P0789,P0478,CALLS,2026-05-28T12:07:00,CDR,0.65
REL3009,P0478,P0348,CALLS,2026-05-28T12:07:00,CDR,0.81
REL3010,P0348,P0863,CALLS,2026-05-28T12:07:00,CDR,0.53
REL3011,P0863,P0643,CALLS,2026-05-28T12:07:00,CDR,0.75
REL3012,P0643,P0098,CALLS,2026-05-28T12:07:00,CDR,0.61
REL3013,P0098,P0019,CALLS,2026-05-28T12:07:00,CDR,0.87
REL3014,P0019,P0946,CALLS,2026-05-28T12:07:00,CDR,0.53
REL3015,P0946,P0957,CALLS,2026-05-28T12:07:00,CDR,0.79
REL3016,P0957,P0598,CALLS,2026-05-28T12:07:00,CDR,0.77
REL3017,P0598,P0989,CALLS,2026-05-28T12:07:00,CDR,0.59
REL3018,P0989,P0306,CALLS,2026-05-28T12:07:00,CDR,0.84
REL3019,P0306,P0198,CALLS,2026-05-28T12:07:00,CDR,0.75
REL3020,P0198,P0950,CALLS,2026-05-28T12:07:00,CDR,0.84
REL3021,P0950,P0674,CALLS,2026-05-28T12:07:00,CDR,0.72
REL3022,P0674,P0625,CALLS,2026-05-28T12:07:00,CDR,0.69
REL3023,P0348,P0946,ASSOCIATED_WITH,2026-05-28T12:07:00,SHARED_ORG,0.3
