transaction_id,case_id,timestamp,sender_account,receiver_account,amount,transaction_type,location,description
TX0001,CASE001,2026-06-08T04:59:00,ACC0358,ACC0361,150000,transfer,Ghaziabad,Fund transfer
TX0002,CASE001,2026-06-08T04:59:00,ACC0361,ACC0255,150000,transfer,Ghaziabad,Fund transfer
TX0003,CASE001,2026-06-06T04:59:00,ACC0255,ACC0088,235000,transfer,Ghaziabad,Fund transfer
TX0004,CASE001,2026-06-06T04:59:00,ACC0088,ACC0377,150000,transfer,Ghaziabad,Fund transfer
TX0005,CASE001,2026-05-20T04:59:00,ACC0321,ACC0616,10493,legitimate transfer,Delhi,Routine payment
TX0006,CASE001,2026-06-08T04:59:00,ACC0753,ACC0169,14561,legitimate transfer,Bengaluru,Routine payment
TX0007,CASE001,2026-05-22T04:59:00,ACC0721,ACC0436,12131,legitimate transfer,Kanpur,Routine payment
TX0008,CASE001,2026-05-30T04:59:00,ACC0315,ACC0068,17019,legitimate transfer,Ranchi,Routine payment
TX0009,CASE001,2026-05-26T04:59:00,ACC0326,ACC0752,2531,legitimate transfer,Faridabad,Routine payment
TX0010,CASE001,2026-06-04T04:59:00,ACC0420,ACC0555,18163,legitimate transfer,Ludhiana,Routine payment
TX0011,CASE001,2026-05-20T04:59:00,ACC0295,ACC0026,15219,legitimate transfer,Indore,Routine payment
TX0012,CASE001,2026-05-22T04:59:00,ACC0356,ACC0742,12304,legitimate transfer,Faridabad,Routine payment
TX0013,CASE001,2026-05-21T04:59:00,ACC0547,ACC0149,16503,legitimate transfer,Ranchi,Routine payment
TX0014,CASE001,2026-05-17T04:59:00,ACC0103,ACC0161,1691,legitimate transfer,Pune,Routine payment
TX0015,CASE001,2026-06-08T04:59:00,ACC0737,ACC0120,11783,legitimate transfer,Hyderabad,Routine payment
TX0016,CASE001,2026-06-11T04:59:00,ACC0377,ACC0696,11598,legitimate transfer,Dehradun,Routine payment
TX0017,CASE001,2026-05-28T04:59:00,ACC0724,ACC0582,10163,legitimate transfer,Ahmedabad,Routine payment
TX0018,CASE001,2026-06-01T04:59:00,ACC0570,ACC0577,13336,legitimate transfer,Gurugram,Routine payment
TX0019,CASE001,2026-06-01T04:59:00,ACC0237,ACC0117,9741,legitimate transfer,Chennai,Routine payment
TX0020,CASE001,2026-05-12T04:59:00,ACC0015,ACC0124,10546,legitimate transfer,Bhubaneswar,Routine payment
TX0021,CASE001,2026-05-31T04:59:00,ACC0539,ACC0057,17351,legitimate transfer,Indore,Routine payment
TX0022,CASE001,2026-06-10T04:59:00,ACC0613,ACC0577,8353,legitimate transfer,Amritsar,Routine payment
TX0023,CASE001,2026-06-09T04:59:00,ACC0198,ACC0366,18600,legitimate transfer,Bengaluru,Routine payment
TX0024,CASE001,2026-06-11T04:59:00,ACC0792,ACC0668,14733,legitimate transfer,Bengaluru,Routine payment
TX0025,CASE001,2026-06-09T04:59:00,ACC0661,ACC0472,1278,legitimate transfer,Haridwar,Routine payment
TX0026,CASE001,2026-05-31T04:59:00,ACC0391,ACC0427,2969,legitimate transfer,Surat,Routine payment
TX0027,CASE001,2026-06-11T04:59:00,ACC0324,ACC0768,14230,legitimate transfer,Agra,Routine payment
TX0028,CASE001,2026-05-31T04:59:00,ACC0590,ACC0206,8299,legitimate transfer,Bhopal,Routine payment
TX0029,CASE001,2026-06-02T04:59:00,ACC0685,ACC0364,14160,legitimate transfer,Hyderabad,Routine payment
TX0030,CASE001,2026-05-13T04:59:00,ACC0455,ACC0542,17493,legitimate transfer,Ludhiana,Routine payment
TX0031,CASE001,2026-06-09T04:59:00,ACC0264,ACC0542,12870,legitimate transfer,Mumbai,Routine payment
TX0032,CASE001,2026-06-02T04:59:00,ACC0602,ACC0361,2333,legitimate transfer,Mumbai,Routine payment
TX0033,CASE001,2026-05-29T04:59:00,ACC0395,ACC0251,16034,legitimate transfer,Hyderabad,Routine payment
TX0034,CASE001,2026-06-11T04:59:00,ACC0621,ACC0097,7250,legitimate transfer,Patna,Routine payment
TX0035,CASE001,2026-05-13T04:59:00,ACC0155,ACC0706,18668,legitimate transfer,Amritsar,Routine payment
TX0036,CASE001,2026-05-30T04:59:00,ACC0019,ACC0474,5579,legitimate transfer,Haridwar,Routine payment
TX0037,CASE001,2026-06-08T04:59:00,ACC0082,ACC0404,13328,legitimate transfer,Bengaluru,Routine payment
TX0038,CASE001,2026-06-04T04:59:00,ACC0307,ACC0094,7223,legitimate transfer,Pune,Routine payment
TX0039,CASE001,2026-05-23T04:59:00,ACC0383,ACC0443,5919,legitimate transfer,Dehradun,Routine payment
TX0040,CASE001,2026-05-26T04:59:00,ACC0165,ACC0769,18383,legitimate transfer,Bhubaneswar,Routine payment
TX0041,CASE001,2026-05-19T04:59:00,ACC0665,ACC0795,8221,legitimate transfer,Jaipur,Routine payment
TX0042,CASE001,2026-05-13T04:59:00,ACC0692,ACC0151,9963,legitimate transfer,Ghaziabad,Routine payment
TX0043,CASE001,2026-05-15T04:59:00,ACC0603,ACC0670,18095,legitimate transfer,Mumbai,Routine payment
TX0044,CASE001,2026-06-01T04:59:00,ACC0373,ACC0319,4039,legitimate transfer,Gurugram,Routine payment
TX0045,CASE001,2026-05-16T04:59:00,ACC0689,ACC0228,17472,legitimate transfer,Bhopal,Routine payment
TX0046,CASE001,2026-06-03T04:59:00,ACC0185,ACC0144,7728,legitimate transfer,Chandigarh,Routine payment
TX0047,CASE001,2026-05-25T04:59:00,ACC0730,ACC0151,8076,legitimate transfer,Ranchi,Routine payment
TX0048,CASE001,2026-05-31T04:59:00,ACC0065,ACC0018,9414,legitimate transfer,Ahmedabad,Routine payment
TX0049,CASE001,2026-06-03T04:59:00,ACC0369,ACC0028,4137,legitimate transfer,Indore,Routine payment
TX0050,CASE002,2026-04-19T23:17:00,ACC0504,ACC0428,82000,transfer,Amritsar,Fund transfer
TX0051,CASE002,2026-04-19T23:17:00,ACC0428,ACC0461,82000,transfer,Amritsar,Fund transfer
TX0052,CASE002,2026-04-10T23:17:00,ACC0232,ACC0710,18598,legitimate transfer,Patna,Routine payment
TX0053,CASE002,2026-04-11T23:17:00,ACC0747,ACC0234,6058,legitimate transfer,Kanpur,Routine payment
TX0054,CASE002,2026-04-14T23:17:00,ACC0312,ACC0130,10360,legitimate transfer,Kanpur,Routine payment
TX0055,CASE002,2026-03-27T23:17:00,ACC0592,ACC0540,10853,legitimate transfer,Chennai,Routine payment
TX0056,CASE002,2026-04-06T23:17:00,ACC0490,ACC0489,13280,legitimate transfer,Ahmedabad,Routine payment
TX0057,CASE002,2026-04-05T23:17:00,ACC0343,ACC0178,4640,legitimate transfer,Patna,Routine payment
TX0058,CASE002,2026-04-07T23:17:00,ACC0336,ACC0621,19768,legitimate transfer,Indore,Routine payment
TX0059,CASE002,2026-03-24T23:17:00,ACC0623,ACC0612,626,legitimate transfer,Indore,Routine payment
TX0060,CASE002,2026-04-02T23:17:00,ACC0682,ACC0412,4144,legitimate transfer,Dehradun,Routine payment
TX0061,CASE002,2026-04-16T23:17:00,ACC0682,ACC0007,17457,legitimate transfer,Ghaziabad,Routine payment
TX0062,CASE002,2026-03-24T23:17:00,ACC0546,ACC0748,5238,legitimate transfer,Lucknow,Routine payment
TX0063,CASE002,2026-04-04T23:17:00,ACC0338,ACC0116,2210,legitimate transfer,Faridabad,Routine payment
TX0064,CASE002,2026-04-10T23:17:00,ACC0479,ACC0475,8078,legitimate transfer,Surat,Routine payment
TX0065,CASE002,2026-03-23T23:17:00,ACC0434,ACC0737,19512,legitimate transfer,Lucknow,Routine payment
TX0066,CASE002,2026-04-08T23:17:00,ACC0186,ACC0602,5089,legitimate transfer,Delhi,Routine payment
TX0067,CASE002,2026-04-12T23:17:00,ACC0413,ACC0296,17346,legitimate transfer,Surat,Routine payment
TX0068,CASE002,2026-03-28T23:17:00,ACC0734,ACC0002,11116,legitimate transfer,Bhopal,Routine payment
TX0069,CASE002,2026-04-14T23:17:00,ACC0422,ACC0297,18636,legitimate transfer,Ludhiana,Routine payment
TX0070,CASE002,2026-04-16T23:17:00,ACC0780,ACC0384,8200,legitimate transfer,Kolkata,Routine payment
TX0071,CASE002,2026-04-21T23:17:00,ACC0504,ACC0314,15374,legitimate transfer,Dehradun,Routine payment
TX0072,CASE002,2026-04-08T23:17:00,ACC0666,ACC0797,10243,legitimate transfer,Bhubaneswar,Routine payment
TX0073,CASE002,2026-04-22T23:17:00,ACC0288,ACC0386,11243,legitimate transfer,Pune,Routine payment
TX0074,CASE002,2026-04-06T23:17:00,ACC0422,ACC0367,14598,legitimate transfer,Chennai,Routine payment
TX0075,CASE002,2026-03-31T23:17:00,ACC0478,ACC0516,7394,legitimate transfer,Ludhiana,Routine payment
TX0076,CASE002,2026-03-23T23:17:00,ACC0699,ACC0467,4766,legitimate transfer,Dehradun,Routine payment
TX0077,CASE002,2026-04-22T23:17:00,ACC0664,ACC0295,6789,legitimate transfer,Faridabad,Routine payment
TX0078,CASE002,2026-03-28T23:17:00,ACC0587,ACC0672,8042,legitimate transfer,Chandigarh,Routine payment
TX0079,CASE002,2026-04-18T23:17:00,ACC0354,ACC0643,13320,legitimate transfer,Faridabad,Routine payment
TX0080,CASE002,2026-04-04T23:17:00,ACC0683,ACC0035,19148,legitimate transfer,Jaipur,Routine payment
TX0081,CASE002,2026-04-08T23:17:00,ACC0066,ACC0391,5146,legitimate transfer,Patna,Routine payment
TX0082,CASE002,2026-04-17T23:17:00,ACC0085,ACC0086,5856,legitimate transfer,Bengaluru,Routine payment
TX0083,CASE002,2026-04-09T23:17:00,ACC0601,ACC0588,18001,legitimate transfer,Kolkata,Routine payment
TX0084,CASE002,2026-03-23T23:17:00,ACC0775,ACC0058,4870,legitimate transfer,Agra,Routine payment
TX0085,CASE002,2026-04-02T23:17:00,ACC0258,ACC0398,1527,legitimate transfer,Surat,Routine payment
TX0086,CASE002,2026-04-14T23:17:00,ACC0376,ACC0330,1543,legitimate transfer,Chandigarh,Routine payment
TX0087,CASE002,2026-04-11T23:17:00,ACC0147,ACC0382,19818,legitimate transfer,Chennai,Routine payment
TX0088,CASE002,2026-04-06T23:17:00,ACC0715,ACC0117,13303,legitimate transfer,Kanpur,Routine payment
TX0089,CASE002,2026-04-16T23:17:00,ACC0744,ACC0471,8325,legitimate transfer,Ranchi,Routine payment
TX0090,CASE002,2026-03-23T23:17:00,ACC0385,ACC0286,1652,legitimate transfer,Lucknow,Routine payment
TX0091,CASE002,2026-03-26T23:17:00,ACC0502,ACC0798,10067,legitimate transfer,Pune,Routine payment
TX0092,CASE002,2026-04-11T23:17:00,ACC0765,ACC0301,4658,legitimate transfer,Pune,Routine payment
TX0093,CASE002,2026-04-08T23:17:00,ACC0684,ACC0676,15693,legitimate transfer,Bhopal,Routine payment
TX0094,CASE002,2026-04-03T23:17:00,ACC0168,ACC0567,19763,legitimate transfer,Haridwar,Routine payment
TX0095,CASE002,2026-04-11T23:17:00,ACC0358,ACC0616,19043,legitimate transfer,Delhi,Routine payment
TX0096,CASE002,2026-04-02T23:17:00,ACC0366,ACC0057,7867,legitimate transfer,Haridwar,Routine payment
TX0097,CASE003,2026-01-06T06:29:00,ACC0049,ACC0032,150000,transfer,Ranchi,Fund transfer
TX0098,CASE003,2026-01-05T06:29:00,ACC0032,ACC0769,235000,transfer,Ranchi,Fund transfer
TX0099,CASE003,2026-01-09T06:29:00,ACC0590,ACC0344,19034,legitimate transfer,Mumbai,Routine payment
TX0100,CASE003,2026-01-02T06:29:00,ACC0122,ACC0218,9310,legitimate transfer,Amritsar,Routine payment
TX0101,CASE003,2025-12-10T06:29:00,ACC0603,ACC0066,1528,legitimate transfer,Ghaziabad,Routine payment
TX0102,CASE003,2026-01-01T06:29:00,ACC0578,ACC0374,5354,legitimate transfer,Ludhiana,Routine payment
TX0103,CASE003,2025-12-22T06:29:00,ACC0328,ACC0354,1201,legitimate transfer,Bhopal,Routine payment
TX0104,CASE003,2026-01-05T06:29:00,ACC0549,ACC0027,7083,legitimate transfer,Amritsar,Routine payment
TX0105,CASE003,2026-01-04T06:29:00,ACC0324,ACC0607,1207,legitimate transfer,Surat,Routine payment
TX0106,CASE003,2025-12-28T06:29:00,ACC0109,ACC0786,17694,legitimate transfer,Haridwar,Routine payment
TX0107,CASE003,2025-12-31T06:29:00,ACC0143,ACC0463,6514,legitimate transfer,Kanpur,Routine payment
TX0108,CASE003,2025-12-13T06:29:00,ACC0127,ACC0411,1433,legitimate transfer,Kanpur,Routine payment
TX0109,CASE003,2025-12-17T06:29:00,ACC0089,ACC0211,2722,legitimate transfer,Indore,Routine payment
TX0110,CASE003,2025-12-23T06:29:00,ACC0640,ACC0735,15251,legitimate transfer,Ranchi,Routine payment
TX0111,CASE003,2025-12-21T06:29:00,ACC0775,ACC0380,18953,legitimate transfer,Ludhiana,Routine payment
TX0112,CASE003,2025-12-14T06:29:00,ACC0584,ACC0160,18829,legitimate transfer,Mumbai,Routine payment
TX0113,CASE003,2026-01-03T06:29:00,ACC0077,ACC0138,17820,legitimate transfer,Kolkata,Routine payment
TX0114,CASE003,2025-12-12T06:29:00,ACC0109,ACC0327,18308,legitimate transfer,Haridwar,Routine payment
TX0115,CASE003,2025-12-28T06:29:00,ACC0393,ACC0786,5492,legitimate transfer,Faridabad,Routine payment
TX0116,CASE003,2025-12-26T06:29:00,ACC0377,ACC0584,12625,legitimate transfer,Ghaziabad,Routine payment
TX0117,CASE003,2025-12-18T06:29:00,ACC0469,ACC0548,16833,legitimate transfer,Noida,Routine payment
TX0118,CASE003,2025-12-22T06:29:00,ACC0443,ACC0068,3221,legitimate transfer,Pune,Routine payment
TX0119,CASE003,2026-01-09T06:29:00,ACC0319,ACC0238,9821,legitimate transfer,Kanpur,Routine payment
TX0120,CASE003,2026-01-05T06:29:00,ACC0662,ACC0254,11968,legitimate transfer,Gurugram,Routine payment
TX0121,CASE003,2025-12-26T06:29:00,ACC0539,ACC0743,3475,legitimate transfer,Gurugram,Routine payment
TX0122,CASE003,2025-12-14T06:29:00,ACC0797,ACC0594,10212,legitimate transfer,Kolkata,Routine payment
TX0123,CASE003,2025-12-16T06:29:00,ACC0224,ACC0134,908,legitimate transfer,Chandigarh,Routine payment
TX0124,CASE003,2026-01-04T06:29:00,ACC0700,ACC0788,3723,legitimate transfer,Bhubaneswar,Routine payment
TX0125,CASE003,2025-12-18T06:29:00,ACC0311,ACC0463,11577,legitimate transfer,Agra,Routine payment
TX0126,CASE003,2025-12-28T06:29:00,ACC0537,ACC0526,16826,legitimate transfer,Lucknow,Routine payment
TX0127,CASE003,2025-12-29T06:29:00,ACC0033,ACC0231,17934,legitimate transfer,Faridabad,Routine payment
TX0128,CASE003,2025-12-29T06:29:00,ACC0789,ACC0418,4933,legitimate transfer,Agra,Routine payment
TX0129,CASE003,2025-12-13T06:29:00,ACC0681,ACC0266,17392,legitimate transfer,Ghaziabad,Routine payment
TX0130,CASE003,2025-12-15T06:29:00,ACC0131,ACC0506,14032,legitimate transfer,Jaipur,Routine payment
TX0131,CASE003,2025-12-21T06:29:00,ACC0692,ACC0303,19107,legitimate transfer,Noida,Routine payment
TX0132,CASE003,2026-01-03T06:29:00,ACC0180,ACC0408,2194,legitimate transfer,Amritsar,Routine payment
TX0133,CASE003,2025-12-19T06:29:00,ACC0773,ACC0466,10216,legitimate transfer,Pune,Routine payment
TX0134,CASE003,2025-12-14T06:29:00,ACC0546,ACC0501,19219,legitimate transfer,Bhubaneswar,Routine payment
TX0135,CASE003,2025-12-18T06:29:00,ACC0438,ACC0669,7308,legitimate transfer,Bengaluru,Routine payment
TX0136,CASE003,2026-01-06T06:29:00,ACC0442,ACC0780,2233,legitimate transfer,Lucknow,Routine payment
TX0137,CASE003,2025-12-31T06:29:00,ACC0201,ACC0774,1148,legitimate transfer,Bengaluru,Routine payment
TX0138,CASE003,2026-01-06T06:29:00,ACC0303,ACC0463,19076,legitimate transfer,Gurugram,Routine payment
TX0139,CASE003,2025-12-19T06:29:00,ACC0500,ACC0754,11467,legitimate transfer,Ludhiana,Routine payment
TX0140,CASE003,2026-01-01T06:29:00,ACC0615,ACC0646,19152,legitimate transfer,Amritsar,Routine payment
TX0141,CASE003,2025-12-15T06:29:00,ACC0304,ACC0222,11567,legitimate transfer,Mumbai,Routine payment
TX0142,CASE003,2025-12-10T06:29:00,ACC0333,ACC0077,14206,legitimate transfer,Chennai,Routine payment
TX0143,CASE003,2025-12-23T06:29:00,ACC0179,ACC0442,4577,legitimate transfer,Mumbai,Routine payment
TX0144,CASE004,2026-07-29T18:00:00,ACC0736,ACC0367,150000,transfer,Kanpur,Fund transfer
TX0145,CASE004,2026-07-28T18:00:00,ACC0367,ACC0103,235000,transfer,Kanpur,Fund transfer
TX0146,CASE004,2026-07-29T18:00:00,ACC0071,ACC0217,1722,legitimate transfer,Lucknow,Routine payment
TX0147,CASE004,2026-07-28T18:00:00,ACC0659,ACC0089,1650,legitimate transfer,Patna,Routine payment
TX0148,CASE004,2026-07-19T18:00:00,ACC0645,ACC0233,18629,legitimate transfer,Kolkata,Routine payment
TX0149,CASE004,2026-07-29T18:00:00,ACC0083,ACC0651,9831,legitimate transfer,Kanpur,Routine payment
TX0150,CASE004,2026-07-26T18:00:00,ACC0365,ACC0029,12286,legitimate transfer,Surat,Routine payment
TX0151,CASE004,2026-07-15T18:00:00,ACC0174,ACC0024,18702,legitimate transfer,Mumbai,Routine payment
TX0152,CASE004,2026-07-15T18:00:00,ACC0520,ACC0594,11344,legitimate transfer,Delhi,Routine payment
TX0153,CASE004,2026-07-02T18:00:00,ACC0225,ACC0179,19873,legitimate transfer,Kolkata,Routine payment
TX0154,CASE004,2026-07-29T18:00:00,ACC0493,ACC0254,4608,legitimate transfer,Bhubaneswar,Routine payment
TX0155,CASE004,2026-07-06T18:00:00,ACC0329,ACC0259,1905,legitimate transfer,Ludhiana,Routine payment
TX0156,CASE004,2026-07-14T18:00:00,ACC0371,ACC0600,593,legitimate transfer,Surat,Routine payment
TX0157,CASE004,2026-07-27T18:00:00,ACC0753,ACC0237,3075,legitimate transfer,Ranchi,Routine payment
TX0158,CASE004,2026-07-04T18:00:00,ACC0347,ACC0082,6419,legitimate transfer,Chennai,Routine payment
TX0159,CASE004,2026-07-24T18:00:00,ACC0099,ACC0252,16990,legitimate transfer,Indore,Routine payment
TX0160,CASE004,2026-07-23T18:00:00,ACC0291,ACC0573,14787,legitimate transfer,Chandigarh,Routine payment
TX0161,CASE004,2026-07-18T18:00:00,ACC0495,ACC0227,10749,legitimate transfer,Faridabad,Routine payment
TX0162,CASE004,2026-07-09T18:00:00,ACC0323,ACC0440,500,legitimate transfer,Bhopal,Routine payment
TX0163,CASE004,2026-07-08T18:00:00,ACC0785,ACC0063,5231,legitimate transfer,Kolkata,Routine payment
TX0164,CASE004,2026-07-02T18:00:00,ACC0750,ACC0771,17851,legitimate transfer,Bhubaneswar,Routine payment
TX0165,CASE004,2026-07-23T18:00:00,ACC0401,ACC0582,690,legitimate transfer,Bengaluru,Routine payment
TX0166,CASE004,2026-07-01T18:00:00,ACC0164,ACC0127,14143,legitimate transfer,Mumbai,Routine payment
TX0167,CASE004,2026-07-05T18:00:00,ACC0580,ACC0547,16019,legitimate transfer,Lucknow,Routine payment
TX0168,CASE004,2026-07-01T18:00:00,ACC0372,ACC0122,11266,legitimate transfer,Ahmedabad,Routine payment
TX0169,CASE004,2026-07-02T18:00:00,ACC0418,ACC0373,14015,legitimate transfer,Surat,Routine payment
TX0170,CASE004,2026-07-11T18:00:00,ACC0685,ACC0149,6206,legitimate transfer,Hyderabad,Routine payment
TX0171,CASE004,2026-07-11T18:00:00,ACC0441,ACC0474,8139,legitimate transfer,Bhubaneswar,Routine payment
TX0172,CASE004,2026-07-28T18:00:00,ACC0502,ACC0074,19236,legitimate transfer,Ghaziabad,Routine payment
TX0173,CASE004,2026-07-15T18:00:00,ACC0066,ACC0407,5924,legitimate transfer,Agra,Routine payment
TX0174,CASE004,2026-07-06T18:00:00,ACC0342,ACC0350,9021,legitimate transfer,Bengaluru,Routine payment
TX0175,CASE004,2026-07-17T18:00:00,ACC0206,ACC0016,17751,legitimate transfer,Kanpur,Routine payment
TX0176,CASE004,2026-07-12T18:00:00,ACC0155,ACC0349,10020,legitimate transfer,Bhubaneswar,Routine payment
TX0177,CASE004,2026-07-30T18:00:00,ACC0012,ACC0677,12955,legitimate transfer,Ahmedabad,Routine payment
TX0178,CASE004,2026-07-02T18:00:00,ACC0111,ACC0045,10240,legitimate transfer,Haridwar,Routine payment
TX0179,CASE004,2026-07-27T18:00:00,ACC0252,ACC0468,9941,legitimate transfer,Faridabad,Routine payment
TX0180,CASE004,2026-07-09T18:00:00,ACC0321,ACC0033,15866,legitimate transfer,Mumbai,Routine payment
TX0181,CASE004,2026-07-19T18:00:00,ACC0394,ACC0103,2804,legitimate transfer,Bengaluru,Routine payment
TX0182,CASE004,2026-07-19T18:00:00,ACC0269,ACC0072,5646,legitimate transfer,Kolkata,Routine payment
TX0183,CASE004,2026-06-30T18:00:00,ACC0304,ACC0203,3284,legitimate transfer,Agra,Routine payment
TX0184,CASE004,2026-07-19T18:00:00,ACC0422,ACC0057,18858,legitimate transfer,Haridwar,Routine payment
TX0185,CASE004,2026-07-22T18:00:00,ACC0405,ACC0266,11216,legitimate transfer,Chennai,Routine payment
TX0186,CASE004,2026-07-06T18:00:00,ACC0250,ACC0073,14742,legitimate transfer,Lucknow,Routine payment
TX0187,CASE004,2026-07-18T18:00:00,ACC0632,ACC0473,10384,legitimate transfer,Delhi,Routine payment
TX0188,CASE004,2026-07-25T18:00:00,ACC0217,ACC0470,9569,legitimate transfer,Jaipur,Routine payment
TX0189,CASE004,2026-07-03T18:00:00,ACC0183,ACC0572,16753,legitimate transfer,Kolkata,Routine payment
TX0190,CASE004,2026-07-19T18:00:00,ACC0765,ACC0517,2219,legitimate transfer,Haridwar,Routine payment
TX0191,CASE005,2026-04-11T07:48:00,ACC0391,ACC0490,49500,transfer,Agra,Fund transfer
TX0192,CASE005,2026-04-12T07:48:00,ACC0490,ACC0760,82000,transfer,Agra,Fund transfer
TX0193,CASE005,2026-03-29T07:48:00,ACC0312,ACC0693,9307,legitimate transfer,Delhi,Routine payment
TX0194,CASE005,2026-03-20T07:48:00,ACC0289,ACC0098,19387,legitimate transfer,Pune,Routine payment
TX0195,CASE005,2026-03-30T07:48:00,ACC0490,ACC0501,16671,legitimate transfer,Agra,Routine payment
TX0196,CASE005,2026-03-31T07:48:00,ACC0073,ACC0053,8832,legitimate transfer,Chennai,Routine payment
TX0197,CASE005,2026-03-15T07:48:00,ACC0147,ACC0709,19023,legitimate transfer,Kolkata,Routine payment
TX0198,CASE005,2026-03-17T07:48:00,ACC0218,ACC0354,1542,legitimate transfer,Surat,Routine payment
TX0199,CASE005,2026-04-08T07:48:00,ACC0607,ACC0224,5743,legitimate transfer,Ghaziabad,Routine payment
TX0200,CASE005,2026-03-29T07:48:00,ACC0572,ACC0113,4626,legitimate transfer,Mumbai,Routine payment
TX0201,CASE005,2026-03-16T07:48:00,ACC0290,ACC0528,17174,legitimate transfer,Bhopal,Routine payment
TX0202,CASE005,2026-04-09T07:48:00,ACC0351,ACC0297,12402,legitimate transfer,Indore,Routine payment
TX0203,CASE005,2026-04-08T07:48:00,ACC0271,ACC0557,10942,legitimate transfer,Delhi,Routine payment
TX0204,CASE005,2026-03-14T07:48:00,ACC0179,ACC0780,19142,legitimate transfer,Chandigarh,Routine payment
TX0205,CASE005,2026-03-21T07:48:00,ACC0770,ACC0184,2038,legitimate transfer,Bengaluru,Routine payment
TX0206,CASE005,2026-03-14T07:48:00,ACC0145,ACC0746,18725,legitimate transfer,Hyderabad,Routine payment
TX0207,CASE005,2026-03-19T07:48:00,ACC0060,ACC0291,12947,legitimate transfer,Patna,Routine payment
TX0208,CASE005,2026-03-22T07:48:00,ACC0058,ACC0298,12126,legitimate transfer,Ahmedabad,Routine payment
TX0209,CASE005,2026-04-11T07:48:00,ACC0020,ACC0193,7304,legitimate transfer,Bhubaneswar,Routine payment
TX0210,CASE005,2026-04-02T07:48:00,ACC0407,ACC0616,1899,legitimate transfer,Ranchi,Routine payment
TX0211,CASE005,2026-04-05T07:48:00,ACC0183,ACC0168,4108,legitimate transfer,Noida,Routine payment
TX0212,CASE005,2026-04-11T07:48:00,ACC0660,ACC0561,1860,legitimate transfer,Ludhiana,Routine payment
TX0213,CASE005,2026-03-24T07:48:00,ACC0531,ACC0769,6311,legitimate transfer,Faridabad,Routine payment
TX0214,CASE005,2026-03-23T07:48:00,ACC0650,ACC0614,19740,legitimate transfer,Bhubaneswar,Routine payment
TX0215,CASE005,2026-03-19T07:48:00,ACC0325,ACC0545,17875,legitimate transfer,Chennai,Routine payment
TX0216,CASE005,2026-03-14T07:48:00,ACC0177,ACC0651,12419,legitimate transfer,Chennai,Routine payment
TX0217,CASE005,2026-03-31T07:48:00,ACC0191,ACC0258,5026,legitimate transfer,Gurugram,Routine payment
TX0218,CASE005,2026-04-05T07:48:00,ACC0692,ACC0630,9055,legitimate transfer,Dehradun,Routine payment
TX0219,CASE005,2026-03-26T07:48:00,ACC0242,ACC0756,5232,legitimate transfer,Ludhiana,Routine payment
TX0220,CASE005,2026-03-29T07:48:00,ACC0769,ACC0747,11476,legitimate transfer,Jaipur,Routine payment
TX0221,CASE005,2026-04-06T07:48:00,ACC0702,ACC0783,8206,legitimate transfer,Ranchi,Routine payment
TX0222,CASE005,2026-04-02T07:48:00,ACC0231,ACC0621,10253,legitimate transfer,Delhi,Routine payment
TX0223,CASE005,2026-03-21T07:48:00,ACC0683,ACC0249,4335,legitimate transfer,Bengaluru,Routine payment
TX0224,CASE005,2026-03-14T07:48:00,ACC0008,ACC0037,5370,legitimate transfer,Faridabad,Routine payment
TX0225,CASE005,2026-04-02T07:48:00,ACC0411,ACC0621,7147,legitimate transfer,Kanpur,Routine payment
TX0226,CASE005,2026-04-10T07:48:00,ACC0504,ACC0114,19018,legitimate transfer,Ranchi,Routine payment
TX0227,CASE005,2026-04-02T07:48:00,ACC0120,ACC0325,11101,legitimate transfer,Pune,Routine payment
TX0228,CASE005,2026-04-04T07:48:00,ACC0300,ACC0516,599,legitimate transfer,Kanpur,Routine payment
TX0229,CASE005,2026-04-01T07:48:00,ACC0698,ACC0700,15170,legitimate transfer,Lucknow,Routine payment
TX0230,CASE005,2026-03-30T07:48:00,ACC0523,ACC0436,6163,legitimate transfer,Jaipur,Routine payment
TX0231,CASE005,2026-03-31T07:48:00,ACC0719,ACC0023,9982,legitimate transfer,Gurugram,Routine payment
TX0232,CASE005,2026-03-19T07:48:00,ACC0547,ACC0716,7116,legitimate transfer,Ludhiana,Routine payment
TX0233,CASE005,2026-03-28T07:48:00,ACC0358,ACC0210,14318,legitimate transfer,Surat,Routine payment
TX0234,CASE005,2026-03-21T07:48:00,ACC0383,ACC0226,16035,legitimate transfer,Amritsar,Routine payment
TX0235,CASE005,2026-04-06T07:48:00,ACC0027,ACC0359,6082,legitimate transfer,Kanpur,Routine payment
TX0236,CASE005,2026-04-12T07:48:00,ACC0034,ACC0055,4761,legitimate transfer,Noida,Routine payment
TX0237,CASE005,2026-04-05T07:48:00,ACC0262,ACC0077,3904,legitimate transfer,Pune,Routine payment
TX0238,CASE006,2025-11-01T03:22:00,ACC0257,ACC0288,82000,transfer,Noida,Fund transfer
TX0239,CASE006,2025-10-29T03:22:00,ACC0288,ACC0270,49500,transfer,Noida,Fund transfer
TX0240,CASE006,2025-10-17T03:22:00,ACC0116,ACC0393,10018,legitimate transfer,Ranchi,Routine payment
TX0241,CASE006,2025-10-12T03:22:00,ACC0066,ACC0637,13226,legitimate transfer,Faridabad,Routine payment
TX0242,CASE006,2025-10-13T03:22:00,ACC0696,ACC0033,16838,legitimate transfer,Patna,Routine payment
TX0243,CASE006,2025-10-17T03:22:00,ACC0141,ACC0680,1162,legitimate transfer,Bengaluru,Routine payment
TX0244,CASE006,2025-10-11T03:22:00,ACC0261,ACC0370,14999,legitimate transfer,Faridabad,Routine payment
TX0245,CASE006,2025-10-30T03:22:00,ACC0508,ACC0671,3914,legitimate transfer,Haridwar,Routine payment
TX0246,CASE006,2025-11-02T03:22:00,ACC0249,ACC0167,8188,legitimate transfer,Ahmedabad,Routine payment
TX0247,CASE006,2025-10-05T03:22:00,ACC0183,ACC0705,9426,legitimate transfer,Haridwar,Routine payment
TX0248,CASE006,2025-10-21T03:22:00,ACC0147,ACC0612,17592,legitimate transfer,Haridwar,Routine payment
TX0249,CASE006,2025-10-22T03:22:00,ACC0589,ACC0460,7666,legitimate transfer,Bhopal,Routine payment
TX0250,CASE006,2025-10-10T03:22:00,ACC0683,ACC0033,19203,legitimate transfer,Delhi,Routine payment
TX0251,CASE006,2025-10-13T03:22:00,ACC0689,ACC0105,8077,legitimate transfer,Bengaluru,Routine payment
TX0252,CASE006,2025-10-30T03:22:00,ACC0476,ACC0619,9705,legitimate transfer,Patna,Routine payment
TX0253,CASE006,2025-10-14T03:22:00,ACC0381,ACC0505,8135,legitimate transfer,Bhopal,Routine payment
TX0254,CASE006,2025-10-09T03:22:00,ACC0617,ACC0603,2469,legitimate transfer,Hyderabad,Routine payment
TX0255,CASE006,2025-10-09T03:22:00,ACC0792,ACC0009,776,legitimate transfer,Ahmedabad,Routine payment
TX0256,CASE006,2025-10-25T03:22:00,ACC0387,ACC0265,5650,legitimate transfer,Ranchi,Routine payment
TX0257,CASE006,2025-10-16T03:22:00,ACC0603,ACC0247,5454,legitimate transfer,Indore,Routine payment
TX0258,CASE006,2025-10-28T03:22:00,ACC0741,ACC0098,2512,legitimate transfer,Ahmedabad,Routine payment
TX0259,CASE006,2025-11-03T03:22:00,ACC0220,ACC0635,2178,legitimate transfer,Surat,Routine payment
TX0260,CASE006,2025-10-21T03:22:00,ACC0238,ACC0587,19560,legitimate transfer,Haridwar,Routine payment
TX0261,CASE006,2025-10-21T03:22:00,ACC0520,ACC0700,18638,legitimate transfer,Hyderabad,Routine payment
TX0262,CASE006,2025-10-18T03:22:00,ACC0353,ACC0635,11799,legitimate transfer,Delhi,Routine payment
TX0263,CASE006,2025-10-26T03:22:00,ACC0666,ACC0587,4898,legitimate transfer,Patna,Routine payment
TX0264,CASE006,2025-10-20T03:22:00,ACC0704,ACC0390,5090,legitimate transfer,Indore,Routine payment
TX0265,CASE006,2025-10-24T03:22:00,ACC0555,ACC0636,6779,legitimate transfer,Chennai,Routine payment
TX0266,CASE006,2025-11-02T03:22:00,ACC0617,ACC0699,12454,legitimate transfer,Mumbai,Routine payment
TX0267,CASE006,2025-10-30T03:22:00,ACC0151,ACC0749,9050,legitimate transfer,Amritsar,Routine payment
TX0268,CASE006,2025-10-11T03:22:00,ACC0433,ACC0181,18389,legitimate transfer,Kolkata,Routine payment
TX0269,CASE006,2025-10-10T03:22:00,ACC0218,ACC0575,14772,legitimate transfer,Ghaziabad,Routine payment
TX0270,CASE006,2025-10-07T03:22:00,ACC0498,ACC0595,10299,legitimate transfer,Chandigarh,Routine payment
TX0271,CASE006,2025-10-10T03:22:00,ACC0589,ACC0178,7544,legitimate transfer,Indore,Routine payment
TX0272,CASE006,2025-10-16T03:22:00,ACC0258,ACC0253,18723,legitimate transfer,Kanpur,Routine payment
TX0273,CASE006,2025-10-29T03:22:00,ACC0257,ACC0051,3091,legitimate transfer,Faridabad,Routine payment
TX0274,CASE006,2025-10-06T03:22:00,ACC0031,ACC0608,18838,legitimate transfer,Mumbai,Routine payment
TX0275,CASE006,2025-10-07T03:22:00,ACC0042,ACC0312,11173,legitimate transfer,Faridabad,Routine payment
TX0276,CASE006,2025-10-16T03:22:00,ACC0644,ACC0329,14821,legitimate transfer,Chandigarh,Routine payment
TX0277,CASE006,2025-10-29T03:22:00,ACC0236,ACC0743,8537,legitimate transfer,Bhopal,Routine payment
TX0278,CASE006,2025-10-22T03:22:00,ACC0319,ACC0672,18012,legitimate transfer,Pune,Routine payment
TX0279,CASE006,2025-10-06T03:22:00,ACC0579,ACC0025,9480,legitimate transfer,Surat,Routine payment
TX0280,CASE006,2025-10-31T03:22:00,ACC0300,ACC0119,16863,legitimate transfer,Kolkata,Routine payment
TX0281,CASE006,2025-10-28T03:22:00,ACC0690,ACC0320,4984,legitimate transfer,Kolkata,Routine payment
TX0282,CASE006,2025-10-24T03:22:00,ACC0619,ACC0151,10321,legitimate transfer,Hyderabad,Routine payment
TX0283,CASE006,2025-10-25T03:22:00,ACC0161,ACC0391,10298,legitimate transfer,Chandigarh,Routine payment
TX0284,CASE006,2025-10-14T03:22:00,ACC0160,ACC0197,6573,legitimate transfer,Ranchi,Routine payment
TX0285,CASE007,2026-05-25T21:03:00,ACC0730,ACC0291,150000,transfer,Bengaluru,Fund transfer
TX0286,CASE007,2026-05-30T21:03:00,ACC0291,ACC0746,235000,transfer,Bengaluru,Fund transfer
TX0287,CASE007,2026-05-30T21:03:00,ACC0746,ACC0079,150000,transfer,Bengaluru,Fund transfer
TX0288,CASE007,2026-05-19T21:03:00,ACC0568,ACC0641,17497,legitimate transfer,Jaipur,Routine payment
TX0289,CASE007,2026-05-18T21:03:00,ACC0253,ACC0753,10306,legitimate transfer,Kolkata,Routine payment
TX0290,CASE007,2026-05-14T21:03:00,ACC0178,ACC0758,19238,legitimate transfer,Amritsar,Routine payment
TX0291,CASE007,2026-05-21T21:03:00,ACC0282,ACC0575,4392,legitimate transfer,Kanpur,Routine payment
TX0292,CASE007,2026-05-07T21:03:00,ACC0419,ACC0232,552,legitimate transfer,Bhubaneswar,Routine payment
TX0293,CASE007,2026-05-27T21:03:00,ACC0249,ACC0399,19163,legitimate transfer,Pune,Routine payment
TX0294,CASE007,2026-05-25T21:03:00,ACC0756,ACC0218,1933,legitimate transfer,Delhi,Routine payment
TX0295,CASE007,2026-05-13T21:03:00,ACC0110,ACC0221,15452,legitimate transfer,Mumbai,Routine payment
TX0296,CASE007,2026-05-26T21:03:00,ACC0151,ACC0734,8892,legitimate transfer,Dehradun,Routine payment
TX0297,CASE007,2026-05-29T21:03:00,ACC0331,ACC0134,1458,legitimate transfer,Ghaziabad,Routine payment
TX0298,CASE007,2026-04-30T21:03:00,ACC0003,ACC0116,13746,legitimate transfer,Faridabad,Routine payment
TX0299,CASE007,2026-05-21T21:03:00,ACC0444,ACC0397,14676,legitimate transfer,Ghaziabad,Routine payment
TX0300,CASE007,2026-05-12T21:03:00,ACC0414,ACC0795,580,legitimate transfer,Indore,Routine payment
TX0301,CASE007,2026-05-19T21:03:00,ACC0675,ACC0414,10564,legitimate transfer,Jaipur,Routine payment
TX0302,CASE007,2026-05-10T21:03:00,ACC0214,ACC0787,1593,legitimate transfer,Ghaziabad,Routine payment
TX0303,CASE007,2026-05-14T21:03:00,ACC0519,ACC0535,7038,legitimate transfer,Kanpur,Routine payment
TX0304,CASE007,2026-05-06T21:03:00,ACC0499,ACC0493,13943,legitimate transfer,Noida,Routine payment
TX0305,CASE007,2026-05-08T21:03:00,ACC0044,ACC0798,16315,legitimate transfer,Chandigarh,Routine payment
TX0306,CASE007,2026-05-06T21:03:00,ACC0730,ACC0682,7592,legitimate transfer,Indore,Routine payment
TX0307,CASE007,2026-05-15T21:03:00,ACC0055,ACC0072,18725,legitimate transfer,Jaipur,Routine payment
TX0308,CASE007,2026-04-30T21:03:00,ACC0209,ACC0112,4249,legitimate transfer,Pune,Routine payment
TX0309,CASE007,2026-05-07T21:03:00,ACC0687,ACC0195,15340,legitimate transfer,Dehradun,Routine payment
TX0310,CASE007,2026-05-14T21:03:00,ACC0318,ACC0495,1909,legitimate transfer,Ludhiana,Routine payment
TX0311,CASE007,2026-05-11T21:03:00,ACC0352,ACC0412,1492,legitimate transfer,Mumbai,Routine payment
TX0312,CASE007,2026-05-22T21:03:00,ACC0455,ACC0200,12141,legitimate transfer,Gurugram,Routine payment
TX0313,CASE007,2026-05-23T21:03:00,ACC0022,ACC0172,3048,legitimate transfer,Bhubaneswar,Routine payment
TX0314,CASE007,2026-05-12T21:03:00,ACC0711,ACC0642,5074,legitimate transfer,Hyderabad,Routine payment
TX0315,CASE007,2026-04-30T21:03:00,ACC0592,ACC0536,11775,legitimate transfer,Lucknow,Routine payment
TX0316,CASE007,2026-05-17T21:03:00,ACC0413,ACC0570,12200,legitimate transfer,Bhopal,Routine payment
TX0317,CASE007,2026-05-13T21:03:00,ACC0042,ACC0315,6194,legitimate transfer,Hyderabad,Routine payment
TX0318,CASE007,2026-05-15T21:03:00,ACC0612,ACC0604,15806,legitimate transfer,Gurugram,Routine payment
TX0319,CASE007,2026-05-14T21:03:00,ACC0329,ACC0784,1116,legitimate transfer,Surat,Routine payment
TX0320,CASE007,2026-05-26T21:03:00,ACC0467,ACC0694,9362,legitimate transfer,Lucknow,Routine payment
TX0321,CASE007,2026-05-28T21:03:00,ACC0228,ACC0653,14674,legitimate transfer,Gurugram,Routine payment
TX0322,CASE007,2026-05-11T21:03:00,ACC0577,ACC0667,13962,legitimate transfer,Ghaziabad,Routine payment
TX0323,CASE007,2026-05-19T21:03:00,ACC0573,ACC0063,11855,legitimate transfer,Hyderabad,Routine payment
TX0324,CASE007,2026-05-03T21:03:00,ACC0131,ACC0660,3205,legitimate transfer,Hyderabad,Routine payment
TX0325,CASE007,2026-05-03T21:03:00,ACC0628,ACC0661,18598,legitimate transfer,Kanpur,Routine payment
TX0326,CASE007,2026-05-27T21:03:00,ACC0424,ACC0797,5968,legitimate transfer,Indore,Routine payment
TX0327,CASE007,2026-05-16T21:03:00,ACC0694,ACC0710,2482,legitimate transfer,Bengaluru,Routine payment
TX0328,CASE007,2026-05-23T21:03:00,ACC0487,ACC0215,4366,legitimate transfer,Hyderabad,Routine payment
TX0329,CASE007,2026-04-30T21:03:00,ACC0082,ACC0199,5549,legitimate transfer,Faridabad,Routine payment
TX0330,CASE007,2026-05-17T21:03:00,ACC0289,ACC0340,5077,legitimate transfer,Surat,Routine payment
TX0331,CASE007,2026-05-04T21:03:00,ACC0075,ACC0651,16919,legitimate transfer,Chandigarh,Routine payment
TX0332,CASE007,2026-05-13T21:03:00,ACC0541,ACC0216,10046,legitimate transfer,Faridabad,Routine payment
TX0333,CASE008,2025-08-11T02:17:00,ACC0232,ACC0563,235000,transfer,Ranchi,Fund transfer
TX0334,CASE008,2025-08-12T02:17:00,ACC0563,ACC0152,150000,transfer,Ranchi,Fund transfer
TX0335,CASE008,2025-08-08T02:17:00,ACC0152,ACC0422,82000,transfer,Ranchi,Fund transfer
TX0336,CASE008,2025-07-26T02:17:00,ACC0307,ACC0138,8856,legitimate transfer,Indore,Routine payment
TX0337,CASE008,2025-08-07T02:17:00,ACC0778,ACC0525,15250,legitimate transfer,Noida,Routine payment
TX0338,CASE008,2025-07-27T02:17:00,ACC0728,ACC0369,15372,legitimate transfer,Noida,Routine payment
TX0339,CASE008,2025-07-25T02:17:00,ACC0001,ACC0022,11212,legitimate transfer,Pune,Routine payment
TX0340,CASE008,2025-08-10T02:17:00,ACC0746,ACC0752,17137,legitimate transfer,Dehradun,Routine payment
TX0341,CASE008,2025-08-12T02:17:00,ACC0172,ACC0253,17810,legitimate transfer,Kanpur,Routine payment
TX0342,CASE008,2025-07-30T02:17:00,ACC0210,ACC0747,10941,legitimate transfer,Bhopal,Routine payment
TX0343,CASE008,2025-08-11T02:17:00,ACC0688,ACC0393,19001,legitimate transfer,Ludhiana,Routine payment
TX0344,CASE008,2025-07-15T02:17:00,ACC0142,ACC0788,16010,legitimate transfer,Agra,Routine payment
TX0345,CASE008,2025-07-29T02:17:00,ACC0415,ACC0247,5731,legitimate transfer,Haridwar,Routine payment
TX0346,CASE008,2025-07-30T02:17:00,ACC0617,ACC0280,15434,legitimate transfer,Dehradun,Routine payment
TX0347,CASE008,2025-08-13T02:17:00,ACC0534,ACC0798,2772,legitimate transfer,Bhubaneswar,Routine payment
TX0348,CASE008,2025-08-13T02:17:00,ACC0563,ACC0649,14075,legitimate transfer,Gurugram,Routine payment
TX0349,CASE008,2025-08-09T02:17:00,ACC0504,ACC0329,13204,legitimate transfer,Kanpur,Routine payment
TX0350,CASE008,2025-07-29T02:17:00,ACC0708,ACC0266,14766,legitimate transfer,Bhubaneswar,Routine payment
TX0351,CASE008,2025-08-02T02:17:00,ACC0120,ACC0346,19195,legitimate transfer,Patna,Routine payment
TX0352,CASE008,2025-07-26T02:17:00,ACC0232,ACC0101,8508,legitimate transfer,Haridwar,Routine payment
TX0353,CASE008,2025-08-13T02:17:00,ACC0298,ACC0487,2714,legitimate transfer,Gurugram,Routine payment
TX0354,CASE008,2025-07-22T02:17:00,ACC0483,ACC0673,7731,legitimate transfer,Kolkata,Routine payment
TX0355,CASE008,2025-07-28T02:17:00,ACC0312,ACC0395,10273,legitimate transfer,Agra,Routine payment
TX0356,CASE008,2025-07-22T02:17:00,ACC0344,ACC0140,16869,legitimate transfer,Gurugram,Routine payment
TX0357,CASE008,2025-08-09T02:17:00,ACC0272,ACC0129,2418,legitimate transfer,Amritsar,Routine payment
TX0358,CASE008,2025-07-27T02:17:00,ACC0662,ACC0241,5957,legitimate transfer,Mumbai,Routine payment
TX0359,CASE008,2025-08-07T02:17:00,ACC0643,ACC0153,10695,legitimate transfer,Gurugram,Routine payment
TX0360,CASE008,2025-08-02T02:17:00,ACC0555,ACC0678,13669,legitimate transfer,Lucknow,Routine payment
TX0361,CASE008,2025-07-18T02:17:00,ACC0275,ACC0509,1983,legitimate transfer,Lucknow,Routine payment
TX0362,CASE008,2025-08-13T02:17:00,ACC0479,ACC0493,11744,legitimate transfer,Ahmedabad,Routine payment
TX0363,CASE008,2025-07-30T02:17:00,ACC0569,ACC0260,17788,legitimate transfer,Chennai,Routine payment
TX0364,CASE008,2025-07-30T02:17:00,ACC0742,ACC0416,3392,legitimate transfer,Surat,Routine payment
TX0365,CASE008,2025-07-21T02:17:00,ACC0146,ACC0010,5874,legitimate transfer,Haridwar,Routine payment
TX0366,CASE008,2025-07-16T02:17:00,ACC0789,ACC0399,1455,legitimate transfer,Gurugram,Routine payment
TX0367,CASE008,2025-08-13T02:17:00,ACC0686,ACC0056,4881,legitimate transfer,Chennai,Routine payment
TX0368,CASE008,2025-07-30T02:17:00,ACC0215,ACC0650,16691,legitimate transfer,Mumbai,Routine payment
TX0369,CASE008,2025-07-22T02:17:00,ACC0110,ACC0331,18234,legitimate transfer,Faridabad,Routine payment
TX0370,CASE008,2025-08-02T02:17:00,ACC0207,ACC0452,3850,legitimate transfer,Faridabad,Routine payment
TX0371,CASE008,2025-07-28T02:17:00,ACC0161,ACC0497,16678,legitimate transfer,Dehradun,Routine payment
TX0372,CASE008,2025-08-10T02:17:00,ACC0051,ACC0022,17403,legitimate transfer,Surat,Routine payment
TX0373,CASE008,2025-07-20T02:17:00,ACC0682,ACC0268,8282,legitimate transfer,Patna,Routine payment
TX0374,CASE008,2025-08-06T02:17:00,ACC0131,ACC0785,1312,legitimate transfer,Gurugram,Routine payment
TX0375,CASE008,2025-08-07T02:17:00,ACC0541,ACC0747,1071,legitimate transfer,Hyderabad,Routine payment
TX0376,CASE008,2025-08-05T02:17:00,ACC0689,ACC0260,4412,legitimate transfer,Pune,Routine payment
TX0377,CASE008,2025-07-20T02:17:00,ACC0018,ACC0587,3529,legitimate transfer,Ghaziabad,Routine payment
TX0378,CASE008,2025-08-01T02:17:00,ACC0157,ACC0607,509,legitimate transfer,Bhopal,Routine payment
TX0379,CASE008,2025-08-05T02:17:00,ACC0524,ACC0571,13596,legitimate transfer,Kolkata,Routine payment
TX0380,CASE008,2025-07-24T02:17:00,ACC0496,ACC0028,5106,legitimate transfer,Ludhiana,Routine payment
TX0381,CASE009,2026-07-19T12:03:00,ACC0194,ACC0521,82000,transfer,Noida,Fund transfer
TX0382,CASE009,2026-07-16T12:03:00,ACC0521,ACC0217,235000,transfer,Noida,Fund transfer
TX0383,CASE009,2026-07-03T12:03:00,ACC0691,ACC0433,17230,legitimate transfer,Delhi,Routine payment
TX0384,CASE009,2026-07-14T12:03:00,ACC0535,ACC0235,10109,legitimate transfer,Ghaziabad,Routine payment
TX0385,CASE009,2026-07-09T12:03:00,ACC0423,ACC0274,15455,legitimate transfer,Gurugram,Routine payment
TX0386,CASE009,2026-07-01T12:03:00,ACC0333,ACC0646,14273,legitimate transfer,Delhi,Routine payment
TX0387,CASE009,2026-06-24T12:03:00,ACC0041,ACC0425,11198,legitimate transfer,Noida,Routine payment
TX0388,CASE009,2026-06-21T12:03:00,ACC0318,ACC0561,15077,legitimate transfer,Bhopal,Routine payment
TX0389,CASE009,2026-06-26T12:03:00,ACC0787,ACC0623,17350,legitimate transfer,Haridwar,Routine payment
TX0390,CASE009,2026-06-29T12:03:00,ACC0102,ACC0208,18209,legitimate transfer,Haridwar,Routine payment
TX0391,CASE009,2026-07-05T12:03:00,ACC0190,ACC0265,7135,legitimate transfer,Mumbai,Routine payment
TX0392,CASE009,2026-07-14T12:03:00,ACC0096,ACC0423,19873,legitimate transfer,Ghaziabad,Routine payment
TX0393,CASE009,2026-07-19T12:03:00,ACC0708,ACC0507,9241,legitimate transfer,Ranchi,Routine payment
TX0394,CASE009,2026-07-05T12:03:00,ACC0546,ACC0728,1285,legitimate transfer,Kanpur,Routine payment
TX0395,CASE009,2026-06-22T12:03:00,ACC0692,ACC0113,6576,legitimate transfer,Bhopal,Routine payment
TX0396,CASE009,2026-06-21T12:03:00,ACC0515,ACC0571,4398,legitimate transfer,Bengaluru,Routine payment
TX0397,CASE009,2026-07-06T12:03:00,ACC0666,ACC0103,6188,legitimate transfer,Surat,Routine payment
TX0398,CASE009,2026-07-10T12:03:00,ACC0695,ACC0745,4837,legitimate transfer,Ludhiana,Routine payment
TX0399,CASE009,2026-07-02T12:03:00,ACC0409,ACC0047,9011,legitimate transfer,Ludhiana,Routine payment
TX0400,CASE009,2026-07-06T12:03:00,ACC0206,ACC0587,10155,legitimate transfer,Mumbai,Routine payment
TX0401,CASE009,2026-07-05T12:03:00,ACC0405,ACC0656,9139,legitimate transfer,Haridwar,Routine payment
TX0402,CASE009,2026-07-11T12:03:00,ACC0403,ACC0443,17968,legitimate transfer,Lucknow,Routine payment
TX0403,CASE009,2026-07-11T12:03:00,ACC0072,ACC0752,18792,legitimate transfer,Ranchi,Routine payment
TX0404,CASE009,2026-06-30T12:03:00,ACC0731,ACC0791,5918,legitimate transfer,Agra,Routine payment
TX0405,CASE009,2026-06-25T12:03:00,ACC0468,ACC0523,9273,legitimate transfer,Bhopal,Routine payment
TX0406,CASE009,2026-07-18T12:03:00,ACC0310,ACC0462,8423,legitimate transfer,Amritsar,Routine payment
TX0407,CASE009,2026-07-05T12:03:00,ACC0063,ACC0466,9828,legitimate transfer,Pune,Routine payment
TX0408,CASE009,2026-06-21T12:03:00,ACC0272,ACC0272,19849,legitimate transfer,Kolkata,Routine payment
TX0409,CASE009,2026-07-18T12:03:00,ACC0779,ACC0711,17164,legitimate transfer,Bhubaneswar,Routine payment
TX0410,CASE009,2026-07-04T12:03:00,ACC0389,ACC0434,10435,legitimate transfer,Haridwar,Routine payment
TX0411,CASE009,2026-07-11T12:03:00,ACC0285,ACC0253,17585,legitimate transfer,Ahmedabad,Routine payment
TX0412,CASE009,2026-07-21T12:03:00,ACC0608,ACC0363,11207,legitimate transfer,Dehradun,Routine payment
TX0413,CASE009,2026-06-22T12:03:00,ACC0409,ACC0584,13979,legitimate transfer,Noida,Routine payment
TX0414,CASE009,2026-06-30T12:03:00,ACC0271,ACC0298,16681,legitimate transfer,Noida,Routine payment
TX0415,CASE009,2026-07-17T12:03:00,ACC0651,ACC0771,12828,legitimate transfer,Pune,Routine payment
TX0416,CASE009,2026-06-22T12:03:00,ACC0762,ACC0474,3417,legitimate transfer,Kanpur,Routine payment
TX0417,CASE009,2026-06-26T12:03:00,ACC0536,ACC0436,9166,legitimate transfer,Chennai,Routine payment
TX0418,CASE009,2026-07-02T12:03:00,ACC0604,ACC0718,14874,legitimate transfer,Faridabad,Routine payment
TX0419,CASE009,2026-07-15T12:03:00,ACC0010,ACC0023,9018,legitimate transfer,Hyderabad,Routine payment
TX0420,CASE009,2026-06-28T12:03:00,ACC0418,ACC0519,4123,legitimate transfer,Ranchi,Routine payment
TX0421,CASE009,2026-06-28T12:03:00,ACC0132,ACC0478,13841,legitimate transfer,Haridwar,Routine payment
TX0422,CASE009,2026-06-27T12:03:00,ACC0272,ACC0278,15761,legitimate transfer,Dehradun,Routine payment
TX0423,CASE009,2026-06-29T12:03:00,ACC0008,ACC0475,3868,legitimate transfer,Pune,Routine payment
TX0424,CASE009,2026-06-22T12:03:00,ACC0437,ACC0297,19994,legitimate transfer,Noida,Routine payment
TX0425,CASE009,2026-07-05T12:03:00,ACC0584,ACC0616,5127,legitimate transfer,Agra,Routine payment
TX0426,CASE009,2026-07-01T12:03:00,ACC0356,ACC0278,8690,legitimate transfer,Chennai,Routine payment
TX0427,CASE009,2026-07-14T12:03:00,ACC0456,ACC0739,1218,legitimate transfer,Ahmedabad,Routine payment
TX0428,CASE010,2025-10-04T05:38:00,ACC0196,ACC0164,150000,transfer,Surat,Fund transfer
TX0429,CASE010,2025-10-05T05:38:00,ACC0164,ACC0599,235000,transfer,Surat,Fund transfer
TX0430,CASE010,2025-10-06T05:38:00,ACC0599,ACC0549,82000,transfer,Surat,Fund transfer
TX0431,CASE010,2025-10-08T05:38:00,ACC0549,ACC0333,49500,transfer,Surat,Fund transfer
TX0432,CASE010,2025-09-26T05:38:00,ACC0018,ACC0350,18260,legitimate transfer,Delhi,Routine payment
TX0433,CASE010,2025-09-22T05:38:00,ACC0109,ACC0443,3270,legitimate transfer,Amritsar,Routine payment
TX0434,CASE010,2025-09-17T05:38:00,ACC0478,ACC0486,9563,legitimate transfer,Lucknow,Routine payment
TX0435,CASE010,2025-09-21T05:38:00,ACC0728,ACC0148,10958,legitimate transfer,Ghaziabad,Routine payment
TX0436,CASE010,2025-09-28T05:38:00,ACC0290,ACC0336,6660,legitimate transfer,Ludhiana,Routine payment
TX0437,CASE010,2025-09-18T05:38:00,ACC0660,ACC0351,7783,legitimate transfer,Ludhiana,Routine payment
TX0438,CASE010,2025-09-28T05:38:00,ACC0497,ACC0213,10754,legitimate transfer,Chandigarh,Routine payment
TX0439,CASE010,2025-09-26T05:38:00,ACC0531,ACC0758,7908,legitimate transfer,Delhi,Routine payment
TX0440,CASE010,2025-09-29T05:38:00,ACC0231,ACC0046,4715,legitimate transfer,Indore,Routine payment
TX0441,CASE010,2025-10-02T05:38:00,ACC0741,ACC0195,6843,legitimate transfer,Agra,Routine payment
TX0442,CASE010,2025-09-16T05:38:00,ACC0640,ACC0646,10771,legitimate transfer,Noida,Routine payment
TX0443,CASE010,2025-09-16T05:38:00,ACC0391,ACC0793,8537,legitimate transfer,Bhopal,Routine payment
TX0444,CASE010,2025-09-22T05:38:00,ACC0193,ACC0259,15532,legitimate transfer,Hyderabad,Routine payment
TX0445,CASE010,2025-09-12T05:38:00,ACC0410,ACC0632,18677,legitimate transfer,Kanpur,Routine payment
TX0446,CASE010,2025-09-26T05:38:00,ACC0016,ACC0511,2717,legitimate transfer,Ghaziabad,Routine payment
TX0447,CASE010,2025-09-10T05:38:00,ACC0255,ACC0155,5702,legitimate transfer,Pune,Routine payment
TX0448,CASE010,2025-09-09T05:38:00,ACC0022,ACC0521,12522,legitimate transfer,Lucknow,Routine payment
TX0449,CASE010,2025-09-21T05:38:00,ACC0708,ACC0424,12492,legitimate transfer,Ahmedabad,Routine payment
TX0450,CASE010,2025-09-16T05:38:00,ACC0227,ACC0296,14689,legitimate transfer,Bhopal,Routine payment
TX0451,CASE010,2025-09-23T05:38:00,ACC0482,ACC0578,9659,legitimate transfer,Ludhiana,Routine payment
TX0452,CASE010,2025-09-25T05:38:00,ACC0653,ACC0311,8874,legitimate transfer,Noida,Routine payment
TX0453,CASE010,2025-09-22T05:38:00,ACC0254,ACC0071,12071,legitimate transfer,Surat,Routine payment
TX0454,CASE010,2025-09-13T05:38:00,ACC0083,ACC0138,16660,legitimate transfer,Kanpur,Routine payment
TX0455,CASE010,2025-09-10T05:38:00,ACC0432,ACC0710,1639,legitimate transfer,Gurugram,Routine payment
TX0456,CASE010,2025-09-15T05:38:00,ACC0214,ACC0630,19882,legitimate transfer,Agra,Routine payment
TX0457,CASE010,2025-10-02T05:38:00,ACC0023,ACC0629,18778,legitimate transfer,Hyderabad,Routine payment
TX0458,CASE010,2025-10-06T05:38:00,ACC0607,ACC0480,9455,legitimate transfer,Dehradun,Routine payment
TX0459,CASE010,2025-10-05T05:38:00,ACC0353,ACC0090,5901,legitimate transfer,Ghaziabad,Routine payment
TX0460,CASE010,2025-09-16T05:38:00,ACC0202,ACC0754,8286,legitimate transfer,Amritsar,Routine payment
TX0461,CASE010,2025-09-21T05:38:00,ACC0267,ACC0501,19152,legitimate transfer,Noida,Routine payment
TX0462,CASE010,2025-09-13T05:38:00,ACC0426,ACC0493,14737,legitimate transfer,Lucknow,Routine payment
TX0463,CASE010,2025-09-24T05:38:00,ACC0340,ACC0599,5471,legitimate transfer,Delhi,Routine payment
TX0464,CASE010,2025-09-15T05:38:00,ACC0042,ACC0334,1462,legitimate transfer,Ranchi,Routine payment
TX0465,CASE010,2025-09-19T05:38:00,ACC0346,ACC0736,17186,legitimate transfer,Indore,Routine payment
TX0466,CASE010,2025-10-05T05:38:00,ACC0757,ACC0221,6496,legitimate transfer,Dehradun,Routine payment
TX0467,CASE010,2025-09-17T05:38:00,ACC0364,ACC0050,2577,legitimate transfer,Lucknow,Routine payment
TX0468,CASE010,2025-09-18T05:38:00,ACC0580,ACC0614,1618,legitimate transfer,Bhubaneswar,Routine payment
TX0469,CASE010,2025-10-03T05:38:00,ACC0533,ACC0512,15405,legitimate transfer,Ahmedabad,Routine payment
TX0470,CASE010,2025-10-08T05:38:00,ACC0719,ACC0405,622,legitimate transfer,Faridabad,Routine payment
TX0471,CASE010,2025-10-03T05:38:00,ACC0449,ACC0544,16371,legitimate transfer,Chandigarh,Routine payment
TX0472,CASE010,2025-09-13T05:38:00,ACC0566,ACC0657,667,legitimate transfer,Kolkata,Routine payment
TX0473,CASE010,2025-09-20T05:38:00,ACC0270,ACC0436,1190,legitimate transfer,Chandigarh,Routine payment
TX0474,CASE010,2025-10-01T05:38:00,ACC0676,ACC0124,9506,legitimate transfer,Noida,Routine payment
TX0475,CASE010,2025-09-20T05:38:00,ACC0164,ACC0363,7997,legitimate transfer,Pune,Routine payment
TX0476,CASE010,2025-09-27T05:38:00,ACC0313,ACC0622,18951,legitimate transfer,Pune,Routine payment
TX0477,CASE011,2025-09-24T03:12:00,ACC0545,ACC0523,49500,transfer,Lucknow,Fund transfer
TX0478,CASE011,2025-09-28T03:12:00,ACC0523,ACC0581,150000,transfer,Lucknow,Fund transfer
TX0479,CASE011,2025-09-24T03:12:00,ACC0581,ACC0003,82000,transfer,Lucknow,Fund transfer
TX0480,CASE011,2025-09-01T03:12:00,ACC0771,ACC0676,19119,legitimate transfer,Noida,Routine payment
TX0481,CASE011,2025-09-16T03:12:00,ACC0048,ACC0185,3077,legitimate transfer,Noida,Routine payment
TX0482,CASE011,2025-09-20T03:12:00,ACC0293,ACC0162,9503,legitimate transfer,Mumbai,Routine payment
TX0483,CASE011,2025-09-04T03:12:00,ACC0093,ACC0569,6637,legitimate transfer,Gurugram,Routine payment
TX0484,CASE011,2025-08-29T03:12:00,ACC0564,ACC0153,17104,legitimate transfer,Mumbai,Routine payment
TX0485,CASE011,2025-09-01T03:12:00,ACC0339,ACC0207,10931,legitimate transfer,Haridwar,Routine payment
TX0486,CASE011,2025-09-09T03:12:00,ACC0693,ACC0295,3423,legitimate transfer,Kanpur,Routine payment
TX0487,CASE011,2025-09-24T03:12:00,ACC0607,ACC0166,2158,legitimate transfer,Ahmedabad,Routine payment
TX0488,CASE011,2025-09-04T03:12:00,ACC0603,ACC0249,8317,legitimate transfer,Bhubaneswar,Routine payment
TX0489,CASE011,2025-09-21T03:12:00,ACC0372,ACC0237,9647,legitimate transfer,Kolkata,Routine payment
TX0490,CASE011,2025-08-29T03:12:00,ACC0767,ACC0253,17660,legitimate transfer,Agra,Routine payment
TX0491,CASE011,2025-08-29T03:12:00,ACC0567,ACC0592,14482,legitimate transfer,Kanpur,Routine payment
TX0492,CASE011,2025-09-10T03:12:00,ACC0692,ACC0033,12934,legitimate transfer,Dehradun,Routine payment
TX0493,CASE011,2025-09-11T03:12:00,ACC0474,ACC0065,11968,legitimate transfer,Jaipur,Routine payment
TX0494,CASE011,2025-09-13T03:12:00,ACC0408,ACC0463,6579,legitimate transfer,Jaipur,Routine payment
TX0495,CASE011,2025-09-15T03:12:00,ACC0559,ACC0347,2698,legitimate transfer,Kolkata,Routine payment
TX0496,CASE011,2025-09-04T03:12:00,ACC0767,ACC0716,6346,legitimate transfer,Faridabad,Routine payment
TX0497,CASE011,2025-09-22T03:12:00,ACC0673,ACC0104,18448,legitimate transfer,Ahmedabad,Routine payment
TX0498,CASE011,2025-09-20T03:12:00,ACC0042,ACC0785,826,legitimate transfer,Patna,Routine payment
TX0499,CASE011,2025-09-05T03:12:00,ACC0253,ACC0067,961,legitimate transfer,Chandigarh,Routine payment
TX0500,CASE011,2025-09-04T03:12:00,ACC0356,ACC0346,18305,legitimate transfer,Ludhiana,Routine payment
TX0501,CASE011,2025-09-01T03:12:00,ACC0700,ACC0131,10635,legitimate transfer,Kolkata,Routine payment
TX0502,CASE011,2025-09-07T03:12:00,ACC0780,ACC0084,5991,legitimate transfer,Bhubaneswar,Routine payment
TX0503,CASE011,2025-09-28T03:12:00,ACC0115,ACC0351,3868,legitimate transfer,Jaipur,Routine payment
TX0504,CASE011,2025-09-02T03:12:00,ACC0385,ACC0178,6197,legitimate transfer,Kanpur,Routine payment
TX0505,CASE011,2025-09-05T03:12:00,ACC0790,ACC0519,7941,legitimate transfer,Haridwar,Routine payment
TX0506,CASE011,2025-09-26T03:12:00,ACC0552,ACC0799,16600,legitimate transfer,Delhi,Routine payment
TX0507,CASE011,2025-09-24T03:12:00,ACC0178,ACC0546,5695,legitimate transfer,Ghaziabad,Routine payment
TX0508,CASE011,2025-08-31T03:12:00,ACC0581,ACC0668,16585,legitimate transfer,Jaipur,Routine payment
TX0509,CASE011,2025-09-16T03:12:00,ACC0021,ACC0384,7324,legitimate transfer,Ghaziabad,Routine payment
TX0510,CASE011,2025-09-25T03:12:00,ACC0457,ACC0497,4000,legitimate transfer,Surat,Routine payment
TX0511,CASE011,2025-09-22T03:12:00,ACC0710,ACC0205,3895,legitimate transfer,Ranchi,Routine payment
TX0512,CASE011,2025-08-30T03:12:00,ACC0082,ACC0379,5415,legitimate transfer,Indore,Routine payment
TX0513,CASE011,2025-09-17T03:12:00,ACC0564,ACC0679,11781,legitimate transfer,Delhi,Routine payment
TX0514,CASE011,2025-09-19T03:12:00,ACC0490,ACC0326,10891,legitimate transfer,Pune,Routine payment
TX0515,CASE011,2025-08-31T03:12:00,ACC0411,ACC0725,14151,legitimate transfer,Agra,Routine payment
TX0516,CASE011,2025-09-15T03:12:00,ACC0119,ACC0509,14525,legitimate transfer,Mumbai,Routine payment
TX0517,CASE011,2025-09-13T03:12:00,ACC0404,ACC0761,18265,legitimate transfer,Bhubaneswar,Routine payment
TX0518,CASE011,2025-09-06T03:12:00,ACC0454,ACC0056,2648,legitimate transfer,Gurugram,Routine payment
TX0519,CASE011,2025-09-10T03:12:00,ACC0129,ACC0361,5913,legitimate transfer,Bengaluru,Routine payment
TX0520,CASE011,2025-09-27T03:12:00,ACC0437,ACC0210,15508,legitimate transfer,Agra,Routine payment
TX0521,CASE011,2025-09-12T03:12:00,ACC0394,ACC0423,5423,legitimate transfer,Dehradun,Routine payment
TX0522,CASE011,2025-09-28T03:12:00,ACC0587,ACC0229,1185,legitimate transfer,Ahmedabad,Routine payment
TX0523,CASE011,2025-09-05T03:12:00,ACC0471,ACC0124,17189,legitimate transfer,Gurugram,Routine payment
TX0524,CASE011,2025-09-11T03:12:00,ACC0436,ACC0023,14978,legitimate transfer,Ahmedabad,Routine payment
TX0525,CASE012,2026-05-23T10:40:00,ACC0285,ACC0544,235000,transfer,Noida,Fund transfer
TX0526,CASE012,2026-05-20T10:40:00,ACC0544,ACC0671,49500,transfer,Noida,Fund transfer
TX0527,CASE012,2026-05-19T10:40:00,ACC0671,ACC0227,235000,transfer,Noida,Fund transfer
TX0528,CASE012,2026-05-08T10:40:00,ACC0011,ACC0763,18155,legitimate transfer,Ghaziabad,Routine payment
TX0529,CASE012,2026-05-14T10:40:00,ACC0307,ACC0146,799,legitimate transfer,Haridwar,Routine payment
TX0530,CASE012,2026-05-08T10:40:00,ACC0175,ACC0577,17028,legitimate transfer,Jaipur,Routine payment
TX0531,CASE012,2026-05-08T10:40:00,ACC0210,ACC0561,15811,legitimate transfer,Ahmedabad,Routine payment
TX0532,CASE012,2026-05-08T10:40:00,ACC0396,ACC0328,10781,legitimate transfer,Patna,Routine payment
TX0533,CASE012,2026-05-24T10:40:00,ACC0269,ACC0466,8172,legitimate transfer,Ghaziabad,Routine payment
TX0534,CASE012,2026-05-23T10:40:00,ACC0217,ACC0472,17470,legitimate transfer,Amritsar,Routine payment
TX0535,CASE012,2026-05-19T10:40:00,ACC0557,ACC0375,944,legitimate transfer,Faridabad,Routine payment
TX0536,CASE012,2026-04-28T10:40:00,ACC0269,ACC0288,10462,legitimate transfer,Lucknow,Routine payment
TX0537,CASE012,2026-05-03T10:40:00,ACC0050,ACC0555,1918,legitimate transfer,Agra,Routine payment
TX0538,CASE012,2026-05-07T10:40:00,ACC0378,ACC0468,1306,legitimate transfer,Jaipur,Routine payment
TX0539,CASE012,2026-05-21T10:40:00,ACC0574,ACC0169,7426,legitimate transfer,Amritsar,Routine payment
TX0540,CASE012,2026-04-30T10:40:00,ACC0054,ACC0347,9380,legitimate transfer,Gurugram,Routine payment
TX0541,CASE012,2026-04-27T10:40:00,ACC0374,ACC0159,3920,legitimate transfer,Agra,Routine payment
TX0542,CASE012,2026-05-15T10:40:00,ACC0018,ACC0427,12538,legitimate transfer,Lucknow,Routine payment
TX0543,CASE012,2026-05-18T10:40:00,ACC0306,ACC0051,15365,legitimate transfer,Ahmedabad,Routine payment
TX0544,CASE012,2026-04-29T10:40:00,ACC0365,ACC0020,6752,legitimate transfer,Bengaluru,Routine payment
TX0545,CASE012,2026-05-13T10:40:00,ACC0214,ACC0394,17022,legitimate transfer,Hyderabad,Routine payment
TX0546,CASE012,2026-05-15T10:40:00,ACC0357,ACC0336,19218,legitimate transfer,Pune,Routine payment
TX0547,CASE012,2026-04-25T10:40:00,ACC0137,ACC0655,19526,legitimate transfer,Faridabad,Routine payment
TX0548,CASE012,2026-05-08T10:40:00,ACC0655,ACC0330,13901,legitimate transfer,Lucknow,Routine payment
TX0549,CASE012,2026-05-24T10:40:00,ACC0768,ACC0604,17947,legitimate transfer,Lucknow,Routine payment
TX0550,CASE012,2026-05-16T10:40:00,ACC0017,ACC0232,7906,legitimate transfer,Bhopal,Routine payment
TX0551,CASE012,2026-04-27T10:40:00,ACC0271,ACC0249,5882,legitimate transfer,Delhi,Routine payment
TX0552,CASE012,2026-05-10T10:40:00,ACC0246,ACC0742,632,legitimate transfer,Kanpur,Routine payment
TX0553,CASE012,2026-05-20T10:40:00,ACC0136,ACC0112,1594,legitimate transfer,Ahmedabad,Routine payment
TX0554,CASE012,2026-05-08T10:40:00,ACC0504,ACC0517,17600,legitimate transfer,Bhopal,Routine payment
TX0555,CASE012,2026-04-25T10:40:00,ACC0003,ACC0023,10889,legitimate transfer,Ahmedabad,Routine payment
TX0556,CASE012,2026-05-13T10:40:00,ACC0623,ACC0578,13095,legitimate transfer,Delhi,Routine payment
TX0557,CASE012,2026-05-15T10:40:00,ACC0125,ACC0633,9982,legitimate transfer,Ghaziabad,Routine payment
TX0558,CASE012,2026-04-29T10:40:00,ACC0195,ACC0653,10190,legitimate transfer,Amritsar,Routine payment
TX0559,CASE012,2026-04-26T10:40:00,ACC0342,ACC0686,6520,legitimate transfer,Faridabad,Routine payment
TX0560,CASE012,2026-05-01T10:40:00,ACC0184,ACC0082,2132,legitimate transfer,Haridwar,Routine payment
TX0561,CASE012,2026-04-28T10:40:00,ACC0011,ACC0510,17432,legitimate transfer,Indore,Routine payment
TX0562,CASE012,2026-04-26T10:40:00,ACC0041,ACC0367,9395,legitimate transfer,Noida,Routine payment
TX0563,CASE012,2026-05-06T10:40:00,ACC0331,ACC0183,13971,legitimate transfer,Patna,Routine payment
TX0564,CASE012,2026-05-04T10:40:00,ACC0173,ACC0546,12949,legitimate transfer,Ahmedabad,Routine payment
TX0565,CASE012,2026-05-11T10:40:00,ACC0201,ACC0113,5910,legitimate transfer,Haridwar,Routine payment
TX0566,CASE012,2026-05-18T10:40:00,ACC0038,ACC0394,8134,legitimate transfer,Delhi,Routine payment
TX0567,CASE012,2026-05-04T10:40:00,ACC0318,ACC0268,17225,legitimate transfer,Jaipur,Routine payment
TX0568,CASE012,2026-05-08T10:40:00,ACC0639,ACC0269,14054,legitimate transfer,Agra,Routine payment
TX0569,CASE012,2026-05-11T10:40:00,ACC0216,ACC0588,6157,legitimate transfer,Ludhiana,Routine payment
TX0570,CASE012,2026-05-20T10:40:00,ACC0076,ACC0467,12031,legitimate transfer,Pune,Routine payment
TX0571,CASE012,2026-05-13T10:40:00,ACC0428,ACC0549,19177,legitimate transfer,Pune,Routine payment
TX0572,CASE012,2026-05-11T10:40:00,ACC0785,ACC0323,15108,legitimate transfer,Mumbai,Routine payment
TX0573,CASE013,2025-10-05T21:12:00,ACC0650,ACC0230,49500,transfer,Pune,Fund transfer
TX0574,CASE013,2025-10-07T21:12:00,ACC0230,ACC0500,235000,transfer,Pune,Fund transfer
TX0575,CASE013,2025-09-18T21:12:00,ACC0217,ACC0116,8088,legitimate transfer,Amritsar,Routine payment
TX0576,CASE013,2025-09-22T21:12:00,ACC0665,ACC0303,19720,legitimate transfer,Kanpur,Routine payment
TX0577,CASE013,2025-09-09T21:12:00,ACC0039,ACC0669,13413,legitimate transfer,Amritsar,Routine payment
TX0578,CASE013,2025-09-10T21:12:00,ACC0333,ACC0101,9023,legitimate transfer,Ghaziabad,Routine payment
TX0579,CASE013,2025-09-29T21:12:00,ACC0762,ACC0522,15489,legitimate transfer,Ghaziabad,Routine payment
TX0580,CASE013,2025-09-29T21:12:00,ACC0446,ACC0564,17133,legitimate transfer,Chandigarh,Routine payment
TX0581,CASE013,2025-09-30T21:12:00,ACC0344,ACC0697,1115,legitimate transfer,Noida,Routine payment
TX0582,CASE013,2025-09-14T21:12:00,ACC0554,ACC0200,19623,legitimate transfer,Bhubaneswar,Routine payment
TX0583,CASE013,2025-09-09T21:12:00,ACC0103,ACC0538,3525,legitimate transfer,Pune,Routine payment
TX0584,CASE013,2025-09-17T21:12:00,ACC0076,ACC0283,8707,legitimate transfer,Ghaziabad,Routine payment
TX0585,CASE013,2025-09-30T21:12:00,ACC0341,ACC0709,6095,legitimate transfer,Kolkata,Routine payment
TX0586,CASE013,2025-10-05T21:12:00,ACC0116,ACC0503,1906,legitimate transfer,Delhi,Routine payment
TX0587,CASE013,2025-09-19T21:12:00,ACC0774,ACC0070,12234,legitimate transfer,Noida,Routine payment
TX0588,CASE013,2025-09-18T21:12:00,ACC0701,ACC0405,2805,legitimate transfer,Chandigarh,Routine payment
TX0589,CASE013,2025-09-09T21:12:00,ACC0632,ACC0330,16589,legitimate transfer,Bhubaneswar,Routine payment
TX0590,CASE013,2025-09-08T21:12:00,ACC0006,ACC0240,9116,legitimate transfer,Kanpur,Routine payment
TX0591,CASE013,2025-09-20T21:12:00,ACC0765,ACC0097,8434,legitimate transfer,Bhopal,Routine payment
TX0592,CASE013,2025-09-14T21:12:00,ACC0495,ACC0571,8188,legitimate transfer,Chandigarh,Routine payment
TX0593,CASE013,2025-09-27T21:12:00,ACC0590,ACC0096,12779,legitimate transfer,Amritsar,Routine payment
TX0594,CASE013,2025-09-29T21:12:00,ACC0185,ACC0519,5876,legitimate transfer,Indore,Routine payment
TX0595,CASE013,2025-09-19T21:12:00,ACC0536,ACC0030,6355,legitimate transfer,Mumbai,Routine payment
TX0596,CASE013,2025-09-21T21:12:00,ACC0661,ACC0600,5487,legitimate transfer,Ranchi,Routine payment
TX0597,CASE013,2025-10-08T21:12:00,ACC0008,ACC0439,5710,legitimate transfer,Bhubaneswar,Routine payment
TX0598,CASE013,2025-09-29T21:12:00,ACC0148,ACC0392,16501,legitimate transfer,Ranchi,Routine payment
TX0599,CASE013,2025-09-17T21:12:00,ACC0371,ACC0319,11359,legitimate transfer,Bhopal,Routine payment
TX0600,CASE013,2025-10-07T21:12:00,ACC0781,ACC0796,3289,legitimate transfer,Bhubaneswar,Routine payment
TX0601,CASE013,2025-09-27T21:12:00,ACC0094,ACC0069,16320,legitimate transfer,Agra,Routine payment
TX0602,CASE013,2025-09-14T21:12:00,ACC0100,ACC0782,7368,legitimate transfer,Gurugram,Routine payment
TX0603,CASE013,2025-09-27T21:12:00,ACC0234,ACC0009,6077,legitimate transfer,Delhi,Routine payment
TX0604,CASE013,2025-09-23T21:12:00,ACC0047,ACC0602,1016,legitimate transfer,Haridwar,Routine payment
TX0605,CASE013,2025-09-18T21:12:00,ACC0742,ACC0377,8858,legitimate transfer,Bengaluru,Routine payment
TX0606,CASE013,2025-09-23T21:12:00,ACC0354,ACC0121,12905,legitimate transfer,Pune,Routine payment
TX0607,CASE013,2025-09-22T21:12:00,ACC0442,ACC0312,18637,legitimate transfer,Indore,Routine payment
TX0608,CASE013,2025-10-04T21:12:00,ACC0099,ACC0013,6208,legitimate transfer,Gurugram,Routine payment
TX0609,CASE013,2025-09-10T21:12:00,ACC0161,ACC0534,11121,legitimate transfer,Surat,Routine payment
TX0610,CASE013,2025-09-25T21:12:00,ACC0220,ACC0184,7209,legitimate transfer,Kolkata,Routine payment
TX0611,CASE013,2025-09-14T21:12:00,ACC0572,ACC0363,15122,legitimate transfer,Ludhiana,Routine payment
TX0612,CASE013,2025-09-18T21:12:00,ACC0678,ACC0055,7670,legitimate transfer,Jaipur,Routine payment
TX0613,CASE013,2025-09-15T21:12:00,ACC0562,ACC0097,3357,legitimate transfer,Pune,Routine payment
TX0614,CASE013,2025-09-13T21:12:00,ACC0478,ACC0451,8401,legitimate transfer,Ahmedabad,Routine payment
TX0615,CASE013,2025-10-06T21:12:00,ACC0291,ACC0718,2149,legitimate transfer,Mumbai,Routine payment
TX0616,CASE013,2025-10-07T21:12:00,ACC0587,ACC0106,18680,legitimate transfer,Gurugram,Routine payment
TX0617,CASE013,2025-10-06T21:12:00,ACC0040,ACC0539,3116,legitimate transfer,Indore,Routine payment
TX0618,CASE013,2025-10-07T21:12:00,ACC0055,ACC0322,8760,legitimate transfer,Chennai,Routine payment
TX0619,CASE013,2025-09-29T21:12:00,ACC0611,ACC0427,4461,legitimate transfer,Chandigarh,Routine payment
TX0620,CASE014,2026-02-17T17:41:00,ACC0634,ACC0716,235000,transfer,Hyderabad,Fund transfer
TX0621,CASE014,2026-02-16T17:41:00,ACC0716,ACC0347,82000,transfer,Hyderabad,Fund transfer
TX0622,CASE014,2026-02-14T17:41:00,ACC0347,ACC0417,82000,transfer,Hyderabad,Fund transfer
TX0623,CASE014,2026-02-09T17:41:00,ACC0661,ACC0652,13968,legitimate transfer,Bhubaneswar,Routine payment
TX0624,CASE014,2026-01-19T17:41:00,ACC0063,ACC0526,2496,legitimate transfer,Ghaziabad,Routine payment
TX0625,CASE014,2026-02-09T17:41:00,ACC0066,ACC0433,2170,legitimate transfer,Chennai,Routine payment
TX0626,CASE014,2026-01-26T17:41:00,ACC0521,ACC0644,783,legitimate transfer,Kolkata,Routine payment
TX0627,CASE014,2026-02-16T17:41:00,ACC0197,ACC0565,2883,legitimate transfer,Mumbai,Routine payment
TX0628,CASE014,2026-01-21T17:41:00,ACC0649,ACC0086,2904,legitimate transfer,Lucknow,Routine payment
TX0629,CASE014,2026-02-08T17:41:00,ACC0764,ACC0772,14964,legitimate transfer,Lucknow,Routine payment
TX0630,CASE014,2026-02-13T17:41:00,ACC0110,ACC0684,18654,legitimate transfer,Pune,Routine payment
TX0631,CASE014,2026-02-10T17:41:00,ACC0395,ACC0122,13274,legitimate transfer,Lucknow,Routine payment
TX0632,CASE014,2026-02-04T17:41:00,ACC0339,ACC0150,17369,legitimate transfer,Indore,Routine payment
TX0633,CASE014,2026-02-08T17:41:00,ACC0020,ACC0790,19025,legitimate transfer,Haridwar,Routine payment
TX0634,CASE014,2026-01-29T17:41:00,ACC0185,ACC0407,18505,legitimate transfer,Haridwar,Routine payment
TX0635,CASE014,2026-01-24T17:41:00,ACC0353,ACC0533,4648,legitimate transfer,Mumbai,Routine payment
TX0636,CASE014,2026-02-17T17:41:00,ACC0117,ACC0414,8812,legitimate transfer,Surat,Routine payment
TX0637,CASE014,2026-02-15T17:41:00,ACC0516,ACC0772,16509,legitimate transfer,Ghaziabad,Routine payment
TX0638,CASE014,2026-02-03T17:41:00,ACC0419,ACC0043,1923,legitimate transfer,Indore,Routine payment
TX0639,CASE014,2026-02-08T17:41:00,ACC0483,ACC0083,1116,legitimate transfer,Faridabad,Routine payment
TX0640,CASE014,2026-02-13T17:41:00,ACC0259,ACC0210,4396,legitimate transfer,Kolkata,Routine payment
TX0641,CASE014,2026-02-16T17:41:00,ACC0307,ACC0770,4257,legitimate transfer,Kanpur,Routine payment
TX0642,CASE014,2026-02-02T17:41:00,ACC0568,ACC0569,9698,legitimate transfer,Agra,Routine payment
TX0643,CASE014,2026-02-13T17:41:00,ACC0208,ACC0227,2547,legitimate transfer,Bengaluru,Routine payment
TX0644,CASE014,2026-01-24T17:41:00,ACC0338,ACC0598,14138,legitimate transfer,Noida,Routine payment
TX0645,CASE014,2026-02-17T17:41:00,ACC0653,ACC0039,1863,legitimate transfer,Pune,Routine payment
TX0646,CASE014,2026-02-04T17:41:00,ACC0123,ACC0686,14275,legitimate transfer,Ghaziabad,Routine payment
TX0647,CASE014,2026-02-08T17:41:00,ACC0076,ACC0441,19778,legitimate transfer,Indore,Routine payment
TX0648,CASE014,2026-01-26T17:41:00,ACC0712,ACC0205,5004,legitimate transfer,Patna,Routine payment
TX0649,CASE014,2026-02-14T17:41:00,ACC0712,ACC0458,14021,legitimate transfer,Pune,Routine payment
TX0650,CASE014,2026-02-15T17:41:00,ACC0619,ACC0155,15780,legitimate transfer,Haridwar,Routine payment
TX0651,CASE014,2026-01-20T17:41:00,ACC0043,ACC0437,8013,legitimate transfer,Patna,Routine payment
TX0652,CASE014,2026-02-07T17:41:00,ACC0773,ACC0006,4989,legitimate transfer,Chennai,Routine payment
TX0653,CASE014,2026-02-04T17:41:00,ACC0265,ACC0792,14768,legitimate transfer,Lucknow,Routine payment
TX0654,CASE014,2026-01-27T17:41:00,ACC0053,ACC0630,5715,legitimate transfer,Ranchi,Routine payment
TX0655,CASE014,2026-01-31T17:41:00,ACC0517,ACC0752,13935,legitimate transfer,Bengaluru,Routine payment
TX0656,CASE014,2026-01-26T17:41:00,ACC0398,ACC0786,9801,legitimate transfer,Patna,Routine payment
TX0657,CASE014,2026-02-11T17:41:00,ACC0767,ACC0215,13088,legitimate transfer,Kolkata,Routine payment
TX0658,CASE014,2026-01-27T17:41:00,ACC0128,ACC0162,1475,legitimate transfer,Bhopal,Routine payment
TX0659,CASE014,2026-02-04T17:41:00,ACC0735,ACC0743,6585,legitimate transfer,Lucknow,Routine payment
TX0660,CASE014,2026-02-16T17:41:00,ACC0714,ACC0311,3995,legitimate transfer,Ranchi,Routine payment
TX0661,CASE014,2026-02-04T17:41:00,ACC0198,ACC0440,4086,legitimate transfer,Ranchi,Routine payment
TX0662,CASE014,2026-01-28T17:41:00,ACC0754,ACC0589,6184,legitimate transfer,Lucknow,Routine payment
TX0663,CASE014,2026-01-28T17:41:00,ACC0662,ACC0756,13617,legitimate transfer,Ludhiana,Routine payment
TX0664,CASE014,2026-01-26T17:41:00,ACC0436,ACC0472,2234,legitimate transfer,Faridabad,Routine payment
TX0665,CASE014,2026-01-28T17:41:00,ACC0667,ACC0574,10222,legitimate transfer,Bhopal,Routine payment
TX0666,CASE014,2026-02-11T17:41:00,ACC0787,ACC0144,13611,legitimate transfer,Bhubaneswar,Routine payment
TX0667,CASE014,2026-01-27T17:41:00,ACC0212,ACC0138,16431,legitimate transfer,Ludhiana,Routine payment
TX0668,CASE015,2026-05-06T00:34:00,ACC0026,ACC0512,235000,transfer,Mumbai,Fund transfer
TX0669,CASE015,2026-05-05T00:34:00,ACC0512,ACC0546,49500,transfer,Mumbai,Fund transfer
TX0670,CASE015,2026-04-16T00:34:00,ACC0557,ACC0696,10078,legitimate transfer,Bhopal,Routine payment
TX0671,CASE015,2026-04-29T00:34:00,ACC0488,ACC0270,11938,legitimate transfer,Kolkata,Routine payment
TX0672,CASE015,2026-04-09T00:34:00,ACC0327,ACC0612,5400,legitimate transfer,Haridwar,Routine payment
TX0673,CASE015,2026-04-19T00:34:00,ACC0123,ACC0056,6435,legitimate transfer,Amritsar,Routine payment
TX0674,CASE015,2026-04-22T00:34:00,ACC0495,ACC0155,6920,legitimate transfer,Bhubaneswar,Routine payment
TX0675,CASE015,2026-04-13T00:34:00,ACC0620,ACC0492,2856,legitimate transfer,Haridwar,Routine payment
TX0676,CASE015,2026-05-08T00:34:00,ACC0093,ACC0484,12681,legitimate transfer,Bhubaneswar,Routine payment
TX0677,CASE015,2026-04-23T00:34:00,ACC0231,ACC0335,5740,legitimate transfer,Pune,Routine payment
TX0678,CASE015,2026-05-09T00:34:00,ACC0354,ACC0707,14688,legitimate transfer,Jaipur,Routine payment
TX0679,CASE015,2026-05-08T00:34:00,ACC0534,ACC0110,12774,legitimate transfer,Bhubaneswar,Routine payment
TX0680,CASE015,2026-04-12T00:34:00,ACC0158,ACC0287,4867,legitimate transfer,Gurugram,Routine payment
TX0681,CASE015,2026-04-26T00:34:00,ACC0764,ACC0794,9826,legitimate transfer,Bhopal,Routine payment
TX0682,CASE015,2026-04-20T00:34:00,ACC0653,ACC0151,1375,legitimate transfer,Pune,Routine payment
TX0683,CASE015,2026-04-24T00:34:00,ACC0048,ACC0466,2078,legitimate transfer,Ludhiana,Routine payment
TX0684,CASE015,2026-05-09T00:34:00,ACC0427,ACC0655,4812,legitimate transfer,Bhopal,Routine payment
TX0685,CASE015,2026-04-25T00:34:00,ACC0046,ACC0176,8032,legitimate transfer,Patna,Routine payment
TX0686,CASE015,2026-04-18T00:34:00,ACC0665,ACC0549,14141,legitimate transfer,Dehradun,Routine payment
TX0687,CASE015,2026-04-16T00:34:00,ACC0182,ACC0716,14207,legitimate transfer,Faridabad,Routine payment
TX0688,CASE015,2026-05-04T00:34:00,ACC0273,ACC0728,15263,legitimate transfer,Hyderabad,Routine payment
TX0689,CASE015,2026-05-09T00:34:00,ACC0145,ACC0110,18135,legitimate transfer,Delhi,Routine payment
TX0690,CASE015,2026-04-22T00:34:00,ACC0206,ACC0058,1458,legitimate transfer,Ludhiana,Routine payment
TX0691,CASE015,2026-04-17T00:34:00,ACC0489,ACC0558,3061,legitimate transfer,Indore,Routine payment
TX0692,CASE015,2026-04-28T00:34:00,ACC0457,ACC0187,4509,legitimate transfer,Agra,Routine payment
TX0693,CASE015,2026-04-24T00:34:00,ACC0178,ACC0002,15039,legitimate transfer,Bhopal,Routine payment
TX0694,CASE015,2026-04-16T00:34:00,ACC0088,ACC0714,3683,legitimate transfer,Ghaziabad,Routine payment
TX0695,CASE015,2026-04-16T00:34:00,ACC0002,ACC0133,18222,legitimate transfer,Noida,Routine payment
TX0696,CASE015,2026-04-13T00:34:00,ACC0792,ACC0799,10952,legitimate transfer,Kolkata,Routine payment
TX0697,CASE015,2026-04-26T00:34:00,ACC0098,ACC0019,4228,legitimate transfer,Dehradun,Routine payment
TX0698,CASE015,2026-04-21T00:34:00,ACC0048,ACC0683,17191,legitimate transfer,Gurugram,Routine payment
TX0699,CASE015,2026-05-09T00:34:00,ACC0631,ACC0604,6315,legitimate transfer,Bhopal,Routine payment
TX0700,CASE015,2026-04-25T00:34:00,ACC0274,ACC0170,19232,legitimate transfer,Patna,Routine payment
TX0701,CASE015,2026-04-20T00:34:00,ACC0648,ACC0183,1589,legitimate transfer,Dehradun,Routine payment
TX0702,CASE015,2026-04-25T00:34:00,ACC0411,ACC0381,9943,legitimate transfer,Surat,Routine payment
TX0703,CASE015,2026-04-11T00:34:00,ACC0157,ACC0564,12137,legitimate transfer,Ahmedabad,Routine payment
TX0704,CASE015,2026-04-16T00:34:00,ACC0234,ACC0758,18428,legitimate transfer,Amritsar,Routine payment
TX0705,CASE015,2026-04-19T00:34:00,ACC0760,ACC0542,19980,legitimate transfer,Mumbai,Routine payment
TX0706,CASE015,2026-04-20T00:34:00,ACC0061,ACC0480,14732,legitimate transfer,Ranchi,Routine payment
TX0707,CASE015,2026-04-23T00:34:00,ACC0198,ACC0287,12510,legitimate transfer,Kolkata,Routine payment
TX0708,CASE015,2026-04-27T00:34:00,ACC0576,ACC0148,8242,legitimate transfer,Ranchi,Routine payment
TX0709,CASE015,2026-04-13T00:34:00,ACC0006,ACC0258,14422,legitimate transfer,Lucknow,Routine payment
TX0710,CASE015,2026-05-06T00:34:00,ACC0178,ACC0305,2497,legitimate transfer,Ranchi,Routine payment
TX0711,CASE015,2026-04-09T00:34:00,ACC0267,ACC0543,19100,legitimate transfer,Ahmedabad,Routine payment
TX0712,CASE015,2026-05-09T00:34:00,ACC0295,ACC0749,18470,legitimate transfer,Kanpur,Routine payment
TX0713,CASE015,2026-05-06T00:34:00,ACC0520,ACC0481,15134,legitimate transfer,Chandigarh,Routine payment
TX0714,CASE015,2026-05-02T00:34:00,ACC0019,ACC0180,14295,legitimate transfer,Agra,Routine payment
TX0715,CASE016,2025-11-18T07:00:00,ACC0673,ACC0353,82000,transfer,Bhubaneswar,Fund transfer
TX0716,CASE016,2025-11-18T07:00:00,ACC0353,ACC0627,49500,transfer,Bhubaneswar,Fund transfer
TX0717,CASE016,2025-11-20T07:00:00,ACC0627,ACC0143,82000,transfer,Bhubaneswar,Fund transfer
TX0718,CASE016,2025-10-25T07:00:00,ACC0508,ACC0445,9609,legitimate transfer,Indore,Routine payment
TX0719,CASE016,2025-10-28T07:00:00,ACC0203,ACC0287,4113,legitimate transfer,Ahmedabad,Routine payment
TX0720,CASE016,2025-10-24T07:00:00,ACC0335,ACC0491,2780,legitimate transfer,Haridwar,Routine payment
TX0721,CASE016,2025-10-27T07:00:00,ACC0344,ACC0421,8533,legitimate transfer,Amritsar,Routine payment
TX0722,CASE016,2025-10-31T07:00:00,ACC0057,ACC0151,10159,legitimate transfer,Mumbai,Routine payment
TX0723,CASE016,2025-11-15T07:00:00,ACC0063,ACC0647,17327,legitimate transfer,Pune,Routine payment
TX0724,CASE016,2025-10-27T07:00:00,ACC0651,ACC0629,16861,legitimate transfer,Surat,Routine payment
TX0725,CASE016,2025-10-26T07:00:00,ACC0356,ACC0573,1642,legitimate transfer,Surat,Routine payment
TX0726,CASE016,2025-11-14T07:00:00,ACC0644,ACC0431,13778,legitimate transfer,Ahmedabad,Routine payment
TX0727,CASE016,2025-11-06T07:00:00,ACC0187,ACC0474,16027,legitimate transfer,Ranchi,Routine payment
TX0728,CASE016,2025-11-16T07:00:00,ACC0553,ACC0433,6321,legitimate transfer,Kolkata,Routine payment
TX0729,CASE016,2025-11-08T07:00:00,ACC0432,ACC0392,13379,legitimate transfer,Hyderabad,Routine payment
TX0730,CASE016,2025-11-07T07:00:00,ACC0024,ACC0749,10545,legitimate transfer,Indore,Routine payment
TX0731,CASE016,2025-11-19T07:00:00,ACC0314,ACC0400,2403,legitimate transfer,Pune,Routine payment
TX0732,CASE016,2025-11-23T07:00:00,ACC0248,ACC0434,16079,legitimate transfer,Indore,Routine payment
TX0733,CASE016,2025-11-22T07:00:00,ACC0540,ACC0597,16682,legitimate transfer,Ghaziabad,Routine payment
TX0734,CASE016,2025-10-28T07:00:00,ACC0747,ACC0274,18000,legitimate transfer,Lucknow,Routine payment
TX0735,CASE016,2025-11-07T07:00:00,ACC0587,ACC0750,16413,legitimate transfer,Bhopal,Routine payment
TX0736,CASE016,2025-10-28T07:00:00,ACC0524,ACC0576,6689,legitimate transfer,Faridabad,Routine payment
TX0737,CASE016,2025-10-31T07:00:00,ACC0546,ACC0173,18532,legitimate transfer,Haridwar,Routine payment
TX0738,CASE016,2025-11-01T07:00:00,ACC0390,ACC0340,19153,legitimate transfer,Indore,Routine payment
TX0739,CASE016,2025-10-26T07:00:00,ACC0278,ACC0216,10576,legitimate transfer,Mumbai,Routine payment
TX0740,CASE016,2025-11-13T07:00:00,ACC0588,ACC0444,2639,legitimate transfer,Amritsar,Routine payment
TX0741,CASE016,2025-11-10T07:00:00,ACC0595,ACC0650,19162,legitimate transfer,Hyderabad,Routine payment
TX0742,CASE016,2025-11-18T07:00:00,ACC0324,ACC0689,9940,legitimate transfer,Noida,Routine payment
TX0743,CASE016,2025-11-03T07:00:00,ACC0302,ACC0579,2422,legitimate transfer,Bhopal,Routine payment
TX0744,CASE016,2025-11-13T07:00:00,ACC0595,ACC0468,7594,legitimate transfer,Gurugram,Routine payment
TX0745,CASE016,2025-11-01T07:00:00,ACC0497,ACC0651,16460,legitimate transfer,Bhubaneswar,Routine payment
TX0746,CASE016,2025-10-27T07:00:00,ACC0761,ACC0193,10995,legitimate transfer,Dehradun,Routine payment
TX0747,CASE016,2025-11-09T07:00:00,ACC0462,ACC0799,2377,legitimate transfer,Amritsar,Routine payment
TX0748,CASE016,2025-11-15T07:00:00,ACC0313,ACC0706,2088,legitimate transfer,Faridabad,Routine payment
TX0749,CASE016,2025-11-16T07:00:00,ACC0613,ACC0557,4074,legitimate transfer,Pune,Routine payment
TX0750,CASE016,2025-10-31T07:00:00,ACC0097,ACC0219,8676,legitimate transfer,Chennai,Routine payment
TX0751,CASE016,2025-10-29T07:00:00,ACC0004,ACC0030,16098,legitimate transfer,Ghaziabad,Routine payment
TX0752,CASE016,2025-10-29T07:00:00,ACC0739,ACC0537,5812,legitimate transfer,Kanpur,Routine payment
TX0753,CASE016,2025-11-18T07:00:00,ACC0259,ACC0502,15486,legitimate transfer,Gurugram,Routine payment
TX0754,CASE016,2025-10-28T07:00:00,ACC0686,ACC0774,3849,legitimate transfer,Chandigarh,Routine payment
TX0755,CASE016,2025-11-22T07:00:00,ACC0227,ACC0161,17779,legitimate transfer,Agra,Routine payment
TX0756,CASE016,2025-11-18T07:00:00,ACC0781,ACC0573,1344,legitimate transfer,Jaipur,Routine payment
TX0757,CASE016,2025-11-15T07:00:00,ACC0748,ACC0320,16452,legitimate transfer,Delhi,Routine payment
TX0758,CASE016,2025-10-25T07:00:00,ACC0720,ACC0324,18392,legitimate transfer,Ghaziabad,Routine payment
TX0759,CASE016,2025-10-26T07:00:00,ACC0412,ACC0771,14087,legitimate transfer,Kanpur,Routine payment
TX0760,CASE016,2025-11-14T07:00:00,ACC0709,ACC0182,10395,legitimate transfer,Bhopal,Routine payment
TX0761,CASE016,2025-11-15T07:00:00,ACC0046,ACC0485,12456,legitimate transfer,Delhi,Routine payment
TX0762,CASE016,2025-11-21T07:00:00,ACC0750,ACC0272,9081,legitimate transfer,Faridabad,Routine payment
TX0763,CASE017,2026-01-06T02:16:00,ACC0087,ACC0104,82000,transfer,Noida,Fund transfer
TX0764,CASE017,2026-01-07T02:16:00,ACC0104,ACC0376,150000,transfer,Noida,Fund transfer
TX0765,CASE017,2026-01-09T02:16:00,ACC0376,ACC0022,150000,transfer,Noida,Fund transfer
TX0766,CASE017,2026-01-10T02:16:00,ACC0350,ACC0298,17317,legitimate transfer,Ghaziabad,Routine payment
TX0767,CASE017,2025-12-26T02:16:00,ACC0137,ACC0451,19626,legitimate transfer,Bengaluru,Routine payment
TX0768,CASE017,2025-12-13T02:16:00,ACC0011,ACC0093,7052,legitimate transfer,Pune,Routine payment
TX0769,CASE017,2025-12-26T02:16:00,ACC0248,ACC0112,18100,legitimate transfer,Chandigarh,Routine payment
TX0770,CASE017,2025-12-16T02:16:00,ACC0573,ACC0436,18495,legitimate transfer,Dehradun,Routine payment
TX0771,CASE017,2026-01-02T02:16:00,ACC0416,ACC0679,13890,legitimate transfer,Indore,Routine payment
TX0772,CASE017,2025-12-16T02:16:00,ACC0035,ACC0778,10447,legitimate transfer,Gurugram,Routine payment
TX0773,CASE017,2025-12-30T02:16:00,ACC0240,ACC0235,19372,legitimate transfer,Bhopal,Routine payment
TX0774,CASE017,2026-01-01T02:16:00,ACC0642,ACC0364,12124,legitimate transfer,Gurugram,Routine payment
TX0775,CASE017,2025-12-29T02:16:00,ACC0072,ACC0148,18823,legitimate transfer,Chandigarh,Routine payment
TX0776,CASE017,2026-01-08T02:16:00,ACC0490,ACC0241,13946,legitimate transfer,Bhopal,Routine payment
TX0777,CASE017,2026-01-06T02:16:00,ACC0741,ACC0748,2727,legitimate transfer,Amritsar,Routine payment
TX0778,CASE017,2025-12-27T02:16:00,ACC0662,ACC0533,11784,legitimate transfer,Patna,Routine payment
TX0779,CASE017,2026-01-03T02:16:00,ACC0280,ACC0444,13803,legitimate transfer,Faridabad,Routine payment
TX0780,CASE017,2025-12-28T02:16:00,ACC0531,ACC0034,11186,legitimate transfer,Ludhiana,Routine payment
TX0781,CASE017,2026-01-01T02:16:00,ACC0154,ACC0539,15637,legitimate transfer,Patna,Routine payment
TX0782,CASE017,2025-12-26T02:16:00,ACC0793,ACC0017,6022,legitimate transfer,Delhi,Routine payment
TX0783,CASE017,2025-12-26T02:16:00,ACC0706,ACC0295,11541,legitimate transfer,Chennai,Routine payment
TX0784,CASE017,2025-12-24T02:16:00,ACC0611,ACC0376,9674,legitimate transfer,Faridabad,Routine payment
TX0785,CASE017,2025-12-17T02:16:00,ACC0472,ACC0389,5558,legitimate transfer,Ghaziabad,Routine payment
TX0786,CASE017,2025-12-12T02:16:00,ACC0621,ACC0506,14511,legitimate transfer,Mumbai,Routine payment
TX0787,CASE017,2025-12-18T02:16:00,ACC0731,ACC0110,16623,legitimate transfer,Amritsar,Routine payment
TX0788,CASE017,2025-12-23T02:16:00,ACC0105,ACC0473,3366,legitimate transfer,Haridwar,Routine payment
TX0789,CASE017,2026-01-11T02:16:00,ACC0340,ACC0048,19010,legitimate transfer,Chennai,Routine payment
TX0790,CASE017,2025-12-23T02:16:00,ACC0287,ACC0272,1923,legitimate transfer,Surat,Routine payment
TX0791,CASE017,2026-01-03T02:16:00,ACC0750,ACC0516,19034,legitimate transfer,Bhubaneswar,Routine payment
TX0792,CASE017,2025-12-21T02:16:00,ACC0569,ACC0645,13351,legitimate transfer,Agra,Routine payment
TX0793,CASE017,2025-12-30T02:16:00,ACC0761,ACC0647,4372,legitimate transfer,Haridwar,Routine payment
TX0794,CASE017,2025-12-30T02:16:00,ACC0134,ACC0661,14730,legitimate transfer,Indore,Routine payment
TX0795,CASE017,2025-12-19T02:16:00,ACC0734,ACC0320,17091,legitimate transfer,Kolkata,Routine payment
TX0796,CASE017,2025-12-21T02:16:00,ACC0487,ACC0387,14128,legitimate transfer,Hyderabad,Routine payment
TX0797,CASE017,2026-01-02T02:16:00,ACC0535,ACC0531,6350,legitimate transfer,Dehradun,Routine payment
TX0798,CASE017,2025-12-16T02:16:00,ACC0357,ACC0271,17637,legitimate transfer,Ahmedabad,Routine payment
TX0799,CASE017,2026-01-05T02:16:00,ACC0100,ACC0760,18863,legitimate transfer,Lucknow,Routine payment
TX0800,CASE017,2025-12-28T02:16:00,ACC0557,ACC0634,1584,legitimate transfer,Faridabad,Routine payment
TX0801,CASE017,2025-12-22T02:16:00,ACC0279,ACC0137,19067,legitimate transfer,Kolkata,Routine payment
TX0802,CASE017,2026-01-01T02:16:00,ACC0545,ACC0211,15102,legitimate transfer,Jaipur,Routine payment
TX0803,CASE017,2026-01-04T02:16:00,ACC0722,ACC0683,14503,legitimate transfer,Surat,Routine payment
TX0804,CASE017,2026-01-06T02:16:00,ACC0263,ACC0114,1027,legitimate transfer,Faridabad,Routine payment
TX0805,CASE017,2025-12-31T02:16:00,ACC0720,ACC0343,844,legitimate transfer,Ahmedabad,Routine payment
TX0806,CASE017,2025-12-19T02:16:00,ACC0160,ACC0723,6690,legitimate transfer,Indore,Routine payment
TX0807,CASE017,2025-12-23T02:16:00,ACC0080,ACC0028,7402,legitimate transfer,Ranchi,Routine payment
TX0808,CASE017,2025-12-31T02:16:00,ACC0052,ACC0149,8715,legitimate transfer,Kanpur,Routine payment
TX0809,CASE017,2025-12-25T02:16:00,ACC0401,ACC0630,6366,legitimate transfer,Bhubaneswar,Routine payment
TX0810,CASE017,2025-12-30T02:16:00,ACC0023,ACC0700,11818,legitimate transfer,Ludhiana,Routine payment
TX0811,CASE018,2025-07-27T17:18:00,ACC0033,ACC0427,150000,transfer,Pune,Fund transfer
TX0812,CASE018,2025-07-22T17:18:00,ACC0427,ACC0741,82000,transfer,Pune,Fund transfer
TX0813,CASE018,2025-07-26T17:18:00,ACC0741,ACC0384,49500,transfer,Pune,Fund transfer
TX0814,CASE018,2025-07-19T17:18:00,ACC0303,ACC0755,10559,legitimate transfer,Amritsar,Routine payment
TX0815,CASE018,2025-07-02T17:18:00,ACC0790,ACC0416,8077,legitimate transfer,Amritsar,Routine payment
TX0816,CASE018,2025-06-29T17:18:00,ACC0625,ACC0742,17848,legitimate transfer,Faridabad,Routine payment
TX0817,CASE018,2025-07-13T17:18:00,ACC0650,ACC0065,6740,legitimate transfer,Bhubaneswar,Routine payment
TX0818,CASE018,2025-07-15T17:18:00,ACC0385,ACC0126,18017,legitimate transfer,Ghaziabad,Routine payment
TX0819,CASE018,2025-07-06T17:18:00,ACC0544,ACC0090,16742,legitimate transfer,Gurugram,Routine payment
TX0820,CASE018,2025-07-10T17:18:00,ACC0668,ACC0259,5358,legitimate transfer,Ludhiana,Routine payment
TX0821,CASE018,2025-07-27T17:18:00,ACC0229,ACC0161,4115,legitimate transfer,Kanpur,Routine payment
TX0822,CASE018,2025-07-06T17:18:00,ACC0191,ACC0123,6567,legitimate transfer,Ahmedabad,Routine payment
TX0823,CASE018,2025-07-18T17:18:00,ACC0623,ACC0290,17061,legitimate transfer,Ranchi,Routine payment
TX0824,CASE018,2025-07-16T17:18:00,ACC0379,ACC0496,9671,legitimate transfer,Mumbai,Routine payment
TX0825,CASE018,2025-07-15T17:18:00,ACC0775,ACC0372,15511,legitimate transfer,Surat,Routine payment
TX0826,CASE018,2025-07-27T17:18:00,ACC0570,ACC0041,10786,legitimate transfer,Surat,Routine payment
TX0827,CASE018,2025-07-08T17:18:00,ACC0596,ACC0714,14637,legitimate transfer,Haridwar,Routine payment
TX0828,CASE018,2025-07-26T17:18:00,ACC0068,ACC0058,2609,legitimate transfer,Hyderabad,Routine payment
TX0829,CASE018,2025-07-08T17:18:00,ACC0522,ACC0087,15635,legitimate transfer,Jaipur,Routine payment
TX0830,CASE018,2025-07-21T17:18:00,ACC0743,ACC0584,13092,legitimate transfer,Pune,Routine payment
TX0831,CASE018,2025-07-01T17:18:00,ACC0698,ACC0390,9278,legitimate transfer,Chennai,Routine payment
TX0832,CASE018,2025-07-08T17:18:00,ACC0155,ACC0360,13882,legitimate transfer,Patna,Routine payment
TX0833,CASE018,2025-07-22T17:18:00,ACC0253,ACC0037,4526,legitimate transfer,Kolkata,Routine payment
TX0834,CASE018,2025-06-27T17:18:00,ACC0400,ACC0443,11011,legitimate transfer,Patna,Routine payment
TX0835,CASE018,2025-07-25T17:18:00,ACC0570,ACC0674,10725,legitimate transfer,Delhi,Routine payment
TX0836,CASE018,2025-06-27T17:18:00,ACC0682,ACC0089,4723,legitimate transfer,Jaipur,Routine payment
TX0837,CASE018,2025-07-15T17:18:00,ACC0558,ACC0509,14477,legitimate transfer,Mumbai,Routine payment
TX0838,CASE018,2025-07-04T17:18:00,ACC0551,ACC0739,7740,legitimate transfer,Chandigarh,Routine payment
TX0839,CASE018,2025-07-22T17:18:00,ACC0775,ACC0207,1703,legitimate transfer,Lucknow,Routine payment
TX0840,CASE018,2025-07-24T17:18:00,ACC0134,ACC0305,6835,legitimate transfer,Kanpur,Routine payment
TX0841,CASE018,2025-07-12T17:18:00,ACC0582,ACC0657,12027,legitimate transfer,Chandigarh,Routine payment
TX0842,CASE018,2025-07-14T17:18:00,ACC0266,ACC0227,15385,legitimate transfer,Pune,Routine payment
TX0843,CASE018,2025-07-11T17:18:00,ACC0202,ACC0156,12549,legitimate transfer,Patna,Routine payment
TX0844,CASE018,2025-07-11T17:18:00,ACC0463,ACC0088,16441,legitimate transfer,Ghaziabad,Routine payment
TX0845,CASE018,2025-07-13T17:18:00,ACC0724,ACC0549,16258,legitimate transfer,Ahmedabad,Routine payment
TX0846,CASE018,2025-07-20T17:18:00,ACC0602,ACC0434,8194,legitimate transfer,Kanpur,Routine payment
TX0847,CASE018,2025-07-01T17:18:00,ACC0091,ACC0540,12838,legitimate transfer,Surat,Routine payment
TX0848,CASE018,2025-06-29T17:18:00,ACC0742,ACC0445,13721,legitimate transfer,Bhubaneswar,Routine payment
TX0849,CASE018,2025-07-21T17:18:00,ACC0245,ACC0566,3946,legitimate transfer,Chennai,Routine payment
TX0850,CASE018,2025-07-12T17:18:00,ACC0266,ACC0546,13781,legitimate transfer,Gurugram,Routine payment
TX0851,CASE018,2025-07-17T17:18:00,ACC0620,ACC0382,11194,legitimate transfer,Patna,Routine payment
TX0852,CASE018,2025-06-30T17:18:00,ACC0763,ACC0379,8082,legitimate transfer,Faridabad,Routine payment
TX0853,CASE018,2025-06-30T17:18:00,ACC0581,ACC0330,9974,legitimate transfer,Bhubaneswar,Routine payment
TX0854,CASE018,2025-06-30T17:18:00,ACC0297,ACC0611,1301,legitimate transfer,Lucknow,Routine payment
TX0855,CASE018,2025-07-27T17:18:00,ACC0110,ACC0439,3777,legitimate transfer,Bengaluru,Routine payment
TX0856,CASE018,2025-07-04T17:18:00,ACC0356,ACC0104,6521,legitimate transfer,Ghaziabad,Routine payment
TX0857,CASE018,2025-07-25T17:18:00,ACC0490,ACC0377,894,legitimate transfer,Ahmedabad,Routine payment
TX0858,CASE018,2025-07-23T17:18:00,ACC0605,ACC0044,1651,legitimate transfer,Surat,Routine payment
TX0859,CASE019,2025-07-27T12:19:00,ACC0505,ACC0020,49500,transfer,Ranchi,Fund transfer
TX0860,CASE019,2025-07-25T12:19:00,ACC0020,ACC0522,150000,transfer,Ranchi,Fund transfer
TX0861,CASE019,2025-07-28T12:19:00,ACC0307,ACC0704,5975,legitimate transfer,Ludhiana,Routine payment
TX0862,CASE019,2025-07-23T12:19:00,ACC0302,ACC0034,19844,legitimate transfer,Lucknow,Routine payment
TX0863,CASE019,2025-07-21T12:19:00,ACC0738,ACC0315,3567,legitimate transfer,Kolkata,Routine payment
TX0864,CASE019,2025-07-25T12:19:00,ACC0424,ACC0651,11834,legitimate transfer,Hyderabad,Routine payment
TX0865,CASE019,2025-07-25T12:19:00,ACC0749,ACC0154,13892,legitimate transfer,Chandigarh,Routine payment
TX0866,CASE019,2025-07-21T12:19:00,ACC0641,ACC0391,6673,legitimate transfer,Jaipur,Routine payment
TX0867,CASE019,2025-07-16T12:19:00,ACC0038,ACC0143,12358,legitimate transfer,Ahmedabad,Routine payment
TX0868,CASE019,2025-07-06T12:19:00,ACC0598,ACC0506,13030,legitimate transfer,Dehradun,Routine payment
TX0869,CASE019,2025-07-09T12:19:00,ACC0048,ACC0325,17295,legitimate transfer,Lucknow,Routine payment
TX0870,CASE019,2025-07-02T12:19:00,ACC0314,ACC0468,9278,legitimate transfer,Ludhiana,Routine payment
TX0871,CASE019,2025-06-28T12:19:00,ACC0685,ACC0470,9576,legitimate transfer,Surat,Routine payment
TX0872,CASE019,2025-07-15T12:19:00,ACC0236,ACC0131,11333,legitimate transfer,Bengaluru,Routine payment
TX0873,CASE019,2025-07-21T12:19:00,ACC0375,ACC0492,11036,legitimate transfer,Pune,Routine payment
TX0874,CASE019,2025-07-13T12:19:00,ACC0678,ACC0489,6569,legitimate transfer,Mumbai,Routine payment
TX0875,CASE019,2025-07-20T12:19:00,ACC0059,ACC0055,16441,legitimate transfer,Ahmedabad,Routine payment
TX0876,CASE019,2025-07-03T12:19:00,ACC0287,ACC0794,18560,legitimate transfer,Pune,Routine payment
TX0877,CASE019,2025-07-26T12:19:00,ACC0239,ACC0449,17059,legitimate transfer,Hyderabad,Routine payment
TX0878,CASE019,2025-07-17T12:19:00,ACC0472,ACC0748,13226,legitimate transfer,Lucknow,Routine payment
TX0879,CASE019,2025-07-20T12:19:00,ACC0547,ACC0749,8815,legitimate transfer,Amritsar,Routine payment
TX0880,CASE019,2025-07-06T12:19:00,ACC0775,ACC0785,12234,legitimate transfer,Gurugram,Routine payment
TX0881,CASE019,2025-07-07T12:19:00,ACC0525,ACC0414,13511,legitimate transfer,Agra,Routine payment
TX0882,CASE019,2025-07-22T12:19:00,ACC0515,ACC0322,15654,legitimate transfer,Gurugram,Routine payment
TX0883,CASE019,2025-07-04T12:19:00,ACC0159,ACC0154,14211,legitimate transfer,Ahmedabad,Routine payment
TX0884,CASE019,2025-07-18T12:19:00,ACC0406,ACC0484,713,legitimate transfer,Delhi,Routine payment
TX0885,CASE019,2025-07-11T12:19:00,ACC0356,ACC0735,8510,legitimate transfer,Jaipur,Routine payment
TX0886,CASE019,2025-07-28T12:19:00,ACC0650,ACC0558,10787,legitimate transfer,Faridabad,Routine payment
TX0887,CASE019,2025-07-15T12:19:00,ACC0377,ACC0160,15177,legitimate transfer,Indore,Routine payment
TX0888,CASE019,2025-07-13T12:19:00,ACC0408,ACC0435,14711,legitimate transfer,Ludhiana,Routine payment
TX0889,CASE019,2025-07-08T12:19:00,ACC0577,ACC0081,1713,legitimate transfer,Pune,Routine payment
TX0890,CASE019,2025-07-20T12:19:00,ACC0438,ACC0018,10438,legitimate transfer,Gurugram,Routine payment
TX0891,CASE019,2025-07-25T12:19:00,ACC0155,ACC0232,4888,legitimate transfer,Pune,Routine payment
TX0892,CASE019,2025-06-29T12:19:00,ACC0420,ACC0613,9240,legitimate transfer,Agra,Routine payment
TX0893,CASE019,2025-07-28T12:19:00,ACC0312,ACC0363,19778,legitimate transfer,Ludhiana,Routine payment
TX0894,CASE019,2025-07-10T12:19:00,ACC0241,ACC0408,8416,legitimate transfer,Bengaluru,Routine payment
TX0895,CASE019,2025-07-06T12:19:00,ACC0749,ACC0030,5475,legitimate transfer,Ghaziabad,Routine payment
TX0896,CASE019,2025-07-13T12:19:00,ACC0715,ACC0419,13743,legitimate transfer,Ghaziabad,Routine payment
TX0897,CASE019,2025-07-08T12:19:00,ACC0577,ACC0578,7206,legitimate transfer,Ludhiana,Routine payment
TX0898,CASE019,2025-07-14T12:19:00,ACC0494,ACC0176,1509,legitimate transfer,Haridwar,Routine payment
TX0899,CASE019,2025-07-28T12:19:00,ACC0599,ACC0126,4542,legitimate transfer,Hyderabad,Routine payment
TX0900,CASE019,2025-07-12T12:19:00,ACC0273,ACC0584,11685,legitimate transfer,Amritsar,Routine payment
TX0901,CASE019,2025-07-24T12:19:00,ACC0066,ACC0359,12490,legitimate transfer,Patna,Routine payment
TX0902,CASE019,2025-07-13T12:19:00,ACC0606,ACC0430,2191,legitimate transfer,Bhopal,Routine payment
TX0903,CASE019,2025-07-04T12:19:00,ACC0725,ACC0065,19452,legitimate transfer,Noida,Routine payment
TX0904,CASE019,2025-07-07T12:19:00,ACC0194,ACC0460,13966,legitimate transfer,Lucknow,Routine payment
TX0905,CASE019,2025-07-26T12:19:00,ACC0205,ACC0098,10065,legitimate transfer,Noida,Routine payment
TX0906,CASE020,2025-12-12T15:54:00,ACC0230,ACC0006,49500,transfer,Faridabad,Fund transfer
TX0907,CASE020,2025-12-11T15:54:00,ACC0006,ACC0112,150000,transfer,Faridabad,Fund transfer
TX0908,CASE020,2025-12-10T15:54:00,ACC0112,ACC0553,82000,transfer,Faridabad,Fund transfer
TX0909,CASE020,2025-11-15T15:54:00,ACC0763,ACC0469,17813,legitimate transfer,Amritsar,Routine payment
TX0910,CASE020,2025-12-01T15:54:00,ACC0316,ACC0436,6392,legitimate transfer,Kolkata,Routine payment
TX0911,CASE020,2025-11-24T15:54:00,ACC0726,ACC0358,8783,legitimate transfer,Lucknow,Routine payment
TX0912,CASE020,2025-12-03T15:54:00,ACC0121,ACC0393,14634,legitimate transfer,Bhopal,Routine payment
TX0913,CASE020,2025-11-21T15:54:00,ACC0434,ACC0696,16705,legitimate transfer,Ludhiana,Routine payment
TX0914,CASE020,2025-11-26T15:54:00,ACC0533,ACC0627,7807,legitimate transfer,Chennai,Routine payment
TX0915,CASE020,2025-12-07T15:54:00,ACC0425,ACC0586,4314,legitimate transfer,Bhubaneswar,Routine payment
TX0916,CASE020,2025-11-15T15:54:00,ACC0637,ACC0132,6101,legitimate transfer,Pune,Routine payment
TX0917,CASE020,2025-12-03T15:54:00,ACC0554,ACC0608,1088,legitimate transfer,Delhi,Routine payment
TX0918,CASE020,2025-12-07T15:54:00,ACC0478,ACC0556,18552,legitimate transfer,Haridwar,Routine payment
TX0919,CASE020,2025-11-28T15:54:00,ACC0303,ACC0651,16510,legitimate transfer,Ghaziabad,Routine payment
TX0920,CASE020,2025-12-05T15:54:00,ACC0684,ACC0775,15399,legitimate transfer,Hyderabad,Routine payment
TX0921,CASE020,2025-12-10T15:54:00,ACC0696,ACC0733,5647,legitimate transfer,Gurugram,Routine payment
TX0922,CASE020,2025-12-04T15:54:00,ACC0713,ACC0142,516,legitimate transfer,Ahmedabad,Routine payment
TX0923,CASE020,2025-11-22T15:54:00,ACC0403,ACC0014,4186,legitimate transfer,Dehradun,Routine payment
TX0924,CASE020,2025-12-10T15:54:00,ACC0648,ACC0427,12682,legitimate transfer,Chandigarh,Routine payment
TX0925,CASE020,2025-12-03T15:54:00,ACC0323,ACC0019,12955,legitimate transfer,Dehradun,Routine payment
TX0926,CASE020,2025-11-24T15:54:00,ACC0332,ACC0749,1188,legitimate transfer,Surat,Routine payment
TX0927,CASE020,2025-11-27T15:54:00,ACC0465,ACC0475,14728,legitimate transfer,Surat,Routine payment
TX0928,CASE020,2025-12-10T15:54:00,ACC0274,ACC0129,9579,legitimate transfer,Bhopal,Routine payment
TX0929,CASE020,2025-11-24T15:54:00,ACC0438,ACC0632,18857,legitimate transfer,Surat,Routine payment
TX0930,CASE020,2025-11-15T15:54:00,ACC0023,ACC0582,8250,legitimate transfer,Ranchi,Routine payment
TX0931,CASE020,2025-11-13T15:54:00,ACC0367,ACC0083,1717,legitimate transfer,Agra,Routine payment
TX0932,CASE020,2025-11-16T15:54:00,ACC0103,ACC0038,10173,legitimate transfer,Amritsar,Routine payment
TX0933,CASE020,2025-11-28T15:54:00,ACC0740,ACC0182,8265,legitimate transfer,Hyderabad,Routine payment
TX0934,CASE020,2025-11-18T15:54:00,ACC0436,ACC0697,8404,legitimate transfer,Bengaluru,Routine payment
TX0935,CASE020,2025-12-07T15:54:00,ACC0169,ACC0163,4353,legitimate transfer,Faridabad,Routine payment
TX0936,CASE020,2025-11-24T15:54:00,ACC0120,ACC0345,7587,legitimate transfer,Bengaluru,Routine payment
TX0937,CASE020,2025-11-22T15:54:00,ACC0625,ACC0029,5204,legitimate transfer,Ranchi,Routine payment
TX0938,CASE020,2025-11-28T15:54:00,ACC0383,ACC0347,12109,legitimate transfer,Faridabad,Routine payment
TX0939,CASE020,2025-11-13T15:54:00,ACC0172,ACC0542,14246,legitimate transfer,Gurugram,Routine payment
TX0940,CASE020,2025-11-27T15:54:00,ACC0374,ACC0620,2569,legitimate transfer,Jaipur,Routine payment
TX0941,CASE020,2025-11-12T15:54:00,ACC0167,ACC0397,15380,legitimate transfer,Hyderabad,Routine payment
TX0942,CASE020,2025-12-06T15:54:00,ACC0543,ACC0266,11094,legitimate transfer,Ranchi,Routine payment
TX0943,CASE020,2025-11-16T15:54:00,ACC0618,ACC0619,7842,legitimate transfer,Ghaziabad,Routine payment
TX0944,CASE020,2025-11-20T15:54:00,ACC0078,ACC0127,11398,legitimate transfer,Indore,Routine payment
TX0945,CASE020,2025-12-09T15:54:00,ACC0548,ACC0173,10189,legitimate transfer,Indore,Routine payment
TX0946,CASE020,2025-12-04T15:54:00,ACC0099,ACC0148,16519,legitimate transfer,Ludhiana,Routine payment
TX0947,CASE020,2025-11-20T15:54:00,ACC0037,ACC0235,11473,legitimate transfer,Ghaziabad,Routine payment
TX0948,CASE020,2025-11-29T15:54:00,ACC0641,ACC0621,12665,legitimate transfer,Chennai,Routine payment
TX0949,CASE020,2025-11-13T15:54:00,ACC0027,ACC0477,8456,legitimate transfer,Ghaziabad,Routine payment
TX0950,CASE020,2025-12-07T15:54:00,ACC0569,ACC0440,7980,legitimate transfer,Hyderabad,Routine payment
TX0951,CASE020,2025-11-29T15:54:00,ACC0551,ACC0647,1952,legitimate transfer,Delhi,Routine payment
TX0952,CASE020,2025-11-15T15:54:00,ACC0093,ACC0502,2747,legitimate transfer,Dehradun,Routine payment
TX0953,CASE020,2025-12-06T15:54:00,ACC0260,ACC0259,6059,legitimate transfer,Chennai,Routine payment
TX0954,CASE021,2026-01-25T21:59:00,ACC0634,ACC0571,150000,transfer,Lucknow,Fund transfer
TX0955,CASE021,2026-01-24T21:59:00,ACC0571,ACC0383,235000,transfer,Lucknow,Fund transfer
TX0956,CASE021,2026-01-24T21:59:00,ACC0383,ACC0731,235000,transfer,Lucknow,Fund transfer
TX0957,CASE021,2026-01-04T21:59:00,ACC0204,ACC0365,14157,legitimate transfer,Amritsar,Routine payment
TX0958,CASE021,2025-12-29T21:59:00,ACC0478,ACC0047,7856,legitimate transfer,Dehradun,Routine payment
TX0959,CASE021,2026-01-03T21:59:00,ACC0396,ACC0535,7145,legitimate transfer,Mumbai,Routine payment
TX0960,CASE021,2026-01-08T21:59:00,ACC0083,ACC0378,19822,legitimate transfer,Agra,Routine payment
TX0961,CASE021,2026-01-01T21:59:00,ACC0027,ACC0327,13334,legitimate transfer,Faridabad,Routine payment
TX0962,CASE021,2026-01-07T21:59:00,ACC0365,ACC0352,12136,legitimate transfer,Noida,Routine payment
TX0963,CASE021,2026-01-17T21:59:00,ACC0750,ACC0044,4387,legitimate transfer,Mumbai,Routine payment
TX0964,CASE021,2026-01-18T21:59:00,ACC0077,ACC0391,16145,legitimate transfer,Faridabad,Routine payment
TX0965,CASE021,2026-01-16T21:59:00,ACC0396,ACC0698,19538,legitimate transfer,Bhubaneswar,Routine payment
TX0966,CASE021,2026-01-03T21:59:00,ACC0290,ACC0139,13338,legitimate transfer,Jaipur,Routine payment
TX0967,CASE021,2026-01-01T21:59:00,ACC0548,ACC0612,7303,legitimate transfer,Ranchi,Routine payment
TX0968,CASE021,2026-01-18T21:59:00,ACC0704,ACC0653,15440,legitimate transfer,Kanpur,Routine payment
TX0969,CASE021,2026-01-20T21:59:00,ACC0339,ACC0597,8632,legitimate transfer,Delhi,Routine payment
TX0970,CASE021,2026-01-23T21:59:00,ACC0117,ACC0399,9662,legitimate transfer,Lucknow,Routine payment
TX0971,CASE021,2025-12-31T21:59:00,ACC0425,ACC0545,16690,legitimate transfer,Delhi,Routine payment
TX0972,CASE021,2026-01-12T21:59:00,ACC0198,ACC0122,5102,legitimate transfer,Kanpur,Routine payment
TX0973,CASE021,2026-01-04T21:59:00,ACC0130,ACC0186,1987,legitimate transfer,Noida,Routine payment
TX0974,CASE021,2026-01-22T21:59:00,ACC0443,ACC0382,16080,legitimate transfer,Chandigarh,Routine payment
TX0975,CASE021,2026-01-24T21:59:00,ACC0450,ACC0780,11625,legitimate transfer,Pune,Routine payment
TX0976,CASE021,2026-01-07T21:59:00,ACC0073,ACC0112,19884,legitimate transfer,Amritsar,Routine payment
TX0977,CASE021,2026-01-21T21:59:00,ACC0613,ACC0368,4182,legitimate transfer,Agra,Routine payment
TX0978,CASE021,2026-01-24T21:59:00,ACC0386,ACC0523,8203,legitimate transfer,Chandigarh,Routine payment
TX0979,CASE021,2026-01-07T21:59:00,ACC0080,ACC0594,1053,legitimate transfer,Ghaziabad,Routine payment
TX0980,CASE021,2026-01-09T21:59:00,ACC0502,ACC0631,15461,legitimate transfer,Noida,Routine payment
TX0981,CASE021,2025-12-28T21:59:00,ACC0068,ACC0161,5523,legitimate transfer,Bhopal,Routine payment
TX0982,CASE021,2026-01-09T21:59:00,ACC0646,ACC0090,11240,legitimate transfer,Mumbai,Routine payment
TX0983,CASE021,2026-01-25T21:59:00,ACC0548,ACC0685,16931,legitimate transfer,Noida,Routine payment
TX0984,CASE021,2025-12-31T21:59:00,ACC0366,ACC0333,6210,legitimate transfer,Chandigarh,Routine payment
TX0985,CASE021,2026-01-07T21:59:00,ACC0523,ACC0419,11607,legitimate transfer,Mumbai,Routine payment
TX0986,CASE021,2026-01-23T21:59:00,ACC0482,ACC0364,19334,legitimate transfer,Mumbai,Routine payment
TX0987,CASE021,2026-01-02T21:59:00,ACC0542,ACC0669,7391,legitimate transfer,Bengaluru,Routine payment
TX0988,CASE021,2026-01-19T21:59:00,ACC0280,ACC0570,14571,legitimate transfer,Bhopal,Routine payment
TX0989,CASE021,2026-01-27T21:59:00,ACC0144,ACC0121,1842,legitimate transfer,Bhopal,Routine payment
TX0990,CASE021,2025-12-31T21:59:00,ACC0634,ACC0251,13073,legitimate transfer,Agra,Routine payment
TX0991,CASE021,2026-01-02T21:59:00,ACC0371,ACC0643,6028,legitimate transfer,Ranchi,Routine payment
TX0992,CASE021,2026-01-09T21:59:00,ACC0046,ACC0412,14427,legitimate transfer,Surat,Routine payment
TX0993,CASE021,2026-01-21T21:59:00,ACC0280,ACC0498,19952,legitimate transfer,Kanpur,Routine payment
TX0994,CASE021,2026-01-14T21:59:00,ACC0237,ACC0099,1475,legitimate transfer,Dehradun,Routine payment
TX0995,CASE021,2025-12-31T21:59:00,ACC0332,ACC0730,10205,legitimate transfer,Ludhiana,Routine payment
TX0996,CASE021,2025-12-30T21:59:00,ACC0606,ACC0448,8889,legitimate transfer,Mumbai,Routine payment
TX0997,CASE021,2025-12-29T21:59:00,ACC0665,ACC0550,19199,legitimate transfer,Ludhiana,Routine payment
TX0998,CASE021,2026-01-12T21:59:00,ACC0499,ACC0166,12739,legitimate transfer,Ranchi,Routine payment
TX0999,CASE021,2026-01-12T21:59:00,ACC0013,ACC0750,15621,legitimate transfer,Dehradun,Routine payment
TX1000,CASE021,2026-01-10T21:59:00,ACC0606,ACC0055,2376,legitimate transfer,Gurugram,Routine payment
TX1001,CASE021,2026-01-20T21:59:00,ACC0059,ACC0140,3230,legitimate transfer,Chandigarh,Routine payment
TX1002,CASE022,2025-09-07T20:54:00,ACC0450,ACC0202,49500,transfer,Jaipur,Fund transfer
TX1003,CASE022,2025-09-07T20:54:00,ACC0202,ACC0470,235000,transfer,Jaipur,Fund transfer
TX1004,CASE022,2025-09-05T20:54:00,ACC0470,ACC0640,82000,transfer,Jaipur,Fund transfer
TX1005,CASE022,2025-09-02T20:54:00,ACC0154,ACC0231,16812,legitimate transfer,Pune,Routine payment
TX1006,CASE022,2025-08-23T20:54:00,ACC0204,ACC0788,5476,legitimate transfer,Pune,Routine payment
TX1007,CASE022,2025-08-11T20:54:00,ACC0583,ACC0492,4434,legitimate transfer,Hyderabad,Routine payment
TX1008,CASE022,2025-08-31T20:54:00,ACC0097,ACC0241,16575,legitimate transfer,Haridwar,Routine payment
TX1009,CASE022,2025-08-17T20:54:00,ACC0478,ACC0196,9257,legitimate transfer,Jaipur,Routine payment
TX1010,CASE022,2025-08-20T20:54:00,ACC0455,ACC0646,7768,legitimate transfer,Delhi,Routine payment
TX1011,CASE022,2025-09-09T20:54:00,ACC0280,ACC0105,15728,legitimate transfer,Agra,Routine payment
TX1012,CASE022,2025-09-03T20:54:00,ACC0699,ACC0097,14819,legitimate transfer,Pune,Routine payment
TX1013,CASE022,2025-08-12T20:54:00,ACC0397,ACC0117,19513,legitimate transfer,Patna,Routine payment
TX1014,CASE022,2025-09-03T20:54:00,ACC0047,ACC0217,18882,legitimate transfer,Dehradun,Routine payment
TX1015,CASE022,2025-09-10T20:54:00,ACC0232,ACC0388,869,legitimate transfer,Bhubaneswar,Routine payment
TX1016,CASE022,2025-08-16T20:54:00,ACC0281,ACC0747,15860,legitimate transfer,Ludhiana,Routine payment
TX1017,CASE022,2025-08-18T20:54:00,ACC0161,ACC0737,13932,legitimate transfer,Ahmedabad,Routine payment
TX1018,CASE022,2025-08-28T20:54:00,ACC0144,ACC0740,13932,legitimate transfer,Ludhiana,Routine payment
TX1019,CASE022,2025-08-21T20:54:00,ACC0784,ACC0635,11260,legitimate transfer,Amritsar,Routine payment
TX1020,CASE022,2025-09-06T20:54:00,ACC0685,ACC0440,17104,legitimate transfer,Jaipur,Routine payment
TX1021,CASE022,2025-08-24T20:54:00,ACC0351,ACC0154,19409,legitimate transfer,Indore,Routine payment
TX1022,CASE022,2025-09-04T20:54:00,ACC0192,ACC0780,2050,legitimate transfer,Pune,Routine payment
TX1023,CASE022,2025-08-24T20:54:00,ACC0293,ACC0227,10237,legitimate transfer,Faridabad,Routine payment
TX1024,CASE022,2025-08-15T20:54:00,ACC0252,ACC0628,11944,legitimate transfer,Gurugram,Routine payment
TX1025,CASE022,2025-08-28T20:54:00,ACC0481,ACC0575,19145,legitimate transfer,Bhubaneswar,Routine payment
TX1026,CASE022,2025-08-12T20:54:00,ACC0597,ACC0553,7781,legitimate transfer,Kolkata,Routine payment
TX1027,CASE022,2025-09-01T20:54:00,ACC0663,ACC0538,5910,legitimate transfer,Gurugram,Routine payment
TX1028,CASE022,2025-08-21T20:54:00,ACC0182,ACC0118,3509,legitimate transfer,Bengaluru,Routine payment
TX1029,CASE022,2025-08-13T20:54:00,ACC0239,ACC0058,9980,legitimate transfer,Noida,Routine payment
TX1030,CASE022,2025-09-06T20:54:00,ACC0004,ACC0303,12623,legitimate transfer,Bhopal,Routine payment
TX1031,CASE022,2025-09-05T20:54:00,ACC0324,ACC0572,13968,legitimate transfer,Amritsar,Routine payment
TX1032,CASE022,2025-08-25T20:54:00,ACC0706,ACC0478,6331,legitimate transfer,Indore,Routine payment
TX1033,CASE022,2025-08-15T20:54:00,ACC0697,ACC0420,11169,legitimate transfer,Noida,Routine payment
TX1034,CASE022,2025-08-27T20:54:00,ACC0703,ACC0120,12497,legitimate transfer,Surat,Routine payment
TX1035,CASE022,2025-08-20T20:54:00,ACC0616,ACC0511,17575,legitimate transfer,Ranchi,Routine payment
TX1036,CASE022,2025-08-29T20:54:00,ACC0712,ACC0781,8206,legitimate transfer,Bhopal,Routine payment
TX1037,CASE022,2025-08-18T20:54:00,ACC0049,ACC0223,19045,legitimate transfer,Ranchi,Routine payment
TX1038,CASE022,2025-09-04T20:54:00,ACC0058,ACC0319,10614,legitimate transfer,Chandigarh,Routine payment
TX1039,CASE022,2025-08-30T20:54:00,ACC0649,ACC0457,7154,legitimate transfer,Patna,Routine payment
TX1040,CASE022,2025-08-26T20:54:00,ACC0319,ACC0470,15044,legitimate transfer,Lucknow,Routine payment
TX1041,CASE022,2025-08-20T20:54:00,ACC0125,ACC0043,14895,legitimate transfer,Bhopal,Routine payment
TX1042,CASE022,2025-08-12T20:54:00,ACC0055,ACC0595,14523,legitimate transfer,Delhi,Routine payment
TX1043,CASE022,2025-08-14T20:54:00,ACC0558,ACC0092,720,legitimate transfer,Delhi,Routine payment
TX1044,CASE022,2025-08-25T20:54:00,ACC0153,ACC0472,14065,legitimate transfer,Ghaziabad,Routine payment
TX1045,CASE022,2025-08-15T20:54:00,ACC0570,ACC0462,9875,legitimate transfer,Gurugram,Routine payment
TX1046,CASE022,2025-08-17T20:54:00,ACC0296,ACC0433,17487,legitimate transfer,Gurugram,Routine payment
TX1047,CASE022,2025-08-11T20:54:00,ACC0521,ACC0117,7571,legitimate transfer,Ghaziabad,Routine payment
TX1048,CASE022,2025-09-08T20:54:00,ACC0605,ACC0595,2880,legitimate transfer,Patna,Routine payment
TX1049,CASE022,2025-08-13T20:54:00,ACC0442,ACC0285,4308,legitimate transfer,Kanpur,Routine payment
TX1050,CASE023,2025-06-27T01:43:00,ACC0638,ACC0601,49500,transfer,Bhubaneswar,Fund transfer
TX1051,CASE023,2025-06-23T01:43:00,ACC0601,ACC0341,82000,transfer,Bhubaneswar,Fund transfer
TX1052,CASE023,2025-06-26T01:43:00,ACC0341,ACC0262,235000,transfer,Bhubaneswar,Fund transfer
TX1053,CASE023,2025-06-24T01:43:00,ACC0262,ACC0798,49500,transfer,Bhubaneswar,Fund transfer
TX1054,CASE023,2025-06-15T01:43:00,ACC0754,ACC0462,12539,legitimate transfer,Indore,Routine payment
TX1055,CASE023,2025-06-05T01:43:00,ACC0793,ACC0168,11071,legitimate transfer,Chandigarh,Routine payment
TX1056,CASE023,2025-05-28T01:43:00,ACC0071,ACC0629,7828,legitimate transfer,Faridabad,Routine payment
TX1057,CASE023,2025-06-22T01:43:00,ACC0198,ACC0277,12451,legitimate transfer,Jaipur,Routine payment
TX1058,CASE023,2025-06-22T01:43:00,ACC0796,ACC0079,7247,legitimate transfer,Amritsar,Routine payment
TX1059,CASE023,2025-06-10T01:43:00,ACC0764,ACC0573,2889,legitimate transfer,Bhubaneswar,Routine payment
TX1060,CASE023,2025-06-12T01:43:00,ACC0588,ACC0114,10137,legitimate transfer,Chennai,Routine payment
TX1061,CASE023,2025-06-03T01:43:00,ACC0021,ACC0749,9619,legitimate transfer,Amritsar,Routine payment
TX1062,CASE023,2025-06-15T01:43:00,ACC0700,ACC0356,899,legitimate transfer,Kanpur,Routine payment
TX1063,CASE023,2025-05-30T01:43:00,ACC0707,ACC0041,12111,legitimate transfer,Pune,Routine payment
TX1064,CASE023,2025-06-24T01:43:00,ACC0096,ACC0144,17329,legitimate transfer,Agra,Routine payment
TX1065,CASE023,2025-06-19T01:43:00,ACC0540,ACC0686,18574,legitimate transfer,Patna,Routine payment
TX1066,CASE023,2025-06-17T01:43:00,ACC0517,ACC0359,16493,legitimate transfer,Noida,Routine payment
TX1067,CASE023,2025-06-16T01:43:00,ACC0224,ACC0084,15508,legitimate transfer,Noida,Routine payment
TX1068,CASE023,2025-06-15T01:43:00,ACC0061,ACC0477,16762,legitimate transfer,Bengaluru,Routine payment
TX1069,CASE023,2025-05-30T01:43:00,ACC0467,ACC0521,12967,legitimate transfer,Kolkata,Routine payment
TX1070,CASE023,2025-06-27T01:43:00,ACC0657,ACC0094,7875,legitimate transfer,Mumbai,Routine payment
TX1071,CASE023,2025-06-15T01:43:00,ACC0342,ACC0432,17903,legitimate transfer,Indore,Routine payment
TX1072,CASE023,2025-05-29T01:43:00,ACC0714,ACC0007,3484,legitimate transfer,Indore,Routine payment
TX1073,CASE023,2025-06-18T01:43:00,ACC0522,ACC0716,4515,legitimate transfer,Lucknow,Routine payment
TX1074,CASE023,2025-06-16T01:43:00,ACC0488,ACC0595,19710,legitimate transfer,Bhopal,Routine payment
TX1075,CASE023,2025-06-08T01:43:00,ACC0012,ACC0372,11612,legitimate transfer,Dehradun,Routine payment
TX1076,CASE023,2025-06-21T01:43:00,ACC0179,ACC0673,19272,legitimate transfer,Bhopal,Routine payment
TX1077,CASE023,2025-06-12T01:43:00,ACC0429,ACC0546,11798,legitimate transfer,Indore,Routine payment
TX1078,CASE023,2025-06-19T01:43:00,ACC0233,ACC0622,19657,legitimate transfer,Pune,Routine payment
TX1079,CASE023,2025-06-03T01:43:00,ACC0566,ACC0572,2821,legitimate transfer,Amritsar,Routine payment
TX1080,CASE023,2025-06-09T01:43:00,ACC0329,ACC0337,8959,legitimate transfer,Mumbai,Routine payment
TX1081,CASE023,2025-06-16T01:43:00,ACC0037,ACC0060,7943,legitimate transfer,Dehradun,Routine payment
TX1082,CASE023,2025-05-30T01:43:00,ACC0498,ACC0740,2728,legitimate transfer,Jaipur,Routine payment
TX1083,CASE023,2025-06-19T01:43:00,ACC0797,ACC0335,13516,legitimate transfer,Haridwar,Routine payment
TX1084,CASE023,2025-06-18T01:43:00,ACC0492,ACC0776,19888,legitimate transfer,Indore,Routine payment
TX1085,CASE023,2025-06-18T01:43:00,ACC0581,ACC0592,9041,legitimate transfer,Bengaluru,Routine payment
TX1086,CASE023,2025-06-12T01:43:00,ACC0004,ACC0302,12878,legitimate transfer,Dehradun,Routine payment
TX1087,CASE023,2025-06-09T01:43:00,ACC0557,ACC0342,14673,legitimate transfer,Delhi,Routine payment
TX1088,CASE023,2025-06-11T01:43:00,ACC0275,ACC0484,12586,legitimate transfer,Dehradun,Routine payment
TX1089,CASE023,2025-06-09T01:43:00,ACC0678,ACC0662,8857,legitimate transfer,Dehradun,Routine payment
TX1090,CASE023,2025-06-12T01:43:00,ACC0497,ACC0643,6106,legitimate transfer,Ghaziabad,Routine payment
TX1091,CASE023,2025-06-05T01:43:00,ACC0613,ACC0300,14179,legitimate transfer,Kanpur,Routine payment
TX1092,CASE023,2025-06-11T01:43:00,ACC0350,ACC0741,2911,legitimate transfer,Pune,Routine payment
TX1093,CASE023,2025-06-11T01:43:00,ACC0203,ACC0191,3924,legitimate transfer,Pune,Routine payment
TX1094,CASE023,2025-05-30T01:43:00,ACC0663,ACC0380,842,legitimate transfer,Agra,Routine payment
TX1095,CASE023,2025-06-13T01:43:00,ACC0688,ACC0599,6015,legitimate transfer,Lucknow,Routine payment
TX1096,CASE023,2025-06-06T01:43:00,ACC0516,ACC0636,10182,legitimate transfer,Bengaluru,Routine payment
TX1097,CASE023,2025-06-01T01:43:00,ACC0794,ACC0626,11167,legitimate transfer,Agra,Routine payment
TX1098,CASE023,2025-06-02T01:43:00,ACC0249,ACC0535,17919,legitimate transfer,Bhubaneswar,Routine payment
TX1099,CASE024,2025-07-09T03:50:00,ACC0214,ACC0762,235000,transfer,Bengaluru,Fund transfer
TX1100,CASE024,2025-07-13T03:50:00,ACC0762,ACC0290,150000,transfer,Bengaluru,Fund transfer
TX1101,CASE024,2025-06-27T03:50:00,ACC0083,ACC0627,4890,legitimate transfer,Lucknow,Routine payment
TX1102,CASE024,2025-06-26T03:50:00,ACC0236,ACC0428,798,legitimate transfer,Noida,Routine payment
TX1103,CASE024,2025-06-26T03:50:00,ACC0369,ACC0444,8983,legitimate transfer,Patna,Routine payment
TX1104,CASE024,2025-06-27T03:50:00,ACC0012,ACC0588,2999,legitimate transfer,Ghaziabad,Routine payment
TX1105,CASE024,2025-07-02T03:50:00,ACC0406,ACC0188,10334,legitimate transfer,Bhubaneswar,Routine payment
TX1106,CASE024,2025-07-06T03:50:00,ACC0001,ACC0599,509,legitimate transfer,Mumbai,Routine payment
TX1107,CASE024,2025-06-23T03:50:00,ACC0385,ACC0499,13091,legitimate transfer,Delhi,Routine payment
TX1108,CASE024,2025-07-02T03:50:00,ACC0440,ACC0202,9316,legitimate transfer,Ludhiana,Routine payment
TX1109,CASE024,2025-06-19T03:50:00,ACC0752,ACC0276,11090,legitimate transfer,Dehradun,Routine payment
TX1110,CASE024,2025-07-07T03:50:00,ACC0164,ACC0226,11430,legitimate transfer,Faridabad,Routine payment
TX1111,CASE024,2025-07-04T03:50:00,ACC0284,ACC0238,2335,legitimate transfer,Bhubaneswar,Routine payment
TX1112,CASE024,2025-06-27T03:50:00,ACC0696,ACC0627,16238,legitimate transfer,Haridwar,Routine payment
TX1113,CASE024,2025-06-20T03:50:00,ACC0586,ACC0740,4839,legitimate transfer,Mumbai,Routine payment
TX1114,CASE024,2025-07-14T03:50:00,ACC0688,ACC0324,9557,legitimate transfer,Pune,Routine payment
TX1115,CASE024,2025-06-14T03:50:00,ACC0404,ACC0324,2816,legitimate transfer,Hyderabad,Routine payment
TX1116,CASE024,2025-07-07T03:50:00,ACC0483,ACC0371,17824,legitimate transfer,Faridabad,Routine payment
TX1117,CASE024,2025-06-20T03:50:00,ACC0350,ACC0518,17392,legitimate transfer,Delhi,Routine payment
TX1118,CASE024,2025-07-03T03:50:00,ACC0553,ACC0170,18367,legitimate transfer,Ahmedabad,Routine payment
TX1119,CASE024,2025-07-04T03:50:00,ACC0145,ACC0203,5859,legitimate transfer,Hyderabad,Routine payment
TX1120,CASE024,2025-07-04T03:50:00,ACC0235,ACC0135,16671,legitimate transfer,Agra,Routine payment
TX1121,CASE024,2025-07-07T03:50:00,ACC0717,ACC0195,4270,legitimate transfer,Noida,Routine payment
TX1122,CASE024,2025-06-27T03:50:00,ACC0332,ACC0657,18467,legitimate transfer,Bhubaneswar,Routine payment
TX1123,CASE024,2025-06-29T03:50:00,ACC0620,ACC0360,12144,legitimate transfer,Delhi,Routine payment
TX1124,CASE024,2025-07-11T03:50:00,ACC0644,ACC0419,6065,legitimate transfer,Ahmedabad,Routine payment
TX1125,CASE024,2025-07-14T03:50:00,ACC0730,ACC0227,13593,legitimate transfer,Patna,Routine payment
TX1126,CASE024,2025-06-25T03:50:00,ACC0245,ACC0750,7089,legitimate transfer,Bhubaneswar,Routine payment
TX1127,CASE024,2025-07-05T03:50:00,ACC0442,ACC0419,9263,legitimate transfer,Agra,Routine payment
TX1128,CASE024,2025-06-17T03:50:00,ACC0472,ACC0691,9584,legitimate transfer,Ludhiana,Routine payment
TX1129,CASE024,2025-06-15T03:50:00,ACC0468,ACC0499,17640,legitimate transfer,Chennai,Routine payment
TX1130,CASE024,2025-07-02T03:50:00,ACC0476,ACC0339,17722,legitimate transfer,Amritsar,Routine payment
TX1131,CASE024,2025-07-03T03:50:00,ACC0072,ACC0707,5536,legitimate transfer,Surat,Routine payment
TX1132,CASE024,2025-06-18T03:50:00,ACC0272,ACC0475,17907,legitimate transfer,Noida,Routine payment
TX1133,CASE024,2025-06-25T03:50:00,ACC0726,ACC0004,6555,legitimate transfer,Dehradun,Routine payment
TX1134,CASE024,2025-06-26T03:50:00,ACC0262,ACC0435,6690,legitimate transfer,Kanpur,Routine payment
TX1135,CASE024,2025-06-23T03:50:00,ACC0445,ACC0756,4157,legitimate transfer,Bengaluru,Routine payment
TX1136,CASE024,2025-07-04T03:50:00,ACC0744,ACC0599,6184,legitimate transfer,Ludhiana,Routine payment
TX1137,CASE024,2025-07-06T03:50:00,ACC0301,ACC0128,15540,legitimate transfer,Bengaluru,Routine payment
TX1138,CASE024,2025-06-16T03:50:00,ACC0499,ACC0571,19624,legitimate transfer,Surat,Routine payment
TX1139,CASE024,2025-06-17T03:50:00,ACC0688,ACC0160,5439,legitimate transfer,Amritsar,Routine payment
TX1140,CASE024,2025-06-25T03:50:00,ACC0486,ACC0102,1645,legitimate transfer,Chandigarh,Routine payment
TX1141,CASE024,2025-07-10T03:50:00,ACC0004,ACC0027,11793,legitimate transfer,Dehradun,Routine payment
TX1142,CASE024,2025-06-15T03:50:00,ACC0136,ACC0259,19301,legitimate transfer,Mumbai,Routine payment
TX1143,CASE024,2025-06-29T03:50:00,ACC0266,ACC0644,8257,legitimate transfer,Bhopal,Routine payment
TX1144,CASE024,2025-06-26T03:50:00,ACC0454,ACC0016,18606,legitimate transfer,Bhopal,Routine payment
TX1145,CASE024,2025-06-30T03:50:00,ACC0444,ACC0589,1687,legitimate transfer,Bhubaneswar,Routine payment
TX1146,CASE025,2026-03-04T17:19:00,ACC0545,ACC0767,235000,transfer,Ahmedabad,Fund transfer
TX1147,CASE025,2026-03-03T17:19:00,ACC0767,ACC0281,150000,transfer,Ahmedabad,Fund transfer
TX1148,CASE025,2026-02-18T17:19:00,ACC0461,ACC0565,9382,legitimate transfer,Ghaziabad,Routine payment
TX1149,CASE025,2026-02-28T17:19:00,ACC0300,ACC0551,1224,legitimate transfer,Noida,Routine payment
TX1150,CASE025,2026-02-15T17:19:00,ACC0771,ACC0479,10962,legitimate transfer,Amritsar,Routine payment
TX1151,CASE025,2026-03-06T17:19:00,ACC0794,ACC0295,4585,legitimate transfer,Haridwar,Routine payment
TX1152,CASE025,2026-02-22T17:19:00,ACC0224,ACC0075,1307,legitimate transfer,Kanpur,Routine payment
TX1153,CASE025,2026-02-23T17:19:00,ACC0771,ACC0081,2975,legitimate transfer,Chennai,Routine payment
TX1154,CASE025,2026-03-04T17:19:00,ACC0214,ACC0549,2298,legitimate transfer,Faridabad,Routine payment
TX1155,CASE025,2026-02-22T17:19:00,ACC0478,ACC0219,18323,legitimate transfer,Mumbai,Routine payment
TX1156,CASE025,2026-02-28T17:19:00,ACC0368,ACC0761,4898,legitimate transfer,Kolkata,Routine payment
TX1157,CASE025,2026-02-24T17:19:00,ACC0595,ACC0037,1957,legitimate transfer,Ghaziabad,Routine payment
TX1158,CASE025,2026-02-21T17:19:00,ACC0682,ACC0213,11944,legitimate transfer,Noida,Routine payment
TX1159,CASE025,2026-02-28T17:19:00,ACC0228,ACC0721,10528,legitimate transfer,Delhi,Routine payment
TX1160,CASE025,2026-03-08T17:19:00,ACC0421,ACC0766,18036,legitimate transfer,Ludhiana,Routine payment
TX1161,CASE025,2026-02-16T17:19:00,ACC0181,ACC0396,9454,legitimate transfer,Ludhiana,Routine payment
TX1162,CASE025,2026-03-08T17:19:00,ACC0099,ACC0593,7451,legitimate transfer,Kanpur,Routine payment
TX1163,CASE025,2026-02-08T17:19:00,ACC0689,ACC0614,16790,legitimate transfer,Agra,Routine payment
TX1164,CASE025,2026-02-25T17:19:00,ACC0424,ACC0194,10319,legitimate transfer,Bhubaneswar,Routine payment
TX1165,CASE025,2026-02-11T17:19:00,ACC0407,ACC0243,3865,legitimate transfer,Jaipur,Routine payment
TX1166,CASE025,2026-02-18T17:19:00,ACC0404,ACC0760,15532,legitimate transfer,Bhubaneswar,Routine payment
TX1167,CASE025,2026-02-07T17:19:00,ACC0551,ACC0048,15724,legitimate transfer,Ghaziabad,Routine payment
TX1168,CASE025,2026-02-08T17:19:00,ACC0473,ACC0641,9115,legitimate transfer,Gurugram,Routine payment
TX1169,CASE025,2026-02-23T17:19:00,ACC0018,ACC0331,5018,legitimate transfer,Pune,Routine payment
TX1170,CASE025,2026-02-23T17:19:00,ACC0175,ACC0589,16220,legitimate transfer,Noida,Routine payment
TX1171,CASE025,2026-02-13T17:19:00,ACC0290,ACC0251,14561,legitimate transfer,Pune,Routine payment
TX1172,CASE025,2026-03-08T17:19:00,ACC0261,ACC0444,8805,legitimate transfer,Kanpur,Routine payment
TX1173,CASE025,2026-02-27T17:19:00,ACC0701,ACC0550,4777,legitimate transfer,Faridabad,Routine payment
TX1174,CASE025,2026-02-07T17:19:00,ACC0356,ACC0474,15493,legitimate transfer,Chandigarh,Routine payment
TX1175,CASE025,2026-02-10T17:19:00,ACC0320,ACC0489,8559,legitimate transfer,Pune,Routine payment
TX1176,CASE025,2026-02-13T17:19:00,ACC0089,ACC0453,2589,legitimate transfer,Hyderabad,Routine payment
TX1177,CASE025,2026-02-25T17:19:00,ACC0133,ACC0424,11601,legitimate transfer,Dehradun,Routine payment
TX1178,CASE025,2026-02-27T17:19:00,ACC0590,ACC0788,8070,legitimate transfer,Ahmedabad,Routine payment
TX1179,CASE025,2026-03-05T17:19:00,ACC0360,ACC0395,3229,legitimate transfer,Gurugram,Routine payment
TX1180,CASE025,2026-03-05T17:19:00,ACC0062,ACC0724,1576,legitimate transfer,Surat,Routine payment
TX1181,CASE025,2026-02-27T17:19:00,ACC0737,ACC0257,3326,legitimate transfer,Ranchi,Routine payment
TX1182,CASE025,2026-02-19T17:19:00,ACC0573,ACC0158,19009,legitimate transfer,Jaipur,Routine payment
TX1183,CASE025,2026-02-09T17:19:00,ACC0114,ACC0196,10993,legitimate transfer,Noida,Routine payment
TX1184,CASE025,2026-03-08T17:19:00,ACC0787,ACC0748,3433,legitimate transfer,Bhubaneswar,Routine payment
TX1185,CASE025,2026-02-12T17:19:00,ACC0124,ACC0280,5687,legitimate transfer,Lucknow,Routine payment
TX1186,CASE025,2026-02-10T17:19:00,ACC0123,ACC0658,13030,legitimate transfer,Ghaziabad,Routine payment
TX1187,CASE025,2026-02-11T17:19:00,ACC0145,ACC0684,12602,legitimate transfer,Delhi,Routine payment
TX1188,CASE025,2026-02-13T17:19:00,ACC0693,ACC0477,6563,legitimate transfer,Bhopal,Routine payment
TX1189,CASE025,2026-02-06T17:19:00,ACC0629,ACC0761,1890,legitimate transfer,Ahmedabad,Routine payment
TX1190,CASE025,2026-02-06T17:19:00,ACC0482,ACC0069,8075,legitimate transfer,Chandigarh,Routine payment
TX1191,CASE025,2026-02-06T17:19:00,ACC0644,ACC0206,13743,legitimate transfer,Patna,Routine payment
TX1192,CASE025,2026-02-08T17:19:00,ACC0700,ACC0076,14208,legitimate transfer,Pune,Routine payment
TX1193,CASE026,2026-06-02T04:37:00,ACC0301,ACC0459,235000,transfer,Gurugram,Fund transfer
TX1194,CASE026,2026-06-03T04:37:00,ACC0459,ACC0270,150000,transfer,Gurugram,Fund transfer
TX1195,CASE026,2026-06-02T04:37:00,ACC0270,ACC0608,82000,transfer,Gurugram,Fund transfer
TX1196,CASE026,2026-05-25T04:37:00,ACC0592,ACC0646,2471,legitimate transfer,Lucknow,Routine payment
TX1197,CASE026,2026-05-13T04:37:00,ACC0018,ACC0553,10916,legitimate transfer,Faridabad,Routine payment
TX1198,CASE026,2026-05-08T04:37:00,ACC0031,ACC0015,6920,legitimate transfer,Pune,Routine payment
TX1199,CASE026,2026-05-19T04:37:00,ACC0300,ACC0766,13994,legitimate transfer,Jaipur,Routine payment
TX1200,CASE026,2026-05-04T04:37:00,ACC0121,ACC0768,8876,legitimate transfer,Haridwar,Routine payment
TX1201,CASE026,2026-05-12T04:37:00,ACC0492,ACC0234,18440,legitimate transfer,Patna,Routine payment
TX1202,CASE026,2026-05-27T04:37:00,ACC0573,ACC0575,18926,legitimate transfer,Bhubaneswar,Routine payment
TX1203,CASE026,2026-06-03T04:37:00,ACC0193,ACC0075,7336,legitimate transfer,Ahmedabad,Routine payment
TX1204,CASE026,2026-05-22T04:37:00,ACC0007,ACC0692,5592,legitimate transfer,Hyderabad,Routine payment
TX1205,CASE026,2026-05-05T04:37:00,ACC0366,ACC0660,12817,legitimate transfer,Ranchi,Routine payment
TX1206,CASE026,2026-05-22T04:37:00,ACC0725,ACC0373,11058,legitimate transfer,Bhopal,Routine payment
TX1207,CASE026,2026-05-12T04:37:00,ACC0524,ACC0474,11486,legitimate transfer,Amritsar,Routine payment
TX1208,CASE026,2026-05-06T04:37:00,ACC0252,ACC0311,11333,legitimate transfer,Pune,Routine payment
TX1209,CASE026,2026-05-10T04:37:00,ACC0597,ACC0618,17676,legitimate transfer,Dehradun,Routine payment
TX1210,CASE026,2026-05-19T04:37:00,ACC0012,ACC0500,2504,legitimate transfer,Mumbai,Routine payment
TX1211,CASE026,2026-05-25T04:37:00,ACC0419,ACC0187,4296,legitimate transfer,Dehradun,Routine payment
TX1212,CASE026,2026-05-07T04:37:00,ACC0782,ACC0132,19811,legitimate transfer,Bhopal,Routine payment
TX1213,CASE026,2026-05-04T04:37:00,ACC0535,ACC0576,12994,legitimate transfer,Amritsar,Routine payment
TX1214,CASE026,2026-05-22T04:37:00,ACC0434,ACC0671,10545,legitimate transfer,Faridabad,Routine payment
TX1215,CASE026,2026-05-25T04:37:00,ACC0191,ACC0046,8019,legitimate transfer,Lucknow,Routine payment
TX1216,CASE026,2026-05-31T04:37:00,ACC0365,ACC0678,3171,legitimate transfer,Surat,Routine payment
TX1217,CASE026,2026-05-08T04:37:00,ACC0792,ACC0569,10038,legitimate transfer,Dehradun,Routine payment
TX1218,CASE026,2026-05-10T04:37:00,ACC0369,ACC0130,4242,legitimate transfer,Agra,Routine payment
TX1219,CASE026,2026-05-27T04:37:00,ACC0346,ACC0095,2641,legitimate transfer,Chennai,Routine payment
TX1220,CASE026,2026-05-22T04:37:00,ACC0706,ACC0765,12424,legitimate transfer,Surat,Routine payment
TX1221,CASE026,2026-06-01T04:37:00,ACC0192,ACC0690,7643,legitimate transfer,Chandigarh,Routine payment
TX1222,CASE026,2026-05-24T04:37:00,ACC0558,ACC0125,16235,legitimate transfer,Chandigarh,Routine payment
TX1223,CASE026,2026-05-24T04:37:00,ACC0470,ACC0526,1197,legitimate transfer,Bengaluru,Routine payment
TX1224,CASE026,2026-05-14T04:37:00,ACC0107,ACC0418,19198,legitimate transfer,Hyderabad,Routine payment
TX1225,CASE026,2026-05-10T04:37:00,ACC0737,ACC0547,12286,legitimate transfer,Surat,Routine payment
TX1226,CASE026,2026-05-25T04:37:00,ACC0800,ACC0368,6281,legitimate transfer,Pune,Routine payment
TX1227,CASE026,2026-06-02T04:37:00,ACC0263,ACC0685,14320,legitimate transfer,Ludhiana,Routine payment
TX1228,CASE026,2026-05-17T04:37:00,ACC0667,ACC0636,9220,legitimate transfer,Pune,Routine payment
TX1229,CASE026,2026-05-21T04:37:00,ACC0007,ACC0025,10445,legitimate transfer,Chennai,Routine payment
TX1230,CASE026,2026-05-31T04:37:00,ACC0713,ACC0383,1823,legitimate transfer,Dehradun,Routine payment
TX1231,CASE026,2026-05-07T04:37:00,ACC0367,ACC0743,2913,legitimate transfer,Ahmedabad,Routine payment
TX1232,CASE026,2026-05-11T04:37:00,ACC0020,ACC0011,7961,legitimate transfer,Ludhiana,Routine payment
TX1233,CASE026,2026-05-29T04:37:00,ACC0205,ACC0466,10110,legitimate transfer,Bhopal,Routine payment
TX1234,CASE026,2026-05-19T04:37:00,ACC0059,ACC0611,964,legitimate transfer,Hyderabad,Routine payment
TX1235,CASE026,2026-05-14T04:37:00,ACC0196,ACC0436,2535,legitimate transfer,Ludhiana,Routine payment
TX1236,CASE026,2026-05-06T04:37:00,ACC0297,ACC0010,11726,legitimate transfer,Indore,Routine payment
TX1237,CASE026,2026-05-29T04:37:00,ACC0565,ACC0082,8453,legitimate transfer,Pune,Routine payment
TX1238,CASE026,2026-05-28T04:37:00,ACC0535,ACC0131,4448,legitimate transfer,Ghaziabad,Routine payment
TX1239,CASE026,2026-05-10T04:37:00,ACC0711,ACC0614,3625,legitimate transfer,Ranchi,Routine payment
TX1240,CASE026,2026-05-15T04:37:00,ACC0678,ACC0263,19297,legitimate transfer,Ghaziabad,Routine payment
TX1241,CASE027,2026-06-14T12:13:00,ACC0387,ACC0758,235000,transfer,Bhopal,Fund transfer
TX1242,CASE027,2026-06-07T12:13:00,ACC0636,ACC0289,7271,legitimate transfer,Bhopal,Routine payment
TX1243,CASE027,2026-05-15T12:13:00,ACC0645,ACC0694,1776,legitimate transfer,Surat,Routine payment
TX1244,CASE027,2026-06-01T12:13:00,ACC0602,ACC0024,18329,legitimate transfer,Indore,Routine payment
TX1245,CASE027,2026-06-08T12:13:00,ACC0009,ACC0322,10635,legitimate transfer,Bhubaneswar,Routine payment
TX1246,CASE027,2026-05-30T12:13:00,ACC0111,ACC0662,17436,legitimate transfer,Indore,Routine payment
TX1247,CASE027,2026-06-10T12:13:00,ACC0299,ACC0546,4800,legitimate transfer,Pune,Routine payment
TX1248,CASE027,2026-06-11T12:13:00,ACC0613,ACC0183,15823,legitimate transfer,Ranchi,Routine payment
TX1249,CASE027,2026-05-16T12:13:00,ACC0022,ACC0443,1588,legitimate transfer,Indore,Routine payment
TX1250,CASE027,2026-05-22T12:13:00,ACC0776,ACC0692,781,legitimate transfer,Bhopal,Routine payment
TX1251,CASE027,2026-06-02T12:13:00,ACC0554,ACC0651,672,legitimate transfer,Ranchi,Routine payment
TX1252,CASE027,2026-05-15T12:13:00,ACC0642,ACC0385,16307,legitimate transfer,Ahmedabad,Routine payment
TX1253,CASE027,2026-05-23T12:13:00,ACC0242,ACC0572,12433,legitimate transfer,Faridabad,Routine payment
TX1254,CASE027,2026-06-10T12:13:00,ACC0575,ACC0059,16939,legitimate transfer,Mumbai,Routine payment
TX1255,CASE027,2026-05-18T12:13:00,ACC0487,ACC0242,11549,legitimate transfer,Hyderabad,Routine payment
TX1256,CASE027,2026-06-10T12:13:00,ACC0003,ACC0414,19565,legitimate transfer,Kolkata,Routine payment
TX1257,CASE027,2026-06-09T12:13:00,ACC0665,ACC0148,9039,legitimate transfer,Gurugram,Routine payment
TX1258,CASE027,2026-06-02T12:13:00,ACC0708,ACC0032,8655,legitimate transfer,Dehradun,Routine payment
TX1259,CASE027,2026-05-16T12:13:00,ACC0646,ACC0087,9090,legitimate transfer,Agra,Routine payment
TX1260,CASE027,2026-05-20T12:13:00,ACC0345,ACC0331,7834,legitimate transfer,Hyderabad,Routine payment
TX1261,CASE027,2026-06-09T12:13:00,ACC0171,ACC0565,5538,legitimate transfer,Faridabad,Routine payment
TX1262,CASE027,2026-05-30T12:13:00,ACC0638,ACC0093,16699,legitimate transfer,Kolkata,Routine payment
TX1263,CASE027,2026-06-01T12:13:00,ACC0371,ACC0594,19670,legitimate transfer,Mumbai,Routine payment
TX1264,CASE027,2026-05-19T12:13:00,ACC0580,ACC0612,19921,legitimate transfer,Bengaluru,Routine payment
TX1265,CASE027,2026-05-17T12:13:00,ACC0682,ACC0498,18493,legitimate transfer,Faridabad,Routine payment
TX1266,CASE027,2026-05-24T12:13:00,ACC0054,ACC0138,17872,legitimate transfer,Lucknow,Routine payment
TX1267,CASE027,2026-05-25T12:13:00,ACC0770,ACC0324,10338,legitimate transfer,Bhubaneswar,Routine payment
TX1268,CASE027,2026-05-21T12:13:00,ACC0758,ACC0320,4362,legitimate transfer,Jaipur,Routine payment
TX1269,CASE027,2026-05-23T12:13:00,ACC0318,ACC0128,3788,legitimate transfer,Amritsar,Routine payment
TX1270,CASE027,2026-05-22T12:13:00,ACC0478,ACC0073,967,legitimate transfer,Haridwar,Routine payment
TX1271,CASE027,2026-06-04T12:13:00,ACC0069,ACC0206,2564,legitimate transfer,Delhi,Routine payment
TX1272,CASE027,2026-05-25T12:13:00,ACC0187,ACC0244,18115,legitimate transfer,Bhubaneswar,Routine payment
TX1273,CASE027,2026-06-05T12:13:00,ACC0552,ACC0694,9228,legitimate transfer,Chandigarh,Routine payment
TX1274,CASE027,2026-05-15T12:13:00,ACC0630,ACC0564,9490,legitimate transfer,Pune,Routine payment
TX1275,CASE027,2026-05-24T12:13:00,ACC0010,ACC0218,10869,legitimate transfer,Delhi,Routine payment
TX1276,CASE027,2026-06-12T12:13:00,ACC0371,ACC0568,7859,legitimate transfer,Gurugram,Routine payment
TX1277,CASE027,2026-06-12T12:13:00,ACC0361,ACC0664,12791,legitimate transfer,Mumbai,Routine payment
TX1278,CASE027,2026-05-26T12:13:00,ACC0404,ACC0361,15095,legitimate transfer,Amritsar,Routine payment
TX1279,CASE027,2026-06-09T12:13:00,ACC0773,ACC0552,16535,legitimate transfer,Chandigarh,Routine payment
TX1280,CASE027,2026-05-29T12:13:00,ACC0540,ACC0252,11727,legitimate transfer,Bengaluru,Routine payment
TX1281,CASE027,2026-05-26T12:13:00,ACC0711,ACC0485,9193,legitimate transfer,Hyderabad,Routine payment
TX1282,CASE027,2026-05-16T12:13:00,ACC0557,ACC0628,4515,legitimate transfer,Noida,Routine payment
TX1283,CASE027,2026-06-14T12:13:00,ACC0049,ACC0195,10141,legitimate transfer,Ghaziabad,Routine payment
TX1284,CASE027,2026-05-24T12:13:00,ACC0135,ACC0216,9168,legitimate transfer,Amritsar,Routine payment
TX1285,CASE027,2026-05-29T12:13:00,ACC0056,ACC0203,10751,legitimate transfer,Delhi,Routine payment
TX1286,CASE027,2026-06-08T12:13:00,ACC0208,ACC0246,14701,legitimate transfer,Delhi,Routine payment
TX1287,CASE028,2025-09-14T11:56:00,ACC0647,ACC0566,82000,transfer,Indore,Fund transfer
TX1288,CASE028,2025-09-16T11:56:00,ACC0566,ACC0004,150000,transfer,Indore,Fund transfer
TX1289,CASE028,2025-09-13T11:56:00,ACC0004,ACC0337,82000,transfer,Indore,Fund transfer
TX1290,CASE028,2025-09-13T11:56:00,ACC0337,ACC0639,235000,transfer,Indore,Fund transfer
TX1291,CASE028,2025-09-07T11:56:00,ACC0342,ACC0167,729,legitimate transfer,Ahmedabad,Routine payment
TX1292,CASE028,2025-08-18T11:56:00,ACC0501,ACC0728,10687,legitimate transfer,Agra,Routine payment
TX1293,CASE028,2025-09-10T11:56:00,ACC0303,ACC0228,18912,legitimate transfer,Mumbai,Routine payment
TX1294,CASE028,2025-09-15T11:56:00,ACC0586,ACC0277,9163,legitimate transfer,Delhi,Routine payment
TX1295,CASE028,2025-09-01T11:56:00,ACC0050,ACC0740,14438,legitimate transfer,Noida,Routine payment
TX1296,CASE028,2025-08-20T11:56:00,ACC0270,ACC0108,19171,legitimate transfer,Dehradun,Routine payment
TX1297,CASE028,2025-08-20T11:56:00,ACC0091,ACC0243,10902,legitimate transfer,Chandigarh,Routine payment
TX1298,CASE028,2025-08-29T11:56:00,ACC0765,ACC0663,14256,legitimate transfer,Jaipur,Routine payment
TX1299,CASE028,2025-09-06T11:56:00,ACC0160,ACC0361,6142,legitimate transfer,Gurugram,Routine payment
TX1300,CASE028,2025-08-29T11:56:00,ACC0574,ACC0777,13147,legitimate transfer,Haridwar,Routine payment
TX1301,CASE028,2025-08-27T11:56:00,ACC0295,ACC0398,14345,legitimate transfer,Faridabad,Routine payment
TX1302,CASE028,2025-09-16T11:56:00,ACC0112,ACC0391,4421,legitimate transfer,Chandigarh,Routine payment
TX1303,CASE028,2025-09-13T11:56:00,ACC0069,ACC0125,18068,legitimate transfer,Bhopal,Routine payment
TX1304,CASE028,2025-08-20T11:56:00,ACC0769,ACC0107,15666,legitimate transfer,Kolkata,Routine payment
TX1305,CASE028,2025-08-26T11:56:00,ACC0193,ACC0087,2907,legitimate transfer,Indore,Routine payment
TX1306,CASE028,2025-09-07T11:56:00,ACC0693,ACC0049,6958,legitimate transfer,Haridwar,Routine payment
TX1307,CASE028,2025-09-01T11:56:00,ACC0156,ACC0707,14938,legitimate transfer,Mumbai,Routine payment
TX1308,CASE028,2025-08-26T11:56:00,ACC0426,ACC0354,15415,legitimate transfer,Ahmedabad,Routine payment
TX1309,CASE028,2025-09-04T11:56:00,ACC0166,ACC0559,3625,legitimate transfer,Pune,Routine payment
TX1310,CASE028,2025-09-09T11:56:00,ACC0286,ACC0553,19926,legitimate transfer,Ludhiana,Routine payment
TX1311,CASE028,2025-08-28T11:56:00,ACC0716,ACC0177,10804,legitimate transfer,Delhi,Routine payment
TX1312,CASE028,2025-09-11T11:56:00,ACC0554,ACC0121,1189,legitimate transfer,Lucknow,Routine payment
TX1313,CASE028,2025-09-09T11:56:00,ACC0469,ACC0161,5892,legitimate transfer,Indore,Routine payment
TX1314,CASE028,2025-08-22T11:56:00,ACC0493,ACC0211,11051,legitimate transfer,Mumbai,Routine payment
TX1315,CASE028,2025-08-23T11:56:00,ACC0222,ACC0735,12770,legitimate transfer,Kanpur,Routine payment
TX1316,CASE028,2025-08-28T11:56:00,ACC0351,ACC0533,7652,legitimate transfer,Kolkata,Routine payment
TX1317,CASE028,2025-09-16T11:56:00,ACC0280,ACC0565,3480,legitimate transfer,Bhopal,Routine payment
TX1318,CASE028,2025-08-24T11:56:00,ACC0223,ACC0037,5908,legitimate transfer,Delhi,Routine payment
TX1319,CASE028,2025-09-10T11:56:00,ACC0230,ACC0791,6098,legitimate transfer,Faridabad,Routine payment
TX1320,CASE028,2025-09-06T11:56:00,ACC0401,ACC0314,13694,legitimate transfer,Bhopal,Routine payment
TX1321,CASE028,2025-08-20T11:56:00,ACC0448,ACC0718,10084,legitimate transfer,Amritsar,Routine payment
TX1322,CASE028,2025-09-16T11:56:00,ACC0057,ACC0373,18407,legitimate transfer,Lucknow,Routine payment
TX1323,CASE028,2025-09-03T11:56:00,ACC0582,ACC0465,6941,legitimate transfer,Ghaziabad,Routine payment
TX1324,CASE028,2025-08-29T11:56:00,ACC0279,ACC0789,4348,legitimate transfer,Bhopal,Routine payment
TX1325,CASE028,2025-08-26T11:56:00,ACC0535,ACC0317,17573,legitimate transfer,Lucknow,Routine payment
TX1326,CASE028,2025-08-18T11:56:00,ACC0580,ACC0134,10562,legitimate transfer,Chandigarh,Routine payment
TX1327,CASE028,2025-09-16T11:56:00,ACC0662,ACC0715,1263,legitimate transfer,Noida,Routine payment
TX1328,CASE028,2025-09-09T11:56:00,ACC0555,ACC0026,15001,legitimate transfer,Noida,Routine payment
TX1329,CASE028,2025-08-17T11:56:00,ACC0527,ACC0694,18031,legitimate transfer,Haridwar,Routine payment
TX1330,CASE028,2025-09-15T11:56:00,ACC0543,ACC0418,9629,legitimate transfer,Mumbai,Routine payment
TX1331,CASE028,2025-08-31T11:56:00,ACC0708,ACC0480,15561,legitimate transfer,Ranchi,Routine payment
TX1332,CASE028,2025-09-12T11:56:00,ACC0368,ACC0216,16401,legitimate transfer,Jaipur,Routine payment
TX1333,CASE028,2025-09-16T11:56:00,ACC0560,ACC0119,1617,legitimate transfer,Gurugram,Routine payment
TX1334,CASE028,2025-08-29T11:56:00,ACC0047,ACC0326,16344,legitimate transfer,Noida,Routine payment
TX1335,CASE028,2025-09-01T11:56:00,ACC0404,ACC0612,14088,legitimate transfer,Dehradun,Routine payment
TX1336,CASE029,2025-09-18T19:21:00,ACC0369,ACC0388,82000,transfer,Chandigarh,Fund transfer
TX1337,CASE029,2025-09-20T19:21:00,ACC0388,ACC0030,49500,transfer,Chandigarh,Fund transfer
TX1338,CASE029,2025-09-20T19:21:00,ACC0030,ACC0603,82000,transfer,Chandigarh,Fund transfer
TX1339,CASE029,2025-08-28T19:21:00,ACC0370,ACC0040,7622,legitimate transfer,Kanpur,Routine payment
TX1340,CASE029,2025-09-15T19:21:00,ACC0012,ACC0601,1560,legitimate transfer,Amritsar,Routine payment
TX1341,CASE029,2025-09-08T19:21:00,ACC0389,ACC0276,9820,legitimate transfer,Surat,Routine payment
TX1342,CASE029,2025-09-10T19:21:00,ACC0398,ACC0652,6670,legitimate transfer,Chennai,Routine payment
TX1343,CASE029,2025-09-05T19:21:00,ACC0493,ACC0111,14094,legitimate transfer,Ahmedabad,Routine payment
TX1344,CASE029,2025-09-19T19:21:00,ACC0067,ACC0258,13053,legitimate transfer,Agra,Routine payment
TX1345,CASE029,2025-08-31T19:21:00,ACC0566,ACC0664,5140,legitimate transfer,Amritsar,Routine payment
TX1346,CASE029,2025-09-13T19:21:00,ACC0096,ACC0277,14378,legitimate transfer,Chennai,Routine payment
TX1347,CASE029,2025-09-01T19:21:00,ACC0128,ACC0064,4788,legitimate transfer,Bhopal,Routine payment
TX1348,CASE029,2025-09-13T19:21:00,ACC0552,ACC0244,17880,legitimate transfer,Bhopal,Routine payment
TX1349,CASE029,2025-08-28T19:21:00,ACC0620,ACC0386,16836,legitimate transfer,Kanpur,Routine payment
TX1350,CASE029,2025-09-13T19:21:00,ACC0411,ACC0351,927,legitimate transfer,Kolkata,Routine payment
TX1351,CASE029,2025-09-19T19:21:00,ACC0198,ACC0754,13731,legitimate transfer,Haridwar,Routine payment
TX1352,CASE029,2025-09-06T19:21:00,ACC0409,ACC0473,13621,legitimate transfer,Bhopal,Routine payment
TX1353,CASE029,2025-09-08T19:21:00,ACC0514,ACC0236,10577,legitimate transfer,Ranchi,Routine payment
TX1354,CASE029,2025-08-30T19:21:00,ACC0191,ACC0362,15755,legitimate transfer,Surat,Routine payment
TX1355,CASE029,2025-08-23T19:21:00,ACC0669,ACC0010,6410,legitimate transfer,Surat,Routine payment
TX1356,CASE029,2025-09-17T19:21:00,ACC0020,ACC0258,7501,legitimate transfer,Chennai,Routine payment
TX1357,CASE029,2025-08-27T19:21:00,ACC0062,ACC0602,4546,legitimate transfer,Haridwar,Routine payment
TX1358,CASE029,2025-09-15T19:21:00,ACC0536,ACC0627,6467,legitimate transfer,Chandigarh,Routine payment
TX1359,CASE029,2025-08-25T19:21:00,ACC0207,ACC0414,4192,legitimate transfer,Patna,Routine payment
TX1360,CASE029,2025-09-19T19:21:00,ACC0585,ACC0727,11538,legitimate transfer,Chandigarh,Routine payment
TX1361,CASE029,2025-09-17T19:21:00,ACC0316,ACC0481,18439,legitimate transfer,Ranchi,Routine payment
TX1362,CASE029,2025-09-09T19:21:00,ACC0568,ACC0781,7900,legitimate transfer,Patna,Routine payment
TX1363,CASE029,2025-09-09T19:21:00,ACC0462,ACC0236,18327,legitimate transfer,Faridabad,Routine payment
TX1364,CASE029,2025-09-12T19:21:00,ACC0101,ACC0618,9340,legitimate transfer,Surat,Routine payment
TX1365,CASE029,2025-08-26T19:21:00,ACC0532,ACC0214,13667,legitimate transfer,Bhubaneswar,Routine payment
TX1366,CASE029,2025-09-07T19:21:00,ACC0732,ACC0612,3924,legitimate transfer,Ranchi,Routine payment
TX1367,CASE029,2025-09-04T19:21:00,ACC0095,ACC0674,13166,legitimate transfer,Chennai,Routine payment
TX1368,CASE029,2025-09-15T19:21:00,ACC0328,ACC0502,3898,legitimate transfer,Pune,Routine payment
TX1369,CASE029,2025-09-13T19:21:00,ACC0631,ACC0357,7709,legitimate transfer,Bhubaneswar,Routine payment
TX1370,CASE029,2025-09-09T19:21:00,ACC0408,ACC0369,9259,legitimate transfer,Bengaluru,Routine payment
TX1371,CASE029,2025-09-14T19:21:00,ACC0043,ACC0725,9223,legitimate transfer,Ahmedabad,Routine payment
TX1372,CASE029,2025-09-05T19:21:00,ACC0459,ACC0659,1050,legitimate transfer,Gurugram,Routine payment
TX1373,CASE029,2025-09-09T19:21:00,ACC0550,ACC0507,4942,legitimate transfer,Bhubaneswar,Routine payment
TX1374,CASE029,2025-08-25T19:21:00,ACC0479,ACC0110,3048,legitimate transfer,Surat,Routine payment
TX1375,CASE029,2025-09-18T19:21:00,ACC0731,ACC0409,9306,legitimate transfer,Ahmedabad,Routine payment
TX1376,CASE029,2025-09-01T19:21:00,ACC0535,ACC0154,12530,legitimate transfer,Dehradun,Routine payment
TX1377,CASE029,2025-09-10T19:21:00,ACC0628,ACC0707,8841,legitimate transfer,Patna,Routine payment
TX1378,CASE029,2025-09-16T19:21:00,ACC0173,ACC0616,5421,legitimate transfer,Chennai,Routine payment
TX1379,CASE029,2025-08-31T19:21:00,ACC0241,ACC0102,13872,legitimate transfer,Agra,Routine payment
TX1380,CASE029,2025-09-14T19:21:00,ACC0053,ACC0524,1162,legitimate transfer,Pune,Routine payment
TX1381,CASE029,2025-09-07T19:21:00,ACC0734,ACC0056,4065,legitimate transfer,Ludhiana,Routine payment
TX1382,CASE029,2025-08-26T19:21:00,ACC0541,ACC0666,14320,legitimate transfer,Kolkata,Routine payment
TX1383,CASE029,2025-09-21T19:21:00,ACC0069,ACC0101,3637,legitimate transfer,Ghaziabad,Routine payment
TX1384,CASE030,2025-06-17T20:26:00,ACC0263,ACC0295,150000,transfer,Faridabad,Fund transfer
TX1385,CASE030,2025-06-14T20:26:00,ACC0295,ACC0061,150000,transfer,Faridabad,Fund transfer
TX1386,CASE030,2025-06-15T20:26:00,ACC0061,ACC0680,49500,transfer,Faridabad,Fund transfer
TX1387,CASE030,2025-06-03T20:26:00,ACC0487,ACC0701,5687,legitimate transfer,Amritsar,Routine payment
TX1388,CASE030,2025-06-12T20:26:00,ACC0765,ACC0351,8110,legitimate transfer,Jaipur,Routine payment
TX1389,CASE030,2025-06-01T20:26:00,ACC0114,ACC0765,12328,legitimate transfer,Kolkata,Routine payment
TX1390,CASE030,2025-05-23T20:26:00,ACC0285,ACC0782,1189,legitimate transfer,Agra,Routine payment
TX1391,CASE030,2025-05-31T20:26:00,ACC0483,ACC0548,14130,legitimate transfer,Indore,Routine payment
TX1392,CASE030,2025-06-08T20:26:00,ACC0586,ACC0315,16773,legitimate transfer,Bengaluru,Routine payment
TX1393,CASE030,2025-06-09T20:26:00,ACC0116,ACC0311,18173,legitimate transfer,Faridabad,Routine payment
TX1394,CASE030,2025-05-24T20:26:00,ACC0618,ACC0176,8191,legitimate transfer,Lucknow,Routine payment
TX1395,CASE030,2025-05-29T20:26:00,ACC0060,ACC0444,2900,legitimate transfer,Bengaluru,Routine payment
TX1396,CASE030,2025-05-28T20:26:00,ACC0315,ACC0764,10084,legitimate transfer,Dehradun,Routine payment
TX1397,CASE030,2025-06-10T20:26:00,ACC0133,ACC0160,5314,legitimate transfer,Bengaluru,Routine payment
TX1398,CASE030,2025-06-18T20:26:00,ACC0528,ACC0128,10237,legitimate transfer,Surat,Routine payment
TX1399,CASE030,2025-06-01T20:26:00,ACC0566,ACC0486,6912,legitimate transfer,Hyderabad,Routine payment
TX1400,CASE030,2025-05-27T20:26:00,ACC0738,ACC0265,3667,legitimate transfer,Amritsar,Routine payment
TX1401,CASE030,2025-05-27T20:26:00,ACC0521,ACC0553,12372,legitimate transfer,Mumbai,Routine payment
TX1402,CASE030,2025-06-09T20:26:00,ACC0363,ACC0098,10820,legitimate transfer,Kanpur,Routine payment
TX1403,CASE030,2025-05-29T20:26:00,ACC0571,ACC0062,10923,legitimate transfer,Bhopal,Routine payment
TX1404,CASE030,2025-06-15T20:26:00,ACC0201,ACC0562,3922,legitimate transfer,Indore,Routine payment
TX1405,CASE030,2025-06-01T20:26:00,ACC0264,ACC0628,19316,legitimate transfer,Indore,Routine payment
TX1406,CASE030,2025-06-14T20:26:00,ACC0499,ACC0638,15975,legitimate transfer,Pune,Routine payment
TX1407,CASE030,2025-06-07T20:26:00,ACC0687,ACC0169,15752,legitimate transfer,Ahmedabad,Routine payment
TX1408,CASE030,2025-06-05T20:26:00,ACC0011,ACC0316,12766,legitimate transfer,Bhubaneswar,Routine payment
TX1409,CASE030,2025-05-29T20:26:00,ACC0612,ACC0058,4128,legitimate transfer,Chennai,Routine payment
TX1410,CASE030,2025-06-07T20:26:00,ACC0600,ACC0286,17806,legitimate transfer,Hyderabad,Routine payment
TX1411,CASE030,2025-06-04T20:26:00,ACC0798,ACC0654,8847,legitimate transfer,Amritsar,Routine payment
TX1412,CASE030,2025-06-14T20:26:00,ACC0749,ACC0433,15228,legitimate transfer,Agra,Routine payment
TX1413,CASE030,2025-06-07T20:26:00,ACC0726,ACC0741,7411,legitimate transfer,Dehradun,Routine payment
TX1414,CASE030,2025-06-01T20:26:00,ACC0748,ACC0113,15920,legitimate transfer,Gurugram,Routine payment
TX1415,CASE030,2025-06-01T20:26:00,ACC0240,ACC0498,11617,legitimate transfer,Gurugram,Routine payment
TX1416,CASE030,2025-05-26T20:26:00,ACC0607,ACC0191,7308,legitimate transfer,Gurugram,Routine payment
TX1417,CASE030,2025-05-28T20:26:00,ACC0639,ACC0425,16938,legitimate transfer,Haridwar,Routine payment
TX1418,CASE030,2025-05-21T20:26:00,ACC0055,ACC0776,8990,legitimate transfer,Pune,Routine payment
TX1419,CASE030,2025-06-15T20:26:00,ACC0649,ACC0765,4639,legitimate transfer,Noida,Routine payment
TX1420,CASE030,2025-06-04T20:26:00,ACC0554,ACC0208,3772,legitimate transfer,Surat,Routine payment
TX1421,CASE030,2025-06-08T20:26:00,ACC0220,ACC0024,6098,legitimate transfer,Agra,Routine payment
TX1422,CASE030,2025-05-29T20:26:00,ACC0398,ACC0220,3236,legitimate transfer,Surat,Routine payment
TX1423,CASE030,2025-06-10T20:26:00,ACC0745,ACC0476,11635,legitimate transfer,Bengaluru,Routine payment
TX1424,CASE030,2025-06-11T20:26:00,ACC0032,ACC0315,18093,legitimate transfer,Pune,Routine payment
TX1425,CASE030,2025-05-30T20:26:00,ACC0541,ACC0001,3885,legitimate transfer,Patna,Routine payment
TX1426,CASE030,2025-06-11T20:26:00,ACC0577,ACC0568,12314,legitimate transfer,Bengaluru,Routine payment
TX1427,CASE030,2025-05-23T20:26:00,ACC0681,ACC0446,2172,legitimate transfer,Faridabad,Routine payment
TX1428,CASE030,2025-06-14T20:26:00,ACC0489,ACC0619,11620,legitimate transfer,Chennai,Routine payment
TX1429,CASE030,2025-06-17T20:26:00,ACC0482,ACC0025,1383,legitimate transfer,Amritsar,Routine payment
TX1430,CASE030,2025-06-14T20:26:00,ACC0641,ACC0352,7470,legitimate transfer,Agra,Routine payment
TX1431,CASE030,2025-05-19T20:26:00,ACC0636,ACC0565,15908,legitimate transfer,Chennai,Routine payment
TX1432,CASE031,2026-01-17T11:11:00,ACC0159,ACC0465,82000,transfer,Pune,Fund transfer
TX1433,CASE031,2026-01-20T11:11:00,ACC0465,ACC0192,150000,transfer,Pune,Fund transfer
TX1434,CASE031,2026-01-17T11:11:00,ACC0273,ACC0768,3448,legitimate transfer,Noida,Routine payment
TX1435,CASE031,2026-01-03T11:11:00,ACC0377,ACC0158,6800,legitimate transfer,Ahmedabad,Routine payment
TX1436,CASE031,2025-12-26T11:11:00,ACC0086,ACC0021,3774,legitimate transfer,Mumbai,Routine payment
TX1437,CASE031,2025-12-28T11:11:00,ACC0680,ACC0245,5176,legitimate transfer,Gurugram,Routine payment
TX1438,CASE031,2026-01-07T11:11:00,ACC0356,ACC0399,12539,legitimate transfer,Amritsar,Routine payment
TX1439,CASE031,2025-12-30T11:11:00,ACC0485,ACC0773,16153,legitimate transfer,Delhi,Routine payment
TX1440,CASE031,2026-01-14T11:11:00,ACC0397,ACC0555,1855,legitimate transfer,Indore,Routine payment
TX1441,CASE031,2026-01-08T11:11:00,ACC0542,ACC0094,13496,legitimate transfer,Surat,Routine payment
TX1442,CASE031,2025-12-26T11:11:00,ACC0591,ACC0409,4096,legitimate transfer,Amritsar,Routine payment
TX1443,CASE031,2026-01-12T11:11:00,ACC0012,ACC0752,3106,legitimate transfer,Ghaziabad,Routine payment
TX1444,CASE031,2026-01-14T11:11:00,ACC0741,ACC0007,10208,legitimate transfer,Gurugram,Routine payment
TX1445,CASE031,2025-12-31T11:11:00,ACC0527,ACC0299,2788,legitimate transfer,Ahmedabad,Routine payment
TX1446,CASE031,2025-12-25T11:11:00,ACC0209,ACC0641,11699,legitimate transfer,Indore,Routine payment
TX1447,CASE031,2025-12-25T11:11:00,ACC0453,ACC0227,2724,legitimate transfer,Kolkata,Routine payment
TX1448,CASE031,2026-01-20T11:11:00,ACC0543,ACC0417,11791,legitimate transfer,Delhi,Routine payment
TX1449,CASE031,2026-01-13T11:11:00,ACC0397,ACC0706,17454,legitimate transfer,Patna,Routine payment
TX1450,CASE031,2026-01-08T11:11:00,ACC0671,ACC0749,5317,legitimate transfer,Kolkata,Routine payment
TX1451,CASE031,2026-01-01T11:11:00,ACC0715,ACC0245,10306,legitimate transfer,Patna,Routine payment
TX1452,CASE031,2025-12-29T11:11:00,ACC0596,ACC0749,14405,legitimate transfer,Ranchi,Routine payment
TX1453,CASE031,2026-01-12T11:11:00,ACC0481,ACC0437,13991,legitimate transfer,Delhi,Routine payment
TX1454,CASE031,2026-01-07T11:11:00,ACC0448,ACC0511,6952,legitimate transfer,Bengaluru,Routine payment
TX1455,CASE031,2026-01-09T11:11:00,ACC0456,ACC0537,16404,legitimate transfer,Ghaziabad,Routine payment
TX1456,CASE031,2026-01-13T11:11:00,ACC0071,ACC0505,5492,legitimate transfer,Dehradun,Routine payment
TX1457,CASE031,2026-01-22T11:11:00,ACC0054,ACC0223,3124,legitimate transfer,Chennai,Routine payment
TX1458,CASE031,2026-01-01T11:11:00,ACC0475,ACC0504,2537,legitimate transfer,Patna,Routine payment
TX1459,CASE031,2025-12-29T11:11:00,ACC0374,ACC0714,3413,legitimate transfer,Chennai,Routine payment
TX1460,CASE031,2026-01-14T11:11:00,ACC0282,ACC0350,4775,legitimate transfer,Kanpur,Routine payment
TX1461,CASE031,2026-01-22T11:11:00,ACC0618,ACC0165,3393,legitimate transfer,Haridwar,Routine payment
TX1462,CASE031,2025-12-24T11:11:00,ACC0362,ACC0690,19265,legitimate transfer,Pune,Routine payment
TX1463,CASE031,2026-01-11T11:11:00,ACC0066,ACC0467,5503,legitimate transfer,Amritsar,Routine payment
TX1464,CASE031,2026-01-20T11:11:00,ACC0670,ACC0536,17865,legitimate transfer,Kanpur,Routine payment
TX1465,CASE031,2026-01-02T11:11:00,ACC0148,ACC0770,11726,legitimate transfer,Chennai,Routine payment
TX1466,CASE031,2025-12-24T11:11:00,ACC0726,ACC0493,1338,legitimate transfer,Agra,Routine payment
TX1467,CASE031,2026-01-18T11:11:00,ACC0103,ACC0351,9398,legitimate transfer,Jaipur,Routine payment
TX1468,CASE031,2026-01-09T11:11:00,ACC0095,ACC0133,15521,legitimate transfer,Bhubaneswar,Routine payment
TX1469,CASE031,2025-12-27T11:11:00,ACC0234,ACC0473,2839,legitimate transfer,Amritsar,Routine payment
TX1470,CASE031,2026-01-17T11:11:00,ACC0022,ACC0724,7503,legitimate transfer,Chandigarh,Routine payment
TX1471,CASE031,2026-01-08T11:11:00,ACC0567,ACC0228,1712,legitimate transfer,Bhopal,Routine payment
TX1472,CASE031,2026-01-15T11:11:00,ACC0335,ACC0337,10515,legitimate transfer,Dehradun,Routine payment
TX1473,CASE031,2025-12-29T11:11:00,ACC0621,ACC0002,19943,legitimate transfer,Chennai,Routine payment
TX1474,CASE031,2025-12-30T11:11:00,ACC0209,ACC0125,8747,legitimate transfer,Ranchi,Routine payment
TX1475,CASE031,2026-01-04T11:11:00,ACC0460,ACC0411,4733,legitimate transfer,Bhopal,Routine payment
TX1476,CASE031,2026-01-17T11:11:00,ACC0290,ACC0767,15202,legitimate transfer,Pune,Routine payment
TX1477,CASE031,2026-01-11T11:11:00,ACC0026,ACC0396,9658,legitimate transfer,Ludhiana,Routine payment
TX1478,CASE031,2026-01-04T11:11:00,ACC0507,ACC0440,812,legitimate transfer,Bengaluru,Routine payment
TX1479,CASE032,2025-12-28T11:51:00,ACC0082,ACC0472,235000,transfer,Hyderabad,Fund transfer
TX1480,CASE032,2025-12-29T11:51:00,ACC0472,ACC0622,49500,transfer,Hyderabad,Fund transfer
TX1481,CASE032,2025-12-05T11:51:00,ACC0153,ACC0545,11797,legitimate transfer,Haridwar,Routine payment
TX1482,CASE032,2025-12-22T11:51:00,ACC0365,ACC0389,7653,legitimate transfer,Hyderabad,Routine payment
TX1483,CASE032,2025-12-02T11:51:00,ACC0729,ACC0639,16283,legitimate transfer,Faridabad,Routine payment
TX1484,CASE032,2025-12-06T11:51:00,ACC0256,ACC0534,13885,legitimate transfer,Pune,Routine payment
TX1485,CASE032,2025-12-23T11:51:00,ACC0653,ACC0454,6570,legitimate transfer,Ranchi,Routine payment
TX1486,CASE032,2025-12-28T11:51:00,ACC0774,ACC0271,9546,legitimate transfer,Noida,Routine payment
TX1487,CASE032,2025-12-05T11:51:00,ACC0197,ACC0539,19661,legitimate transfer,Mumbai,Routine payment
TX1488,CASE032,2025-12-23T11:51:00,ACC0134,ACC0129,6283,legitimate transfer,Gurugram,Routine payment
TX1489,CASE032,2025-12-25T11:51:00,ACC0291,ACC0124,16084,legitimate transfer,Lucknow,Routine payment
TX1490,CASE032,2025-12-18T11:51:00,ACC0376,ACC0597,9344,legitimate transfer,Agra,Routine payment
TX1491,CASE032,2025-12-22T11:51:00,ACC0387,ACC0129,11390,legitimate transfer,Bengaluru,Routine payment
TX1492,CASE032,2025-12-29T11:51:00,ACC0450,ACC0111,521,legitimate transfer,Indore,Routine payment
TX1493,CASE032,2025-12-15T11:51:00,ACC0536,ACC0465,8657,legitimate transfer,Noida,Routine payment
TX1494,CASE032,2025-12-22T11:51:00,ACC0672,ACC0287,3868,legitimate transfer,Pune,Routine payment
TX1495,CASE032,2025-12-06T11:51:00,ACC0240,ACC0281,9066,legitimate transfer,Bhopal,Routine payment
TX1496,CASE032,2025-12-19T11:51:00,ACC0463,ACC0554,2976,legitimate transfer,Ludhiana,Routine payment
TX1497,CASE032,2025-12-12T11:51:00,ACC0634,ACC0188,18627,legitimate transfer,Hyderabad,Routine payment
TX1498,CASE032,2025-12-15T11:51:00,ACC0107,ACC0298,2258,legitimate transfer,Kolkata,Routine payment
TX1499,CASE032,2025-12-14T11:51:00,ACC0271,ACC0219,1844,legitimate transfer,Ludhiana,Routine payment
TX1500,CASE032,2025-12-13T11:51:00,ACC0080,ACC0657,19393,legitimate transfer,Hyderabad,Routine payment
TX1501,CASE032,2025-12-26T11:51:00,ACC0769,ACC0062,11698,legitimate transfer,Kanpur,Routine payment
TX1502,CASE032,2025-12-13T11:51:00,ACC0377,ACC0606,14939,legitimate transfer,Pune,Routine payment
TX1503,CASE032,2025-12-01T11:51:00,ACC0390,ACC0009,4137,legitimate transfer,Chandigarh,Routine payment
TX1504,CASE032,2025-12-07T11:51:00,ACC0427,ACC0305,6265,legitimate transfer,Delhi,Routine payment
TX1505,CASE032,2025-12-18T11:51:00,ACC0503,ACC0113,891,legitimate transfer,Hyderabad,Routine payment
TX1506,CASE032,2025-12-04T11:51:00,ACC0034,ACC0695,19188,legitimate transfer,Chandigarh,Routine payment
TX1507,CASE032,2025-12-22T11:51:00,ACC0651,ACC0470,15339,legitimate transfer,Bhubaneswar,Routine payment
TX1508,CASE032,2025-12-27T11:51:00,ACC0387,ACC0229,10709,legitimate transfer,Delhi,Routine payment
TX1509,CASE032,2025-12-04T11:51:00,ACC0427,ACC0293,19375,legitimate transfer,Haridwar,Routine payment
TX1510,CASE032,2025-12-20T11:51:00,ACC0207,ACC0782,12330,legitimate transfer,Kolkata,Routine payment
TX1511,CASE032,2025-12-17T11:51:00,ACC0248,ACC0747,5780,legitimate transfer,Ludhiana,Routine payment
TX1512,CASE032,2025-12-10T11:51:00,ACC0144,ACC0007,7198,legitimate transfer,Ludhiana,Routine payment
TX1513,CASE032,2025-12-24T11:51:00,ACC0339,ACC0663,8005,legitimate transfer,Amritsar,Routine payment
TX1514,CASE032,2025-12-03T11:51:00,ACC0303,ACC0681,6682,legitimate transfer,Noida,Routine payment
TX1515,CASE032,2025-12-21T11:51:00,ACC0329,ACC0106,17116,legitimate transfer,Noida,Routine payment
TX1516,CASE032,2025-12-12T11:51:00,ACC0550,ACC0063,2465,legitimate transfer,Chandigarh,Routine payment
TX1517,CASE032,2025-12-20T11:51:00,ACC0311,ACC0641,16744,legitimate transfer,Dehradun,Routine payment
TX1518,CASE032,2025-12-28T11:51:00,ACC0683,ACC0455,9936,legitimate transfer,Hyderabad,Routine payment
TX1519,CASE032,2025-12-25T11:51:00,ACC0685,ACC0424,6451,legitimate transfer,Ranchi,Routine payment
TX1520,CASE032,2025-12-19T11:51:00,ACC0225,ACC0158,19244,legitimate transfer,Patna,Routine payment
TX1521,CASE032,2025-12-20T11:51:00,ACC0204,ACC0208,13747,legitimate transfer,Lucknow,Routine payment
TX1522,CASE032,2025-12-30T11:51:00,ACC0457,ACC0682,3908,legitimate transfer,Bengaluru,Routine payment
TX1523,CASE032,2025-12-31T11:51:00,ACC0083,ACC0279,1941,legitimate transfer,Pune,Routine payment
TX1524,CASE032,2025-12-10T11:51:00,ACC0762,ACC0299,15922,legitimate transfer,Bengaluru,Routine payment
TX1525,CASE032,2025-12-12T11:51:00,ACC0539,ACC0688,8594,legitimate transfer,Ahmedabad,Routine payment
TX1526,CASE033,2025-06-27T02:23:00,ACC0689,ACC0521,82000,transfer,Kanpur,Fund transfer
TX1527,CASE033,2025-07-01T02:23:00,ACC0521,ACC0270,49500,transfer,Kanpur,Fund transfer
TX1528,CASE033,2025-06-28T02:23:00,ACC0534,ACC0274,7932,legitimate transfer,Mumbai,Routine payment
TX1529,CASE033,2025-06-26T02:23:00,ACC0421,ACC0162,4483,legitimate transfer,Chandigarh,Routine payment
TX1530,CASE033,2025-06-25T02:23:00,ACC0496,ACC0199,8165,legitimate transfer,Mumbai,Routine payment
TX1531,CASE033,2025-06-11T02:23:00,ACC0741,ACC0544,13337,legitimate transfer,Faridabad,Routine payment
TX1532,CASE033,2025-06-25T02:23:00,ACC0190,ACC0639,11165,legitimate transfer,Ranchi,Routine payment
TX1533,CASE033,2025-06-06T02:23:00,ACC0601,ACC0025,17843,legitimate transfer,Faridabad,Routine payment
TX1534,CASE033,2025-06-21T02:23:00,ACC0127,ACC0013,10485,legitimate transfer,Jaipur,Routine payment
TX1535,CASE033,2025-06-24T02:23:00,ACC0402,ACC0037,10831,legitimate transfer,Kanpur,Routine payment
TX1536,CASE033,2025-07-01T02:23:00,ACC0432,ACC0582,17452,legitimate transfer,Chandigarh,Routine payment
TX1537,CASE033,2025-06-15T02:23:00,ACC0534,ACC0053,19383,legitimate transfer,Ludhiana,Routine payment
TX1538,CASE033,2025-07-01T02:23:00,ACC0226,ACC0683,11404,legitimate transfer,Kanpur,Routine payment
TX1539,CASE033,2025-06-05T02:23:00,ACC0118,ACC0546,8589,legitimate transfer,Patna,Routine payment
TX1540,CASE033,2025-06-07T02:23:00,ACC0746,ACC0571,10859,legitimate transfer,Delhi,Routine payment
TX1541,CASE033,2025-06-19T02:23:00,ACC0209,ACC0085,2735,legitimate transfer,Ahmedabad,Routine payment
TX1542,CASE033,2025-06-19T02:23:00,ACC0168,ACC0053,19971,legitimate transfer,Kolkata,Routine payment
TX1543,CASE033,2025-06-14T02:23:00,ACC0635,ACC0530,7508,legitimate transfer,Ranchi,Routine payment
TX1544,CASE033,2025-06-25T02:23:00,ACC0231,ACC0596,14800,legitimate transfer,Surat,Routine payment
TX1545,CASE033,2025-06-30T02:23:00,ACC0727,ACC0644,17640,legitimate transfer,Chandigarh,Routine payment
TX1546,CASE033,2025-06-05T02:23:00,ACC0010,ACC0006,18195,legitimate transfer,Kanpur,Routine payment
TX1547,CASE033,2025-06-18T02:23:00,ACC0771,ACC0619,925,legitimate transfer,Dehradun,Routine payment
TX1548,CASE033,2025-06-30T02:23:00,ACC0345,ACC0514,8425,legitimate transfer,Indore,Routine payment
TX1549,CASE033,2025-06-07T02:23:00,ACC0453,ACC0427,14121,legitimate transfer,Gurugram,Routine payment
TX1550,CASE033,2025-06-30T02:23:00,ACC0309,ACC0159,12829,legitimate transfer,Bhubaneswar,Routine payment
TX1551,CASE033,2025-06-19T02:23:00,ACC0669,ACC0282,3704,legitimate transfer,Noida,Routine payment
TX1552,CASE033,2025-06-25T02:23:00,ACC0726,ACC0250,1804,legitimate transfer,Lucknow,Routine payment
TX1553,CASE033,2025-06-24T02:23:00,ACC0197,ACC0118,1956,legitimate transfer,Jaipur,Routine payment
TX1554,CASE033,2025-06-03T02:23:00,ACC0722,ACC0022,8973,legitimate transfer,Chennai,Routine payment
TX1555,CASE033,2025-06-21T02:23:00,ACC0014,ACC0108,5084,legitimate transfer,Kanpur,Routine payment
TX1556,CASE033,2025-06-24T02:23:00,ACC0281,ACC0642,7932,legitimate transfer,Mumbai,Routine payment
TX1557,CASE033,2025-06-14T02:23:00,ACC0748,ACC0389,6907,legitimate transfer,Amritsar,Routine payment
TX1558,CASE033,2025-06-17T02:23:00,ACC0136,ACC0357,11806,legitimate transfer,Noida,Routine payment
TX1559,CASE033,2025-06-15T02:23:00,ACC0707,ACC0137,9958,legitimate transfer,Lucknow,Routine payment
TX1560,CASE033,2025-06-05T02:23:00,ACC0746,ACC0543,14849,legitimate transfer,Pune,Routine payment
TX1561,CASE033,2025-06-15T02:23:00,ACC0313,ACC0461,1723,legitimate transfer,Ranchi,Routine payment
TX1562,CASE033,2025-06-17T02:23:00,ACC0613,ACC0517,7716,legitimate transfer,Noida,Routine payment
TX1563,CASE033,2025-06-06T02:23:00,ACC0331,ACC0635,12403,legitimate transfer,Bhubaneswar,Routine payment
TX1564,CASE033,2025-06-05T02:23:00,ACC0423,ACC0514,5828,legitimate transfer,Chandigarh,Routine payment
TX1565,CASE033,2025-06-23T02:23:00,ACC0417,ACC0283,18932,legitimate transfer,Indore,Routine payment
TX1566,CASE033,2025-06-03T02:23:00,ACC0225,ACC0226,10738,legitimate transfer,Mumbai,Routine payment
TX1567,CASE033,2025-06-10T02:23:00,ACC0406,ACC0600,11712,legitimate transfer,Chennai,Routine payment
TX1568,CASE033,2025-06-29T02:23:00,ACC0272,ACC0048,12013,legitimate transfer,Amritsar,Routine payment
TX1569,CASE033,2025-06-05T02:23:00,ACC0237,ACC0607,13069,legitimate transfer,Gurugram,Routine payment
TX1570,CASE033,2025-06-29T02:23:00,ACC0600,ACC0496,8488,legitimate transfer,Dehradun,Routine payment
TX1571,CASE033,2025-06-28T02:23:00,ACC0223,ACC0460,15533,legitimate transfer,Agra,Routine payment
TX1572,CASE033,2025-06-23T02:23:00,ACC0795,ACC0341,13383,legitimate transfer,Noida,Routine payment
TX1573,CASE034,2026-06-29T19:09:00,ACC0557,ACC0485,15135,legitimate transfer,Surat,Routine payment
TX1574,CASE034,2026-06-08T19:09:00,ACC0557,ACC0062,18224,legitimate transfer,Hyderabad,Routine payment
TX1575,CASE034,2026-06-06T19:09:00,ACC0777,ACC0431,16774,legitimate transfer,Chennai,Routine payment
TX1576,CASE034,2026-06-22T19:09:00,ACC0252,ACC0272,19123,legitimate transfer,Ludhiana,Routine payment
TX1577,CASE034,2026-07-06T19:09:00,ACC0422,ACC0221,987,legitimate transfer,Chennai,Routine payment
TX1578,CASE034,2026-06-27T19:09:00,ACC0543,ACC0446,4208,legitimate transfer,Faridabad,Routine payment
TX1579,CASE034,2026-07-01T19:09:00,ACC0091,ACC0687,7320,legitimate transfer,Hyderabad,Routine payment
TX1580,CASE034,2026-06-12T19:09:00,ACC0709,ACC0678,2828,legitimate transfer,Kanpur,Routine payment
TX1581,CASE034,2026-06-18T19:09:00,ACC0153,ACC0694,14009,legitimate transfer,Mumbai,Routine payment
TX1582,CASE034,2026-06-10T19:09:00,ACC0457,ACC0672,14989,legitimate transfer,Noida,Routine payment
TX1583,CASE034,2026-07-05T19:09:00,ACC0483,ACC0562,12238,legitimate transfer,Chennai,Routine payment
TX1584,CASE034,2026-06-22T19:09:00,ACC0772,ACC0587,5611,legitimate transfer,Chandigarh,Routine payment
TX1585,CASE034,2026-06-29T19:09:00,ACC0360,ACC0204,9956,legitimate transfer,Kolkata,Routine payment
TX1586,CASE034,2026-06-06T19:09:00,ACC0020,ACC0291,6480,legitimate transfer,Mumbai,Routine payment
TX1587,CASE034,2026-06-08T19:09:00,ACC0782,ACC0153,9087,legitimate transfer,Patna,Routine payment
TX1588,CASE034,2026-06-22T19:09:00,ACC0179,ACC0495,9879,legitimate transfer,Chennai,Routine payment
TX1589,CASE034,2026-06-12T19:09:00,ACC0107,ACC0160,12529,legitimate transfer,Indore,Routine payment
TX1590,CASE034,2026-06-06T19:09:00,ACC0770,ACC0542,19739,legitimate transfer,Hyderabad,Routine payment
TX1591,CASE034,2026-06-20T19:09:00,ACC0164,ACC0019,9468,legitimate transfer,Jaipur,Routine payment
TX1592,CASE034,2026-07-05T19:09:00,ACC0415,ACC0269,18195,legitimate transfer,Ludhiana,Routine payment
TX1593,CASE034,2026-07-02T19:09:00,ACC0243,ACC0630,14637,legitimate transfer,Indore,Routine payment
TX1594,CASE034,2026-07-03T19:09:00,ACC0478,ACC0455,11867,legitimate transfer,Ahmedabad,Routine payment
TX1595,CASE034,2026-06-10T19:09:00,ACC0585,ACC0396,1702,legitimate transfer,Indore,Routine payment
TX1596,CASE034,2026-07-01T19:09:00,ACC0723,ACC0340,19768,legitimate transfer,Bhubaneswar,Routine payment
TX1597,CASE034,2026-06-12T19:09:00,ACC0463,ACC0054,14098,legitimate transfer,Bengaluru,Routine payment
TX1598,CASE034,2026-06-06T19:09:00,ACC0475,ACC0061,9009,legitimate transfer,Hyderabad,Routine payment
TX1599,CASE034,2026-06-21T19:09:00,ACC0107,ACC0224,14112,legitimate transfer,Faridabad,Routine payment
TX1600,CASE034,2026-06-23T19:09:00,ACC0404,ACC0409,3063,legitimate transfer,Amritsar,Routine payment
TX1601,CASE034,2026-07-05T19:09:00,ACC0569,ACC0579,4455,legitimate transfer,Jaipur,Routine payment
TX1602,CASE034,2026-06-27T19:09:00,ACC0621,ACC0727,1218,legitimate transfer,Haridwar,Routine payment
TX1603,CASE034,2026-06-25T19:09:00,ACC0780,ACC0468,2176,legitimate transfer,Ranchi,Routine payment
TX1604,CASE034,2026-06-11T19:09:00,ACC0223,ACC0445,9227,legitimate transfer,Delhi,Routine payment
TX1605,CASE034,2026-06-20T19:09:00,ACC0224,ACC0195,11799,legitimate transfer,Kanpur,Routine payment
TX1606,CASE034,2026-06-20T19:09:00,ACC0017,ACC0592,9852,legitimate transfer,Jaipur,Routine payment
TX1607,CASE034,2026-06-23T19:09:00,ACC0345,ACC0700,8481,legitimate transfer,Ranchi,Routine payment
TX1608,CASE034,2026-06-27T19:09:00,ACC0493,ACC0084,2082,legitimate transfer,Dehradun,Routine payment
TX1609,CASE034,2026-06-07T19:09:00,ACC0189,ACC0182,2571,legitimate transfer,Kanpur,Routine payment
TX1610,CASE034,2026-06-19T19:09:00,ACC0471,ACC0084,16118,legitimate transfer,Gurugram,Routine payment
TX1611,CASE034,2026-06-19T19:09:00,ACC0457,ACC0717,10781,legitimate transfer,Indore,Routine payment
TX1612,CASE034,2026-06-29T19:09:00,ACC0374,ACC0673,4853,legitimate transfer,Bhopal,Routine payment
TX1613,CASE034,2026-06-25T19:09:00,ACC0679,ACC0327,7327,legitimate transfer,Haridwar,Routine payment
TX1614,CASE034,2026-06-29T19:09:00,ACC0167,ACC0294,6508,legitimate transfer,Ahmedabad,Routine payment
TX1615,CASE034,2026-06-16T19:09:00,ACC0586,ACC0113,9931,legitimate transfer,Hyderabad,Routine payment
TX1616,CASE034,2026-07-03T19:09:00,ACC0063,ACC0288,7288,legitimate transfer,Chennai,Routine payment
TX1617,CASE034,2026-06-17T19:09:00,ACC0236,ACC0556,3946,legitimate transfer,Jaipur,Routine payment
TX1618,CASE035,2025-10-21T16:13:00,ACC0724,ACC0206,82000,transfer,Bengaluru,Fund transfer
TX1619,CASE035,2025-10-23T16:13:00,ACC0206,ACC0218,49500,transfer,Bengaluru,Fund transfer
TX1620,CASE035,2025-09-26T16:13:00,ACC0785,ACC0016,10343,legitimate transfer,Indore,Routine payment
TX1621,CASE035,2025-10-24T16:13:00,ACC0782,ACC0112,2910,legitimate transfer,Kolkata,Routine payment
TX1622,CASE035,2025-10-18T16:13:00,ACC0171,ACC0789,8622,legitimate transfer,Faridabad,Routine payment
TX1623,CASE035,2025-09-28T16:13:00,ACC0339,ACC0776,1121,legitimate transfer,Ghaziabad,Routine payment
TX1624,CASE035,2025-10-16T16:13:00,ACC0427,ACC0468,11765,legitimate transfer,Kolkata,Routine payment
TX1625,CASE035,2025-09-27T16:13:00,ACC0633,ACC0491,6212,legitimate transfer,Surat,Routine payment
TX1626,CASE035,2025-10-15T16:13:00,ACC0181,ACC0084,835,legitimate transfer,Lucknow,Routine payment
TX1627,CASE035,2025-10-16T16:13:00,ACC0240,ACC0062,544,legitimate transfer,Faridabad,Routine payment
TX1628,CASE035,2025-10-23T16:13:00,ACC0229,ACC0171,4714,legitimate transfer,Indore,Routine payment
TX1629,CASE035,2025-10-21T16:13:00,ACC0396,ACC0219,15311,legitimate transfer,Indore,Routine payment
TX1630,CASE035,2025-10-21T16:13:00,ACC0117,ACC0123,15574,legitimate transfer,Ranchi,Routine payment
TX1631,CASE035,2025-10-09T16:13:00,ACC0318,ACC0619,18053,legitimate transfer,Mumbai,Routine payment
TX1632,CASE035,2025-10-10T16:13:00,ACC0565,ACC0362,10192,legitimate transfer,Bengaluru,Routine payment
TX1633,CASE035,2025-10-22T16:13:00,ACC0203,ACC0261,11637,legitimate transfer,Ahmedabad,Routine payment
TX1634,CASE035,2025-10-21T16:13:00,ACC0289,ACC0428,10328,legitimate transfer,Delhi,Routine payment
TX1635,CASE035,2025-10-02T16:13:00,ACC0242,ACC0626,14848,legitimate transfer,Amritsar,Routine payment
TX1636,CASE035,2025-10-19T16:13:00,ACC0144,ACC0539,8085,legitimate transfer,Patna,Routine payment
TX1637,CASE035,2025-10-21T16:13:00,ACC0252,ACC0066,5132,legitimate transfer,Amritsar,Routine payment
TX1638,CASE035,2025-10-04T16:13:00,ACC0071,ACC0468,13702,legitimate transfer,Kanpur,Routine payment
TX1639,CASE035,2025-09-29T16:13:00,ACC0645,ACC0340,13409,legitimate transfer,Haridwar,Routine payment
TX1640,CASE035,2025-10-06T16:13:00,ACC0214,ACC0620,893,legitimate transfer,Amritsar,Routine payment
TX1641,CASE035,2025-10-15T16:13:00,ACC0072,ACC0544,16962,legitimate transfer,Agra,Routine payment
TX1642,CASE035,2025-10-07T16:13:00,ACC0097,ACC0027,4249,legitimate transfer,Chandigarh,Routine payment
TX1643,CASE035,2025-10-11T16:13:00,ACC0154,ACC0318,687,legitimate transfer,Faridabad,Routine payment
TX1644,CASE035,2025-09-29T16:13:00,ACC0663,ACC0619,7107,legitimate transfer,Ghaziabad,Routine payment
TX1645,CASE035,2025-09-25T16:13:00,ACC0789,ACC0686,18731,legitimate transfer,Ranchi,Routine payment
TX1646,CASE035,2025-10-12T16:13:00,ACC0046,ACC0212,12437,legitimate transfer,Bhubaneswar,Routine payment
TX1647,CASE035,2025-10-02T16:13:00,ACC0224,ACC0197,17681,legitimate transfer,Bhopal,Routine payment
TX1648,CASE035,2025-10-14T16:13:00,ACC0642,ACC0163,8302,legitimate transfer,Noida,Routine payment
TX1649,CASE035,2025-09-25T16:13:00,ACC0264,ACC0772,16691,legitimate transfer,Bhubaneswar,Routine payment
TX1650,CASE035,2025-10-16T16:13:00,ACC0375,ACC0147,1250,legitimate transfer,Faridabad,Routine payment
TX1651,CASE035,2025-10-17T16:13:00,ACC0599,ACC0518,14019,legitimate transfer,Mumbai,Routine payment
TX1652,CASE035,2025-10-25T16:13:00,ACC0038,ACC0492,10065,legitimate transfer,Kolkata,Routine payment
TX1653,CASE035,2025-09-29T16:13:00,ACC0003,ACC0421,13115,legitimate transfer,Ghaziabad,Routine payment
TX1654,CASE035,2025-10-01T16:13:00,ACC0253,ACC0071,17075,legitimate transfer,Kolkata,Routine payment
TX1655,CASE035,2025-10-05T16:13:00,ACC0609,ACC0502,6388,legitimate transfer,Ranchi,Routine payment
TX1656,CASE035,2025-10-25T16:13:00,ACC0759,ACC0230,4229,legitimate transfer,Agra,Routine payment
TX1657,CASE035,2025-10-19T16:13:00,ACC0207,ACC0315,14537,legitimate transfer,Mumbai,Routine payment
TX1658,CASE035,2025-10-25T16:13:00,ACC0664,ACC0101,6699,legitimate transfer,Ludhiana,Routine payment
TX1659,CASE035,2025-10-03T16:13:00,ACC0329,ACC0326,18711,legitimate transfer,Haridwar,Routine payment
TX1660,CASE035,2025-10-03T16:13:00,ACC0145,ACC0369,3701,legitimate transfer,Hyderabad,Routine payment
TX1661,CASE035,2025-10-17T16:13:00,ACC0658,ACC0022,19050,legitimate transfer,Kolkata,Routine payment
TX1662,CASE035,2025-09-25T16:13:00,ACC0580,ACC0023,17408,legitimate transfer,Surat,Routine payment
TX1663,CASE035,2025-09-28T16:13:00,ACC0079,ACC0781,14112,legitimate transfer,Ahmedabad,Routine payment
TX1664,CASE035,2025-10-13T16:13:00,ACC0514,ACC0523,14378,legitimate transfer,Chandigarh,Routine payment
TX1665,CASE036,2025-07-30T20:04:00,ACC0741,ACC0012,235000,transfer,Ludhiana,Fund transfer
TX1666,CASE036,2025-07-27T20:04:00,ACC0012,ACC0620,235000,transfer,Ludhiana,Fund transfer
TX1667,CASE036,2025-07-25T20:04:00,ACC0620,ACC0471,150000,transfer,Ludhiana,Fund transfer
TX1668,CASE036,2025-07-03T20:04:00,ACC0401,ACC0698,7104,legitimate transfer,Patna,Routine payment
TX1669,CASE036,2025-07-28T20:04:00,ACC0356,ACC0074,13220,legitimate transfer,Mumbai,Routine payment
TX1670,CASE036,2025-07-02T20:04:00,ACC0433,ACC0450,7163,legitimate transfer,Ghaziabad,Routine payment
TX1671,CASE036,2025-07-16T20:04:00,ACC0307,ACC0454,18082,legitimate transfer,Indore,Routine payment
TX1672,CASE036,2025-07-13T20:04:00,ACC0685,ACC0604,842,legitimate transfer,Pune,Routine payment
TX1673,CASE036,2025-07-23T20:04:00,ACC0427,ACC0483,17591,legitimate transfer,Noida,Routine payment
TX1674,CASE036,2025-07-15T20:04:00,ACC0781,ACC0594,9670,legitimate transfer,Pune,Routine payment
TX1675,CASE036,2025-07-12T20:04:00,ACC0257,ACC0081,8823,legitimate transfer,Dehradun,Routine payment
TX1676,CASE036,2025-07-17T20:04:00,ACC0118,ACC0660,4322,legitimate transfer,Pune,Routine payment
TX1677,CASE036,2025-07-05T20:04:00,ACC0251,ACC0566,11704,legitimate transfer,Patna,Routine payment
TX1678,CASE036,2025-06-30T20:04:00,ACC0447,ACC0257,1355,legitimate transfer,Indore,Routine payment
TX1679,CASE036,2025-07-06T20:04:00,ACC0127,ACC0272,9864,legitimate transfer,Chandigarh,Routine payment
TX1680,CASE036,2025-07-09T20:04:00,ACC0048,ACC0055,4211,legitimate transfer,Noida,Routine payment
TX1681,CASE036,2025-07-27T20:04:00,ACC0570,ACC0065,8241,legitimate transfer,Faridabad,Routine payment
TX1682,CASE036,2025-07-30T20:04:00,ACC0424,ACC0214,12215,legitimate transfer,Ghaziabad,Routine payment
TX1683,CASE036,2025-07-05T20:04:00,ACC0793,ACC0799,11463,legitimate transfer,Lucknow,Routine payment
TX1684,CASE036,2025-07-21T20:04:00,ACC0324,ACC0705,3109,legitimate transfer,Bhopal,Routine payment
TX1685,CASE036,2025-07-01T20:04:00,ACC0308,ACC0775,6532,legitimate transfer,Ghaziabad,Routine payment
TX1686,CASE036,2025-07-21T20:04:00,ACC0567,ACC0390,13131,legitimate transfer,Kanpur,Routine payment
TX1687,CASE036,2025-07-29T20:04:00,ACC0072,ACC0327,19741,legitimate transfer,Agra,Routine payment
TX1688,CASE036,2025-07-25T20:04:00,ACC0107,ACC0532,1583,legitimate transfer,Amritsar,Routine payment
TX1689,CASE036,2025-07-18T20:04:00,ACC0724,ACC0589,17084,legitimate transfer,Kolkata,Routine payment
TX1690,CASE036,2025-07-06T20:04:00,ACC0071,ACC0420,18248,legitimate transfer,Chandigarh,Routine payment
TX1691,CASE036,2025-07-22T20:04:00,ACC0377,ACC0070,15530,legitimate transfer,Ranchi,Routine payment
TX1692,CASE036,2025-07-01T20:04:00,ACC0557,ACC0468,13605,legitimate transfer,Ahmedabad,Routine payment
TX1693,CASE036,2025-07-18T20:04:00,ACC0044,ACC0180,8919,legitimate transfer,Chennai,Routine payment
TX1694,CASE036,2025-07-25T20:04:00,ACC0064,ACC0381,15136,legitimate transfer,Indore,Routine payment
TX1695,CASE036,2025-07-26T20:04:00,ACC0374,ACC0363,18655,legitimate transfer,Ranchi,Routine payment
TX1696,CASE036,2025-07-19T20:04:00,ACC0001,ACC0237,4749,legitimate transfer,Agra,Routine payment
TX1697,CASE036,2025-07-10T20:04:00,ACC0438,ACC0410,16510,legitimate transfer,Faridabad,Routine payment
TX1698,CASE036,2025-07-08T20:04:00,ACC0106,ACC0773,4497,legitimate transfer,Bhopal,Routine payment
TX1699,CASE036,2025-07-03T20:04:00,ACC0502,ACC0299,11937,legitimate transfer,Ahmedabad,Routine payment
TX1700,CASE036,2025-07-03T20:04:00,ACC0670,ACC0451,15504,legitimate transfer,Kolkata,Routine payment
TX1701,CASE036,2025-07-20T20:04:00,ACC0667,ACC0752,16469,legitimate transfer,Gurugram,Routine payment
TX1702,CASE036,2025-07-19T20:04:00,ACC0479,ACC0021,3672,legitimate transfer,Kolkata,Routine payment
TX1703,CASE036,2025-07-03T20:04:00,ACC0533,ACC0309,14738,legitimate transfer,Jaipur,Routine payment
TX1704,CASE036,2025-07-24T20:04:00,ACC0280,ACC0499,12026,legitimate transfer,Faridabad,Routine payment
TX1705,CASE036,2025-07-29T20:04:00,ACC0754,ACC0549,9760,legitimate transfer,Jaipur,Routine payment
TX1706,CASE036,2025-07-07T20:04:00,ACC0641,ACC0798,13793,legitimate transfer,Patna,Routine payment
TX1707,CASE036,2025-07-19T20:04:00,ACC0296,ACC0054,2041,legitimate transfer,Delhi,Routine payment
TX1708,CASE036,2025-07-24T20:04:00,ACC0550,ACC0604,15337,legitimate transfer,Haridwar,Routine payment
TX1709,CASE036,2025-07-19T20:04:00,ACC0710,ACC0339,10192,legitimate transfer,Chennai,Routine payment
TX1710,CASE036,2025-07-19T20:04:00,ACC0183,ACC0653,15881,legitimate transfer,Dehradun,Routine payment
TX1711,CASE036,2025-07-18T20:04:00,ACC0166,ACC0506,7046,legitimate transfer,Mumbai,Routine payment
TX1712,CASE036,2025-07-17T20:04:00,ACC0415,ACC0767,6806,legitimate transfer,Chennai,Routine payment
TX1713,CASE037,2026-06-18T19:16:00,ACC0104,ACC0595,82000,transfer,Amritsar,Fund transfer
TX1714,CASE037,2026-06-14T19:16:00,ACC0595,ACC0721,82000,transfer,Amritsar,Fund transfer
TX1715,CASE037,2026-06-05T19:16:00,ACC0303,ACC0428,5754,legitimate transfer,Chandigarh,Routine payment
TX1716,CASE037,2026-06-17T19:16:00,ACC0503,ACC0538,11434,legitimate transfer,Dehradun,Routine payment
TX1717,CASE037,2026-06-15T19:16:00,ACC0249,ACC0579,15867,legitimate transfer,Mumbai,Routine payment
TX1718,CASE037,2026-06-17T19:16:00,ACC0718,ACC0033,7066,legitimate transfer,Jaipur,Routine payment
TX1719,CASE037,2026-05-24T19:16:00,ACC0116,ACC0379,4591,legitimate transfer,Ludhiana,Routine payment
TX1720,CASE037,2026-06-07T19:16:00,ACC0512,ACC0051,8121,legitimate transfer,Dehradun,Routine payment
TX1721,CASE037,2026-06-18T19:16:00,ACC0568,ACC0445,13056,legitimate transfer,Ahmedabad,Routine payment
TX1722,CASE037,2026-06-04T19:16:00,ACC0075,ACC0680,4875,legitimate transfer,Amritsar,Routine payment
TX1723,CASE037,2026-05-20T19:16:00,ACC0369,ACC0176,9286,legitimate transfer,Ludhiana,Routine payment
TX1724,CASE037,2026-05-22T19:16:00,ACC0232,ACC0639,7881,legitimate transfer,Bhubaneswar,Routine payment
TX1725,CASE037,2026-06-06T19:16:00,ACC0511,ACC0780,11535,legitimate transfer,Ghaziabad,Routine payment
TX1726,CASE037,2026-06-15T19:16:00,ACC0508,ACC0693,14244,legitimate transfer,Bengaluru,Routine payment
TX1727,CASE037,2026-06-10T19:16:00,ACC0064,ACC0134,9346,legitimate transfer,Ranchi,Routine payment
TX1728,CASE037,2026-05-20T19:16:00,ACC0257,ACC0656,4838,legitimate transfer,Ranchi,Routine payment
TX1729,CASE037,2026-06-18T19:16:00,ACC0094,ACC0115,5988,legitimate transfer,Bhopal,Routine payment
TX1730,CASE037,2026-05-27T19:16:00,ACC0143,ACC0392,8090,legitimate transfer,Bengaluru,Routine payment
TX1731,CASE037,2026-05-20T19:16:00,ACC0691,ACC0720,18340,legitimate transfer,Haridwar,Routine payment
TX1732,CASE037,2026-06-12T19:16:00,ACC0209,ACC0385,10341,legitimate transfer,Mumbai,Routine payment
TX1733,CASE037,2026-05-22T19:16:00,ACC0492,ACC0112,9645,legitimate transfer,Surat,Routine payment
TX1734,CASE037,2026-06-12T19:16:00,ACC0051,ACC0797,11753,legitimate transfer,Ahmedabad,Routine payment
TX1735,CASE037,2026-06-16T19:16:00,ACC0718,ACC0255,13779,legitimate transfer,Agra,Routine payment
TX1736,CASE037,2026-05-26T19:16:00,ACC0420,ACC0167,14767,legitimate transfer,Mumbai,Routine payment
TX1737,CASE037,2026-05-20T19:16:00,ACC0467,ACC0637,746,legitimate transfer,Dehradun,Routine payment
TX1738,CASE037,2026-06-01T19:16:00,ACC0338,ACC0302,1662,legitimate transfer,Bhubaneswar,Routine payment
TX1739,CASE037,2026-06-01T19:16:00,ACC0673,ACC0722,1432,legitimate transfer,Ludhiana,Routine payment
TX1740,CASE037,2026-06-18T19:16:00,ACC0374,ACC0148,12067,legitimate transfer,Ludhiana,Routine payment
TX1741,CASE037,2026-06-15T19:16:00,ACC0113,ACC0471,557,legitimate transfer,Dehradun,Routine payment
TX1742,CASE037,2026-05-25T19:16:00,ACC0081,ACC0704,8984,legitimate transfer,Noida,Routine payment
TX1743,CASE037,2026-05-29T19:16:00,ACC0302,ACC0009,16556,legitimate transfer,Jaipur,Routine payment
TX1744,CASE037,2026-06-14T19:16:00,ACC0585,ACC0210,4705,legitimate transfer,Hyderabad,Routine payment
TX1745,CASE037,2026-06-16T19:16:00,ACC0213,ACC0563,5283,legitimate transfer,Amritsar,Routine payment
TX1746,CASE037,2026-06-06T19:16:00,ACC0386,ACC0302,13909,legitimate transfer,Patna,Routine payment
TX1747,CASE037,2026-06-07T19:16:00,ACC0173,ACC0429,15037,legitimate transfer,Surat,Routine payment
TX1748,CASE037,2026-05-28T19:16:00,ACC0385,ACC0695,12860,legitimate transfer,Ghaziabad,Routine payment
TX1749,CASE037,2026-05-23T19:16:00,ACC0448,ACC0015,10728,legitimate transfer,Lucknow,Routine payment
TX1750,CASE037,2026-06-03T19:16:00,ACC0320,ACC0748,18286,legitimate transfer,Ghaziabad,Routine payment
TX1751,CASE037,2026-06-12T19:16:00,ACC0233,ACC0296,5013,legitimate transfer,Agra,Routine payment
TX1752,CASE037,2026-05-20T19:16:00,ACC0691,ACC0533,1431,legitimate transfer,Hyderabad,Routine payment
TX1753,CASE037,2026-05-30T19:16:00,ACC0163,ACC0328,7608,legitimate transfer,Chennai,Routine payment
TX1754,CASE037,2026-05-23T19:16:00,ACC0437,ACC0403,6509,legitimate transfer,Noida,Routine payment
TX1755,CASE037,2026-06-17T19:16:00,ACC0684,ACC0414,12254,legitimate transfer,Patna,Routine payment
TX1756,CASE037,2026-05-28T19:16:00,ACC0184,ACC0545,18745,legitimate transfer,Faridabad,Routine payment
TX1757,CASE037,2026-06-09T19:16:00,ACC0272,ACC0483,11779,legitimate transfer,Bhopal,Routine payment
TX1758,CASE037,2026-06-14T19:16:00,ACC0446,ACC0614,6409,legitimate transfer,Kolkata,Routine payment
TX1759,CASE037,2026-05-31T19:16:00,ACC0218,ACC0255,9424,legitimate transfer,Noida,Routine payment
TX1760,CASE038,2026-06-17T16:56:00,ACC0193,ACC0083,82000,transfer,Surat,Fund transfer
TX1761,CASE038,2026-06-14T16:56:00,ACC0083,ACC0213,49500,transfer,Surat,Fund transfer
TX1762,CASE038,2026-06-17T16:56:00,ACC0213,ACC0732,150000,transfer,Surat,Fund transfer
TX1763,CASE038,2026-05-28T16:56:00,ACC0016,ACC0426,2843,legitimate transfer,Ghaziabad,Routine payment
TX1764,CASE038,2026-05-20T16:56:00,ACC0499,ACC0453,4144,legitimate transfer,Noida,Routine payment
TX1765,CASE038,2026-06-12T16:56:00,ACC0212,ACC0296,15647,legitimate transfer,Chennai,Routine payment
TX1766,CASE038,2026-05-27T16:56:00,ACC0375,ACC0039,7850,legitimate transfer,Surat,Routine payment
TX1767,CASE038,2026-06-03T16:56:00,ACC0596,ACC0505,8260,legitimate transfer,Pune,Routine payment
TX1768,CASE038,2026-05-30T16:56:00,ACC0163,ACC0341,18812,legitimate transfer,Pune,Routine payment
TX1769,CASE038,2026-05-20T16:56:00,ACC0415,ACC0196,14322,legitimate transfer,Bhubaneswar,Routine payment
TX1770,CASE038,2026-06-06T16:56:00,ACC0633,ACC0407,12260,legitimate transfer,Gurugram,Routine payment
TX1771,CASE038,2026-06-16T16:56:00,ACC0453,ACC0760,17721,legitimate transfer,Lucknow,Routine payment
TX1772,CASE038,2026-06-19T16:56:00,ACC0051,ACC0293,10227,legitimate transfer,Mumbai,Routine payment
TX1773,CASE038,2026-06-14T16:56:00,ACC0438,ACC0468,15631,legitimate transfer,Delhi,Routine payment
TX1774,CASE038,2026-06-19T16:56:00,ACC0440,ACC0771,1421,legitimate transfer,Kolkata,Routine payment
TX1775,CASE038,2026-05-25T16:56:00,ACC0545,ACC0354,18454,legitimate transfer,Jaipur,Routine payment
TX1776,CASE038,2026-06-03T16:56:00,ACC0381,ACC0333,2073,legitimate transfer,Amritsar,Routine payment
TX1777,CASE038,2026-06-11T16:56:00,ACC0408,ACC0468,12029,legitimate transfer,Chennai,Routine payment
TX1778,CASE038,2026-06-18T16:56:00,ACC0012,ACC0180,1546,legitimate transfer,Agra,Routine payment
TX1779,CASE038,2026-06-09T16:56:00,ACC0769,ACC0271,971,legitimate transfer,Mumbai,Routine payment
TX1780,CASE038,2026-06-13T16:56:00,ACC0633,ACC0654,15431,legitimate transfer,Bhopal,Routine payment
TX1781,CASE038,2026-06-19T16:56:00,ACC0335,ACC0545,17486,legitimate transfer,Amritsar,Routine payment
TX1782,CASE038,2026-06-14T16:56:00,ACC0647,ACC0744,3276,legitimate transfer,Mumbai,Routine payment
TX1783,CASE038,2026-05-24T16:56:00,ACC0694,ACC0244,836,legitimate transfer,Chandigarh,Routine payment
TX1784,CASE038,2026-06-01T16:56:00,ACC0010,ACC0628,17946,legitimate transfer,Chandigarh,Routine payment
TX1785,CASE038,2026-05-30T16:56:00,ACC0135,ACC0703,14610,legitimate transfer,Pune,Routine payment
TX1786,CASE038,2026-06-07T16:56:00,ACC0569,ACC0233,19796,legitimate transfer,Surat,Routine payment
TX1787,CASE038,2026-06-06T16:56:00,ACC0640,ACC0764,13608,legitimate transfer,Indore,Routine payment
TX1788,CASE038,2026-05-27T16:56:00,ACC0434,ACC0441,11948,legitimate transfer,Gurugram,Routine payment
TX1789,CASE038,2026-06-03T16:56:00,ACC0068,ACC0485,7472,legitimate transfer,Chandigarh,Routine payment
TX1790,CASE038,2026-05-29T16:56:00,ACC0713,ACC0028,14684,legitimate transfer,Dehradun,Routine payment
TX1791,CASE038,2026-06-13T16:56:00,ACC0357,ACC0490,13411,legitimate transfer,Haridwar,Routine payment
TX1792,CASE038,2026-05-23T16:56:00,ACC0119,ACC0599,13643,legitimate transfer,Gurugram,Routine payment
TX1793,CASE038,2026-05-26T16:56:00,ACC0043,ACC0315,9126,legitimate transfer,Dehradun,Routine payment
TX1794,CASE038,2026-05-24T16:56:00,ACC0039,ACC0598,14910,legitimate transfer,Kolkata,Routine payment
TX1795,CASE038,2026-06-06T16:56:00,ACC0728,ACC0186,12179,legitimate transfer,Chandigarh,Routine payment
TX1796,CASE038,2026-06-18T16:56:00,ACC0332,ACC0579,7386,legitimate transfer,Bhubaneswar,Routine payment
TX1797,CASE038,2026-05-21T16:56:00,ACC0212,ACC0693,3960,legitimate transfer,Delhi,Routine payment
TX1798,CASE038,2026-05-30T16:56:00,ACC0209,ACC0759,8935,legitimate transfer,Agra,Routine payment
TX1799,CASE038,2026-06-10T16:56:00,ACC0557,ACC0383,8897,legitimate transfer,Dehradun,Routine payment
TX1800,CASE038,2026-05-23T16:56:00,ACC0154,ACC0627,15151,legitimate transfer,Mumbai,Routine payment
TX1801,CASE038,2026-06-18T16:56:00,ACC0787,ACC0107,17083,legitimate transfer,Chandigarh,Routine payment
TX1802,CASE038,2026-05-30T16:56:00,ACC0433,ACC0250,17411,legitimate transfer,Ahmedabad,Routine payment
TX1803,CASE038,2026-06-18T16:56:00,ACC0532,ACC0510,16531,legitimate transfer,Pune,Routine payment
TX1804,CASE038,2026-06-18T16:56:00,ACC0149,ACC0799,16025,legitimate transfer,Patna,Routine payment
TX1805,CASE038,2026-06-17T16:56:00,ACC0287,ACC0708,13964,legitimate transfer,Bhubaneswar,Routine payment
TX1806,CASE038,2026-06-13T16:56:00,ACC0766,ACC0732,1653,legitimate transfer,Kanpur,Routine payment
TX1807,CASE038,2026-06-18T16:56:00,ACC0422,ACC0207,14306,legitimate transfer,Chandigarh,Routine payment
TX1808,CASE039,2025-12-22T11:22:00,ACC0800,ACC0710,150000,transfer,Jaipur,Fund transfer
TX1809,CASE039,2025-12-23T11:22:00,ACC0710,ACC0566,235000,transfer,Jaipur,Fund transfer
TX1810,CASE039,2025-12-20T11:22:00,ACC0566,ACC0703,49500,transfer,Jaipur,Fund transfer
TX1811,CASE039,2025-12-12T11:22:00,ACC0760,ACC0751,7909,legitimate transfer,Indore,Routine payment
TX1812,CASE039,2025-11-26T11:22:00,ACC0410,ACC0751,19426,legitimate transfer,Pune,Routine payment
TX1813,CASE039,2025-12-18T11:22:00,ACC0287,ACC0309,3400,legitimate transfer,Noida,Routine payment
TX1814,CASE039,2025-12-05T11:22:00,ACC0723,ACC0520,5733,legitimate transfer,Kanpur,Routine payment
TX1815,CASE039,2025-11-24T11:22:00,ACC0633,ACC0082,1914,legitimate transfer,Agra,Routine payment
TX1816,CASE039,2025-12-06T11:22:00,ACC0742,ACC0174,11590,legitimate transfer,Kanpur,Routine payment
TX1817,CASE039,2025-12-15T11:22:00,ACC0501,ACC0419,2620,legitimate transfer,Hyderabad,Routine payment
TX1818,CASE039,2025-12-19T11:22:00,ACC0265,ACC0315,15678,legitimate transfer,Hyderabad,Routine payment
TX1819,CASE039,2025-12-03T11:22:00,ACC0166,ACC0345,14515,legitimate transfer,Mumbai,Routine payment
TX1820,CASE039,2025-11-26T11:22:00,ACC0052,ACC0207,9311,legitimate transfer,Kolkata,Routine payment
TX1821,CASE039,2025-12-03T11:22:00,ACC0369,ACC0330,1440,legitimate transfer,Ahmedabad,Routine payment
TX1822,CASE039,2025-12-12T11:22:00,ACC0591,ACC0399,18968,legitimate transfer,Haridwar,Routine payment
TX1823,CASE039,2025-12-09T11:22:00,ACC0495,ACC0297,14426,legitimate transfer,Chennai,Routine payment
TX1824,CASE039,2025-12-24T11:22:00,ACC0573,ACC0486,8219,legitimate transfer,Ranchi,Routine payment
TX1825,CASE039,2025-11-25T11:22:00,ACC0387,ACC0162,6787,legitimate transfer,Bhubaneswar,Routine payment
TX1826,CASE039,2025-12-03T11:22:00,ACC0510,ACC0031,15656,legitimate transfer,Dehradun,Routine payment
TX1827,CASE039,2025-12-20T11:22:00,ACC0124,ACC0352,10108,legitimate transfer,Bhopal,Routine payment
TX1828,CASE039,2025-12-05T11:22:00,ACC0371,ACC0474,8585,legitimate transfer,Kolkata,Routine payment
TX1829,CASE039,2025-12-12T11:22:00,ACC0334,ACC0601,1865,legitimate transfer,Chandigarh,Routine payment
TX1830,CASE039,2025-11-30T11:22:00,ACC0686,ACC0783,12504,legitimate transfer,Dehradun,Routine payment
TX1831,CASE039,2025-12-03T11:22:00,ACC0759,ACC0434,17020,legitimate transfer,Bhopal,Routine payment
TX1832,CASE039,2025-12-24T11:22:00,ACC0136,ACC0407,17074,legitimate transfer,Amritsar,Routine payment
TX1833,CASE039,2025-11-28T11:22:00,ACC0335,ACC0080,1639,legitimate transfer,Ranchi,Routine payment
TX1834,CASE039,2025-11-29T11:22:00,ACC0665,ACC0566,4625,legitimate transfer,Ahmedabad,Routine payment
TX1835,CASE039,2025-12-11T11:22:00,ACC0474,ACC0223,7349,legitimate transfer,Hyderabad,Routine payment
TX1836,CASE039,2025-12-17T11:22:00,ACC0344,ACC0236,9026,legitimate transfer,Delhi,Routine payment
TX1837,CASE039,2025-12-05T11:22:00,ACC0094,ACC0291,15052,legitimate transfer,Kolkata,Routine payment
TX1838,CASE039,2025-11-27T11:22:00,ACC0455,ACC0180,15889,legitimate transfer,Kanpur,Routine payment
TX1839,CASE039,2025-12-10T11:22:00,ACC0716,ACC0703,5829,legitimate transfer,Amritsar,Routine payment
TX1840,CASE039,2025-12-23T11:22:00,ACC0096,ACC0177,2869,legitimate transfer,Bhopal,Routine payment
TX1841,CASE039,2025-12-03T11:22:00,ACC0792,ACC0204,18290,legitimate transfer,Hyderabad,Routine payment
TX1842,CASE039,2025-12-08T11:22:00,ACC0277,ACC0305,4243,legitimate transfer,Bengaluru,Routine payment
TX1843,CASE039,2025-12-02T11:22:00,ACC0624,ACC0678,1182,legitimate transfer,Ahmedabad,Routine payment
TX1844,CASE039,2025-12-09T11:22:00,ACC0089,ACC0249,3615,legitimate transfer,Kolkata,Routine payment
TX1845,CASE039,2025-12-17T11:22:00,ACC0661,ACC0443,8136,legitimate transfer,Indore,Routine payment
TX1846,CASE039,2025-12-23T11:22:00,ACC0416,ACC0429,10430,legitimate transfer,Kanpur,Routine payment
TX1847,CASE039,2025-11-28T11:22:00,ACC0300,ACC0321,3871,legitimate transfer,Bhopal,Routine payment
TX1848,CASE039,2025-12-01T11:22:00,ACC0265,ACC0564,16721,legitimate transfer,Patna,Routine payment
TX1849,CASE039,2025-11-24T11:22:00,ACC0644,ACC0192,3481,legitimate transfer,Kanpur,Routine payment
TX1850,CASE039,2025-12-16T11:22:00,ACC0535,ACC0517,5353,legitimate transfer,Lucknow,Routine payment
TX1851,CASE039,2025-12-02T11:22:00,ACC0680,ACC0077,17502,legitimate transfer,Ghaziabad,Routine payment
TX1852,CASE039,2025-12-14T11:22:00,ACC0391,ACC0588,19711,legitimate transfer,Delhi,Routine payment
TX1853,CASE039,2025-12-11T11:22:00,ACC0234,ACC0442,18804,legitimate transfer,Hyderabad,Routine payment
TX1854,CASE039,2025-12-18T11:22:00,ACC0048,ACC0366,13336,legitimate transfer,Surat,Routine payment
TX1855,CASE039,2025-12-09T11:22:00,ACC0189,ACC0048,5544,legitimate transfer,Bhubaneswar,Routine payment
TX1856,CASE040,2025-12-10T14:40:00,ACC0115,ACC0579,49500,transfer,Agra,Fund transfer
TX1857,CASE040,2025-11-16T14:40:00,ACC0330,ACC0795,5918,legitimate transfer,Amritsar,Routine payment
TX1858,CASE040,2025-11-24T14:40:00,ACC0193,ACC0358,15676,legitimate transfer,Kanpur,Routine payment
TX1859,CASE040,2025-11-26T14:40:00,ACC0515,ACC0491,11327,legitimate transfer,Amritsar,Routine payment
TX1860,CASE040,2025-11-20T14:40:00,ACC0565,ACC0021,17302,legitimate transfer,Chandigarh,Routine payment
TX1861,CASE040,2025-12-12T14:40:00,ACC0377,ACC0712,3948,legitimate transfer,Haridwar,Routine payment
TX1862,CASE040,2025-11-23T14:40:00,ACC0075,ACC0364,15027,legitimate transfer,Gurugram,Routine payment
TX1863,CASE040,2025-11-24T14:40:00,ACC0308,ACC0641,2697,legitimate transfer,Gurugram,Routine payment
TX1864,CASE040,2025-12-07T14:40:00,ACC0478,ACC0477,14911,legitimate transfer,Kanpur,Routine payment
TX1865,CASE040,2025-11-13T14:40:00,ACC0303,ACC0745,4431,legitimate transfer,Bhubaneswar,Routine payment
TX1866,CASE040,2025-11-22T14:40:00,ACC0674,ACC0163,848,legitimate transfer,Ranchi,Routine payment
TX1867,CASE040,2025-11-24T14:40:00,ACC0010,ACC0800,18351,legitimate transfer,Chennai,Routine payment
TX1868,CASE040,2025-11-20T14:40:00,ACC0130,ACC0161,5096,legitimate transfer,Kolkata,Routine payment
TX1869,CASE040,2025-11-30T14:40:00,ACC0771,ACC0029,19106,legitimate transfer,Dehradun,Routine payment
TX1870,CASE040,2025-11-26T14:40:00,ACC0706,ACC0644,4705,legitimate transfer,Bhopal,Routine payment
TX1871,CASE040,2025-11-17T14:40:00,ACC0009,ACC0328,5526,legitimate transfer,Noida,Routine payment
TX1872,CASE040,2025-12-03T14:40:00,ACC0048,ACC0157,7608,legitimate transfer,Bhubaneswar,Routine payment
TX1873,CASE040,2025-11-13T14:40:00,ACC0599,ACC0718,9337,legitimate transfer,Chandigarh,Routine payment
TX1874,CASE040,2025-12-06T14:40:00,ACC0773,ACC0689,10287,legitimate transfer,Dehradun,Routine payment
TX1875,CASE040,2025-12-04T14:40:00,ACC0276,ACC0568,10102,legitimate transfer,Ahmedabad,Routine payment
TX1876,CASE040,2025-11-25T14:40:00,ACC0032,ACC0648,15268,legitimate transfer,Haridwar,Routine payment
TX1877,CASE040,2025-12-08T14:40:00,ACC0377,ACC0434,3049,legitimate transfer,Kolkata,Routine payment
TX1878,CASE040,2025-11-29T14:40:00,ACC0401,ACC0140,7976,legitimate transfer,Amritsar,Routine payment
TX1879,CASE040,2025-11-15T14:40:00,ACC0457,ACC0114,15351,legitimate transfer,Surat,Routine payment
TX1880,CASE040,2025-11-27T14:40:00,ACC0164,ACC0254,2891,legitimate transfer,Kolkata,Routine payment
TX1881,CASE040,2025-11-14T14:40:00,ACC0111,ACC0525,3437,legitimate transfer,Kolkata,Routine payment
TX1882,CASE040,2025-11-18T14:40:00,ACC0300,ACC0029,9836,legitimate transfer,Chandigarh,Routine payment
TX1883,CASE040,2025-11-29T14:40:00,ACC0279,ACC0312,18052,legitimate transfer,Hyderabad,Routine payment
TX1884,CASE040,2025-11-28T14:40:00,ACC0697,ACC0147,736,legitimate transfer,Jaipur,Routine payment
TX1885,CASE040,2025-11-14T14:40:00,ACC0231,ACC0269,6820,legitimate transfer,Delhi,Routine payment
TX1886,CASE040,2025-11-24T14:40:00,ACC0019,ACC0469,16140,legitimate transfer,Kolkata,Routine payment
TX1887,CASE040,2025-11-26T14:40:00,ACC0465,ACC0257,12158,legitimate transfer,Dehradun,Routine payment
TX1888,CASE040,2025-11-24T14:40:00,ACC0208,ACC0198,7341,legitimate transfer,Mumbai,Routine payment
TX1889,CASE040,2025-11-13T14:40:00,ACC0684,ACC0393,2644,legitimate transfer,Surat,Routine payment
TX1890,CASE040,2025-11-19T14:40:00,ACC0352,ACC0206,6012,legitimate transfer,Delhi,Routine payment
TX1891,CASE040,2025-11-25T14:40:00,ACC0550,ACC0598,3400,legitimate transfer,Surat,Routine payment
TX1892,CASE040,2025-12-08T14:40:00,ACC0709,ACC0006,5956,legitimate transfer,Surat,Routine payment
TX1893,CASE040,2025-11-17T14:40:00,ACC0750,ACC0645,4317,legitimate transfer,Jaipur,Routine payment
TX1894,CASE040,2025-12-12T14:40:00,ACC0780,ACC0099,14595,legitimate transfer,Faridabad,Routine payment
TX1895,CASE040,2025-11-23T14:40:00,ACC0001,ACC0038,3878,legitimate transfer,Bhopal,Routine payment
TX1896,CASE040,2025-12-11T14:40:00,ACC0060,ACC0406,5008,legitimate transfer,Surat,Routine payment
TX1897,CASE040,2025-11-13T14:40:00,ACC0426,ACC0180,14320,legitimate transfer,Chandigarh,Routine payment
TX1898,CASE040,2025-11-17T14:40:00,ACC0636,ACC0726,7012,legitimate transfer,Bengaluru,Routine payment
TX1899,CASE040,2025-12-04T14:40:00,ACC0240,ACC0473,4806,legitimate transfer,Kolkata,Routine payment
TX1900,CASE040,2025-11-30T14:40:00,ACC0737,ACC0620,10279,legitimate transfer,Surat,Routine payment
TX1901,CASE040,2025-12-03T14:40:00,ACC0092,ACC0491,18517,legitimate transfer,Jaipur,Routine payment
TX1902,CASE041,2025-06-04T14:25:00,ACC0033,ACC0770,150000,transfer,Chennai,Fund transfer
TX1903,CASE041,2025-06-04T14:25:00,ACC0770,ACC0492,150000,transfer,Chennai,Fund transfer
TX1904,CASE041,2025-06-04T14:25:00,ACC0492,ACC0682,49500,transfer,Chennai,Fund transfer
TX1905,CASE041,2025-05-29T14:25:00,ACC0019,ACC0630,805,legitimate transfer,Surat,Routine payment
TX1906,CASE041,2025-05-23T14:25:00,ACC0658,ACC0616,14003,legitimate transfer,Faridabad,Routine payment
TX1907,CASE041,2025-05-23T14:25:00,ACC0762,ACC0570,736,legitimate transfer,Indore,Routine payment
TX1908,CASE041,2025-05-25T14:25:00,ACC0541,ACC0749,2781,legitimate transfer,Ludhiana,Routine payment
TX1909,CASE041,2025-06-06T14:25:00,ACC0192,ACC0086,957,legitimate transfer,Ludhiana,Routine payment
TX1910,CASE041,2025-06-05T14:25:00,ACC0566,ACC0617,3933,legitimate transfer,Ghaziabad,Routine payment
TX1911,CASE041,2025-05-15T14:25:00,ACC0792,ACC0574,12699,legitimate transfer,Jaipur,Routine payment
TX1912,CASE041,2025-05-19T14:25:00,ACC0147,ACC0335,15425,legitimate transfer,Chennai,Routine payment
TX1913,CASE041,2025-05-22T14:25:00,ACC0367,ACC0321,2781,legitimate transfer,Faridabad,Routine payment
TX1914,CASE041,2025-05-27T14:25:00,ACC0226,ACC0493,6098,legitimate transfer,Kanpur,Routine payment
TX1915,CASE041,2025-05-30T14:25:00,ACC0274,ACC0459,13245,legitimate transfer,Dehradun,Routine payment
TX1916,CASE041,2025-05-17T14:25:00,ACC0483,ACC0564,2826,legitimate transfer,Kolkata,Routine payment
TX1917,CASE041,2025-06-05T14:25:00,ACC0216,ACC0203,17488,legitimate transfer,Dehradun,Routine payment
TX1918,CASE041,2025-05-27T14:25:00,ACC0487,ACC0299,17895,legitimate transfer,Lucknow,Routine payment
TX1919,CASE041,2025-05-11T14:25:00,ACC0183,ACC0634,10594,legitimate transfer,Chennai,Routine payment
TX1920,CASE041,2025-05-13T14:25:00,ACC0287,ACC0164,2706,legitimate transfer,Noida,Routine payment
TX1921,CASE041,2025-05-23T14:25:00,ACC0595,ACC0589,14529,legitimate transfer,Kolkata,Routine payment
TX1922,CASE041,2025-05-16T14:25:00,ACC0333,ACC0131,14338,legitimate transfer,Faridabad,Routine payment
TX1923,CASE041,2025-05-20T14:25:00,ACC0142,ACC0720,5590,legitimate transfer,Agra,Routine payment
TX1924,CASE041,2025-05-20T14:25:00,ACC0163,ACC0296,19364,legitimate transfer,Chennai,Routine payment
TX1925,CASE041,2025-05-27T14:25:00,ACC0459,ACC0488,3203,legitimate transfer,Patna,Routine payment
TX1926,CASE041,2025-05-30T14:25:00,ACC0035,ACC0075,15836,legitimate transfer,Kolkata,Routine payment
TX1927,CASE041,2025-05-22T14:25:00,ACC0269,ACC0362,16300,legitimate transfer,Noida,Routine payment
TX1928,CASE041,2025-05-11T14:25:00,ACC0431,ACC0701,10162,legitimate transfer,Delhi,Routine payment
TX1929,CASE041,2025-05-30T14:25:00,ACC0721,ACC0654,16648,legitimate transfer,Delhi,Routine payment
TX1930,CASE041,2025-05-15T14:25:00,ACC0447,ACC0343,4962,legitimate transfer,Ghaziabad,Routine payment
TX1931,CASE041,2025-05-27T14:25:00,ACC0696,ACC0112,4335,legitimate transfer,Agra,Routine payment
TX1932,CASE041,2025-05-12T14:25:00,ACC0311,ACC0092,18681,legitimate transfer,Dehradun,Routine payment
TX1933,CASE041,2025-05-28T14:25:00,ACC0306,ACC0494,4356,legitimate transfer,Bengaluru,Routine payment
TX1934,CASE041,2025-05-08T14:25:00,ACC0430,ACC0368,16332,legitimate transfer,Patna,Routine payment
TX1935,CASE041,2025-05-23T14:25:00,ACC0389,ACC0158,10034,legitimate transfer,Jaipur,Routine payment
TX1936,CASE041,2025-05-13T14:25:00,ACC0129,ACC0204,4246,legitimate transfer,Agra,Routine payment
TX1937,CASE041,2025-05-10T14:25:00,ACC0656,ACC0340,4034,legitimate transfer,Pune,Routine payment
TX1938,CASE041,2025-05-16T14:25:00,ACC0714,ACC0669,2908,legitimate transfer,Ranchi,Routine payment
TX1939,CASE041,2025-05-14T14:25:00,ACC0142,ACC0116,765,legitimate transfer,Ludhiana,Routine payment
TX1940,CASE041,2025-05-14T14:25:00,ACC0140,ACC0459,3462,legitimate transfer,Ludhiana,Routine payment
TX1941,CASE041,2025-06-03T14:25:00,ACC0470,ACC0315,13405,legitimate transfer,Noida,Routine payment
TX1942,CASE041,2025-05-23T14:25:00,ACC0620,ACC0531,10047,legitimate transfer,Bhubaneswar,Routine payment
TX1943,CASE041,2025-05-28T14:25:00,ACC0534,ACC0420,11386,legitimate transfer,Lucknow,Routine payment
TX1944,CASE041,2025-05-07T14:25:00,ACC0071,ACC0343,5703,legitimate transfer,Gurugram,Routine payment
TX1945,CASE041,2025-05-17T14:25:00,ACC0714,ACC0266,11410,legitimate transfer,Bengaluru,Routine payment
TX1946,CASE041,2025-05-16T14:25:00,ACC0398,ACC0299,13506,legitimate transfer,Chandigarh,Routine payment
TX1947,CASE041,2025-05-07T14:25:00,ACC0663,ACC0224,14749,legitimate transfer,Bengaluru,Routine payment
TX1948,CASE041,2025-05-29T14:25:00,ACC0033,ACC0289,1331,legitimate transfer,Ranchi,Routine payment
TX1949,CASE041,2025-05-22T14:25:00,ACC0322,ACC0305,2181,legitimate transfer,Ludhiana,Routine payment
TX1950,CASE042,2025-07-31T21:53:00,ACC0464,ACC0718,49500,transfer,Mumbai,Fund transfer
TX1951,CASE042,2025-07-31T21:53:00,ACC0718,ACC0585,150000,transfer,Mumbai,Fund transfer
TX1952,CASE042,2025-07-27T21:53:00,ACC0585,ACC0347,82000,transfer,Mumbai,Fund transfer
TX1953,CASE042,2025-07-30T21:53:00,ACC0347,ACC0217,82000,transfer,Mumbai,Fund transfer
TX1954,CASE042,2025-07-27T21:53:00,ACC0043,ACC0173,16208,legitimate transfer,Dehradun,Routine payment
TX1955,CASE042,2025-07-27T21:53:00,ACC0401,ACC0586,15562,legitimate transfer,Bhubaneswar,Routine payment
TX1956,CASE042,2025-07-29T21:53:00,ACC0402,ACC0114,12345,legitimate transfer,Ahmedabad,Routine payment
TX1957,CASE042,2025-07-20T21:53:00,ACC0371,ACC0245,8168,legitimate transfer,Haridwar,Routine payment
TX1958,CASE042,2025-07-14T21:53:00,ACC0219,ACC0007,14823,legitimate transfer,Kanpur,Routine payment
TX1959,CASE042,2025-07-22T21:53:00,ACC0073,ACC0679,14143,legitimate transfer,Faridabad,Routine payment
TX1960,CASE042,2025-07-31T21:53:00,ACC0146,ACC0261,14312,legitimate transfer,Ghaziabad,Routine payment
TX1961,CASE042,2025-07-12T21:53:00,ACC0510,ACC0642,8760,legitimate transfer,Bengaluru,Routine payment
TX1962,CASE042,2025-07-26T21:53:00,ACC0734,ACC0375,5843,legitimate transfer,Mumbai,Routine payment
TX1963,CASE042,2025-07-28T21:53:00,ACC0126,ACC0058,3178,legitimate transfer,Jaipur,Routine payment
TX1964,CASE042,2025-07-17T21:53:00,ACC0498,ACC0236,10705,legitimate transfer,Kanpur,Routine payment
TX1965,CASE042,2025-07-13T21:53:00,ACC0433,ACC0401,15284,legitimate transfer,Pune,Routine payment
TX1966,CASE042,2025-07-27T21:53:00,ACC0777,ACC0417,8527,legitimate transfer,Ahmedabad,Routine payment
TX1967,CASE042,2025-07-23T21:53:00,ACC0076,ACC0209,1353,legitimate transfer,Delhi,Routine payment
TX1968,CASE042,2025-07-28T21:53:00,ACC0485,ACC0092,15368,legitimate transfer,Ahmedabad,Routine payment
TX1969,CASE042,2025-07-18T21:53:00,ACC0391,ACC0287,18227,legitimate transfer,Kanpur,Routine payment
TX1970,CASE042,2025-07-10T21:53:00,ACC0517,ACC0145,16501,legitimate transfer,Patna,Routine payment
TX1971,CASE042,2025-07-15T21:53:00,ACC0081,ACC0227,18131,legitimate transfer,Ghaziabad,Routine payment
TX1972,CASE042,2025-07-24T21:53:00,ACC0373,ACC0138,9459,legitimate transfer,Patna,Routine payment
TX1973,CASE042,2025-07-18T21:53:00,ACC0539,ACC0416,16186,legitimate transfer,Jaipur,Routine payment
TX1974,CASE042,2025-07-25T21:53:00,ACC0491,ACC0204,4866,legitimate transfer,Amritsar,Routine payment
TX1975,CASE042,2025-07-28T21:53:00,ACC0026,ACC0141,4172,legitimate transfer,Dehradun,Routine payment
TX1976,CASE042,2025-07-08T21:53:00,ACC0769,ACC0400,10639,legitimate transfer,Ghaziabad,Routine payment
TX1977,CASE042,2025-07-06T21:53:00,ACC0279,ACC0640,11353,legitimate transfer,Pune,Routine payment
TX1978,CASE042,2025-07-31T21:53:00,ACC0723,ACC0263,3367,legitimate transfer,Ahmedabad,Routine payment
TX1979,CASE042,2025-07-18T21:53:00,ACC0483,ACC0412,5944,legitimate transfer,Kanpur,Routine payment
TX1980,CASE042,2025-07-24T21:53:00,ACC0045,ACC0209,17697,legitimate transfer,Pune,Routine payment
TX1981,CASE042,2025-07-08T21:53:00,ACC0764,ACC0715,13200,legitimate transfer,Bhubaneswar,Routine payment
TX1982,CASE042,2025-07-25T21:53:00,ACC0553,ACC0242,1386,legitimate transfer,Lucknow,Routine payment
TX1983,CASE042,2025-07-14T21:53:00,ACC0508,ACC0311,18868,legitimate transfer,Ghaziabad,Routine payment
TX1984,CASE042,2025-07-12T21:53:00,ACC0614,ACC0094,9215,legitimate transfer,Agra,Routine payment
TX1985,CASE042,2025-07-17T21:53:00,ACC0382,ACC0264,18575,legitimate transfer,Ludhiana,Routine payment
TX1986,CASE042,2025-07-14T21:53:00,ACC0431,ACC0514,4056,legitimate transfer,Ranchi,Routine payment
TX1987,CASE042,2025-07-26T21:53:00,ACC0347,ACC0641,1467,legitimate transfer,Hyderabad,Routine payment
TX1988,CASE042,2025-07-27T21:53:00,ACC0701,ACC0592,6847,legitimate transfer,Chandigarh,Routine payment
TX1989,CASE042,2025-07-11T21:53:00,ACC0795,ACC0668,7701,legitimate transfer,Agra,Routine payment
TX1990,CASE042,2025-07-15T21:53:00,ACC0780,ACC0306,10188,legitimate transfer,Chandigarh,Routine payment
TX1991,CASE042,2025-07-21T21:53:00,ACC0303,ACC0435,8766,legitimate transfer,Amritsar,Routine payment
TX1992,CASE042,2025-07-28T21:53:00,ACC0413,ACC0204,16255,legitimate transfer,Noida,Routine payment
TX1993,CASE042,2025-07-17T21:53:00,ACC0269,ACC0663,12528,legitimate transfer,Dehradun,Routine payment
TX1994,CASE042,2025-07-14T21:53:00,ACC0253,ACC0266,12539,legitimate transfer,Patna,Routine payment
TX1995,CASE042,2025-07-07T21:53:00,ACC0755,ACC0624,3566,legitimate transfer,Patna,Routine payment
TX1996,CASE042,2025-07-22T21:53:00,ACC0496,ACC0262,4460,legitimate transfer,Delhi,Routine payment
TX1997,CASE042,2025-07-18T21:53:00,ACC0447,ACC0362,8216,legitimate transfer,Jaipur,Routine payment
TX1998,CASE042,2025-07-06T21:53:00,ACC0536,ACC0414,518,legitimate transfer,Noida,Routine payment
TX1999,CASE043,2026-02-09T11:54:00,ACC0652,ACC0210,82000,transfer,Faridabad,Fund transfer
TX2000,CASE043,2026-02-09T11:54:00,ACC0210,ACC0114,82000,transfer,Faridabad,Fund transfer
TX2001,CASE043,2026-02-10T11:54:00,ACC0114,ACC0190,49500,transfer,Faridabad,Fund transfer
TX2002,CASE043,2026-02-10T11:54:00,ACC0190,ACC0077,82000,transfer,Faridabad,Fund transfer
TX2003,CASE043,2026-02-12T11:54:00,ACC0763,ACC0434,4578,legitimate transfer,Chandigarh,Routine payment
TX2004,CASE043,2026-01-27T11:54:00,ACC0153,ACC0441,9211,legitimate transfer,Ludhiana,Routine payment
TX2005,CASE043,2026-02-07T11:54:00,ACC0609,ACC0165,17892,legitimate transfer,Ghaziabad,Routine payment
TX2006,CASE043,2026-01-24T11:54:00,ACC0257,ACC0592,8127,legitimate transfer,Kolkata,Routine payment
TX2007,CASE043,2026-02-09T11:54:00,ACC0272,ACC0689,18887,legitimate transfer,Jaipur,Routine payment
TX2008,CASE043,2026-02-02T11:54:00,ACC0078,ACC0707,3236,legitimate transfer,Bhopal,Routine payment
TX2009,CASE043,2026-02-03T11:54:00,ACC0273,ACC0222,11216,legitimate transfer,Noida,Routine payment
TX2010,CASE043,2026-01-18T11:54:00,ACC0482,ACC0784,8178,legitimate transfer,Ahmedabad,Routine payment
TX2011,CASE043,2026-02-05T11:54:00,ACC0433,ACC0125,17920,legitimate transfer,Gurugram,Routine payment
TX2012,CASE043,2026-02-02T11:54:00,ACC0130,ACC0703,18902,legitimate transfer,Bhubaneswar,Routine payment
TX2013,CASE043,2026-01-14T11:54:00,ACC0305,ACC0688,8984,legitimate transfer,Haridwar,Routine payment
TX2014,CASE043,2026-01-19T11:54:00,ACC0783,ACC0314,3163,legitimate transfer,Hyderabad,Routine payment
TX2015,CASE043,2026-02-12T11:54:00,ACC0172,ACC0767,13370,legitimate transfer,Noida,Routine payment
TX2016,CASE043,2026-01-21T11:54:00,ACC0657,ACC0486,8356,legitimate transfer,Bengaluru,Routine payment
TX2017,CASE043,2026-01-22T11:54:00,ACC0323,ACC0639,12602,legitimate transfer,Chandigarh,Routine payment
TX2018,CASE043,2026-01-27T11:54:00,ACC0171,ACC0059,13608,legitimate transfer,Mumbai,Routine payment
TX2019,CASE043,2026-01-25T11:54:00,ACC0022,ACC0084,19520,legitimate transfer,Haridwar,Routine payment
TX2020,CASE043,2026-01-27T11:54:00,ACC0107,ACC0193,8324,legitimate transfer,Dehradun,Routine payment
TX2021,CASE043,2026-01-28T11:54:00,ACC0164,ACC0135,6580,legitimate transfer,Ahmedabad,Routine payment
TX2022,CASE043,2026-01-25T11:54:00,ACC0153,ACC0004,16999,legitimate transfer,Chennai,Routine payment
TX2023,CASE043,2026-01-30T11:54:00,ACC0213,ACC0277,4675,legitimate transfer,Lucknow,Routine payment
TX2024,CASE043,2026-01-17T11:54:00,ACC0688,ACC0353,4244,legitimate transfer,Agra,Routine payment
TX2025,CASE043,2026-01-31T11:54:00,ACC0463,ACC0580,2244,legitimate transfer,Ghaziabad,Routine payment
TX2026,CASE043,2026-01-19T11:54:00,ACC0612,ACC0729,5892,legitimate transfer,Ludhiana,Routine payment
TX2027,CASE043,2026-01-27T11:54:00,ACC0448,ACC0602,14381,legitimate transfer,Haridwar,Routine payment
TX2028,CASE043,2026-01-19T11:54:00,ACC0634,ACC0297,14631,legitimate transfer,Bengaluru,Routine payment
TX2029,CASE043,2026-02-09T11:54:00,ACC0196,ACC0276,19549,legitimate transfer,Indore,Routine payment
TX2030,CASE043,2026-01-23T11:54:00,ACC0742,ACC0569,2844,legitimate transfer,Ranchi,Routine payment
TX2031,CASE043,2026-01-21T11:54:00,ACC0221,ACC0401,6481,legitimate transfer,Ghaziabad,Routine payment
TX2032,CASE043,2026-01-19T11:54:00,ACC0568,ACC0189,703,legitimate transfer,Lucknow,Routine payment
TX2033,CASE043,2026-02-05T11:54:00,ACC0496,ACC0224,9021,legitimate transfer,Mumbai,Routine payment
TX2034,CASE043,2026-01-27T11:54:00,ACC0282,ACC0750,17948,legitimate transfer,Bhopal,Routine payment
TX2035,CASE043,2026-01-16T11:54:00,ACC0297,ACC0175,19273,legitimate transfer,Surat,Routine payment
TX2036,CASE043,2026-02-05T11:54:00,ACC0682,ACC0032,648,legitimate transfer,Chennai,Routine payment
TX2037,CASE043,2026-01-16T11:54:00,ACC0396,ACC0111,11208,legitimate transfer,Ludhiana,Routine payment
TX2038,CASE043,2026-02-10T11:54:00,ACC0140,ACC0526,18796,legitimate transfer,Dehradun,Routine payment
TX2039,CASE043,2026-01-26T11:54:00,ACC0681,ACC0419,8353,legitimate transfer,Surat,Routine payment
TX2040,CASE043,2026-01-30T11:54:00,ACC0763,ACC0731,16649,legitimate transfer,Hyderabad,Routine payment
TX2041,CASE043,2026-01-24T11:54:00,ACC0017,ACC0583,16684,legitimate transfer,Gurugram,Routine payment
TX2042,CASE043,2026-01-30T11:54:00,ACC0514,ACC0557,16216,legitimate transfer,Lucknow,Routine payment
TX2043,CASE043,2026-01-31T11:54:00,ACC0447,ACC0218,3051,legitimate transfer,Faridabad,Routine payment
TX2044,CASE043,2026-02-01T11:54:00,ACC0680,ACC0593,12363,legitimate transfer,Agra,Routine payment
TX2045,CASE043,2026-01-27T11:54:00,ACC0220,ACC0578,16444,legitimate transfer,Patna,Routine payment
TX2046,CASE043,2026-02-08T11:54:00,ACC0054,ACC0519,14514,legitimate transfer,Bengaluru,Routine payment
TX2047,CASE043,2026-02-03T11:54:00,ACC0529,ACC0409,14523,legitimate transfer,Ranchi,Routine payment
TX2048,CASE044,2026-01-15T06:34:00,ACC0277,ACC0301,235000,transfer,Lucknow,Fund transfer
TX2049,CASE044,2026-01-12T06:34:00,ACC0301,ACC0312,235000,transfer,Lucknow,Fund transfer
TX2050,CASE044,2026-01-13T06:34:00,ACC0312,ACC0460,49500,transfer,Lucknow,Fund transfer
TX2051,CASE044,2026-01-14T06:34:00,ACC0460,ACC0249,49500,transfer,Lucknow,Fund transfer
TX2052,CASE044,2025-12-28T06:34:00,ACC0722,ACC0147,10144,legitimate transfer,Jaipur,Routine payment
TX2053,CASE044,2026-01-13T06:34:00,ACC0611,ACC0193,13057,legitimate transfer,Lucknow,Routine payment
TX2054,CASE044,2026-01-03T06:34:00,ACC0084,ACC0310,19245,legitimate transfer,Ghaziabad,Routine payment
TX2055,CASE044,2025-12-28T06:34:00,ACC0289,ACC0003,7950,legitimate transfer,Surat,Routine payment
TX2056,CASE044,2026-01-13T06:34:00,ACC0316,ACC0031,15465,legitimate transfer,Ludhiana,Routine payment
TX2057,CASE044,2026-01-02T06:34:00,ACC0040,ACC0432,788,legitimate transfer,Noida,Routine payment
TX2058,CASE044,2025-12-24T06:34:00,ACC0127,ACC0633,5326,legitimate transfer,Haridwar,Routine payment
TX2059,CASE044,2025-12-18T06:34:00,ACC0062,ACC0402,1276,legitimate transfer,Jaipur,Routine payment
TX2060,CASE044,2026-01-13T06:34:00,ACC0308,ACC0750,13785,legitimate transfer,Bhubaneswar,Routine payment
TX2061,CASE044,2026-01-06T06:34:00,ACC0018,ACC0111,9507,legitimate transfer,Mumbai,Routine payment
TX2062,CASE044,2026-01-03T06:34:00,ACC0432,ACC0516,11141,legitimate transfer,Bhopal,Routine payment
TX2063,CASE044,2026-01-06T06:34:00,ACC0074,ACC0314,2271,legitimate transfer,Surat,Routine payment
TX2064,CASE044,2025-12-31T06:34:00,ACC0426,ACC0308,6195,legitimate transfer,Gurugram,Routine payment
TX2065,CASE044,2026-01-08T06:34:00,ACC0134,ACC0286,763,legitimate transfer,Bhopal,Routine payment
TX2066,CASE044,2025-12-22T06:34:00,ACC0219,ACC0368,1470,legitimate transfer,Gurugram,Routine payment
TX2067,CASE044,2026-01-17T06:34:00,ACC0224,ACC0659,12971,legitimate transfer,Delhi,Routine payment
TX2068,CASE044,2025-12-19T06:34:00,ACC0207,ACC0567,3449,legitimate transfer,Chennai,Routine payment
TX2069,CASE044,2026-01-03T06:34:00,ACC0148,ACC0322,3038,legitimate transfer,Ahmedabad,Routine payment
TX2070,CASE044,2026-01-15T06:34:00,ACC0022,ACC0490,2288,legitimate transfer,Chennai,Routine payment
TX2071,CASE044,2025-12-24T06:34:00,ACC0560,ACC0384,12372,legitimate transfer,Haridwar,Routine payment
TX2072,CASE044,2026-01-01T06:34:00,ACC0432,ACC0774,6486,legitimate transfer,Patna,Routine payment
TX2073,CASE044,2026-01-07T06:34:00,ACC0421,ACC0319,2545,legitimate transfer,Haridwar,Routine payment
TX2074,CASE044,2026-01-01T06:34:00,ACC0095,ACC0553,5666,legitimate transfer,Ludhiana,Routine payment
TX2075,CASE044,2025-12-19T06:34:00,ACC0697,ACC0525,13610,legitimate transfer,Delhi,Routine payment
TX2076,CASE044,2025-12-28T06:34:00,ACC0180,ACC0438,11817,legitimate transfer,Chandigarh,Routine payment
TX2077,CASE044,2025-12-19T06:34:00,ACC0785,ACC0667,19933,legitimate transfer,Pune,Routine payment
TX2078,CASE044,2026-01-11T06:34:00,ACC0627,ACC0347,19109,legitimate transfer,Dehradun,Routine payment
TX2079,CASE044,2025-12-29T06:34:00,ACC0428,ACC0519,18647,legitimate transfer,Ahmedabad,Routine payment
TX2080,CASE044,2025-12-26T06:34:00,ACC0459,ACC0576,12961,legitimate transfer,Faridabad,Routine payment
TX2081,CASE044,2025-12-30T06:34:00,ACC0379,ACC0182,11475,legitimate transfer,Ludhiana,Routine payment
TX2082,CASE044,2026-01-04T06:34:00,ACC0254,ACC0084,12703,legitimate transfer,Bhopal,Routine payment
TX2083,CASE044,2025-12-28T06:34:00,ACC0117,ACC0234,4123,legitimate transfer,Surat,Routine payment
TX2084,CASE044,2025-12-23T06:34:00,ACC0561,ACC0142,9928,legitimate transfer,Chandigarh,Routine payment
TX2085,CASE044,2026-01-15T06:34:00,ACC0515,ACC0100,11163,legitimate transfer,Bhopal,Routine payment
TX2086,CASE044,2026-01-10T06:34:00,ACC0445,ACC0343,12081,legitimate transfer,Delhi,Routine payment
TX2087,CASE044,2025-12-19T06:34:00,ACC0484,ACC0148,14450,legitimate transfer,Hyderabad,Routine payment
TX2088,CASE044,2026-01-06T06:34:00,ACC0786,ACC0778,15197,legitimate transfer,Hyderabad,Routine payment
TX2089,CASE044,2025-12-29T06:34:00,ACC0722,ACC0388,2502,legitimate transfer,Lucknow,Routine payment
TX2090,CASE044,2026-01-06T06:34:00,ACC0174,ACC0343,18698,legitimate transfer,Kolkata,Routine payment
TX2091,CASE044,2026-01-13T06:34:00,ACC0462,ACC0233,6837,legitimate transfer,Faridabad,Routine payment
TX2092,CASE044,2025-12-27T06:34:00,ACC0020,ACC0423,1064,legitimate transfer,Haridwar,Routine payment
TX2093,CASE044,2025-12-23T06:34:00,ACC0640,ACC0232,11001,legitimate transfer,Kanpur,Routine payment
TX2094,CASE044,2025-12-30T06:34:00,ACC0104,ACC0620,16320,legitimate transfer,Ludhiana,Routine payment
TX2095,CASE044,2025-12-20T06:34:00,ACC0506,ACC0778,9846,legitimate transfer,Lucknow,Routine payment
TX2096,CASE044,2025-12-30T06:34:00,ACC0433,ACC0532,7759,legitimate transfer,Lucknow,Routine payment
TX2097,CASE045,2025-11-28T15:01:00,ACC0189,ACC0131,150000,transfer,Amritsar,Fund transfer
TX2098,CASE045,2025-11-28T15:01:00,ACC0131,ACC0720,235000,transfer,Amritsar,Fund transfer
TX2099,CASE045,2025-11-19T15:01:00,ACC0191,ACC0476,16029,legitimate transfer,Amritsar,Routine payment
TX2100,CASE045,2025-12-03T15:01:00,ACC0593,ACC0442,13634,legitimate transfer,Haridwar,Routine payment
TX2101,CASE045,2025-11-16T15:01:00,ACC0253,ACC0753,8754,legitimate transfer,Hyderabad,Routine payment
TX2102,CASE045,2025-12-03T15:01:00,ACC0038,ACC0504,1668,legitimate transfer,Ghaziabad,Routine payment
TX2103,CASE045,2025-11-19T15:01:00,ACC0364,ACC0193,16888,legitimate transfer,Indore,Routine payment
TX2104,CASE045,2025-11-18T15:01:00,ACC0195,ACC0311,18876,legitimate transfer,Surat,Routine payment
TX2105,CASE045,2025-12-03T15:01:00,ACC0609,ACC0551,11214,legitimate transfer,Ludhiana,Routine payment
TX2106,CASE045,2025-11-23T15:01:00,ACC0527,ACC0483,6900,legitimate transfer,Lucknow,Routine payment
TX2107,CASE045,2025-11-18T15:01:00,ACC0137,ACC0162,6377,legitimate transfer,Noida,Routine payment
TX2108,CASE045,2025-11-03T15:01:00,ACC0599,ACC0620,17951,legitimate transfer,Haridwar,Routine payment
TX2109,CASE045,2025-11-09T15:01:00,ACC0650,ACC0258,4163,legitimate transfer,Dehradun,Routine payment
TX2110,CASE045,2025-11-17T15:01:00,ACC0419,ACC0374,10421,legitimate transfer,Chandigarh,Routine payment
TX2111,CASE045,2025-11-20T15:01:00,ACC0699,ACC0422,1943,legitimate transfer,Faridabad,Routine payment
TX2112,CASE045,2025-11-04T15:01:00,ACC0698,ACC0227,5664,legitimate transfer,Bhubaneswar,Routine payment
TX2113,CASE045,2025-11-13T15:01:00,ACC0738,ACC0502,6164,legitimate transfer,Kolkata,Routine payment
TX2114,CASE045,2025-11-24T15:01:00,ACC0233,ACC0586,8625,legitimate transfer,Chandigarh,Routine payment
TX2115,CASE045,2025-11-23T15:01:00,ACC0278,ACC0393,830,legitimate transfer,Delhi,Routine payment
TX2116,CASE045,2025-11-27T15:01:00,ACC0042,ACC0645,17705,legitimate transfer,Patna,Routine payment
TX2117,CASE045,2025-11-24T15:01:00,ACC0542,ACC0778,15488,legitimate transfer,Haridwar,Routine payment
TX2118,CASE045,2025-12-02T15:01:00,ACC0172,ACC0424,11092,legitimate transfer,Ludhiana,Routine payment
TX2119,CASE045,2025-11-05T15:01:00,ACC0345,ACC0455,4727,legitimate transfer,Jaipur,Routine payment
TX2120,CASE045,2025-11-07T15:01:00,ACC0469,ACC0111,17127,legitimate transfer,Bhopal,Routine payment
TX2121,CASE045,2025-11-14T15:01:00,ACC0126,ACC0672,6352,legitimate transfer,Haridwar,Routine payment
TX2122,CASE045,2025-11-12T15:01:00,ACC0249,ACC0393,12724,legitimate transfer,Ahmedabad,Routine payment
TX2123,CASE045,2025-11-05T15:01:00,ACC0692,ACC0486,2772,legitimate transfer,Ghaziabad,Routine payment
TX2124,CASE045,2025-11-28T15:01:00,ACC0105,ACC0464,2188,legitimate transfer,Agra,Routine payment
TX2125,CASE045,2025-11-09T15:01:00,ACC0454,ACC0272,10734,legitimate transfer,Bhubaneswar,Routine payment
TX2126,CASE045,2025-11-24T15:01:00,ACC0435,ACC0198,15410,legitimate transfer,Ghaziabad,Routine payment
TX2127,CASE045,2025-11-15T15:01:00,ACC0413,ACC0491,12881,legitimate transfer,Indore,Routine payment
TX2128,CASE045,2025-11-07T15:01:00,ACC0463,ACC0671,16096,legitimate transfer,Pune,Routine payment
TX2129,CASE045,2025-11-12T15:01:00,ACC0091,ACC0237,18838,legitimate transfer,Agra,Routine payment
TX2130,CASE045,2025-11-08T15:01:00,ACC0639,ACC0569,8795,legitimate transfer,Pune,Routine payment
TX2131,CASE045,2025-12-02T15:01:00,ACC0551,ACC0474,17717,legitimate transfer,Haridwar,Routine payment
TX2132,CASE045,2025-11-17T15:01:00,ACC0685,ACC0715,14874,legitimate transfer,Ghaziabad,Routine payment
TX2133,CASE045,2025-11-16T15:01:00,ACC0362,ACC0398,5914,legitimate transfer,Patna,Routine payment
TX2134,CASE045,2025-11-24T15:01:00,ACC0773,ACC0041,3561,legitimate transfer,Amritsar,Routine payment
TX2135,CASE045,2025-11-05T15:01:00,ACC0434,ACC0073,9409,legitimate transfer,Bengaluru,Routine payment
TX2136,CASE045,2025-11-18T15:01:00,ACC0676,ACC0437,11389,legitimate transfer,Patna,Routine payment
TX2137,CASE045,2025-12-01T15:01:00,ACC0114,ACC0350,10463,legitimate transfer,Amritsar,Routine payment
TX2138,CASE045,2025-11-12T15:01:00,ACC0512,ACC0163,8848,legitimate transfer,Chandigarh,Routine payment
TX2139,CASE045,2025-11-03T15:01:00,ACC0396,ACC0043,13748,legitimate transfer,Jaipur,Routine payment
TX2140,CASE045,2025-11-17T15:01:00,ACC0364,ACC0476,11521,legitimate transfer,Agra,Routine payment
TX2141,CASE045,2025-11-25T15:01:00,ACC0502,ACC0013,1162,legitimate transfer,Pune,Routine payment
TX2142,CASE045,2025-11-19T15:01:00,ACC0711,ACC0755,17997,legitimate transfer,Chennai,Routine payment
TX2143,CASE045,2025-11-13T15:01:00,ACC0467,ACC0263,6047,legitimate transfer,Indore,Routine payment
TX2144,CASE046,2025-08-24T12:57:00,ACC0756,ACC0211,82000,transfer,Lucknow,Fund transfer
TX2145,CASE046,2025-08-22T12:57:00,ACC0211,ACC0588,235000,transfer,Lucknow,Fund transfer
TX2146,CASE046,2025-07-28T12:57:00,ACC0303,ACC0762,17055,legitimate transfer,Hyderabad,Routine payment
TX2147,CASE046,2025-08-02T12:57:00,ACC0554,ACC0655,7699,legitimate transfer,Bengaluru,Routine payment
TX2148,CASE046,2025-08-18T12:57:00,ACC0037,ACC0532,10623,legitimate transfer,Ghaziabad,Routine payment
TX2149,CASE046,2025-07-31T12:57:00,ACC0447,ACC0585,2016,legitimate transfer,Bengaluru,Routine payment
TX2150,CASE046,2025-08-11T12:57:00,ACC0023,ACC0766,5476,legitimate transfer,Bhubaneswar,Routine payment
TX2151,CASE046,2025-08-11T12:57:00,ACC0519,ACC0554,2727,legitimate transfer,Agra,Routine payment
TX2152,CASE046,2025-08-03T12:57:00,ACC0416,ACC0526,6791,legitimate transfer,Ludhiana,Routine payment
TX2153,CASE046,2025-08-05T12:57:00,ACC0484,ACC0039,12152,legitimate transfer,Faridabad,Routine payment
TX2154,CASE046,2025-08-06T12:57:00,ACC0164,ACC0485,15149,legitimate transfer,Chandigarh,Routine payment
TX2155,CASE046,2025-08-23T12:57:00,ACC0110,ACC0319,4230,legitimate transfer,Hyderabad,Routine payment
TX2156,CASE046,2025-08-01T12:57:00,ACC0425,ACC0288,9528,legitimate transfer,Ghaziabad,Routine payment
TX2157,CASE046,2025-08-21T12:57:00,ACC0037,ACC0548,18101,legitimate transfer,Kolkata,Routine payment
TX2158,CASE046,2025-07-28T12:57:00,ACC0242,ACC0148,13933,legitimate transfer,Amritsar,Routine payment
TX2159,CASE046,2025-08-05T12:57:00,ACC0487,ACC0048,19200,legitimate transfer,Dehradun,Routine payment
TX2160,CASE046,2025-08-22T12:57:00,ACC0779,ACC0294,6138,legitimate transfer,Ludhiana,Routine payment
TX2161,CASE046,2025-08-03T12:57:00,ACC0073,ACC0709,10949,legitimate transfer,Surat,Routine payment
TX2162,CASE046,2025-08-08T12:57:00,ACC0441,ACC0616,16035,legitimate transfer,Ghaziabad,Routine payment
TX2163,CASE046,2025-08-15T12:57:00,ACC0020,ACC0454,10297,legitimate transfer,Gurugram,Routine payment
TX2164,CASE046,2025-07-27T12:57:00,ACC0395,ACC0800,13518,legitimate transfer,Kanpur,Routine payment
TX2165,CASE046,2025-07-30T12:57:00,ACC0235,ACC0799,7052,legitimate transfer,Pune,Routine payment
TX2166,CASE046,2025-08-15T12:57:00,ACC0796,ACC0177,17604,legitimate transfer,Amritsar,Routine payment
TX2167,CASE046,2025-08-21T12:57:00,ACC0401,ACC0450,10255,legitimate transfer,Pune,Routine payment
TX2168,CASE046,2025-08-14T12:57:00,ACC0033,ACC0028,6624,legitimate transfer,Ludhiana,Routine payment
TX2169,CASE046,2025-08-10T12:57:00,ACC0493,ACC0274,10047,legitimate transfer,Mumbai,Routine payment
TX2170,CASE046,2025-08-16T12:57:00,ACC0009,ACC0209,968,legitimate transfer,Ludhiana,Routine payment
TX2171,CASE046,2025-07-30T12:57:00,ACC0134,ACC0543,2593,legitimate transfer,Hyderabad,Routine payment
TX2172,CASE046,2025-08-20T12:57:00,ACC0450,ACC0640,4193,legitimate transfer,Kanpur,Routine payment
TX2173,CASE046,2025-08-07T12:57:00,ACC0479,ACC0651,7162,legitimate transfer,Mumbai,Routine payment
TX2174,CASE046,2025-07-28T12:57:00,ACC0297,ACC0596,7550,legitimate transfer,Faridabad,Routine payment
TX2175,CASE046,2025-08-24T12:57:00,ACC0398,ACC0244,7666,legitimate transfer,Jaipur,Routine payment
TX2176,CASE046,2025-08-19T12:57:00,ACC0686,ACC0302,7351,legitimate transfer,Patna,Routine payment
TX2177,CASE046,2025-08-20T12:57:00,ACC0196,ACC0135,10359,legitimate transfer,Kolkata,Routine payment
TX2178,CASE046,2025-08-25T12:57:00,ACC0253,ACC0051,1915,legitimate transfer,Gurugram,Routine payment
TX2179,CASE046,2025-08-26T12:57:00,ACC0497,ACC0424,2357,legitimate transfer,Indore,Routine payment
TX2180,CASE046,2025-08-19T12:57:00,ACC0185,ACC0337,12312,legitimate transfer,Amritsar,Routine payment
TX2181,CASE046,2025-08-18T12:57:00,ACC0269,ACC0571,952,legitimate transfer,Chandigarh,Routine payment
TX2182,CASE046,2025-08-04T12:57:00,ACC0574,ACC0726,12506,legitimate transfer,Gurugram,Routine payment
TX2183,CASE046,2025-08-07T12:57:00,ACC0323,ACC0032,19176,legitimate transfer,Patna,Routine payment
TX2184,CASE046,2025-08-14T12:57:00,ACC0309,ACC0241,17469,legitimate transfer,Surat,Routine payment
TX2185,CASE046,2025-08-18T12:57:00,ACC0694,ACC0131,6837,legitimate transfer,Lucknow,Routine payment
TX2186,CASE046,2025-07-28T12:57:00,ACC0612,ACC0584,17686,legitimate transfer,Hyderabad,Routine payment
TX2187,CASE046,2025-08-25T12:57:00,ACC0766,ACC0723,14100,legitimate transfer,Delhi,Routine payment
TX2188,CASE046,2025-08-16T12:57:00,ACC0103,ACC0771,2971,legitimate transfer,Ludhiana,Routine payment
TX2189,CASE046,2025-08-23T12:57:00,ACC0017,ACC0393,2955,legitimate transfer,Faridabad,Routine payment
TX2190,CASE046,2025-08-17T12:57:00,ACC0689,ACC0110,15036,legitimate transfer,Delhi,Routine payment
TX2191,CASE047,2025-07-05T14:09:00,ACC0588,ACC0187,150000,transfer,Surat,Fund transfer
TX2192,CASE047,2025-07-01T14:09:00,ACC0187,ACC0373,82000,transfer,Surat,Fund transfer
TX2193,CASE047,2025-07-04T14:09:00,ACC0373,ACC0773,49500,transfer,Surat,Fund transfer
TX2194,CASE047,2025-06-08T14:09:00,ACC0353,ACC0570,10239,legitimate transfer,Delhi,Routine payment
TX2195,CASE047,2025-06-23T14:09:00,ACC0792,ACC0655,10692,legitimate transfer,Delhi,Routine payment
TX2196,CASE047,2025-07-05T14:09:00,ACC0195,ACC0672,15542,legitimate transfer,Haridwar,Routine payment
TX2197,CASE047,2025-06-14T14:09:00,ACC0568,ACC0642,16555,legitimate transfer,Ludhiana,Routine payment
TX2198,CASE047,2025-06-18T14:09:00,ACC0470,ACC0552,5558,legitimate transfer,Patna,Routine payment
TX2199,CASE047,2025-07-04T14:09:00,ACC0528,ACC0341,10106,legitimate transfer,Gurugram,Routine payment
TX2200,CASE047,2025-06-20T14:09:00,ACC0286,ACC0160,8404,legitimate transfer,Ranchi,Routine payment
TX2201,CASE047,2025-07-01T14:09:00,ACC0222,ACC0697,1295,legitimate transfer,Bhopal,Routine payment
TX2202,CASE047,2025-06-24T14:09:00,ACC0212,ACC0445,12029,legitimate transfer,Faridabad,Routine payment
TX2203,CASE047,2025-06-12T14:09:00,ACC0279,ACC0193,12667,legitimate transfer,Hyderabad,Routine payment
TX2204,CASE047,2025-06-11T14:09:00,ACC0006,ACC0622,14009,legitimate transfer,Gurugram,Routine payment
TX2205,CASE047,2025-06-26T14:09:00,ACC0682,ACC0126,11581,legitimate transfer,Dehradun,Routine payment
TX2206,CASE047,2025-06-15T14:09:00,ACC0031,ACC0270,3228,legitimate transfer,Bhubaneswar,Routine payment
TX2207,CASE047,2025-06-11T14:09:00,ACC0553,ACC0361,14740,legitimate transfer,Mumbai,Routine payment
TX2208,CASE047,2025-06-22T14:09:00,ACC0443,ACC0537,16760,legitimate transfer,Ghaziabad,Routine payment
TX2209,CASE047,2025-06-25T14:09:00,ACC0347,ACC0662,16440,legitimate transfer,Ghaziabad,Routine payment
TX2210,CASE047,2025-06-29T14:09:00,ACC0101,ACC0183,18921,legitimate transfer,Indore,Routine payment
TX2211,CASE047,2025-06-12T14:09:00,ACC0491,ACC0747,9188,legitimate transfer,Ranchi,Routine payment
TX2212,CASE047,2025-06-21T14:09:00,ACC0469,ACC0767,9670,legitimate transfer,Delhi,Routine payment
TX2213,CASE047,2025-06-23T14:09:00,ACC0611,ACC0051,4644,legitimate transfer,Chennai,Routine payment
TX2214,CASE047,2025-07-03T14:09:00,ACC0542,ACC0566,12804,legitimate transfer,Amritsar,Routine payment
TX2215,CASE047,2025-06-27T14:09:00,ACC0095,ACC0119,9668,legitimate transfer,Patna,Routine payment
TX2216,CASE047,2025-06-15T14:09:00,ACC0387,ACC0207,11540,legitimate transfer,Ghaziabad,Routine payment
TX2217,CASE047,2025-07-04T14:09:00,ACC0292,ACC0459,6760,legitimate transfer,Kanpur,Routine payment
TX2218,CASE047,2025-06-18T14:09:00,ACC0483,ACC0534,14076,legitimate transfer,Patna,Routine payment
TX2219,CASE047,2025-06-20T14:09:00,ACC0732,ACC0090,16718,legitimate transfer,Ahmedabad,Routine payment
TX2220,CASE047,2025-06-25T14:09:00,ACC0782,ACC0294,19530,legitimate transfer,Haridwar,Routine payment
TX2221,CASE047,2025-06-18T14:09:00,ACC0271,ACC0465,6249,legitimate transfer,Faridabad,Routine payment
TX2222,CASE047,2025-07-05T14:09:00,ACC0780,ACC0179,7916,legitimate transfer,Kolkata,Routine payment
TX2223,CASE047,2025-06-30T14:09:00,ACC0693,ACC0409,9209,legitimate transfer,Noida,Routine payment
TX2224,CASE047,2025-06-30T14:09:00,ACC0597,ACC0208,12739,legitimate transfer,Gurugram,Routine payment
TX2225,CASE047,2025-06-18T14:09:00,ACC0535,ACC0223,12299,legitimate transfer,Haridwar,Routine payment
TX2226,CASE047,2025-07-02T14:09:00,ACC0373,ACC0498,13632,legitimate transfer,Kanpur,Routine payment
TX2227,CASE047,2025-07-01T14:09:00,ACC0628,ACC0637,19510,legitimate transfer,Bhopal,Routine payment
TX2228,CASE047,2025-06-24T14:09:00,ACC0402,ACC0209,18578,legitimate transfer,Bengaluru,Routine payment
TX2229,CASE047,2025-06-29T14:09:00,ACC0230,ACC0063,11167,legitimate transfer,Surat,Routine payment
TX2230,CASE047,2025-06-29T14:09:00,ACC0055,ACC0213,4428,legitimate transfer,Pune,Routine payment
TX2231,CASE047,2025-06-25T14:09:00,ACC0625,ACC0577,17481,legitimate transfer,Indore,Routine payment
TX2232,CASE047,2025-06-12T14:09:00,ACC0325,ACC0648,3717,legitimate transfer,Chandigarh,Routine payment
TX2233,CASE047,2025-06-29T14:09:00,ACC0135,ACC0081,3505,legitimate transfer,Indore,Routine payment
TX2234,CASE047,2025-06-08T14:09:00,ACC0052,ACC0568,8353,legitimate transfer,Jaipur,Routine payment
TX2235,CASE047,2025-06-27T14:09:00,ACC0605,ACC0660,7444,legitimate transfer,Patna,Routine payment
TX2236,CASE047,2025-07-05T14:09:00,ACC0692,ACC0059,14016,legitimate transfer,Bhubaneswar,Routine payment
TX2237,CASE047,2025-06-29T14:09:00,ACC0130,ACC0617,11297,legitimate transfer,Lucknow,Routine payment
TX2238,CASE047,2025-06-10T14:09:00,ACC0284,ACC0162,15534,legitimate transfer,Delhi,Routine payment
TX2239,CASE048,2026-03-28T11:23:00,ACC0228,ACC0536,150000,transfer,Ahmedabad,Fund transfer
TX2240,CASE048,2026-03-28T11:23:00,ACC0536,ACC0676,49500,transfer,Ahmedabad,Fund transfer
TX2241,CASE048,2026-03-27T11:23:00,ACC0676,ACC0072,49500,transfer,Ahmedabad,Fund transfer
TX2242,CASE048,2026-03-28T11:23:00,ACC0072,ACC0603,82000,transfer,Ahmedabad,Fund transfer
TX2243,CASE048,2026-03-13T11:23:00,ACC0180,ACC0587,10390,legitimate transfer,Faridabad,Routine payment
TX2244,CASE048,2026-03-28T11:23:00,ACC0033,ACC0214,10166,legitimate transfer,Mumbai,Routine payment
TX2245,CASE048,2026-03-02T11:23:00,ACC0226,ACC0345,3542,legitimate transfer,Bhopal,Routine payment
TX2246,CASE048,2026-03-11T11:23:00,ACC0077,ACC0560,10697,legitimate transfer,Ghaziabad,Routine payment
TX2247,CASE048,2026-03-11T11:23:00,ACC0585,ACC0141,10485,legitimate transfer,Chennai,Routine payment
TX2248,CASE048,2026-03-22T11:23:00,ACC0011,ACC0758,2748,legitimate transfer,Noida,Routine payment
TX2249,CASE048,2026-03-19T11:23:00,ACC0476,ACC0172,13168,legitimate transfer,Kolkata,Routine payment
TX2250,CASE048,2026-03-18T11:23:00,ACC0137,ACC0361,18644,legitimate transfer,Ghaziabad,Routine payment
TX2251,CASE048,2026-03-17T11:23:00,ACC0619,ACC0069,3682,legitimate transfer,Hyderabad,Routine payment
TX2252,CASE048,2026-03-23T11:23:00,ACC0083,ACC0483,11745,legitimate transfer,Surat,Routine payment
TX2253,CASE048,2026-03-07T11:23:00,ACC0369,ACC0732,1099,legitimate transfer,Noida,Routine payment
TX2254,CASE048,2026-03-15T11:23:00,ACC0205,ACC0108,3761,legitimate transfer,Noida,Routine payment
TX2255,CASE048,2026-03-11T11:23:00,ACC0142,ACC0016,18302,legitimate transfer,Hyderabad,Routine payment
TX2256,CASE048,2026-03-08T11:23:00,ACC0469,ACC0278,11156,legitimate transfer,Ahmedabad,Routine payment
TX2257,CASE048,2026-03-05T11:23:00,ACC0771,ACC0790,18056,legitimate transfer,Lucknow,Routine payment
TX2258,CASE048,2026-03-15T11:23:00,ACC0116,ACC0340,13582,legitimate transfer,Faridabad,Routine payment
TX2259,CASE048,2026-03-04T11:23:00,ACC0408,ACC0203,18005,legitimate transfer,Ranchi,Routine payment
TX2260,CASE048,2026-03-09T11:23:00,ACC0418,ACC0707,13221,legitimate transfer,Dehradun,Routine payment
TX2261,CASE048,2026-03-30T11:23:00,ACC0724,ACC0041,1816,legitimate transfer,Haridwar,Routine payment
TX2262,CASE048,2026-03-20T11:23:00,ACC0201,ACC0382,15181,legitimate transfer,Gurugram,Routine payment
TX2263,CASE048,2026-03-30T11:23:00,ACC0740,ACC0181,15743,legitimate transfer,Ahmedabad,Routine payment
TX2264,CASE048,2026-03-21T11:23:00,ACC0222,ACC0214,18865,legitimate transfer,Jaipur,Routine payment
TX2265,CASE048,2026-03-30T11:23:00,ACC0339,ACC0279,2202,legitimate transfer,Bhopal,Routine payment
TX2266,CASE048,2026-03-14T11:23:00,ACC0462,ACC0562,5058,legitimate transfer,Kolkata,Routine payment
TX2267,CASE048,2026-03-12T11:23:00,ACC0605,ACC0454,18621,legitimate transfer,Patna,Routine payment
TX2268,CASE048,2026-03-11T11:23:00,ACC0249,ACC0733,19765,legitimate transfer,Mumbai,Routine payment
TX2269,CASE048,2026-03-18T11:23:00,ACC0186,ACC0368,3882,legitimate transfer,Mumbai,Routine payment
TX2270,CASE048,2026-03-20T11:23:00,ACC0197,ACC0669,17695,legitimate transfer,Hyderabad,Routine payment
TX2271,CASE048,2026-03-17T11:23:00,ACC0469,ACC0347,14378,legitimate transfer,Indore,Routine payment
TX2272,CASE048,2026-03-04T11:23:00,ACC0105,ACC0308,15188,legitimate transfer,Chandigarh,Routine payment
TX2273,CASE048,2026-03-18T11:23:00,ACC0113,ACC0138,16007,legitimate transfer,Ahmedabad,Routine payment
TX2274,CASE048,2026-03-13T11:23:00,ACC0658,ACC0503,11961,legitimate transfer,Haridwar,Routine payment
TX2275,CASE048,2026-03-17T11:23:00,ACC0165,ACC0666,7851,legitimate transfer,Dehradun,Routine payment
TX2276,CASE048,2026-03-26T11:23:00,ACC0064,ACC0062,7339,legitimate transfer,Chandigarh,Routine payment
TX2277,CASE048,2026-03-19T11:23:00,ACC0685,ACC0171,7403,legitimate transfer,Amritsar,Routine payment
TX2278,CASE048,2026-03-18T11:23:00,ACC0186,ACC0620,1462,legitimate transfer,Ludhiana,Routine payment
TX2279,CASE048,2026-03-12T11:23:00,ACC0782,ACC0400,5569,legitimate transfer,Noida,Routine payment
TX2280,CASE048,2026-03-14T11:23:00,ACC0345,ACC0137,6763,legitimate transfer,Ghaziabad,Routine payment
TX2281,CASE048,2026-03-05T11:23:00,ACC0131,ACC0748,2245,legitimate transfer,Ranchi,Routine payment
TX2282,CASE048,2026-03-31T11:23:00,ACC0084,ACC0207,622,legitimate transfer,Patna,Routine payment
TX2283,CASE048,2026-03-06T11:23:00,ACC0515,ACC0171,15951,legitimate transfer,Noida,Routine payment
TX2284,CASE048,2026-03-18T11:23:00,ACC0131,ACC0163,799,legitimate transfer,Agra,Routine payment
TX2285,CASE048,2026-03-15T11:23:00,ACC0505,ACC0469,4928,legitimate transfer,Gurugram,Routine payment
TX2286,CASE048,2026-03-04T11:23:00,ACC0443,ACC0800,2612,legitimate transfer,Patna,Routine payment
TX2287,CASE048,2026-03-28T11:23:00,ACC0088,ACC0637,9623,legitimate transfer,Kanpur,Routine payment
TX2288,CASE049,2026-01-16T11:15:00,ACC0151,ACC0478,82000,transfer,Chennai,Fund transfer
TX2289,CASE049,2026-01-18T11:15:00,ACC0478,ACC0349,82000,transfer,Chennai,Fund transfer
TX2290,CASE049,2026-01-19T11:15:00,ACC0349,ACC0229,235000,transfer,Chennai,Fund transfer
TX2291,CASE049,2026-01-06T11:15:00,ACC0618,ACC0502,525,legitimate transfer,Ahmedabad,Routine payment
TX2292,CASE049,2026-01-02T11:15:00,ACC0571,ACC0395,2795,legitimate transfer,Ahmedabad,Routine payment
TX2293,CASE049,2026-01-18T11:15:00,ACC0429,ACC0009,11606,legitimate transfer,Amritsar,Routine payment
TX2294,CASE049,2026-01-06T11:15:00,ACC0508,ACC0569,1686,legitimate transfer,Hyderabad,Routine payment
TX2295,CASE049,2025-12-22T11:15:00,ACC0672,ACC0624,16770,legitimate transfer,Gurugram,Routine payment
TX2296,CASE049,2026-01-12T11:15:00,ACC0389,ACC0765,6864,legitimate transfer,Agra,Routine payment
TX2297,CASE049,2026-01-02T11:15:00,ACC0419,ACC0544,14980,legitimate transfer,Ludhiana,Routine payment
TX2298,CASE049,2026-01-01T11:15:00,ACC0221,ACC0167,14152,legitimate transfer,Indore,Routine payment
TX2299,CASE049,2025-12-26T11:15:00,ACC0039,ACC0757,5944,legitimate transfer,Noida,Routine payment
TX2300,CASE049,2025-12-23T11:15:00,ACC0249,ACC0715,9717,legitimate transfer,Chandigarh,Routine payment
TX2301,CASE049,2026-01-19T11:15:00,ACC0590,ACC0307,17409,legitimate transfer,Hyderabad,Routine payment
TX2302,CASE049,2025-12-29T11:15:00,ACC0123,ACC0723,19166,legitimate transfer,Surat,Routine payment
TX2303,CASE049,2025-12-31T11:15:00,ACC0610,ACC0292,5521,legitimate transfer,Kolkata,Routine payment
TX2304,CASE049,2026-01-08T11:15:00,ACC0642,ACC0261,6148,legitimate transfer,Noida,Routine payment
TX2305,CASE049,2026-01-15T11:15:00,ACC0744,ACC0596,12435,legitimate transfer,Mumbai,Routine payment
TX2306,CASE049,2026-01-03T11:15:00,ACC0171,ACC0353,3926,legitimate transfer,Faridabad,Routine payment
TX2307,CASE049,2026-01-07T11:15:00,ACC0314,ACC0592,10610,legitimate transfer,Pune,Routine payment
TX2308,CASE049,2026-01-03T11:15:00,ACC0038,ACC0475,7540,legitimate transfer,Patna,Routine payment
TX2309,CASE049,2026-01-09T11:15:00,ACC0531,ACC0532,16464,legitimate transfer,Jaipur,Routine payment
TX2310,CASE049,2026-01-17T11:15:00,ACC0242,ACC0507,18009,legitimate transfer,Faridabad,Routine payment
TX2311,CASE049,2025-12-31T11:15:00,ACC0022,ACC0151,14918,legitimate transfer,Jaipur,Routine payment
TX2312,CASE049,2026-01-13T11:15:00,ACC0383,ACC0008,18968,legitimate transfer,Bengaluru,Routine payment
TX2313,CASE049,2026-01-12T11:15:00,ACC0512,ACC0200,4394,legitimate transfer,Gurugram,Routine payment
TX2314,CASE049,2025-12-20T11:15:00,ACC0048,ACC0340,17309,legitimate transfer,Ghaziabad,Routine payment
TX2315,CASE049,2025-12-25T11:15:00,ACC0577,ACC0504,5634,legitimate transfer,Gurugram,Routine payment
TX2316,CASE049,2026-01-02T11:15:00,ACC0741,ACC0790,15727,legitimate transfer,Kanpur,Routine payment
TX2317,CASE049,2025-12-30T11:15:00,ACC0191,ACC0085,5088,legitimate transfer,Pune,Routine payment
TX2318,CASE049,2025-12-23T11:15:00,ACC0016,ACC0335,10841,legitimate transfer,Jaipur,Routine payment
TX2319,CASE049,2026-01-13T11:15:00,ACC0681,ACC0689,19992,legitimate transfer,Kolkata,Routine payment
TX2320,CASE049,2025-12-23T11:15:00,ACC0034,ACC0567,5802,legitimate transfer,Noida,Routine payment
TX2321,CASE049,2026-01-05T11:15:00,ACC0177,ACC0366,3966,legitimate transfer,Chandigarh,Routine payment
TX2322,CASE049,2026-01-19T11:15:00,ACC0665,ACC0330,15538,legitimate transfer,Bhubaneswar,Routine payment
TX2323,CASE049,2025-12-23T11:15:00,ACC0343,ACC0137,5946,legitimate transfer,Ghaziabad,Routine payment
TX2324,CASE049,2025-12-23T11:15:00,ACC0786,ACC0419,5028,legitimate transfer,Chandigarh,Routine payment
TX2325,CASE049,2026-01-09T11:15:00,ACC0570,ACC0441,5634,legitimate transfer,Mumbai,Routine payment
TX2326,CASE049,2025-12-25T11:15:00,ACC0571,ACC0360,8676,legitimate transfer,Bhopal,Routine payment
TX2327,CASE049,2025-12-26T11:15:00,ACC0329,ACC0104,4114,legitimate transfer,Amritsar,Routine payment
TX2328,CASE049,2025-12-24T11:15:00,ACC0564,ACC0110,1087,legitimate transfer,Bengaluru,Routine payment
TX2329,CASE049,2026-01-10T11:15:00,ACC0341,ACC0200,18490,legitimate transfer,Amritsar,Routine payment
TX2330,CASE049,2026-01-02T11:15:00,ACC0655,ACC0114,6640,legitimate transfer,Chennai,Routine payment
TX2331,CASE049,2026-01-11T11:15:00,ACC0378,ACC0623,11805,legitimate transfer,Lucknow,Routine payment
TX2332,CASE049,2025-12-28T11:15:00,ACC0264,ACC0644,16022,legitimate transfer,Kanpur,Routine payment
TX2333,CASE049,2025-12-29T11:15:00,ACC0123,ACC0417,12893,legitimate transfer,Ghaziabad,Routine payment
TX2334,CASE049,2025-12-22T11:15:00,ACC0649,ACC0369,15009,legitimate transfer,Kolkata,Routine payment
TX2335,CASE049,2026-01-03T11:15:00,ACC0311,ACC0772,3759,legitimate transfer,Agra,Routine payment
TX2336,CASE050,2025-05-30T20:06:00,ACC0491,ACC0644,82000,transfer,Dehradun,Fund transfer
TX2337,CASE050,2025-05-29T20:06:00,ACC0644,ACC0140,49500,transfer,Dehradun,Fund transfer
TX2338,CASE050,2025-05-30T20:06:00,ACC0140,ACC0262,235000,transfer,Dehradun,Fund transfer
TX2339,CASE050,2025-05-27T20:06:00,ACC0262,ACC0673,150000,transfer,Dehradun,Fund transfer
TX2340,CASE050,2025-05-03T20:06:00,ACC0527,ACC0543,8624,legitimate transfer,Ghaziabad,Routine payment
TX2341,CASE050,2025-05-17T20:06:00,ACC0749,ACC0684,9185,legitimate transfer,Kanpur,Routine payment
TX2342,CASE050,2025-06-01T20:06:00,ACC0737,ACC0078,11321,legitimate transfer,Agra,Routine payment
TX2343,CASE050,2025-05-19T20:06:00,ACC0786,ACC0018,18186,legitimate transfer,Ahmedabad,Routine payment
TX2344,CASE050,2025-05-28T20:06:00,ACC0786,ACC0509,19647,legitimate transfer,Bhubaneswar,Routine payment
TX2345,CASE050,2025-05-21T20:06:00,ACC0063,ACC0394,6592,legitimate transfer,Jaipur,Routine payment
TX2346,CASE050,2025-05-19T20:06:00,ACC0542,ACC0655,13675,legitimate transfer,Chandigarh,Routine payment
TX2347,CASE050,2025-05-17T20:06:00,ACC0385,ACC0759,6241,legitimate transfer,Faridabad,Routine payment
TX2348,CASE050,2025-05-16T20:06:00,ACC0678,ACC0137,16239,legitimate transfer,Noida,Routine payment
TX2349,CASE050,2025-05-30T20:06:00,ACC0031,ACC0446,18176,legitimate transfer,Bengaluru,Routine payment
TX2350,CASE050,2025-05-22T20:06:00,ACC0748,ACC0608,1743,legitimate transfer,Jaipur,Routine payment
TX2351,CASE050,2025-05-08T20:06:00,ACC0524,ACC0729,1826,legitimate transfer,Kolkata,Routine payment
TX2352,CASE050,2025-06-01T20:06:00,ACC0425,ACC0323,12353,legitimate transfer,Agra,Routine payment
TX2353,CASE050,2025-05-22T20:06:00,ACC0487,ACC0293,4023,legitimate transfer,Faridabad,Routine payment
TX2354,CASE050,2025-05-23T20:06:00,ACC0369,ACC0697,3594,legitimate transfer,Indore,Routine payment
TX2355,CASE050,2025-05-25T20:06:00,ACC0170,ACC0506,1037,legitimate transfer,Kolkata,Routine payment
TX2356,CASE050,2025-05-18T20:06:00,ACC0422,ACC0041,957,legitimate transfer,Dehradun,Routine payment
TX2357,CASE050,2025-05-23T20:06:00,ACC0318,ACC0772,16393,legitimate transfer,Patna,Routine payment
TX2358,CASE050,2025-05-06T20:06:00,ACC0308,ACC0203,5405,legitimate transfer,Bhopal,Routine payment
TX2359,CASE050,2025-05-29T20:06:00,ACC0749,ACC0121,14817,legitimate transfer,Kolkata,Routine payment
TX2360,CASE050,2025-05-02T20:06:00,ACC0199,ACC0373,8642,legitimate transfer,Ludhiana,Routine payment
TX2361,CASE050,2025-05-25T20:06:00,ACC0097,ACC0281,2779,legitimate transfer,Ghaziabad,Routine payment
TX2362,CASE050,2025-05-18T20:06:00,ACC0032,ACC0088,4447,legitimate transfer,Ranchi,Routine payment
TX2363,CASE050,2025-05-15T20:06:00,ACC0696,ACC0130,14429,legitimate transfer,Bengaluru,Routine payment
TX2364,CASE050,2025-05-05T20:06:00,ACC0198,ACC0617,18264,legitimate transfer,Chennai,Routine payment
TX2365,CASE050,2025-05-24T20:06:00,ACC0733,ACC0097,14307,legitimate transfer,Jaipur,Routine payment
TX2366,CASE050,2025-05-03T20:06:00,ACC0188,ACC0103,13420,legitimate transfer,Bhopal,Routine payment
TX2367,CASE050,2025-05-27T20:06:00,ACC0613,ACC0085,17497,legitimate transfer,Noida,Routine payment
TX2368,CASE050,2025-05-08T20:06:00,ACC0141,ACC0505,8486,legitimate transfer,Pune,Routine payment
TX2369,CASE050,2025-05-28T20:06:00,ACC0129,ACC0492,8685,legitimate transfer,Haridwar,Routine payment
TX2370,CASE050,2025-05-21T20:06:00,ACC0711,ACC0739,19814,legitimate transfer,Bhubaneswar,Routine payment
TX2371,CASE050,2025-05-02T20:06:00,ACC0558,ACC0147,7326,legitimate transfer,Ahmedabad,Routine payment
TX2372,CASE050,2025-05-04T20:06:00,ACC0346,ACC0741,9423,legitimate transfer,Kanpur,Routine payment
TX2373,CASE050,2025-06-01T20:06:00,ACC0368,ACC0161,3076,legitimate transfer,Mumbai,Routine payment
TX2374,CASE050,2025-05-16T20:06:00,ACC0780,ACC0415,3926,legitimate transfer,Bhubaneswar,Routine payment
TX2375,CASE050,2025-05-14T20:06:00,ACC0768,ACC0296,12810,legitimate transfer,Chennai,Routine payment
TX2376,CASE050,2025-05-29T20:06:00,ACC0196,ACC0047,7956,legitimate transfer,Amritsar,Routine payment
TX2377,CASE050,2025-05-19T20:06:00,ACC0509,ACC0599,12566,legitimate transfer,Faridabad,Routine payment
TX2378,CASE050,2025-05-29T20:06:00,ACC0498,ACC0567,1184,legitimate transfer,Chennai,Routine payment
TX2379,CASE050,2025-05-30T20:06:00,ACC0619,ACC0179,9022,legitimate transfer,Faridabad,Routine payment
TX2380,CASE050,2025-06-01T20:06:00,ACC0435,ACC0240,6141,legitimate transfer,Lucknow,Routine payment
TX2381,CASE050,2025-05-04T20:06:00,ACC0417,ACC0682,19049,legitimate transfer,Gurugram,Routine payment
TX2382,CASE050,2025-05-31T20:06:00,ACC0573,ACC0123,9602,legitimate transfer,Ahmedabad,Routine payment
TX2383,CASE050,2025-05-14T20:06:00,ACC0549,ACC0246,3143,legitimate transfer,Ludhiana,Routine payment
TX2384,CASE050,2025-06-01T20:06:00,ACC0300,ACC0265,16229,legitimate transfer,Indore,Routine payment
TX2385,CASE051,2026-02-13T10:18:00,ACC0024,ACC0332,49500,transfer,Lucknow,Fund transfer
TX2386,CASE051,2026-02-10T10:18:00,ACC0464,ACC0402,3581,legitimate transfer,Kanpur,Routine payment
TX2387,CASE051,2026-02-12T10:18:00,ACC0353,ACC0760,1052,legitimate transfer,Delhi,Routine payment
TX2388,CASE051,2026-01-17T10:18:00,ACC0731,ACC0559,9425,legitimate transfer,Hyderabad,Routine payment
TX2389,CASE051,2026-02-10T10:18:00,ACC0028,ACC0448,7384,legitimate transfer,Delhi,Routine payment
TX2390,CASE051,2026-01-17T10:18:00,ACC0114,ACC0566,2244,legitimate transfer,Ahmedabad,Routine payment
TX2391,CASE051,2026-01-26T10:18:00,ACC0615,ACC0011,2968,legitimate transfer,Ludhiana,Routine payment
TX2392,CASE051,2026-01-19T10:18:00,ACC0414,ACC0468,9860,legitimate transfer,Chennai,Routine payment
TX2393,CASE051,2026-01-29T10:18:00,ACC0465,ACC0381,7064,legitimate transfer,Gurugram,Routine payment
TX2394,CASE051,2026-01-21T10:18:00,ACC0410,ACC0388,1765,legitimate transfer,Mumbai,Routine payment
TX2395,CASE051,2026-01-27T10:18:00,ACC0657,ACC0600,14625,legitimate transfer,Mumbai,Routine payment
TX2396,CASE051,2026-02-11T10:18:00,ACC0248,ACC0071,6547,legitimate transfer,Patna,Routine payment
TX2397,CASE051,2026-01-22T10:18:00,ACC0657,ACC0482,18958,legitimate transfer,Ghaziabad,Routine payment
TX2398,CASE051,2026-01-24T10:18:00,ACC0777,ACC0581,1894,legitimate transfer,Amritsar,Routine payment
TX2399,CASE051,2026-02-06T10:18:00,ACC0043,ACC0559,13554,legitimate transfer,Jaipur,Routine payment
TX2400,CASE051,2026-01-21T10:18:00,ACC0612,ACC0578,17251,legitimate transfer,Dehradun,Routine payment
TX2401,CASE051,2026-01-30T10:18:00,ACC0680,ACC0627,6673,legitimate transfer,Dehradun,Routine payment
TX2402,CASE051,2026-02-14T10:18:00,ACC0662,ACC0189,18755,legitimate transfer,Delhi,Routine payment
TX2403,CASE051,2026-02-13T10:18:00,ACC0260,ACC0775,14934,legitimate transfer,Surat,Routine payment
TX2404,CASE051,2026-01-18T10:18:00,ACC0584,ACC0595,7432,legitimate transfer,Ludhiana,Routine payment
TX2405,CASE051,2026-02-09T10:18:00,ACC0445,ACC0265,10171,legitimate transfer,Bhubaneswar,Routine payment
TX2406,CASE051,2026-01-17T10:18:00,ACC0791,ACC0539,8663,legitimate transfer,Lucknow,Routine payment
TX2407,CASE051,2026-02-10T10:18:00,ACC0145,ACC0044,19480,legitimate transfer,Dehradun,Routine payment
TX2408,CASE051,2026-02-06T10:18:00,ACC0021,ACC0044,17192,legitimate transfer,Lucknow,Routine payment
TX2409,CASE051,2026-02-10T10:18:00,ACC0110,ACC0480,10730,legitimate transfer,Pune,Routine payment
TX2410,CASE051,2026-02-08T10:18:00,ACC0690,ACC0222,15593,legitimate transfer,Pune,Routine payment
TX2411,CASE051,2026-02-02T10:18:00,ACC0442,ACC0207,8181,legitimate transfer,Delhi,Routine payment
TX2412,CASE051,2026-02-05T10:18:00,ACC0576,ACC0529,3894,legitimate transfer,Ahmedabad,Routine payment
TX2413,CASE051,2026-02-12T10:18:00,ACC0062,ACC0660,9791,legitimate transfer,Jaipur,Routine payment
TX2414,CASE051,2026-02-01T10:18:00,ACC0310,ACC0531,2513,legitimate transfer,Kanpur,Routine payment
TX2415,CASE051,2026-01-20T10:18:00,ACC0357,ACC0200,7280,legitimate transfer,Lucknow,Routine payment
TX2416,CASE051,2026-01-23T10:18:00,ACC0294,ACC0221,19664,legitimate transfer,Ranchi,Routine payment
TX2417,CASE051,2026-02-14T10:18:00,ACC0125,ACC0567,16921,legitimate transfer,Hyderabad,Routine payment
TX2418,CASE051,2026-02-13T10:18:00,ACC0766,ACC0167,9288,legitimate transfer,Hyderabad,Routine payment
TX2419,CASE051,2026-02-16T10:18:00,ACC0444,ACC0465,11624,legitimate transfer,Ludhiana,Routine payment
TX2420,CASE051,2026-02-14T10:18:00,ACC0302,ACC0055,15648,legitimate transfer,Ghaziabad,Routine payment
TX2421,CASE051,2026-02-07T10:18:00,ACC0260,ACC0193,10759,legitimate transfer,Faridabad,Routine payment
TX2422,CASE051,2026-02-12T10:18:00,ACC0415,ACC0300,9841,legitimate transfer,Chennai,Routine payment
TX2423,CASE051,2026-02-10T10:18:00,ACC0212,ACC0589,1306,legitimate transfer,Bengaluru,Routine payment
TX2424,CASE051,2026-02-15T10:18:00,ACC0649,ACC0562,15894,legitimate transfer,Chennai,Routine payment
TX2425,CASE051,2026-02-07T10:18:00,ACC0345,ACC0786,11775,legitimate transfer,Delhi,Routine payment
TX2426,CASE051,2026-02-03T10:18:00,ACC0513,ACC0048,4843,legitimate transfer,Faridabad,Routine payment
TX2427,CASE051,2026-02-15T10:18:00,ACC0670,ACC0019,19577,legitimate transfer,Delhi,Routine payment
TX2428,CASE051,2026-01-21T10:18:00,ACC0105,ACC0443,17609,legitimate transfer,Chennai,Routine payment
TX2429,CASE051,2026-02-11T10:18:00,ACC0234,ACC0121,18411,legitimate transfer,Chandigarh,Routine payment
TX2430,CASE051,2026-01-30T10:18:00,ACC0600,ACC0257,14499,legitimate transfer,Ahmedabad,Routine payment
TX2431,CASE052,2026-03-16T17:08:00,ACC0028,ACC0622,150000,transfer,Indore,Fund transfer
TX2432,CASE052,2026-03-15T17:08:00,ACC0622,ACC0119,150000,transfer,Indore,Fund transfer
TX2433,CASE052,2026-02-21T17:08:00,ACC0665,ACC0514,9178,legitimate transfer,Surat,Routine payment
TX2434,CASE052,2026-02-19T17:08:00,ACC0145,ACC0460,2840,legitimate transfer,Agra,Routine payment
TX2435,CASE052,2026-03-12T17:08:00,ACC0758,ACC0077,14884,legitimate transfer,Faridabad,Routine payment
TX2436,CASE052,2026-03-17T17:08:00,ACC0213,ACC0566,9490,legitimate transfer,Hyderabad,Routine payment
TX2437,CASE052,2026-03-02T17:08:00,ACC0371,ACC0334,1004,legitimate transfer,Dehradun,Routine payment
TX2438,CASE052,2026-03-20T17:08:00,ACC0556,ACC0127,8437,legitimate transfer,Kolkata,Routine payment
TX2439,CASE052,2026-03-04T17:08:00,ACC0083,ACC0042,1588,legitimate transfer,Ghaziabad,Routine payment
TX2440,CASE052,2026-02-28T17:08:00,ACC0508,ACC0061,19260,legitimate transfer,Hyderabad,Routine payment
TX2441,CASE052,2026-03-11T17:08:00,ACC0010,ACC0458,3159,legitimate transfer,Kanpur,Routine payment
TX2442,CASE052,2026-02-26T17:08:00,ACC0386,ACC0127,988,legitimate transfer,Ranchi,Routine payment
TX2443,CASE052,2026-03-10T17:08:00,ACC0269,ACC0359,10546,legitimate transfer,Mumbai,Routine payment
TX2444,CASE052,2026-02-22T17:08:00,ACC0676,ACC0096,8783,legitimate transfer,Pune,Routine payment
TX2445,CASE052,2026-03-06T17:08:00,ACC0169,ACC0625,16307,legitimate transfer,Ahmedabad,Routine payment
TX2446,CASE052,2026-03-04T17:08:00,ACC0557,ACC0387,19524,legitimate transfer,Bhopal,Routine payment
TX2447,CASE052,2026-03-19T17:08:00,ACC0154,ACC0334,836,legitimate transfer,Indore,Routine payment
TX2448,CASE052,2026-03-05T17:08:00,ACC0565,ACC0472,19428,legitimate transfer,Agra,Routine payment
TX2449,CASE052,2026-02-18T17:08:00,ACC0261,ACC0767,16211,legitimate transfer,Indore,Routine payment
TX2450,CASE052,2026-03-14T17:08:00,ACC0463,ACC0129,8539,legitimate transfer,Chandigarh,Routine payment
TX2451,CASE052,2026-03-11T17:08:00,ACC0087,ACC0150,18324,legitimate transfer,Jaipur,Routine payment
TX2452,CASE052,2026-03-09T17:08:00,ACC0681,ACC0661,14648,legitimate transfer,Lucknow,Routine payment
TX2453,CASE052,2026-03-16T17:08:00,ACC0383,ACC0130,11620,legitimate transfer,Noida,Routine payment
TX2454,CASE052,2026-03-08T17:08:00,ACC0041,ACC0733,8089,legitimate transfer,Kolkata,Routine payment
TX2455,CASE052,2026-03-11T17:08:00,ACC0736,ACC0715,1927,legitimate transfer,Noida,Routine payment
TX2456,CASE052,2026-03-20T17:08:00,ACC0408,ACC0523,13252,legitimate transfer,Chandigarh,Routine payment
TX2457,CASE052,2026-03-10T17:08:00,ACC0134,ACC0140,10174,legitimate transfer,Ranchi,Routine payment
TX2458,CASE052,2026-03-17T17:08:00,ACC0710,ACC0433,7296,legitimate transfer,Faridabad,Routine payment
TX2459,CASE052,2026-02-26T17:08:00,ACC0365,ACC0614,1011,legitimate transfer,Dehradun,Routine payment
TX2460,CASE052,2026-03-08T17:08:00,ACC0608,ACC0013,2049,legitimate transfer,Indore,Routine payment
TX2461,CASE052,2026-03-08T17:08:00,ACC0367,ACC0411,5045,legitimate transfer,Pune,Routine payment
TX2462,CASE052,2026-02-24T17:08:00,ACC0476,ACC0255,9627,legitimate transfer,Amritsar,Routine payment
TX2463,CASE052,2026-02-25T17:08:00,ACC0009,ACC0585,1289,legitimate transfer,Patna,Routine payment
TX2464,CASE052,2026-02-27T17:08:00,ACC0707,ACC0036,10378,legitimate transfer,Ghaziabad,Routine payment
TX2465,CASE052,2026-02-21T17:08:00,ACC0284,ACC0410,685,legitimate transfer,Delhi,Routine payment
TX2466,CASE052,2026-03-06T17:08:00,ACC0583,ACC0152,7831,legitimate transfer,Chandigarh,Routine payment
TX2467,CASE052,2026-02-24T17:08:00,ACC0477,ACC0393,13679,legitimate transfer,Bhubaneswar,Routine payment
TX2468,CASE052,2026-03-07T17:08:00,ACC0800,ACC0255,1051,legitimate transfer,Kolkata,Routine payment
TX2469,CASE052,2026-03-20T17:08:00,ACC0307,ACC0099,17338,legitimate transfer,Chennai,Routine payment
TX2470,CASE052,2026-03-07T17:08:00,ACC0590,ACC0519,1330,legitimate transfer,Ranchi,Routine payment
TX2471,CASE052,2026-02-20T17:08:00,ACC0076,ACC0667,13650,legitimate transfer,Chennai,Routine payment
TX2472,CASE052,2026-03-06T17:08:00,ACC0605,ACC0726,11258,legitimate transfer,Bhubaneswar,Routine payment
TX2473,CASE052,2026-03-15T17:08:00,ACC0339,ACC0377,15788,legitimate transfer,Dehradun,Routine payment
TX2474,CASE052,2026-03-18T17:08:00,ACC0658,ACC0678,10418,legitimate transfer,Haridwar,Routine payment
TX2475,CASE052,2026-02-25T17:08:00,ACC0480,ACC0562,14974,legitimate transfer,Chennai,Routine payment
TX2476,CASE052,2026-03-07T17:08:00,ACC0623,ACC0371,4168,legitimate transfer,Bhopal,Routine payment
TX2477,CASE052,2026-03-01T17:08:00,ACC0585,ACC0457,16795,legitimate transfer,Pune,Routine payment
TX2478,CASE053,2026-05-02T23:47:00,ACC0399,ACC0008,235000,transfer,Ludhiana,Fund transfer
TX2479,CASE053,2026-05-03T23:47:00,ACC0008,ACC0432,49500,transfer,Ludhiana,Fund transfer
TX2480,CASE053,2026-05-04T23:47:00,ACC0432,ACC0397,150000,transfer,Ludhiana,Fund transfer
TX2481,CASE053,2026-05-03T23:47:00,ACC0397,ACC0403,150000,transfer,Ludhiana,Fund transfer
TX2482,CASE053,2026-04-05T23:47:00,ACC0767,ACC0513,6165,legitimate transfer,Lucknow,Routine payment
TX2483,CASE053,2026-04-24T23:47:00,ACC0677,ACC0791,10408,legitimate transfer,Lucknow,Routine payment
TX2484,CASE053,2026-04-11T23:47:00,ACC0388,ACC0415,2809,legitimate transfer,Ranchi,Routine payment
TX2485,CASE053,2026-04-30T23:47:00,ACC0783,ACC0311,612,legitimate transfer,Ghaziabad,Routine payment
TX2486,CASE053,2026-05-01T23:47:00,ACC0073,ACC0709,2699,legitimate transfer,Gurugram,Routine payment
TX2487,CASE053,2026-04-24T23:47:00,ACC0462,ACC0776,7335,legitimate transfer,Bhopal,Routine payment
TX2488,CASE053,2026-04-20T23:47:00,ACC0189,ACC0178,8185,legitimate transfer,Faridabad,Routine payment
TX2489,CASE053,2026-04-19T23:47:00,ACC0221,ACC0767,15331,legitimate transfer,Gurugram,Routine payment
TX2490,CASE053,2026-04-30T23:47:00,ACC0271,ACC0732,11658,legitimate transfer,Kolkata,Routine payment
TX2491,CASE053,2026-04-18T23:47:00,ACC0577,ACC0193,11228,legitimate transfer,Surat,Routine payment
TX2492,CASE053,2026-04-23T23:47:00,ACC0156,ACC0120,16735,legitimate transfer,Dehradun,Routine payment
TX2493,CASE053,2026-05-01T23:47:00,ACC0705,ACC0069,14273,legitimate transfer,Haridwar,Routine payment
TX2494,CASE053,2026-04-26T23:47:00,ACC0545,ACC0192,14137,legitimate transfer,Ahmedabad,Routine payment
TX2495,CASE053,2026-04-05T23:47:00,ACC0382,ACC0498,13224,legitimate transfer,Bhopal,Routine payment
TX2496,CASE053,2026-04-19T23:47:00,ACC0165,ACC0120,3093,legitimate transfer,Faridabad,Routine payment
TX2497,CASE053,2026-04-28T23:47:00,ACC0053,ACC0329,7638,legitimate transfer,Dehradun,Routine payment
TX2498,CASE053,2026-04-28T23:47:00,ACC0643,ACC0729,12101,legitimate transfer,Jaipur,Routine payment
TX2499,CASE053,2026-04-05T23:47:00,ACC0770,ACC0285,17636,legitimate transfer,Bengaluru,Routine payment
TX2500,CASE053,2026-04-16T23:47:00,ACC0243,ACC0484,12464,legitimate transfer,Ranchi,Routine payment
TX2501,CASE053,2026-04-17T23:47:00,ACC0575,ACC0284,18779,legitimate transfer,Pune,Routine payment
TX2502,CASE053,2026-05-03T23:47:00,ACC0772,ACC0718,1654,legitimate transfer,Gurugram,Routine payment
TX2503,CASE053,2026-04-26T23:47:00,ACC0175,ACC0409,11612,legitimate transfer,Ludhiana,Routine payment
TX2504,CASE053,2026-04-12T23:47:00,ACC0462,ACC0751,14283,legitimate transfer,Ludhiana,Routine payment
TX2505,CASE053,2026-04-19T23:47:00,ACC0691,ACC0048,3534,legitimate transfer,Kanpur,Routine payment
TX2506,CASE053,2026-05-02T23:47:00,ACC0044,ACC0541,2941,legitimate transfer,Kanpur,Routine payment
TX2507,CASE053,2026-05-02T23:47:00,ACC0587,ACC0570,8959,legitimate transfer,Bhubaneswar,Routine payment
TX2508,CASE053,2026-05-04T23:47:00,ACC0723,ACC0064,13743,legitimate transfer,Bhopal,Routine payment
TX2509,CASE053,2026-04-16T23:47:00,ACC0094,ACC0216,2865,legitimate transfer,Chennai,Routine payment
TX2510,CASE053,2026-04-28T23:47:00,ACC0593,ACC0293,13556,legitimate transfer,Gurugram,Routine payment
TX2511,CASE053,2026-04-22T23:47:00,ACC0649,ACC0176,1087,legitimate transfer,Delhi,Routine payment
TX2512,CASE053,2026-04-04T23:47:00,ACC0724,ACC0045,3196,legitimate transfer,Bhopal,Routine payment
TX2513,CASE053,2026-04-29T23:47:00,ACC0086,ACC0472,8047,legitimate transfer,Lucknow,Routine payment
TX2514,CASE053,2026-04-19T23:47:00,ACC0637,ACC0155,6008,legitimate transfer,Bengaluru,Routine payment
TX2515,CASE053,2026-04-17T23:47:00,ACC0121,ACC0218,655,legitimate transfer,Jaipur,Routine payment
TX2516,CASE053,2026-04-06T23:47:00,ACC0635,ACC0063,2063,legitimate transfer,Surat,Routine payment
TX2517,CASE053,2026-04-16T23:47:00,ACC0590,ACC0114,4931,legitimate transfer,Bengaluru,Routine payment
TX2518,CASE053,2026-05-02T23:47:00,ACC0548,ACC0446,10987,legitimate transfer,Bhopal,Routine payment
TX2519,CASE053,2026-04-15T23:47:00,ACC0458,ACC0135,8151,legitimate transfer,Bhopal,Routine payment
TX2520,CASE053,2026-04-23T23:47:00,ACC0518,ACC0405,7445,legitimate transfer,Lucknow,Routine payment
TX2521,CASE053,2026-04-20T23:47:00,ACC0220,ACC0464,19771,legitimate transfer,Kanpur,Routine payment
TX2522,CASE053,2026-04-22T23:47:00,ACC0094,ACC0275,5926,legitimate transfer,Kanpur,Routine payment
TX2523,CASE053,2026-05-02T23:47:00,ACC0163,ACC0115,15088,legitimate transfer,Chennai,Routine payment
TX2524,CASE053,2026-04-27T23:47:00,ACC0144,ACC0486,9987,legitimate transfer,Ranchi,Routine payment
TX2525,CASE053,2026-04-26T23:47:00,ACC0693,ACC0302,3840,legitimate transfer,Surat,Routine payment
TX2526,CASE053,2026-04-29T23:47:00,ACC0741,ACC0632,3846,legitimate transfer,Kanpur,Routine payment
TX2527,CASE054,2026-04-15T20:07:00,ACC0060,ACC0496,82000,transfer,Haridwar,Fund transfer
TX2528,CASE054,2026-04-13T20:07:00,ACC0496,ACC0600,235000,transfer,Haridwar,Fund transfer
TX2529,CASE054,2026-03-26T20:07:00,ACC0248,ACC0393,5629,legitimate transfer,Patna,Routine payment
TX2530,CASE054,2026-03-20T20:07:00,ACC0460,ACC0338,17082,legitimate transfer,Surat,Routine payment
TX2531,CASE054,2026-03-27T20:07:00,ACC0181,ACC0198,13297,legitimate transfer,Pune,Routine payment
TX2532,CASE054,2026-04-09T20:07:00,ACC0225,ACC0573,19293,legitimate transfer,Bengaluru,Routine payment
TX2533,CASE054,2026-04-08T20:07:00,ACC0334,ACC0772,16445,legitimate transfer,Bengaluru,Routine payment
TX2534,CASE054,2026-04-14T20:07:00,ACC0120,ACC0276,6832,legitimate transfer,Bhubaneswar,Routine payment
TX2535,CASE054,2026-03-30T20:07:00,ACC0343,ACC0288,5785,legitimate transfer,Ghaziabad,Routine payment
TX2536,CASE054,2026-04-04T20:07:00,ACC0447,ACC0555,5809,legitimate transfer,Kanpur,Routine payment
TX2537,CASE054,2026-03-25T20:07:00,ACC0430,ACC0585,13563,legitimate transfer,Bengaluru,Routine payment
TX2538,CASE054,2026-04-03T20:07:00,ACC0390,ACC0218,5129,legitimate transfer,Faridabad,Routine payment
TX2539,CASE054,2026-04-16T20:07:00,ACC0753,ACC0322,11841,legitimate transfer,Lucknow,Routine payment
TX2540,CASE054,2026-04-05T20:07:00,ACC0250,ACC0360,14938,legitimate transfer,Hyderabad,Routine payment
TX2541,CASE054,2026-03-24T20:07:00,ACC0684,ACC0341,5904,legitimate transfer,Amritsar,Routine payment
TX2542,CASE054,2026-03-26T20:07:00,ACC0639,ACC0579,19271,legitimate transfer,Ahmedabad,Routine payment
TX2543,CASE054,2026-03-27T20:07:00,ACC0777,ACC0233,9614,legitimate transfer,Ranchi,Routine payment
TX2544,CASE054,2026-03-19T20:07:00,ACC0357,ACC0327,11314,legitimate transfer,Delhi,Routine payment
TX2545,CASE054,2026-03-29T20:07:00,ACC0798,ACC0065,10626,legitimate transfer,Kanpur,Routine payment
TX2546,CASE054,2026-04-13T20:07:00,ACC0792,ACC0767,1334,legitimate transfer,Faridabad,Routine payment
TX2547,CASE054,2026-04-13T20:07:00,ACC0667,ACC0259,10550,legitimate transfer,Ghaziabad,Routine payment
TX2548,CASE054,2026-03-28T20:07:00,ACC0122,ACC0661,1156,legitimate transfer,Bhubaneswar,Routine payment
TX2549,CASE054,2026-04-07T20:07:00,ACC0198,ACC0354,14461,legitimate transfer,Jaipur,Routine payment
TX2550,CASE054,2026-04-08T20:07:00,ACC0714,ACC0423,5643,legitimate transfer,Surat,Routine payment
TX2551,CASE054,2026-04-09T20:07:00,ACC0737,ACC0495,4321,legitimate transfer,Bengaluru,Routine payment
TX2552,CASE054,2026-03-20T20:07:00,ACC0067,ACC0366,17041,legitimate transfer,Indore,Routine payment
TX2553,CASE054,2026-04-09T20:07:00,ACC0183,ACC0354,15678,legitimate transfer,Chandigarh,Routine payment
TX2554,CASE054,2026-03-21T20:07:00,ACC0760,ACC0201,8765,legitimate transfer,Ghaziabad,Routine payment
TX2555,CASE054,2026-04-09T20:07:00,ACC0035,ACC0425,15508,legitimate transfer,Haridwar,Routine payment
TX2556,CASE054,2026-04-01T20:07:00,ACC0370,ACC0335,11632,legitimate transfer,Ghaziabad,Routine payment
TX2557,CASE054,2026-04-03T20:07:00,ACC0407,ACC0447,9539,legitimate transfer,Surat,Routine payment
TX2558,CASE054,2026-04-16T20:07:00,ACC0409,ACC0213,2368,legitimate transfer,Pune,Routine payment
TX2559,CASE054,2026-04-13T20:07:00,ACC0463,ACC0506,5475,legitimate transfer,Kanpur,Routine payment
TX2560,CASE054,2026-03-30T20:07:00,ACC0778,ACC0299,11699,legitimate transfer,Ludhiana,Routine payment
TX2561,CASE054,2026-04-04T20:07:00,ACC0370,ACC0180,16941,legitimate transfer,Agra,Routine payment
TX2562,CASE054,2026-03-26T20:07:00,ACC0220,ACC0605,4977,legitimate transfer,Indore,Routine payment
TX2563,CASE054,2026-04-11T20:07:00,ACC0720,ACC0423,14163,legitimate transfer,Patna,Routine payment
TX2564,CASE054,2026-04-17T20:07:00,ACC0561,ACC0118,9996,legitimate transfer,Kanpur,Routine payment
TX2565,CASE054,2026-03-26T20:07:00,ACC0285,ACC0367,6150,legitimate transfer,Amritsar,Routine payment
TX2566,CASE054,2026-04-07T20:07:00,ACC0047,ACC0288,9483,legitimate transfer,Haridwar,Routine payment
TX2567,CASE054,2026-03-29T20:07:00,ACC0277,ACC0386,19501,legitimate transfer,Ghaziabad,Routine payment
TX2568,CASE054,2026-03-20T20:07:00,ACC0255,ACC0727,9371,legitimate transfer,Pune,Routine payment
TX2569,CASE054,2026-04-16T20:07:00,ACC0036,ACC0050,10433,legitimate transfer,Mumbai,Routine payment
TX2570,CASE054,2026-03-28T20:07:00,ACC0124,ACC0671,7348,legitimate transfer,Ludhiana,Routine payment
TX2571,CASE054,2026-03-30T20:07:00,ACC0488,ACC0255,3315,legitimate transfer,Amritsar,Routine payment
TX2572,CASE054,2026-04-04T20:07:00,ACC0285,ACC0073,13882,legitimate transfer,Ludhiana,Routine payment
TX2573,CASE054,2026-03-26T20:07:00,ACC0405,ACC0289,4841,legitimate transfer,Dehradun,Routine payment
TX2574,CASE055,2026-02-27T16:06:00,ACC0591,ACC0465,82000,transfer,Surat,Fund transfer
TX2575,CASE055,2026-03-01T16:06:00,ACC0465,ACC0623,235000,transfer,Surat,Fund transfer
TX2576,CASE055,2026-03-02T16:06:00,ACC0623,ACC0253,82000,transfer,Surat,Fund transfer
TX2577,CASE055,2026-02-26T16:06:00,ACC0083,ACC0157,19808,legitimate transfer,Agra,Routine payment
TX2578,CASE055,2026-03-01T16:06:00,ACC0611,ACC0298,9453,legitimate transfer,Haridwar,Routine payment
TX2579,CASE055,2026-02-25T16:06:00,ACC0441,ACC0011,4127,legitimate transfer,Patna,Routine payment
TX2580,CASE055,2026-03-01T16:06:00,ACC0337,ACC0428,3856,legitimate transfer,Patna,Routine payment
TX2581,CASE055,2026-02-26T16:06:00,ACC0569,ACC0520,10533,legitimate transfer,Ranchi,Routine payment
TX2582,CASE055,2026-02-15T16:06:00,ACC0797,ACC0065,7271,legitimate transfer,Lucknow,Routine payment
TX2583,CASE055,2026-02-07T16:06:00,ACC0012,ACC0174,18646,legitimate transfer,Faridabad,Routine payment
TX2584,CASE055,2026-02-17T16:06:00,ACC0235,ACC0402,13627,legitimate transfer,Faridabad,Routine payment
TX2585,CASE055,2026-02-21T16:06:00,ACC0483,ACC0247,11929,legitimate transfer,Faridabad,Routine payment
TX2586,CASE055,2026-02-14T16:06:00,ACC0194,ACC0224,3655,legitimate transfer,Patna,Routine payment
TX2587,CASE055,2026-02-10T16:06:00,ACC0110,ACC0154,865,legitimate transfer,Ghaziabad,Routine payment
TX2588,CASE055,2026-02-19T16:06:00,ACC0007,ACC0205,5597,legitimate transfer,Agra,Routine payment
TX2589,CASE055,2026-02-06T16:06:00,ACC0162,ACC0531,10651,legitimate transfer,Pune,Routine payment
TX2590,CASE055,2026-02-01T16:06:00,ACC0050,ACC0511,14246,legitimate transfer,Gurugram,Routine payment
TX2591,CASE055,2026-02-15T16:06:00,ACC0516,ACC0497,6333,legitimate transfer,Patna,Routine payment
TX2592,CASE055,2026-02-05T16:06:00,ACC0386,ACC0077,16827,legitimate transfer,Bhopal,Routine payment
TX2593,CASE055,2026-02-16T16:06:00,ACC0325,ACC0635,15379,legitimate transfer,Kanpur,Routine payment
TX2594,CASE055,2026-02-14T16:06:00,ACC0190,ACC0097,18318,legitimate transfer,Jaipur,Routine payment
TX2595,CASE055,2026-02-28T16:06:00,ACC0752,ACC0207,9497,legitimate transfer,Mumbai,Routine payment
TX2596,CASE055,2026-02-28T16:06:00,ACC0129,ACC0102,16945,legitimate transfer,Hyderabad,Routine payment
TX2597,CASE055,2026-02-01T16:06:00,ACC0241,ACC0685,10200,legitimate transfer,Ghaziabad,Routine payment
TX2598,CASE055,2026-02-04T16:06:00,ACC0464,ACC0798,15654,legitimate transfer,Ranchi,Routine payment
TX2599,CASE055,2026-02-03T16:06:00,ACC0715,ACC0240,3126,legitimate transfer,Bengaluru,Routine payment
TX2600,CASE055,2026-03-02T16:06:00,ACC0086,ACC0754,8491,legitimate transfer,Pune,Routine payment
TX2601,CASE055,2026-02-06T16:06:00,ACC0480,ACC0391,12342,legitimate transfer,Surat,Routine payment
TX2602,CASE055,2026-03-01T16:06:00,ACC0686,ACC0424,8417,legitimate transfer,Amritsar,Routine payment
TX2603,CASE055,2026-02-11T16:06:00,ACC0334,ACC0494,8523,legitimate transfer,Chandigarh,Routine payment
TX2604,CASE055,2026-02-07T16:06:00,ACC0523,ACC0531,12530,legitimate transfer,Chennai,Routine payment
TX2605,CASE055,2026-02-05T16:06:00,ACC0272,ACC0154,5680,legitimate transfer,Kolkata,Routine payment
TX2606,CASE055,2026-02-25T16:06:00,ACC0667,ACC0798,18094,legitimate transfer,Pune,Routine payment
TX2607,CASE055,2026-02-18T16:06:00,ACC0265,ACC0219,16971,legitimate transfer,Bhubaneswar,Routine payment
TX2608,CASE055,2026-03-01T16:06:00,ACC0668,ACC0696,9074,legitimate transfer,Amritsar,Routine payment
TX2609,CASE055,2026-02-24T16:06:00,ACC0667,ACC0029,17697,legitimate transfer,Amritsar,Routine payment
TX2610,CASE055,2026-02-14T16:06:00,ACC0701,ACC0147,8245,legitimate transfer,Kolkata,Routine payment
TX2611,CASE055,2026-02-01T16:06:00,ACC0250,ACC0705,13774,legitimate transfer,Pune,Routine payment
TX2612,CASE055,2026-02-28T16:06:00,ACC0663,ACC0389,5978,legitimate transfer,Chennai,Routine payment
TX2613,CASE055,2026-02-10T16:06:00,ACC0640,ACC0575,4846,legitimate transfer,Amritsar,Routine payment
TX2614,CASE055,2026-02-23T16:06:00,ACC0665,ACC0382,1398,legitimate transfer,Jaipur,Routine payment
TX2615,CASE055,2026-02-12T16:06:00,ACC0105,ACC0084,5411,legitimate transfer,Lucknow,Routine payment
TX2616,CASE055,2026-02-08T16:06:00,ACC0695,ACC0285,14074,legitimate transfer,Kanpur,Routine payment
TX2617,CASE055,2026-02-02T16:06:00,ACC0331,ACC0008,10079,legitimate transfer,Kanpur,Routine payment
TX2618,CASE055,2026-02-02T16:06:00,ACC0199,ACC0011,1140,legitimate transfer,Indore,Routine payment
TX2619,CASE055,2026-02-19T16:06:00,ACC0325,ACC0682,16784,legitimate transfer,Chandigarh,Routine payment
TX2620,CASE055,2026-02-25T16:06:00,ACC0680,ACC0582,8982,legitimate transfer,Surat,Routine payment
TX2621,CASE055,2026-02-17T16:06:00,ACC0068,ACC0599,14456,legitimate transfer,Ranchi,Routine payment
TX2622,CASE056,2025-06-11T03:21:00,ACC0359,ACC0515,150000,transfer,Amritsar,Fund transfer
TX2623,CASE056,2025-06-10T03:21:00,ACC0515,ACC0795,150000,transfer,Amritsar,Fund transfer
TX2624,CASE056,2025-06-12T03:21:00,ACC0795,ACC0486,82000,transfer,Amritsar,Fund transfer
TX2625,CASE056,2025-06-11T03:21:00,ACC0486,ACC0404,150000,transfer,Amritsar,Fund transfer
TX2626,CASE056,2025-05-31T03:21:00,ACC0651,ACC0163,5297,legitimate transfer,Bengaluru,Routine payment
TX2627,CASE056,2025-05-29T03:21:00,ACC0405,ACC0185,19601,legitimate transfer,Agra,Routine payment
TX2628,CASE056,2025-05-20T03:21:00,ACC0277,ACC0397,6352,legitimate transfer,Surat,Routine payment
TX2629,CASE056,2025-05-31T03:21:00,ACC0725,ACC0764,17442,legitimate transfer,Kanpur,Routine payment
TX2630,CASE056,2025-06-04T03:21:00,ACC0530,ACC0005,13962,legitimate transfer,Ghaziabad,Routine payment
TX2631,CASE056,2025-06-10T03:21:00,ACC0594,ACC0641,2832,legitimate transfer,Jaipur,Routine payment
TX2632,CASE056,2025-05-21T03:21:00,ACC0432,ACC0490,17643,legitimate transfer,Patna,Routine payment
TX2633,CASE056,2025-05-16T03:21:00,ACC0124,ACC0408,3823,legitimate transfer,Chandigarh,Routine payment
TX2634,CASE056,2025-05-19T03:21:00,ACC0139,ACC0030,7372,legitimate transfer,Chennai,Routine payment
TX2635,CASE056,2025-06-06T03:21:00,ACC0286,ACC0372,6642,legitimate transfer,Agra,Routine payment
TX2636,CASE056,2025-05-24T03:21:00,ACC0633,ACC0046,1541,legitimate transfer,Haridwar,Routine payment
TX2637,CASE056,2025-06-03T03:21:00,ACC0685,ACC0413,4013,legitimate transfer,Bengaluru,Routine payment
TX2638,CASE056,2025-06-14T03:21:00,ACC0534,ACC0521,7143,legitimate transfer,Bhubaneswar,Routine payment
TX2639,CASE056,2025-05-22T03:21:00,ACC0491,ACC0300,19244,legitimate transfer,Delhi,Routine payment
TX2640,CASE056,2025-05-31T03:21:00,ACC0338,ACC0538,7743,legitimate transfer,Agra,Routine payment
TX2641,CASE056,2025-06-14T03:21:00,ACC0418,ACC0775,6860,legitimate transfer,Jaipur,Routine payment
TX2642,CASE056,2025-05-19T03:21:00,ACC0386,ACC0773,689,legitimate transfer,Gurugram,Routine payment
TX2643,CASE056,2025-05-31T03:21:00,ACC0447,ACC0167,18762,legitimate transfer,Chennai,Routine payment
TX2644,CASE056,2025-05-28T03:21:00,ACC0344,ACC0287,1335,legitimate transfer,Bhubaneswar,Routine payment
TX2645,CASE056,2025-05-22T03:21:00,ACC0029,ACC0061,9368,legitimate transfer,Dehradun,Routine payment
TX2646,CASE056,2025-05-25T03:21:00,ACC0564,ACC0780,7789,legitimate transfer,Amritsar,Routine payment
TX2647,CASE056,2025-05-24T03:21:00,ACC0764,ACC0618,6994,legitimate transfer,Amritsar,Routine payment
TX2648,CASE056,2025-05-17T03:21:00,ACC0767,ACC0416,2998,legitimate transfer,Amritsar,Routine payment
TX2649,CASE056,2025-05-19T03:21:00,ACC0024,ACC0391,10671,legitimate transfer,Ranchi,Routine payment
TX2650,CASE056,2025-06-12T03:21:00,ACC0333,ACC0740,12455,legitimate transfer,Ahmedabad,Routine payment
TX2651,CASE056,2025-05-21T03:21:00,ACC0261,ACC0736,9545,legitimate transfer,Ludhiana,Routine payment
TX2652,CASE056,2025-06-08T03:21:00,ACC0522,ACC0654,10235,legitimate transfer,Ahmedabad,Routine payment
TX2653,CASE056,2025-06-09T03:21:00,ACC0638,ACC0746,4997,legitimate transfer,Amritsar,Routine payment
TX2654,CASE056,2025-05-16T03:21:00,ACC0780,ACC0725,5813,legitimate transfer,Amritsar,Routine payment
TX2655,CASE056,2025-06-01T03:21:00,ACC0578,ACC0496,10596,legitimate transfer,Bhopal,Routine payment
TX2656,CASE056,2025-05-16T03:21:00,ACC0774,ACC0285,13604,legitimate transfer,Haridwar,Routine payment
TX2657,CASE056,2025-05-28T03:21:00,ACC0444,ACC0199,9640,legitimate transfer,Kolkata,Routine payment
TX2658,CASE056,2025-05-25T03:21:00,ACC0676,ACC0326,19697,legitimate transfer,Jaipur,Routine payment
TX2659,CASE056,2025-05-31T03:21:00,ACC0694,ACC0562,18356,legitimate transfer,Lucknow,Routine payment
TX2660,CASE056,2025-06-04T03:21:00,ACC0052,ACC0511,10055,legitimate transfer,Indore,Routine payment
TX2661,CASE056,2025-05-16T03:21:00,ACC0157,ACC0292,18290,legitimate transfer,Lucknow,Routine payment
TX2662,CASE056,2025-06-04T03:21:00,ACC0534,ACC0669,10263,legitimate transfer,Gurugram,Routine payment
TX2663,CASE056,2025-05-17T03:21:00,ACC0686,ACC0332,3778,legitimate transfer,Bengaluru,Routine payment
TX2664,CASE056,2025-06-11T03:21:00,ACC0297,ACC0244,7594,legitimate transfer,Ranchi,Routine payment
TX2665,CASE056,2025-05-17T03:21:00,ACC0328,ACC0288,13102,legitimate transfer,Indore,Routine payment
TX2666,CASE056,2025-05-19T03:21:00,ACC0630,ACC0127,16012,legitimate transfer,Pune,Routine payment
TX2667,CASE056,2025-06-03T03:21:00,ACC0110,ACC0109,14561,legitimate transfer,Ghaziabad,Routine payment
TX2668,CASE056,2025-05-28T03:21:00,ACC0243,ACC0246,15123,legitimate transfer,Ghaziabad,Routine payment
TX2669,CASE056,2025-05-30T03:21:00,ACC0397,ACC0412,1763,legitimate transfer,Dehradun,Routine payment
TX2670,CASE056,2025-05-29T03:21:00,ACC0747,ACC0398,6402,legitimate transfer,Noida,Routine payment
TX2671,CASE057,2026-03-26T16:39:00,ACC0471,ACC0710,82000,transfer,Surat,Fund transfer
TX2672,CASE057,2026-03-28T16:39:00,ACC0710,ACC0770,82000,transfer,Surat,Fund transfer
TX2673,CASE057,2026-03-17T16:39:00,ACC0363,ACC0716,5860,legitimate transfer,Ahmedabad,Routine payment
TX2674,CASE057,2026-03-27T16:39:00,ACC0179,ACC0708,17302,legitimate transfer,Bengaluru,Routine payment
TX2675,CASE057,2026-03-17T16:39:00,ACC0087,ACC0520,18378,legitimate transfer,Kanpur,Routine payment
TX2676,CASE057,2026-03-29T16:39:00,ACC0074,ACC0628,19746,legitimate transfer,Chandigarh,Routine payment
TX2677,CASE057,2026-03-17T16:39:00,ACC0302,ACC0329,14520,legitimate transfer,Agra,Routine payment
TX2678,CASE057,2026-03-25T16:39:00,ACC0447,ACC0626,9472,legitimate transfer,Agra,Routine payment
TX2679,CASE057,2026-03-20T16:39:00,ACC0072,ACC0536,8369,legitimate transfer,Chandigarh,Routine payment
TX2680,CASE057,2026-03-13T16:39:00,ACC0490,ACC0145,6735,legitimate transfer,Pune,Routine payment
TX2681,CASE057,2026-03-02T16:39:00,ACC0098,ACC0411,19222,legitimate transfer,Gurugram,Routine payment
TX2682,CASE057,2026-03-27T16:39:00,ACC0386,ACC0169,9696,legitimate transfer,Kanpur,Routine payment
TX2683,CASE057,2026-03-07T16:39:00,ACC0661,ACC0245,12621,legitimate transfer,Ghaziabad,Routine payment
TX2684,CASE057,2026-03-31T16:39:00,ACC0338,ACC0060,2663,legitimate transfer,Indore,Routine payment
TX2685,CASE057,2026-03-29T16:39:00,ACC0150,ACC0099,19131,legitimate transfer,Pune,Routine payment
TX2686,CASE057,2026-03-28T16:39:00,ACC0535,ACC0364,9184,legitimate transfer,Ranchi,Routine payment
TX2687,CASE057,2026-03-11T16:39:00,ACC0341,ACC0658,1594,legitimate transfer,Jaipur,Routine payment
TX2688,CASE057,2026-03-18T16:39:00,ACC0303,ACC0345,1919,legitimate transfer,Patna,Routine payment
TX2689,CASE057,2026-03-11T16:39:00,ACC0511,ACC0748,3334,legitimate transfer,Surat,Routine payment
TX2690,CASE057,2026-03-30T16:39:00,ACC0292,ACC0585,4057,legitimate transfer,Pune,Routine payment
TX2691,CASE057,2026-03-14T16:39:00,ACC0296,ACC0223,14533,legitimate transfer,Kolkata,Routine payment
TX2692,CASE057,2026-03-31T16:39:00,ACC0171,ACC0286,19845,legitimate transfer,Mumbai,Routine payment
TX2693,CASE057,2026-03-07T16:39:00,ACC0318,ACC0439,19567,legitimate transfer,Chandigarh,Routine payment
TX2694,CASE057,2026-03-19T16:39:00,ACC0548,ACC0151,15152,legitimate transfer,Ahmedabad,Routine payment
TX2695,CASE057,2026-03-15T16:39:00,ACC0151,ACC0038,10230,legitimate transfer,Hyderabad,Routine payment
TX2696,CASE057,2026-03-25T16:39:00,ACC0454,ACC0405,17253,legitimate transfer,Bengaluru,Routine payment
TX2697,CASE057,2026-03-27T16:39:00,ACC0782,ACC0043,11514,legitimate transfer,Mumbai,Routine payment
TX2698,CASE057,2026-03-06T16:39:00,ACC0291,ACC0545,7980,legitimate transfer,Pune,Routine payment
TX2699,CASE057,2026-03-05T16:39:00,ACC0170,ACC0372,11708,legitimate transfer,Haridwar,Routine payment
TX2700,CASE057,2026-03-16T16:39:00,ACC0566,ACC0289,4336,legitimate transfer,Amritsar,Routine payment
TX2701,CASE057,2026-03-06T16:39:00,ACC0539,ACC0378,7609,legitimate transfer,Patna,Routine payment
TX2702,CASE057,2026-03-10T16:39:00,ACC0302,ACC0762,9627,legitimate transfer,Ranchi,Routine payment
TX2703,CASE057,2026-03-28T16:39:00,ACC0443,ACC0588,4992,legitimate transfer,Kolkata,Routine payment
TX2704,CASE057,2026-03-18T16:39:00,ACC0122,ACC0421,18586,legitimate transfer,Ghaziabad,Routine payment
TX2705,CASE057,2026-03-01T16:39:00,ACC0147,ACC0562,1662,legitimate transfer,Faridabad,Routine payment
TX2706,CASE057,2026-03-10T16:39:00,ACC0648,ACC0084,14599,legitimate transfer,Surat,Routine payment
TX2707,CASE057,2026-03-06T16:39:00,ACC0223,ACC0641,5274,legitimate transfer,Indore,Routine payment
TX2708,CASE057,2026-03-30T16:39:00,ACC0620,ACC0591,17023,legitimate transfer,Hyderabad,Routine payment
TX2709,CASE057,2026-03-07T16:39:00,ACC0597,ACC0712,12858,legitimate transfer,Ahmedabad,Routine payment
TX2710,CASE057,2026-03-12T16:39:00,ACC0080,ACC0096,4262,legitimate transfer,Ranchi,Routine payment
TX2711,CASE057,2026-03-19T16:39:00,ACC0366,ACC0494,4013,legitimate transfer,Agra,Routine payment
TX2712,CASE057,2026-03-30T16:39:00,ACC0455,ACC0480,1392,legitimate transfer,Gurugram,Routine payment
TX2713,CASE057,2026-03-27T16:39:00,ACC0800,ACC0093,16039,legitimate transfer,Jaipur,Routine payment
TX2714,CASE057,2026-03-14T16:39:00,ACC0299,ACC0649,5425,legitimate transfer,Delhi,Routine payment
TX2715,CASE057,2026-03-14T16:39:00,ACC0179,ACC0160,13035,legitimate transfer,Jaipur,Routine payment
TX2716,CASE057,2026-03-14T16:39:00,ACC0376,ACC0489,10058,legitimate transfer,Lucknow,Routine payment
TX2717,CASE057,2026-03-23T16:39:00,ACC0233,ACC0315,4842,legitimate transfer,Ahmedabad,Routine payment
TX2718,CASE058,2025-06-27T14:03:00,ACC0763,ACC0248,82000,transfer,Dehradun,Fund transfer
TX2719,CASE058,2025-06-28T14:03:00,ACC0248,ACC0700,150000,transfer,Dehradun,Fund transfer
TX2720,CASE058,2025-06-27T14:03:00,ACC0700,ACC0655,150000,transfer,Dehradun,Fund transfer
TX2721,CASE058,2025-06-25T14:03:00,ACC0655,ACC0286,150000,transfer,Dehradun,Fund transfer
TX2722,CASE058,2025-05-31T14:03:00,ACC0137,ACC0689,16402,legitimate transfer,Patna,Routine payment
TX2723,CASE058,2025-06-20T14:03:00,ACC0393,ACC0361,9308,legitimate transfer,Surat,Routine payment
TX2724,CASE058,2025-06-22T14:03:00,ACC0253,ACC0775,1292,legitimate transfer,Hyderabad,Routine payment
TX2725,CASE058,2025-06-17T14:03:00,ACC0457,ACC0697,11981,legitimate transfer,Noida,Routine payment
TX2726,CASE058,2025-06-01T14:03:00,ACC0038,ACC0571,3662,legitimate transfer,Hyderabad,Routine payment
TX2727,CASE058,2025-06-13T14:03:00,ACC0082,ACC0679,17495,legitimate transfer,Haridwar,Routine payment
TX2728,CASE058,2025-06-12T14:03:00,ACC0677,ACC0267,18935,legitimate transfer,Ludhiana,Routine payment
TX2729,CASE058,2025-06-04T14:03:00,ACC0585,ACC0415,11711,legitimate transfer,Gurugram,Routine payment
TX2730,CASE058,2025-06-17T14:03:00,ACC0081,ACC0037,11785,legitimate transfer,Dehradun,Routine payment
TX2731,CASE058,2025-06-22T14:03:00,ACC0287,ACC0197,3823,legitimate transfer,Delhi,Routine payment
TX2732,CASE058,2025-06-14T14:03:00,ACC0640,ACC0749,7745,legitimate transfer,Ranchi,Routine payment
TX2733,CASE058,2025-06-10T14:03:00,ACC0661,ACC0234,4412,legitimate transfer,Ahmedabad,Routine payment
TX2734,CASE058,2025-06-15T14:03:00,ACC0212,ACC0333,7026,legitimate transfer,Chandigarh,Routine payment
TX2735,CASE058,2025-06-19T14:03:00,ACC0716,ACC0622,7426,legitimate transfer,Amritsar,Routine payment
TX2736,CASE058,2025-06-12T14:03:00,ACC0486,ACC0397,11159,legitimate transfer,Pune,Routine payment
TX2737,CASE058,2025-06-19T14:03:00,ACC0679,ACC0034,11548,legitimate transfer,Indore,Routine payment
TX2738,CASE058,2025-06-16T14:03:00,ACC0177,ACC0162,17611,legitimate transfer,Indore,Routine payment
TX2739,CASE058,2025-06-03T14:03:00,ACC0611,ACC0142,8495,legitimate transfer,Ludhiana,Routine payment
TX2740,CASE058,2025-06-13T14:03:00,ACC0081,ACC0083,7662,legitimate transfer,Chennai,Routine payment
TX2741,CASE058,2025-06-17T14:03:00,ACC0001,ACC0288,2110,legitimate transfer,Bhubaneswar,Routine payment
TX2742,CASE058,2025-06-22T14:03:00,ACC0482,ACC0131,18023,legitimate transfer,Patna,Routine payment
TX2743,CASE058,2025-06-16T14:03:00,ACC0527,ACC0624,6749,legitimate transfer,Chennai,Routine payment
TX2744,CASE058,2025-06-09T14:03:00,ACC0742,ACC0260,13133,legitimate transfer,Agra,Routine payment
TX2745,CASE058,2025-06-20T14:03:00,ACC0573,ACC0161,19821,legitimate transfer,Chennai,Routine payment
TX2746,CASE058,2025-06-17T14:03:00,ACC0575,ACC0759,14260,legitimate transfer,Chandigarh,Routine payment
TX2747,CASE058,2025-06-17T14:03:00,ACC0510,ACC0678,3470,legitimate transfer,Dehradun,Routine payment
TX2748,CASE058,2025-06-25T14:03:00,ACC0280,ACC0182,5364,legitimate transfer,Indore,Routine payment
TX2749,CASE058,2025-06-05T14:03:00,ACC0681,ACC0067,15212,legitimate transfer,Bhubaneswar,Routine payment
TX2750,CASE058,2025-06-06T14:03:00,ACC0634,ACC0634,794,legitimate transfer,Indore,Routine payment
TX2751,CASE058,2025-06-18T14:03:00,ACC0554,ACC0524,1116,legitimate transfer,Mumbai,Routine payment
TX2752,CASE058,2025-06-22T14:03:00,ACC0262,ACC0114,529,legitimate transfer,Kanpur,Routine payment
TX2753,CASE058,2025-06-30T14:03:00,ACC0646,ACC0489,872,legitimate transfer,Mumbai,Routine payment
TX2754,CASE058,2025-06-18T14:03:00,ACC0228,ACC0659,8010,legitimate transfer,Ludhiana,Routine payment
TX2755,CASE058,2025-06-16T14:03:00,ACC0563,ACC0463,3907,legitimate transfer,Noida,Routine payment
TX2756,CASE058,2025-06-09T14:03:00,ACC0776,ACC0195,15464,legitimate transfer,Gurugram,Routine payment
TX2757,CASE058,2025-06-15T14:03:00,ACC0219,ACC0276,14610,legitimate transfer,Lucknow,Routine payment
TX2758,CASE058,2025-06-11T14:03:00,ACC0167,ACC0205,7329,legitimate transfer,Surat,Routine payment
TX2759,CASE058,2025-06-15T14:03:00,ACC0716,ACC0484,19411,legitimate transfer,Pune,Routine payment
TX2760,CASE058,2025-06-11T14:03:00,ACC0133,ACC0573,19716,legitimate transfer,Jaipur,Routine payment
TX2761,CASE058,2025-06-26T14:03:00,ACC0585,ACC0230,16650,legitimate transfer,Dehradun,Routine payment
TX2762,CASE058,2025-06-25T14:03:00,ACC0293,ACC0071,7010,legitimate transfer,Ludhiana,Routine payment
TX2763,CASE058,2025-06-08T14:03:00,ACC0115,ACC0683,16065,legitimate transfer,Chandigarh,Routine payment
TX2764,CASE058,2025-06-15T14:03:00,ACC0579,ACC0657,7589,legitimate transfer,Ludhiana,Routine payment
TX2765,CASE058,2025-06-02T14:03:00,ACC0300,ACC0263,13291,legitimate transfer,Bhubaneswar,Routine payment
TX2766,CASE058,2025-06-14T14:03:00,ACC0166,ACC0565,3053,legitimate transfer,Patna,Routine payment
TX2767,CASE059,2025-07-25T20:42:00,ACC0752,ACC0281,235000,transfer,Mumbai,Fund transfer
TX2768,CASE059,2025-07-10T20:42:00,ACC0510,ACC0458,11430,legitimate transfer,Chennai,Routine payment
TX2769,CASE059,2025-07-04T20:42:00,ACC0733,ACC0374,6652,legitimate transfer,Patna,Routine payment
TX2770,CASE059,2025-07-08T20:42:00,ACC0052,ACC0231,6931,legitimate transfer,Pune,Routine payment
TX2771,CASE059,2025-07-16T20:42:00,ACC0649,ACC0564,7227,legitimate transfer,Chennai,Routine payment
TX2772,CASE059,2025-07-02T20:42:00,ACC0700,ACC0273,13234,legitimate transfer,Ludhiana,Routine payment
TX2773,CASE059,2025-07-01T20:42:00,ACC0364,ACC0507,10646,legitimate transfer,Kolkata,Routine payment
TX2774,CASE059,2025-07-18T20:42:00,ACC0506,ACC0789,9909,legitimate transfer,Chennai,Routine payment
TX2775,CASE059,2025-07-12T20:42:00,ACC0646,ACC0669,1065,legitimate transfer,Gurugram,Routine payment
TX2776,CASE059,2025-07-09T20:42:00,ACC0471,ACC0050,17336,legitimate transfer,Ludhiana,Routine payment
TX2777,CASE059,2025-06-27T20:42:00,ACC0040,ACC0469,12124,legitimate transfer,Bengaluru,Routine payment
TX2778,CASE059,2025-07-15T20:42:00,ACC0319,ACC0112,9255,legitimate transfer,Kolkata,Routine payment
TX2779,CASE059,2025-07-17T20:42:00,ACC0723,ACC0259,12326,legitimate transfer,Chennai,Routine payment
TX2780,CASE059,2025-07-22T20:42:00,ACC0272,ACC0279,13004,legitimate transfer,Hyderabad,Routine payment
TX2781,CASE059,2025-07-11T20:42:00,ACC0094,ACC0184,13366,legitimate transfer,Bhubaneswar,Routine payment
TX2782,CASE059,2025-07-22T20:42:00,ACC0679,ACC0080,11903,legitimate transfer,Bhopal,Routine payment
TX2783,CASE059,2025-07-13T20:42:00,ACC0407,ACC0707,19297,legitimate transfer,Bhubaneswar,Routine payment
TX2784,CASE059,2025-07-06T20:42:00,ACC0543,ACC0629,5905,legitimate transfer,Hyderabad,Routine payment
TX2785,CASE059,2025-07-09T20:42:00,ACC0456,ACC0244,5183,legitimate transfer,Gurugram,Routine payment
TX2786,CASE059,2025-06-27T20:42:00,ACC0800,ACC0050,17953,legitimate transfer,Kanpur,Routine payment
TX2787,CASE059,2025-06-29T20:42:00,ACC0692,ACC0642,1647,legitimate transfer,Agra,Routine payment
TX2788,CASE059,2025-07-23T20:42:00,ACC0242,ACC0171,17422,legitimate transfer,Ranchi,Routine payment
TX2789,CASE059,2025-07-02T20:42:00,ACC0428,ACC0514,16856,legitimate transfer,Ranchi,Routine payment
TX2790,CASE059,2025-07-18T20:42:00,ACC0305,ACC0094,5312,legitimate transfer,Kolkata,Routine payment
TX2791,CASE059,2025-07-23T20:42:00,ACC0221,ACC0672,590,legitimate transfer,Surat,Routine payment
TX2792,CASE059,2025-07-02T20:42:00,ACC0432,ACC0090,6816,legitimate transfer,Haridwar,Routine payment
TX2793,CASE059,2025-06-27T20:42:00,ACC0674,ACC0113,15439,legitimate transfer,Amritsar,Routine payment
TX2794,CASE059,2025-07-15T20:42:00,ACC0155,ACC0777,18528,legitimate transfer,Mumbai,Routine payment
TX2795,CASE059,2025-07-12T20:42:00,ACC0250,ACC0025,13459,legitimate transfer,Dehradun,Routine payment
TX2796,CASE059,2025-07-09T20:42:00,ACC0410,ACC0137,12490,legitimate transfer,Bhubaneswar,Routine payment
TX2797,CASE059,2025-07-03T20:42:00,ACC0639,ACC0244,1993,legitimate transfer,Ghaziabad,Routine payment
TX2798,CASE059,2025-07-23T20:42:00,ACC0560,ACC0353,1140,legitimate transfer,Ranchi,Routine payment
TX2799,CASE059,2025-07-19T20:42:00,ACC0025,ACC0633,17842,legitimate transfer,Faridabad,Routine payment
TX2800,CASE059,2025-07-26T20:42:00,ACC0079,ACC0458,14763,legitimate transfer,Chandigarh,Routine payment
TX2801,CASE059,2025-07-20T20:42:00,ACC0601,ACC0557,8087,legitimate transfer,Indore,Routine payment
TX2802,CASE059,2025-07-07T20:42:00,ACC0498,ACC0506,2439,legitimate transfer,Gurugram,Routine payment
TX2803,CASE059,2025-07-19T20:42:00,ACC0037,ACC0416,2677,legitimate transfer,Hyderabad,Routine payment
TX2804,CASE059,2025-06-26T20:42:00,ACC0634,ACC0592,2433,legitimate transfer,Chennai,Routine payment
TX2805,CASE059,2025-07-04T20:42:00,ACC0006,ACC0166,14429,legitimate transfer,Pune,Routine payment
TX2806,CASE059,2025-07-06T20:42:00,ACC0519,ACC0035,5423,legitimate transfer,Gurugram,Routine payment
TX2807,CASE059,2025-07-10T20:42:00,ACC0335,ACC0478,1376,legitimate transfer,Faridabad,Routine payment
TX2808,CASE059,2025-06-26T20:42:00,ACC0436,ACC0441,7530,legitimate transfer,Gurugram,Routine payment
TX2809,CASE059,2025-06-27T20:42:00,ACC0041,ACC0186,5039,legitimate transfer,Gurugram,Routine payment
TX2810,CASE059,2025-07-19T20:42:00,ACC0787,ACC0203,4713,legitimate transfer,Faridabad,Routine payment
TX2811,CASE059,2025-07-24T20:42:00,ACC0511,ACC0313,4950,legitimate transfer,Kolkata,Routine payment
TX2812,CASE059,2025-07-18T20:42:00,ACC0557,ACC0292,3962,legitimate transfer,Lucknow,Routine payment
TX2813,CASE060,2025-07-24T00:03:00,ACC0612,ACC0791,235000,transfer,Mumbai,Fund transfer
TX2814,CASE060,2025-07-24T00:03:00,ACC0791,ACC0635,82000,transfer,Mumbai,Fund transfer
TX2815,CASE060,2025-07-24T00:03:00,ACC0635,ACC0449,49500,transfer,Mumbai,Fund transfer
TX2816,CASE060,2025-07-08T00:03:00,ACC0517,ACC0457,5750,legitimate transfer,Ranchi,Routine payment
TX2817,CASE060,2025-06-26T00:03:00,ACC0365,ACC0349,12488,legitimate transfer,Lucknow,Routine payment
TX2818,CASE060,2025-07-08T00:03:00,ACC0724,ACC0694,4405,legitimate transfer,Kanpur,Routine payment
TX2819,CASE060,2025-07-01T00:03:00,ACC0148,ACC0142,10869,legitimate transfer,Chandigarh,Routine payment
TX2820,CASE060,2025-07-16T00:03:00,ACC0152,ACC0519,15737,legitimate transfer,Ghaziabad,Routine payment
TX2821,CASE060,2025-07-09T00:03:00,ACC0509,ACC0694,1424,legitimate transfer,Gurugram,Routine payment
TX2822,CASE060,2025-07-03T00:03:00,ACC0085,ACC0077,13217,legitimate transfer,Ahmedabad,Routine payment
TX2823,CASE060,2025-07-13T00:03:00,ACC0503,ACC0725,14308,legitimate transfer,Bengaluru,Routine payment
TX2824,CASE060,2025-06-26T00:03:00,ACC0064,ACC0768,11637,legitimate transfer,Kanpur,Routine payment
TX2825,CASE060,2025-07-20T00:03:00,ACC0049,ACC0312,1512,legitimate transfer,Bengaluru,Routine payment
TX2826,CASE060,2025-07-20T00:03:00,ACC0489,ACC0319,1583,legitimate transfer,Indore,Routine payment
TX2827,CASE060,2025-06-28T00:03:00,ACC0560,ACC0464,6621,legitimate transfer,Chennai,Routine payment
TX2828,CASE060,2025-07-08T00:03:00,ACC0546,ACC0542,5356,legitimate transfer,Kanpur,Routine payment
TX2829,CASE060,2025-07-25T00:03:00,ACC0623,ACC0001,10359,legitimate transfer,Ludhiana,Routine payment
TX2830,CASE060,2025-07-12T00:03:00,ACC0164,ACC0494,11814,legitimate transfer,Kolkata,Routine payment
TX2831,CASE060,2025-07-25T00:03:00,ACC0021,ACC0631,19911,legitimate transfer,Agra,Routine payment
TX2832,CASE060,2025-07-01T00:03:00,ACC0613,ACC0779,3452,legitimate transfer,Dehradun,Routine payment
TX2833,CASE060,2025-07-01T00:03:00,ACC0326,ACC0694,5203,legitimate transfer,Bhopal,Routine payment
TX2834,CASE060,2025-07-04T00:03:00,ACC0612,ACC0202,15017,legitimate transfer,Faridabad,Routine payment
TX2835,CASE060,2025-07-25T00:03:00,ACC0306,ACC0202,8446,legitimate transfer,Agra,Routine payment
TX2836,CASE060,2025-07-18T00:03:00,ACC0481,ACC0707,10894,legitimate transfer,Faridabad,Routine payment
TX2837,CASE060,2025-07-08T00:03:00,ACC0276,ACC0626,8524,legitimate transfer,Chandigarh,Routine payment
TX2838,CASE060,2025-07-15T00:03:00,ACC0481,ACC0542,7625,legitimate transfer,Surat,Routine payment
TX2839,CASE060,2025-07-08T00:03:00,ACC0239,ACC0146,16502,legitimate transfer,Amritsar,Routine payment
TX2840,CASE060,2025-07-22T00:03:00,ACC0151,ACC0657,3913,legitimate transfer,Ludhiana,Routine payment
TX2841,CASE060,2025-07-19T00:03:00,ACC0326,ACC0726,860,legitimate transfer,Jaipur,Routine payment
TX2842,CASE060,2025-06-28T00:03:00,ACC0181,ACC0463,8527,legitimate transfer,Haridwar,Routine payment
TX2843,CASE060,2025-07-13T00:03:00,ACC0072,ACC0497,1471,legitimate transfer,Bhopal,Routine payment
TX2844,CASE060,2025-07-08T00:03:00,ACC0284,ACC0405,11191,legitimate transfer,Gurugram,Routine payment
TX2845,CASE060,2025-07-17T00:03:00,ACC0725,ACC0590,8426,legitimate transfer,Surat,Routine payment
TX2846,CASE060,2025-07-12T00:03:00,ACC0280,ACC0543,3907,legitimate transfer,Bhubaneswar,Routine payment
TX2847,CASE060,2025-07-08T00:03:00,ACC0528,ACC0218,6199,legitimate transfer,Delhi,Routine payment
TX2848,CASE060,2025-06-26T00:03:00,ACC0246,ACC0588,2749,legitimate transfer,Jaipur,Routine payment
TX2849,CASE060,2025-07-12T00:03:00,ACC0337,ACC0114,17592,legitimate transfer,Gurugram,Routine payment
TX2850,CASE060,2025-07-16T00:03:00,ACC0340,ACC0168,6773,legitimate transfer,Lucknow,Routine payment
TX2851,CASE060,2025-07-23T00:03:00,ACC0332,ACC0079,11558,legitimate transfer,Hyderabad,Routine payment
TX2852,CASE060,2025-07-04T00:03:00,ACC0188,ACC0279,1545,legitimate transfer,Dehradun,Routine payment
TX2853,CASE060,2025-07-25T00:03:00,ACC0549,ACC0497,18408,legitimate transfer,Chennai,Routine payment
TX2854,CASE060,2025-07-15T00:03:00,ACC0254,ACC0374,15600,legitimate transfer,Bhubaneswar,Routine payment
TX2855,CASE060,2025-07-23T00:03:00,ACC0198,ACC0013,16083,legitimate transfer,Jaipur,Routine payment
TX2856,CASE060,2025-07-17T00:03:00,ACC0334,ACC0160,15087,legitimate transfer,Jaipur,Routine payment
TX2857,CASE060,2025-06-29T00:03:00,ACC0661,ACC0382,6422,legitimate transfer,Patna,Routine payment
TX2858,CASE060,2025-06-30T00:03:00,ACC0264,ACC0642,5526,legitimate transfer,Ludhiana,Routine payment
TX2859,CASE060,2025-06-26T00:03:00,ACC0128,ACC0570,3992,legitimate transfer,Bengaluru,Routine payment
TX2860,CASE060,2025-07-15T00:03:00,ACC0225,ACC0796,14706,legitimate transfer,Agra,Routine payment
TX2861,CASE061,2026-06-01T23:31:00,ACC0162,ACC0683,49500,transfer,Pune,Fund transfer
TX2862,CASE061,2026-06-01T23:31:00,ACC0683,ACC0203,235000,transfer,Pune,Fund transfer
TX2863,CASE061,2026-06-02T23:31:00,ACC0203,ACC0227,49500,transfer,Pune,Fund transfer
TX2864,CASE061,2026-05-28T23:31:00,ACC0227,ACC0210,49500,transfer,Pune,Fund transfer
TX2865,CASE061,2026-05-12T23:31:00,ACC0172,ACC0106,2971,legitimate transfer,Noida,Routine payment
TX2866,CASE061,2026-05-10T23:31:00,ACC0057,ACC0765,12818,legitimate transfer,Kanpur,Routine payment
TX2867,CASE061,2026-05-08T23:31:00,ACC0665,ACC0730,8093,legitimate transfer,Chandigarh,Routine payment
TX2868,CASE061,2026-05-28T23:31:00,ACC0629,ACC0686,1996,legitimate transfer,Chennai,Routine payment
TX2869,CASE061,2026-05-25T23:31:00,ACC0799,ACC0450,17440,legitimate transfer,Pune,Routine payment
TX2870,CASE061,2026-05-16T23:31:00,ACC0192,ACC0366,10886,legitimate transfer,Pune,Routine payment
TX2871,CASE061,2026-05-22T23:31:00,ACC0637,ACC0330,9379,legitimate transfer,Bhubaneswar,Routine payment
TX2872,CASE061,2026-05-17T23:31:00,ACC0075,ACC0604,6300,legitimate transfer,Amritsar,Routine payment
TX2873,CASE061,2026-05-30T23:31:00,ACC0446,ACC0543,16729,legitimate transfer,Agra,Routine payment
TX2874,CASE061,2026-05-27T23:31:00,ACC0674,ACC0642,15077,legitimate transfer,Ranchi,Routine payment
TX2875,CASE061,2026-05-25T23:31:00,ACC0114,ACC0590,6445,legitimate transfer,Ranchi,Routine payment
TX2876,CASE061,2026-06-01T23:31:00,ACC0784,ACC0361,16861,legitimate transfer,Agra,Routine payment
TX2877,CASE061,2026-05-18T23:31:00,ACC0015,ACC0357,8137,legitimate transfer,Ranchi,Routine payment
TX2878,CASE061,2026-05-12T23:31:00,ACC0727,ACC0277,15391,legitimate transfer,Lucknow,Routine payment
TX2879,CASE061,2026-05-07T23:31:00,ACC0358,ACC0269,13786,legitimate transfer,Ranchi,Routine payment
TX2880,CASE061,2026-05-11T23:31:00,ACC0463,ACC0201,6486,legitimate transfer,Haridwar,Routine payment
TX2881,CASE061,2026-05-16T23:31:00,ACC0760,ACC0099,1074,legitimate transfer,Bhubaneswar,Routine payment
TX2882,CASE061,2026-05-11T23:31:00,ACC0433,ACC0372,9341,legitimate transfer,Bhubaneswar,Routine payment
TX2883,CASE061,2026-05-19T23:31:00,ACC0373,ACC0345,2910,legitimate transfer,Jaipur,Routine payment
TX2884,CASE061,2026-05-18T23:31:00,ACC0619,ACC0672,12672,legitimate transfer,Gurugram,Routine payment
TX2885,CASE061,2026-05-31T23:31:00,ACC0246,ACC0189,15574,legitimate transfer,Hyderabad,Routine payment
TX2886,CASE061,2026-05-25T23:31:00,ACC0248,ACC0660,7457,legitimate transfer,Faridabad,Routine payment
TX2887,CASE061,2026-05-06T23:31:00,ACC0108,ACC0339,4721,legitimate transfer,Jaipur,Routine payment
TX2888,CASE061,2026-05-23T23:31:00,ACC0625,ACC0295,2072,legitimate transfer,Ahmedabad,Routine payment
TX2889,CASE061,2026-05-21T23:31:00,ACC0531,ACC0790,8478,legitimate transfer,Patna,Routine payment
TX2890,CASE061,2026-05-07T23:31:00,ACC0561,ACC0275,11537,legitimate transfer,Hyderabad,Routine payment
TX2891,CASE061,2026-05-16T23:31:00,ACC0681,ACC0168,15223,legitimate transfer,Ghaziabad,Routine payment
TX2892,CASE061,2026-05-12T23:31:00,ACC0787,ACC0497,9067,legitimate transfer,Ranchi,Routine payment
TX2893,CASE061,2026-05-26T23:31:00,ACC0245,ACC0648,4597,legitimate transfer,Jaipur,Routine payment
TX2894,CASE061,2026-05-23T23:31:00,ACC0741,ACC0323,13333,legitimate transfer,Hyderabad,Routine payment
TX2895,CASE061,2026-05-25T23:31:00,ACC0412,ACC0091,14523,legitimate transfer,Pune,Routine payment
TX2896,CASE061,2026-05-25T23:31:00,ACC0498,ACC0421,12152,legitimate transfer,Amritsar,Routine payment
TX2897,CASE061,2026-05-04T23:31:00,ACC0349,ACC0327,2811,legitimate transfer,Lucknow,Routine payment
TX2898,CASE061,2026-05-20T23:31:00,ACC0098,ACC0038,5570,legitimate transfer,Kolkata,Routine payment
TX2899,CASE061,2026-05-06T23:31:00,ACC0078,ACC0063,16042,legitimate transfer,Jaipur,Routine payment
TX2900,CASE061,2026-05-11T23:31:00,ACC0169,ACC0094,2309,legitimate transfer,Patna,Routine payment
TX2901,CASE061,2026-05-04T23:31:00,ACC0775,ACC0147,5668,legitimate transfer,Chandigarh,Routine payment
TX2902,CASE061,2026-05-26T23:31:00,ACC0367,ACC0208,15964,legitimate transfer,Surat,Routine payment
TX2903,CASE061,2026-05-29T23:31:00,ACC0210,ACC0434,2330,legitimate transfer,Haridwar,Routine payment
TX2904,CASE061,2026-05-13T23:31:00,ACC0013,ACC0102,19687,legitimate transfer,Ranchi,Routine payment
TX2905,CASE061,2026-05-10T23:31:00,ACC0739,ACC0681,18652,legitimate transfer,Amritsar,Routine payment
TX2906,CASE061,2026-06-02T23:31:00,ACC0085,ACC0369,18288,legitimate transfer,Chennai,Routine payment
TX2907,CASE061,2026-05-24T23:31:00,ACC0678,ACC0088,13489,legitimate transfer,Ranchi,Routine payment
TX2908,CASE061,2026-05-14T23:31:00,ACC0775,ACC0282,16173,legitimate transfer,Lucknow,Routine payment
TX2909,CASE061,2026-05-17T23:31:00,ACC0244,ACC0575,665,legitimate transfer,Faridabad,Routine payment
TX2910,CASE062,2025-12-26T16:17:00,ACC0293,ACC0457,150000,transfer,Chennai,Fund transfer
TX2911,CASE062,2025-12-23T16:17:00,ACC0457,ACC0181,49500,transfer,Chennai,Fund transfer
TX2912,CASE062,2025-12-23T16:17:00,ACC0181,ACC0615,235000,transfer,Chennai,Fund transfer
TX2913,CASE062,2025-12-23T16:17:00,ACC0615,ACC0496,82000,transfer,Chennai,Fund transfer
TX2914,CASE062,2025-12-07T16:17:00,ACC0326,ACC0515,9057,legitimate transfer,Mumbai,Routine payment
TX2915,CASE062,2025-12-22T16:17:00,ACC0177,ACC0242,15864,legitimate transfer,Indore,Routine payment
TX2916,CASE062,2025-11-28T16:17:00,ACC0034,ACC0402,7493,legitimate transfer,Chennai,Routine payment
TX2917,CASE062,2025-12-27T16:17:00,ACC0460,ACC0768,12003,legitimate transfer,Ahmedabad,Routine payment
TX2918,CASE062,2025-12-19T16:17:00,ACC0412,ACC0230,5392,legitimate transfer,Bengaluru,Routine payment
TX2919,CASE062,2025-12-18T16:17:00,ACC0563,ACC0752,7701,legitimate transfer,Bhubaneswar,Routine payment
TX2920,CASE062,2025-12-24T16:17:00,ACC0436,ACC0457,15209,legitimate transfer,Ranchi,Routine payment
TX2921,CASE062,2025-12-28T16:17:00,ACC0677,ACC0439,9370,legitimate transfer,Bhopal,Routine payment
TX2922,CASE062,2025-12-05T16:17:00,ACC0543,ACC0260,11103,legitimate transfer,Ahmedabad,Routine payment
TX2923,CASE062,2025-12-04T16:17:00,ACC0631,ACC0583,7544,legitimate transfer,Hyderabad,Routine payment
TX2924,CASE062,2025-12-05T16:17:00,ACC0015,ACC0255,10609,legitimate transfer,Chandigarh,Routine payment
TX2925,CASE062,2025-12-14T16:17:00,ACC0310,ACC0167,12438,legitimate transfer,Amritsar,Routine payment
TX2926,CASE062,2025-12-21T16:17:00,ACC0191,ACC0062,3721,legitimate transfer,Mumbai,Routine payment
TX2927,CASE062,2025-12-12T16:17:00,ACC0026,ACC0280,15907,legitimate transfer,Ludhiana,Routine payment
TX2928,CASE062,2025-12-11T16:17:00,ACC0047,ACC0595,7508,legitimate transfer,Jaipur,Routine payment
TX2929,CASE062,2025-12-24T16:17:00,ACC0104,ACC0694,13136,legitimate transfer,Bengaluru,Routine payment
TX2930,CASE062,2025-12-11T16:17:00,ACC0168,ACC0089,13791,legitimate transfer,Mumbai,Routine payment
TX2931,CASE062,2025-12-08T16:17:00,ACC0405,ACC0105,7855,legitimate transfer,Ranchi,Routine payment
TX2932,CASE062,2025-12-11T16:17:00,ACC0448,ACC0447,17751,legitimate transfer,Chandigarh,Routine payment
TX2933,CASE062,2025-12-15T16:17:00,ACC0659,ACC0536,19871,legitimate transfer,Mumbai,Routine payment
TX2934,CASE062,2025-12-11T16:17:00,ACC0456,ACC0445,4608,legitimate transfer,Lucknow,Routine payment
TX2935,CASE062,2025-12-12T16:17:00,ACC0083,ACC0442,2902,legitimate transfer,Gurugram,Routine payment
TX2936,CASE062,2025-12-06T16:17:00,ACC0276,ACC0005,14262,legitimate transfer,Mumbai,Routine payment
TX2937,CASE062,2025-11-30T16:17:00,ACC0182,ACC0216,17797,legitimate transfer,Haridwar,Routine payment
TX2938,CASE062,2025-12-23T16:17:00,ACC0298,ACC0661,19383,legitimate transfer,Kolkata,Routine payment
TX2939,CASE062,2025-12-20T16:17:00,ACC0495,ACC0513,9913,legitimate transfer,Ahmedabad,Routine payment
TX2940,CASE062,2025-12-10T16:17:00,ACC0116,ACC0136,3388,legitimate transfer,Gurugram,Routine payment
TX2941,CASE062,2025-12-15T16:17:00,ACC0460,ACC0355,4509,legitimate transfer,Noida,Routine payment
TX2942,CASE062,2025-12-09T16:17:00,ACC0483,ACC0704,10529,legitimate transfer,Indore,Routine payment
TX2943,CASE062,2025-12-17T16:17:00,ACC0014,ACC0690,19059,legitimate transfer,Chandigarh,Routine payment
TX2944,CASE062,2025-12-13T16:17:00,ACC0752,ACC0174,1265,legitimate transfer,Hyderabad,Routine payment
TX2945,CASE062,2025-12-14T16:17:00,ACC0640,ACC0053,19911,legitimate transfer,Lucknow,Routine payment
TX2946,CASE062,2025-12-21T16:17:00,ACC0399,ACC0352,1278,legitimate transfer,Patna,Routine payment
TX2947,CASE062,2025-12-14T16:17:00,ACC0178,ACC0440,18276,legitimate transfer,Ghaziabad,Routine payment
TX2948,CASE062,2025-12-09T16:17:00,ACC0591,ACC0001,2206,legitimate transfer,Ghaziabad,Routine payment
TX2949,CASE062,2025-11-30T16:17:00,ACC0762,ACC0456,14468,legitimate transfer,Bengaluru,Routine payment
TX2950,CASE062,2025-12-12T16:17:00,ACC0197,ACC0774,2536,legitimate transfer,Patna,Routine payment
TX2951,CASE062,2025-12-14T16:17:00,ACC0264,ACC0344,13978,legitimate transfer,Lucknow,Routine payment
TX2952,CASE062,2025-12-03T16:17:00,ACC0495,ACC0627,2446,legitimate transfer,Bengaluru,Routine payment
TX2953,CASE062,2025-12-17T16:17:00,ACC0087,ACC0041,17164,legitimate transfer,Haridwar,Routine payment
TX2954,CASE062,2025-12-19T16:17:00,ACC0581,ACC0515,15795,legitimate transfer,Dehradun,Routine payment
TX2955,CASE062,2025-11-28T16:17:00,ACC0107,ACC0551,12117,legitimate transfer,Agra,Routine payment
TX2956,CASE062,2025-11-28T16:17:00,ACC0720,ACC0386,10462,legitimate transfer,Dehradun,Routine payment
TX2957,CASE062,2025-12-11T16:17:00,ACC0040,ACC0018,5474,legitimate transfer,Haridwar,Routine payment
TX2958,CASE062,2025-12-14T16:17:00,ACC0073,ACC0124,6209,legitimate transfer,Agra,Routine payment
TX2959,CASE063,2025-11-10T05:13:00,ACC0704,ACC0784,82000,transfer,Indore,Fund transfer
TX2960,CASE063,2025-11-14T05:13:00,ACC0784,ACC0507,150000,transfer,Indore,Fund transfer
TX2961,CASE063,2025-11-13T05:13:00,ACC0507,ACC0719,82000,transfer,Indore,Fund transfer
TX2962,CASE063,2025-11-05T05:13:00,ACC0382,ACC0082,17027,legitimate transfer,Delhi,Routine payment
TX2963,CASE063,2025-10-22T05:13:00,ACC0217,ACC0436,7724,legitimate transfer,Faridabad,Routine payment
TX2964,CASE063,2025-11-08T05:13:00,ACC0709,ACC0418,18062,legitimate transfer,Hyderabad,Routine payment
TX2965,CASE063,2025-11-13T05:13:00,ACC0084,ACC0691,5499,legitimate transfer,Kanpur,Routine payment
TX2966,CASE063,2025-11-14T05:13:00,ACC0455,ACC0473,11126,legitimate transfer,Ahmedabad,Routine payment
TX2967,CASE063,2025-11-06T05:13:00,ACC0793,ACC0537,8662,legitimate transfer,Dehradun,Routine payment
TX2968,CASE063,2025-11-11T05:13:00,ACC0463,ACC0200,18051,legitimate transfer,Bengaluru,Routine payment
TX2969,CASE063,2025-10-19T05:13:00,ACC0558,ACC0207,19553,legitimate transfer,Bengaluru,Routine payment
TX2970,CASE063,2025-11-14T05:13:00,ACC0642,ACC0013,13168,legitimate transfer,Bhubaneswar,Routine payment
TX2971,CASE063,2025-11-05T05:13:00,ACC0520,ACC0525,2940,legitimate transfer,Delhi,Routine payment
TX2972,CASE063,2025-11-08T05:13:00,ACC0542,ACC0257,19067,legitimate transfer,Indore,Routine payment
TX2973,CASE063,2025-11-08T05:13:00,ACC0033,ACC0117,8369,legitimate transfer,Ranchi,Routine payment
TX2974,CASE063,2025-10-29T05:13:00,ACC0169,ACC0689,11830,legitimate transfer,Amritsar,Routine payment
TX2975,CASE063,2025-10-21T05:13:00,ACC0217,ACC0592,9083,legitimate transfer,Ranchi,Routine payment
TX2976,CASE063,2025-10-21T05:13:00,ACC0043,ACC0527,14289,legitimate transfer,Surat,Routine payment
TX2977,CASE063,2025-10-29T05:13:00,ACC0059,ACC0213,11083,legitimate transfer,Bhubaneswar,Routine payment
TX2978,CASE063,2025-11-01T05:13:00,ACC0238,ACC0069,18566,legitimate transfer,Chennai,Routine payment
TX2979,CASE063,2025-11-05T05:13:00,ACC0648,ACC0348,8177,legitimate transfer,Pune,Routine payment
TX2980,CASE063,2025-10-16T05:13:00,ACC0137,ACC0667,7746,legitimate transfer,Patna,Routine payment
TX2981,CASE063,2025-11-04T05:13:00,ACC0407,ACC0683,12365,legitimate transfer,Faridabad,Routine payment
TX2982,CASE063,2025-10-28T05:13:00,ACC0578,ACC0696,6582,legitimate transfer,Chennai,Routine payment
TX2983,CASE063,2025-10-21T05:13:00,ACC0513,ACC0078,18601,legitimate transfer,Chennai,Routine payment
TX2984,CASE063,2025-11-10T05:13:00,ACC0204,ACC0568,12269,legitimate transfer,Kolkata,Routine payment
TX2985,CASE063,2025-11-10T05:13:00,ACC0225,ACC0363,5339,legitimate transfer,Pune,Routine payment
TX2986,CASE063,2025-10-28T05:13:00,ACC0437,ACC0627,15779,legitimate transfer,Gurugram,Routine payment
TX2987,CASE063,2025-10-20T05:13:00,ACC0058,ACC0004,6820,legitimate transfer,Noida,Routine payment
TX2988,CASE063,2025-11-10T05:13:00,ACC0642,ACC0612,14705,legitimate transfer,Pune,Routine payment
TX2989,CASE063,2025-10-21T05:13:00,ACC0103,ACC0738,15216,legitimate transfer,Kanpur,Routine payment
TX2990,CASE063,2025-10-27T05:13:00,ACC0539,ACC0775,9318,legitimate transfer,Dehradun,Routine payment
TX2991,CASE063,2025-10-17T05:13:00,ACC0122,ACC0440,14271,legitimate transfer,Agra,Routine payment
TX2992,CASE063,2025-10-23T05:13:00,ACC0155,ACC0401,4141,legitimate transfer,Ghaziabad,Routine payment
TX2993,CASE063,2025-11-13T05:13:00,ACC0217,ACC0126,5788,legitimate transfer,Amritsar,Routine payment
TX2994,CASE063,2025-10-30T05:13:00,ACC0404,ACC0208,13222,legitimate transfer,Faridabad,Routine payment
TX2995,CASE063,2025-11-04T05:13:00,ACC0295,ACC0707,16855,legitimate transfer,Amritsar,Routine payment
TX2996,CASE063,2025-10-18T05:13:00,ACC0336,ACC0173,4753,legitimate transfer,Noida,Routine payment
TX2997,CASE063,2025-11-07T05:13:00,ACC0508,ACC0733,16351,legitimate transfer,Haridwar,Routine payment
TX2998,CASE063,2025-11-05T05:13:00,ACC0393,ACC0698,13534,legitimate transfer,Faridabad,Routine payment
TX2999,CASE063,2025-11-05T05:13:00,ACC0635,ACC0209,2982,legitimate transfer,Mumbai,Routine payment
TX3000,CASE063,2025-10-23T05:13:00,ACC0385,ACC0667,15847,legitimate transfer,Dehradun,Routine payment
TX3001,CASE063,2025-11-05T05:13:00,ACC0315,ACC0008,10712,legitimate transfer,Jaipur,Routine payment
TX3002,CASE063,2025-11-13T05:13:00,ACC0416,ACC0717,17359,legitimate transfer,Jaipur,Routine payment
TX3003,CASE063,2025-10-24T05:13:00,ACC0777,ACC0555,12546,legitimate transfer,Ranchi,Routine payment
TX3004,CASE063,2025-10-15T05:13:00,ACC0027,ACC0646,1768,legitimate transfer,Delhi,Routine payment
TX3005,CASE063,2025-11-05T05:13:00,ACC0255,ACC0266,10649,legitimate transfer,Delhi,Routine payment
TX3006,CASE063,2025-10-22T05:13:00,ACC0424,ACC0777,3007,legitimate transfer,Delhi,Routine payment
TX3007,CASE064,2025-06-07T20:02:00,ACC0506,ACC0185,150000,transfer,Pune,Fund transfer
TX3008,CASE064,2025-06-07T20:02:00,ACC0185,ACC0094,82000,transfer,Pune,Fund transfer
TX3009,CASE064,2025-06-04T20:02:00,ACC0094,ACC0537,150000,transfer,Pune,Fund transfer
TX3010,CASE064,2025-05-20T20:02:00,ACC0539,ACC0526,18658,legitimate transfer,Delhi,Routine payment
TX3011,CASE064,2025-06-06T20:02:00,ACC0124,ACC0365,17275,legitimate transfer,Pune,Routine payment
TX3012,CASE064,2025-06-05T20:02:00,ACC0373,ACC0448,11657,legitimate transfer,Noida,Routine payment
TX3013,CASE064,2025-05-22T20:02:00,ACC0503,ACC0653,10158,legitimate transfer,Pune,Routine payment
TX3014,CASE064,2025-06-05T20:02:00,ACC0635,ACC0110,17040,legitimate transfer,Lucknow,Routine payment
TX3015,CASE064,2025-05-21T20:02:00,ACC0327,ACC0266,13573,legitimate transfer,Delhi,Routine payment
TX3016,CASE064,2025-05-17T20:02:00,ACC0543,ACC0771,609,legitimate transfer,Jaipur,Routine payment
TX3017,CASE064,2025-05-19T20:02:00,ACC0645,ACC0105,9021,legitimate transfer,Bengaluru,Routine payment
TX3018,CASE064,2025-06-04T20:02:00,ACC0677,ACC0178,5239,legitimate transfer,Kolkata,Routine payment
TX3019,CASE064,2025-05-20T20:02:00,ACC0341,ACC0349,16769,legitimate transfer,Ludhiana,Routine payment
TX3020,CASE064,2025-06-07T20:02:00,ACC0444,ACC0462,14504,legitimate transfer,Indore,Routine payment
TX3021,CASE064,2025-05-28T20:02:00,ACC0045,ACC0188,14422,legitimate transfer,Agra,Routine payment
TX3022,CASE064,2025-05-21T20:02:00,ACC0262,ACC0069,15924,legitimate transfer,Lucknow,Routine payment
TX3023,CASE064,2025-05-10T20:02:00,ACC0159,ACC0315,14246,legitimate transfer,Hyderabad,Routine payment
TX3024,CASE064,2025-05-09T20:02:00,ACC0450,ACC0242,3079,legitimate transfer,Hyderabad,Routine payment
TX3025,CASE064,2025-06-08T20:02:00,ACC0134,ACC0439,13332,legitimate transfer,Indore,Routine payment
TX3026,CASE064,2025-06-07T20:02:00,ACC0501,ACC0089,7895,legitimate transfer,Ludhiana,Routine payment
TX3027,CASE064,2025-05-20T20:02:00,ACC0421,ACC0597,17665,legitimate transfer,Kanpur,Routine payment
TX3028,CASE064,2025-06-05T20:02:00,ACC0252,ACC0784,14421,legitimate transfer,Chennai,Routine payment
TX3029,CASE064,2025-06-06T20:02:00,ACC0751,ACC0780,3832,legitimate transfer,Jaipur,Routine payment
TX3030,CASE064,2025-06-03T20:02:00,ACC0299,ACC0237,12688,legitimate transfer,Ranchi,Routine payment
TX3031,CASE064,2025-05-20T20:02:00,ACC0783,ACC0724,7137,legitimate transfer,Hyderabad,Routine payment
TX3032,CASE064,2025-06-01T20:02:00,ACC0773,ACC0800,13330,legitimate transfer,Bengaluru,Routine payment
TX3033,CASE064,2025-05-26T20:02:00,ACC0688,ACC0454,13945,legitimate transfer,Chandigarh,Routine payment
TX3034,CASE064,2025-05-09T20:02:00,ACC0011,ACC0111,11807,legitimate transfer,Bhopal,Routine payment
TX3035,CASE064,2025-05-22T20:02:00,ACC0673,ACC0514,19705,legitimate transfer,Bhopal,Routine payment
TX3036,CASE064,2025-05-16T20:02:00,ACC0689,ACC0439,14666,legitimate transfer,Hyderabad,Routine payment
TX3037,CASE064,2025-05-10T20:02:00,ACC0634,ACC0319,11092,legitimate transfer,Ghaziabad,Routine payment
TX3038,CASE064,2025-06-06T20:02:00,ACC0673,ACC0119,4803,legitimate transfer,Delhi,Routine payment
TX3039,CASE064,2025-05-11T20:02:00,ACC0081,ACC0584,3165,legitimate transfer,Indore,Routine payment
TX3040,CASE064,2025-05-15T20:02:00,ACC0427,ACC0786,19018,legitimate transfer,Amritsar,Routine payment
TX3041,CASE064,2025-05-22T20:02:00,ACC0004,ACC0046,12840,legitimate transfer,Noida,Routine payment
TX3042,CASE064,2025-06-04T20:02:00,ACC0708,ACC0113,17279,legitimate transfer,Bhubaneswar,Routine payment
TX3043,CASE064,2025-05-31T20:02:00,ACC0206,ACC0507,8350,legitimate transfer,Jaipur,Routine payment
TX3044,CASE064,2025-06-04T20:02:00,ACC0553,ACC0215,6114,legitimate transfer,Chennai,Routine payment
TX3045,CASE064,2025-05-17T20:02:00,ACC0226,ACC0611,4435,legitimate transfer,Hyderabad,Routine payment
TX3046,CASE064,2025-05-17T20:02:00,ACC0227,ACC0279,18697,legitimate transfer,Ranchi,Routine payment
TX3047,CASE064,2025-06-04T20:02:00,ACC0539,ACC0441,5352,legitimate transfer,Ludhiana,Routine payment
TX3048,CASE064,2025-06-02T20:02:00,ACC0746,ACC0216,18339,legitimate transfer,Amritsar,Routine payment
TX3049,CASE064,2025-06-06T20:02:00,ACC0089,ACC0581,2046,legitimate transfer,Amritsar,Routine payment
TX3050,CASE064,2025-05-31T20:02:00,ACC0645,ACC0046,19169,legitimate transfer,Kolkata,Routine payment
TX3051,CASE064,2025-05-11T20:02:00,ACC0567,ACC0730,16084,legitimate transfer,Kanpur,Routine payment
TX3052,CASE064,2025-05-22T20:02:00,ACC0405,ACC0651,2655,legitimate transfer,Chandigarh,Routine payment
TX3053,CASE064,2025-05-17T20:02:00,ACC0423,ACC0588,11597,legitimate transfer,Chandigarh,Routine payment
TX3054,CASE064,2025-05-11T20:02:00,ACC0737,ACC0073,7475,legitimate transfer,Noida,Routine payment
TX3055,CASE065,2025-07-06T08:51:00,ACC0723,ACC0418,82000,transfer,Jaipur,Fund transfer
TX3056,CASE065,2025-07-10T08:51:00,ACC0418,ACC0731,150000,transfer,Jaipur,Fund transfer
TX3057,CASE065,2025-07-10T08:51:00,ACC0731,ACC0172,82000,transfer,Jaipur,Fund transfer
TX3058,CASE065,2025-06-27T08:51:00,ACC0555,ACC0786,3224,legitimate transfer,Chennai,Routine payment
TX3059,CASE065,2025-07-09T08:51:00,ACC0584,ACC0716,1249,legitimate transfer,Kolkata,Routine payment
TX3060,CASE065,2025-07-05T08:51:00,ACC0193,ACC0476,6964,legitimate transfer,Hyderabad,Routine payment
TX3061,CASE065,2025-06-16T08:51:00,ACC0501,ACC0568,9051,legitimate transfer,Gurugram,Routine payment
TX3062,CASE065,2025-06-12T08:51:00,ACC0634,ACC0231,4253,legitimate transfer,Lucknow,Routine payment
TX3063,CASE065,2025-07-01T08:51:00,ACC0348,ACC0139,801,legitimate transfer,Jaipur,Routine payment
TX3064,CASE065,2025-06-16T08:51:00,ACC0677,ACC0206,14719,legitimate transfer,Chennai,Routine payment
TX3065,CASE065,2025-07-08T08:51:00,ACC0768,ACC0698,5149,legitimate transfer,Kolkata,Routine payment
TX3066,CASE065,2025-06-10T08:51:00,ACC0153,ACC0477,6232,legitimate transfer,Ghaziabad,Routine payment
TX3067,CASE065,2025-06-22T08:51:00,ACC0155,ACC0474,13536,legitimate transfer,Bengaluru,Routine payment
TX3068,CASE065,2025-06-22T08:51:00,ACC0715,ACC0585,5908,legitimate transfer,Lucknow,Routine payment
TX3069,CASE065,2025-07-03T08:51:00,ACC0066,ACC0733,7490,legitimate transfer,Ranchi,Routine payment
TX3070,CASE065,2025-07-05T08:51:00,ACC0364,ACC0245,8350,legitimate transfer,Kolkata,Routine payment
TX3071,CASE065,2025-06-19T08:51:00,ACC0248,ACC0445,13834,legitimate transfer,Patna,Routine payment
TX3072,CASE065,2025-06-11T08:51:00,ACC0292,ACC0304,4208,legitimate transfer,Jaipur,Routine payment
TX3073,CASE065,2025-06-14T08:51:00,ACC0727,ACC0070,3038,legitimate transfer,Gurugram,Routine payment
TX3074,CASE065,2025-06-20T08:51:00,ACC0534,ACC0558,12584,legitimate transfer,Haridwar,Routine payment
TX3075,CASE065,2025-06-11T08:51:00,ACC0470,ACC0306,2159,legitimate transfer,Kolkata,Routine payment
TX3076,CASE065,2025-07-05T08:51:00,ACC0365,ACC0052,12288,legitimate transfer,Bhopal,Routine payment
TX3077,CASE065,2025-06-11T08:51:00,ACC0677,ACC0381,2841,legitimate transfer,Agra,Routine payment
TX3078,CASE065,2025-06-10T08:51:00,ACC0160,ACC0538,18090,legitimate transfer,Chandigarh,Routine payment
TX3079,CASE065,2025-07-09T08:51:00,ACC0009,ACC0250,15333,legitimate transfer,Hyderabad,Routine payment
TX3080,CASE065,2025-06-30T08:51:00,ACC0662,ACC0278,7948,legitimate transfer,Bengaluru,Routine payment
TX3081,CASE065,2025-06-30T08:51:00,ACC0761,ACC0555,937,legitimate transfer,Kanpur,Routine payment
TX3082,CASE065,2025-06-20T08:51:00,ACC0658,ACC0646,4783,legitimate transfer,Jaipur,Routine payment
TX3083,CASE065,2025-06-15T08:51:00,ACC0246,ACC0566,11423,legitimate transfer,Amritsar,Routine payment
TX3084,CASE065,2025-06-11T08:51:00,ACC0260,ACC0676,4991,legitimate transfer,Chennai,Routine payment
TX3085,CASE065,2025-07-08T08:51:00,ACC0644,ACC0263,7947,legitimate transfer,Jaipur,Routine payment
TX3086,CASE065,2025-07-07T08:51:00,ACC0036,ACC0111,2734,legitimate transfer,Hyderabad,Routine payment
TX3087,CASE065,2025-06-30T08:51:00,ACC0800,ACC0343,12498,legitimate transfer,Amritsar,Routine payment
TX3088,CASE065,2025-06-21T08:51:00,ACC0638,ACC0307,1738,legitimate transfer,Bhubaneswar,Routine payment
TX3089,CASE065,2025-06-18T08:51:00,ACC0408,ACC0407,4175,legitimate transfer,Kanpur,Routine payment
TX3090,CASE065,2025-06-23T08:51:00,ACC0795,ACC0490,19614,legitimate transfer,Indore,Routine payment
TX3091,CASE065,2025-06-10T08:51:00,ACC0173,ACC0575,15490,legitimate transfer,Bengaluru,Routine payment
TX3092,CASE065,2025-06-25T08:51:00,ACC0184,ACC0503,11478,legitimate transfer,Bhopal,Routine payment
TX3093,CASE065,2025-06-22T08:51:00,ACC0004,ACC0178,5401,legitimate transfer,Agra,Routine payment
TX3094,CASE065,2025-06-28T08:51:00,ACC0188,ACC0719,19762,legitimate transfer,Patna,Routine payment
TX3095,CASE065,2025-06-14T08:51:00,ACC0243,ACC0044,3482,legitimate transfer,Delhi,Routine payment
TX3096,CASE065,2025-07-09T08:51:00,ACC0611,ACC0784,16159,legitimate transfer,Bhopal,Routine payment
TX3097,CASE065,2025-06-22T08:51:00,ACC0443,ACC0698,6994,legitimate transfer,Indore,Routine payment
TX3098,CASE065,2025-06-14T08:51:00,ACC0339,ACC0728,15730,legitimate transfer,Bengaluru,Routine payment
TX3099,CASE065,2025-06-15T08:51:00,ACC0309,ACC0245,4469,legitimate transfer,Faridabad,Routine payment
TX3100,CASE065,2025-06-29T08:51:00,ACC0232,ACC0717,15320,legitimate transfer,Ghaziabad,Routine payment
TX3101,CASE065,2025-06-24T08:51:00,ACC0086,ACC0278,2100,legitimate transfer,Jaipur,Routine payment
TX3102,CASE065,2025-06-24T08:51:00,ACC0708,ACC0374,9685,legitimate transfer,Amritsar,Routine payment
TX3103,CASE066,2025-12-18T18:54:00,ACC0498,ACC0715,49500,transfer,Amritsar,Fund transfer
TX3104,CASE066,2025-12-23T18:54:00,ACC0715,ACC0374,49500,transfer,Amritsar,Fund transfer
TX3105,CASE066,2025-12-20T18:54:00,ACC0374,ACC0155,150000,transfer,Amritsar,Fund transfer
TX3106,CASE066,2025-12-01T18:54:00,ACC0142,ACC0072,4566,legitimate transfer,Delhi,Routine payment
TX3107,CASE066,2025-12-18T18:54:00,ACC0586,ACC0562,18568,legitimate transfer,Pune,Routine payment
TX3108,CASE066,2025-12-07T18:54:00,ACC0553,ACC0275,4161,legitimate transfer,Ludhiana,Routine payment
TX3109,CASE066,2025-12-04T18:54:00,ACC0193,ACC0645,11017,legitimate transfer,Haridwar,Routine payment
TX3110,CASE066,2025-12-11T18:54:00,ACC0603,ACC0465,16440,legitimate transfer,Ranchi,Routine payment
TX3111,CASE066,2025-12-04T18:54:00,ACC0263,ACC0161,14984,legitimate transfer,Patna,Routine payment
TX3112,CASE066,2025-11-26T18:54:00,ACC0406,ACC0787,7625,legitimate transfer,Kolkata,Routine payment
TX3113,CASE066,2025-12-10T18:54:00,ACC0761,ACC0271,6346,legitimate transfer,Hyderabad,Routine payment
TX3114,CASE066,2025-11-30T18:54:00,ACC0287,ACC0391,16980,legitimate transfer,Delhi,Routine payment
TX3115,CASE066,2025-11-29T18:54:00,ACC0758,ACC0726,7039,legitimate transfer,Bhopal,Routine payment
TX3116,CASE066,2025-12-05T18:54:00,ACC0042,ACC0776,6976,legitimate transfer,Chandigarh,Routine payment
TX3117,CASE066,2025-11-28T18:54:00,ACC0578,ACC0778,1385,legitimate transfer,Chandigarh,Routine payment
TX3118,CASE066,2025-12-08T18:54:00,ACC0676,ACC0212,4689,legitimate transfer,Haridwar,Routine payment
TX3119,CASE066,2025-11-24T18:54:00,ACC0524,ACC0626,5171,legitimate transfer,Ranchi,Routine payment
TX3120,CASE066,2025-11-25T18:54:00,ACC0099,ACC0138,13162,legitimate transfer,Hyderabad,Routine payment
TX3121,CASE066,2025-12-10T18:54:00,ACC0577,ACC0005,19204,legitimate transfer,Pune,Routine payment
TX3122,CASE066,2025-12-06T18:54:00,ACC0361,ACC0701,6857,legitimate transfer,Ludhiana,Routine payment
TX3123,CASE066,2025-12-12T18:54:00,ACC0134,ACC0237,1285,legitimate transfer,Chandigarh,Routine payment
TX3124,CASE066,2025-12-11T18:54:00,ACC0453,ACC0558,1625,legitimate transfer,Noida,Routine payment
TX3125,CASE066,2025-12-09T18:54:00,ACC0064,ACC0542,13958,legitimate transfer,Haridwar,Routine payment
TX3126,CASE066,2025-12-08T18:54:00,ACC0437,ACC0149,17433,legitimate transfer,Indore,Routine payment
TX3127,CASE066,2025-11-27T18:54:00,ACC0250,ACC0396,3727,legitimate transfer,Chandigarh,Routine payment
TX3128,CASE066,2025-12-15T18:54:00,ACC0139,ACC0227,4812,legitimate transfer,Faridabad,Routine payment
TX3129,CASE066,2025-12-20T18:54:00,ACC0342,ACC0665,575,legitimate transfer,Delhi,Routine payment
TX3130,CASE066,2025-12-13T18:54:00,ACC0213,ACC0436,13341,legitimate transfer,Bhopal,Routine payment
TX3131,CASE066,2025-12-07T18:54:00,ACC0666,ACC0519,1414,legitimate transfer,Amritsar,Routine payment
TX3132,CASE066,2025-12-15T18:54:00,ACC0206,ACC0031,19057,legitimate transfer,Hyderabad,Routine payment
TX3133,CASE066,2025-11-28T18:54:00,ACC0110,ACC0271,6433,legitimate transfer,Dehradun,Routine payment
TX3134,CASE066,2025-12-03T18:54:00,ACC0333,ACC0320,9984,legitimate transfer,Indore,Routine payment
TX3135,CASE066,2025-12-07T18:54:00,ACC0189,ACC0465,10810,legitimate transfer,Haridwar,Routine payment
TX3136,CASE066,2025-12-20T18:54:00,ACC0482,ACC0001,11167,legitimate transfer,Hyderabad,Routine payment
TX3137,CASE066,2025-12-04T18:54:00,ACC0773,ACC0340,11494,legitimate transfer,Faridabad,Routine payment
TX3138,CASE066,2025-12-06T18:54:00,ACC0010,ACC0243,9454,legitimate transfer,Bengaluru,Routine payment
TX3139,CASE066,2025-12-03T18:54:00,ACC0506,ACC0198,18993,legitimate transfer,Chennai,Routine payment
TX3140,CASE066,2025-12-09T18:54:00,ACC0677,ACC0194,6814,legitimate transfer,Bhubaneswar,Routine payment
TX3141,CASE066,2025-12-02T18:54:00,ACC0028,ACC0213,1325,legitimate transfer,Ludhiana,Routine payment
TX3142,CASE066,2025-12-16T18:54:00,ACC0512,ACC0417,3625,legitimate transfer,Dehradun,Routine payment
TX3143,CASE066,2025-12-19T18:54:00,ACC0567,ACC0056,18552,legitimate transfer,Mumbai,Routine payment
TX3144,CASE066,2025-12-02T18:54:00,ACC0709,ACC0002,2480,legitimate transfer,Delhi,Routine payment
TX3145,CASE066,2025-12-19T18:54:00,ACC0404,ACC0094,2259,legitimate transfer,Indore,Routine payment
TX3146,CASE066,2025-11-29T18:54:00,ACC0122,ACC0544,17056,legitimate transfer,Indore,Routine payment
TX3147,CASE066,2025-11-27T18:54:00,ACC0599,ACC0749,19225,legitimate transfer,Bhopal,Routine payment
TX3148,CASE066,2025-12-10T18:54:00,ACC0291,ACC0694,16122,legitimate transfer,Dehradun,Routine payment
TX3149,CASE066,2025-12-07T18:54:00,ACC0082,ACC0582,18227,legitimate transfer,Delhi,Routine payment
TX3150,CASE066,2025-12-12T18:54:00,ACC0462,ACC0506,8246,legitimate transfer,Noida,Routine payment
TX3151,CASE067,2026-01-09T08:01:00,ACC0644,ACC0370,82000,transfer,Lucknow,Fund transfer
TX3152,CASE067,2026-01-10T08:01:00,ACC0370,ACC0101,150000,transfer,Lucknow,Fund transfer
TX3153,CASE067,2026-01-06T08:01:00,ACC0188,ACC0502,15167,legitimate transfer,Lucknow,Routine payment
TX3154,CASE067,2025-12-18T08:01:00,ACC0206,ACC0437,8665,legitimate transfer,Bhopal,Routine payment
TX3155,CASE067,2025-12-20T08:01:00,ACC0334,ACC0209,12863,legitimate transfer,Ranchi,Routine payment
TX3156,CASE067,2025-12-16T08:01:00,ACC0500,ACC0059,1032,legitimate transfer,Agra,Routine payment
TX3157,CASE067,2026-01-01T08:01:00,ACC0757,ACC0153,17377,legitimate transfer,Kolkata,Routine payment
TX3158,CASE067,2025-12-31T08:01:00,ACC0020,ACC0046,13975,legitimate transfer,Faridabad,Routine payment
TX3159,CASE067,2025-12-30T08:01:00,ACC0101,ACC0180,4851,legitimate transfer,Ahmedabad,Routine payment
TX3160,CASE067,2025-12-28T08:01:00,ACC0024,ACC0093,16384,legitimate transfer,Indore,Routine payment
TX3161,CASE067,2025-12-29T08:01:00,ACC0777,ACC0500,18420,legitimate transfer,Gurugram,Routine payment
TX3162,CASE067,2025-12-11T08:01:00,ACC0336,ACC0749,3859,legitimate transfer,Agra,Routine payment
TX3163,CASE067,2026-01-06T08:01:00,ACC0280,ACC0739,7191,legitimate transfer,Amritsar,Routine payment
TX3164,CASE067,2025-12-29T08:01:00,ACC0183,ACC0008,6125,legitimate transfer,Dehradun,Routine payment
TX3165,CASE067,2025-12-25T08:01:00,ACC0244,ACC0029,2230,legitimate transfer,Hyderabad,Routine payment
TX3166,CASE067,2026-01-03T08:01:00,ACC0426,ACC0160,15651,legitimate transfer,Amritsar,Routine payment
TX3167,CASE067,2025-12-31T08:01:00,ACC0002,ACC0659,6475,legitimate transfer,Chennai,Routine payment
TX3168,CASE067,2025-12-19T08:01:00,ACC0378,ACC0263,2496,legitimate transfer,Pune,Routine payment
TX3169,CASE067,2025-12-22T08:01:00,ACC0421,ACC0081,13553,legitimate transfer,Noida,Routine payment
TX3170,CASE067,2026-01-07T08:01:00,ACC0597,ACC0413,19325,legitimate transfer,Bengaluru,Routine payment
TX3171,CASE067,2026-01-09T08:01:00,ACC0461,ACC0504,12372,legitimate transfer,Gurugram,Routine payment
TX3172,CASE067,2026-01-09T08:01:00,ACC0720,ACC0731,1224,legitimate transfer,Ranchi,Routine payment
TX3173,CASE067,2026-01-08T08:01:00,ACC0318,ACC0167,14590,legitimate transfer,Bhubaneswar,Routine payment
TX3174,CASE067,2026-01-04T08:01:00,ACC0537,ACC0393,6785,legitimate transfer,Mumbai,Routine payment
TX3175,CASE067,2026-01-10T08:01:00,ACC0374,ACC0060,11172,legitimate transfer,Pune,Routine payment
TX3176,CASE067,2026-01-06T08:01:00,ACC0057,ACC0273,18207,legitimate transfer,Gurugram,Routine payment
TX3177,CASE067,2025-12-12T08:01:00,ACC0348,ACC0287,9883,legitimate transfer,Haridwar,Routine payment
TX3178,CASE067,2025-12-23T08:01:00,ACC0575,ACC0034,3759,legitimate transfer,Patna,Routine payment
TX3179,CASE067,2025-12-22T08:01:00,ACC0659,ACC0018,1990,legitimate transfer,Haridwar,Routine payment
TX3180,CASE067,2025-12-29T08:01:00,ACC0014,ACC0198,11146,legitimate transfer,Amritsar,Routine payment
TX3181,CASE067,2026-01-06T08:01:00,ACC0695,ACC0539,14197,legitimate transfer,Kolkata,Routine payment
TX3182,CASE067,2026-01-06T08:01:00,ACC0567,ACC0534,18959,legitimate transfer,Amritsar,Routine payment
TX3183,CASE067,2025-12-20T08:01:00,ACC0144,ACC0358,4088,legitimate transfer,Noida,Routine payment
TX3184,CASE067,2025-12-29T08:01:00,ACC0762,ACC0090,17591,legitimate transfer,Ahmedabad,Routine payment
TX3185,CASE067,2025-12-30T08:01:00,ACC0661,ACC0463,2157,legitimate transfer,Surat,Routine payment
TX3186,CASE067,2025-12-24T08:01:00,ACC0148,ACC0686,15557,legitimate transfer,Faridabad,Routine payment
TX3187,CASE067,2026-01-03T08:01:00,ACC0624,ACC0216,12219,legitimate transfer,Hyderabad,Routine payment
TX3188,CASE067,2025-12-18T08:01:00,ACC0393,ACC0102,15569,legitimate transfer,Delhi,Routine payment
TX3189,CASE067,2026-01-07T08:01:00,ACC0790,ACC0080,5791,legitimate transfer,Bengaluru,Routine payment
TX3190,CASE067,2026-01-09T08:01:00,ACC0004,ACC0755,10791,legitimate transfer,Chandigarh,Routine payment
TX3191,CASE067,2026-01-10T08:01:00,ACC0226,ACC0030,18469,legitimate transfer,Ghaziabad,Routine payment
TX3192,CASE067,2025-12-14T08:01:00,ACC0090,ACC0086,13422,legitimate transfer,Bengaluru,Routine payment
TX3193,CASE067,2025-12-19T08:01:00,ACC0533,ACC0297,18273,legitimate transfer,Agra,Routine payment
TX3194,CASE067,2026-01-04T08:01:00,ACC0268,ACC0536,5556,legitimate transfer,Hyderabad,Routine payment
TX3195,CASE067,2025-12-27T08:01:00,ACC0375,ACC0204,6316,legitimate transfer,Patna,Routine payment
TX3196,CASE067,2025-12-25T08:01:00,ACC0580,ACC0309,8236,legitimate transfer,Indore,Routine payment
TX3197,CASE067,2025-12-16T08:01:00,ACC0627,ACC0696,8894,legitimate transfer,Patna,Routine payment
TX3198,CASE068,2026-07-06T00:00:00,ACC0230,ACC0653,82000,transfer,Surat,Fund transfer
TX3199,CASE068,2026-07-02T00:00:00,ACC0653,ACC0079,235000,transfer,Surat,Fund transfer
TX3200,CASE068,2026-07-02T00:00:00,ACC0079,ACC0207,150000,transfer,Surat,Fund transfer
TX3201,CASE068,2026-06-11T00:00:00,ACC0181,ACC0289,12351,legitimate transfer,Indore,Routine payment
TX3202,CASE068,2026-07-05T00:00:00,ACC0452,ACC0174,13642,legitimate transfer,Haridwar,Routine payment
TX3203,CASE068,2026-06-28T00:00:00,ACC0436,ACC0374,6109,legitimate transfer,Delhi,Routine payment
TX3204,CASE068,2026-07-01T00:00:00,ACC0618,ACC0416,18869,legitimate transfer,Kolkata,Routine payment
TX3205,CASE068,2026-06-14T00:00:00,ACC0005,ACC0082,18216,legitimate transfer,Ghaziabad,Routine payment
TX3206,CASE068,2026-06-25T00:00:00,ACC0336,ACC0506,2048,legitimate transfer,Ghaziabad,Routine payment
TX3207,CASE068,2026-06-06T00:00:00,ACC0103,ACC0275,8789,legitimate transfer,Indore,Routine payment
TX3208,CASE068,2026-06-26T00:00:00,ACC0740,ACC0155,14778,legitimate transfer,Hyderabad,Routine payment
TX3209,CASE068,2026-06-30T00:00:00,ACC0409,ACC0728,17070,legitimate transfer,Jaipur,Routine payment
TX3210,CASE068,2026-06-15T00:00:00,ACC0285,ACC0350,9366,legitimate transfer,Chennai,Routine payment
TX3211,CASE068,2026-06-17T00:00:00,ACC0389,ACC0621,5457,legitimate transfer,Chennai,Routine payment
TX3212,CASE068,2026-06-17T00:00:00,ACC0765,ACC0410,5705,legitimate transfer,Haridwar,Routine payment
TX3213,CASE068,2026-06-06T00:00:00,ACC0228,ACC0576,17522,legitimate transfer,Jaipur,Routine payment
TX3214,CASE068,2026-06-14T00:00:00,ACC0003,ACC0678,16733,legitimate transfer,Ghaziabad,Routine payment
TX3215,CASE068,2026-06-09T00:00:00,ACC0210,ACC0265,10788,legitimate transfer,Surat,Routine payment
TX3216,CASE068,2026-06-30T00:00:00,ACC0045,ACC0160,11539,legitimate transfer,Kanpur,Routine payment
TX3217,CASE068,2026-07-06T00:00:00,ACC0169,ACC0142,12954,legitimate transfer,Bhubaneswar,Routine payment
TX3218,CASE068,2026-06-20T00:00:00,ACC0370,ACC0161,16355,legitimate transfer,Gurugram,Routine payment
TX3219,CASE068,2026-06-06T00:00:00,ACC0605,ACC0739,1395,legitimate transfer,Amritsar,Routine payment
TX3220,CASE068,2026-07-02T00:00:00,ACC0669,ACC0346,7530,legitimate transfer,Kolkata,Routine payment
TX3221,CASE068,2026-06-16T00:00:00,ACC0423,ACC0022,10751,legitimate transfer,Mumbai,Routine payment
TX3222,CASE068,2026-06-21T00:00:00,ACC0626,ACC0695,655,legitimate transfer,Gurugram,Routine payment
TX3223,CASE068,2026-06-19T00:00:00,ACC0238,ACC0790,17414,legitimate transfer,Dehradun,Routine payment
TX3224,CASE068,2026-06-23T00:00:00,ACC0217,ACC0668,3857,legitimate transfer,Kolkata,Routine payment
TX3225,CASE068,2026-06-30T00:00:00,ACC0430,ACC0323,7574,legitimate transfer,Ahmedabad,Routine payment
TX3226,CASE068,2026-06-21T00:00:00,ACC0782,ACC0528,19784,legitimate transfer,Chennai,Routine payment
TX3227,CASE068,2026-06-10T00:00:00,ACC0088,ACC0211,842,legitimate transfer,Bhubaneswar,Routine payment
TX3228,CASE068,2026-06-25T00:00:00,ACC0068,ACC0744,14719,legitimate transfer,Bhopal,Routine payment
TX3229,CASE068,2026-07-03T00:00:00,ACC0223,ACC0121,12671,legitimate transfer,Chennai,Routine payment
TX3230,CASE068,2026-06-19T00:00:00,ACC0348,ACC0099,14916,legitimate transfer,Delhi,Routine payment
TX3231,CASE068,2026-06-08T00:00:00,ACC0303,ACC0629,6572,legitimate transfer,Bengaluru,Routine payment
TX3232,CASE068,2026-06-17T00:00:00,ACC0693,ACC0113,14009,legitimate transfer,Agra,Routine payment
TX3233,CASE068,2026-06-19T00:00:00,ACC0591,ACC0625,8847,legitimate transfer,Pune,Routine payment
TX3234,CASE068,2026-06-13T00:00:00,ACC0105,ACC0739,18552,legitimate transfer,Chennai,Routine payment
TX3235,CASE068,2026-06-29T00:00:00,ACC0254,ACC0778,17475,legitimate transfer,Ghaziabad,Routine payment
TX3236,CASE068,2026-06-17T00:00:00,ACC0235,ACC0286,6212,legitimate transfer,Bhubaneswar,Routine payment
TX3237,CASE068,2026-07-04T00:00:00,ACC0580,ACC0439,6159,legitimate transfer,Ludhiana,Routine payment
TX3238,CASE068,2026-06-14T00:00:00,ACC0598,ACC0360,16163,legitimate transfer,Ahmedabad,Routine payment
TX3239,CASE068,2026-06-11T00:00:00,ACC0151,ACC0080,7467,legitimate transfer,Jaipur,Routine payment
TX3240,CASE068,2026-06-27T00:00:00,ACC0552,ACC0008,6847,legitimate transfer,Chandigarh,Routine payment
TX3241,CASE068,2026-06-08T00:00:00,ACC0730,ACC0395,2614,legitimate transfer,Bhopal,Routine payment
TX3242,CASE068,2026-06-28T00:00:00,ACC0088,ACC0716,13580,legitimate transfer,Indore,Routine payment
TX3243,CASE068,2026-06-27T00:00:00,ACC0697,ACC0532,9489,legitimate transfer,Bengaluru,Routine payment
TX3244,CASE068,2026-07-01T00:00:00,ACC0439,ACC0371,16107,legitimate transfer,Bhopal,Routine payment
TX3245,CASE068,2026-06-16T00:00:00,ACC0422,ACC0066,6617,legitimate transfer,Noida,Routine payment
TX3246,CASE069,2025-06-01T19:46:00,ACC0373,ACC0513,150000,transfer,Haridwar,Fund transfer
TX3247,CASE069,2025-05-28T19:46:00,ACC0513,ACC0283,235000,transfer,Haridwar,Fund transfer
TX3248,CASE069,2025-05-27T19:46:00,ACC0283,ACC0129,49500,transfer,Haridwar,Fund transfer
TX3249,CASE069,2025-05-02T19:46:00,ACC0649,ACC0559,17125,legitimate transfer,Haridwar,Routine payment
TX3250,CASE069,2025-05-30T19:46:00,ACC0631,ACC0213,7571,legitimate transfer,Kolkata,Routine payment
TX3251,CASE069,2025-05-11T19:46:00,ACC0311,ACC0474,13736,legitimate transfer,Mumbai,Routine payment
TX3252,CASE069,2025-05-07T19:46:00,ACC0500,ACC0595,19991,legitimate transfer,Chennai,Routine payment
TX3253,CASE069,2025-05-10T19:46:00,ACC0040,ACC0019,11024,legitimate transfer,Noida,Routine payment
TX3254,CASE069,2025-05-09T19:46:00,ACC0597,ACC0692,11439,legitimate transfer,Kolkata,Routine payment
TX3255,CASE069,2025-05-06T19:46:00,ACC0132,ACC0101,19346,legitimate transfer,Surat,Routine payment
TX3256,CASE069,2025-05-06T19:46:00,ACC0366,ACC0621,3382,legitimate transfer,Mumbai,Routine payment
TX3257,CASE069,2025-05-10T19:46:00,ACC0378,ACC0152,6652,legitimate transfer,Gurugram,Routine payment
TX3258,CASE069,2025-05-15T19:46:00,ACC0542,ACC0144,1150,legitimate transfer,Bengaluru,Routine payment
TX3259,CASE069,2025-05-12T19:46:00,ACC0323,ACC0799,8627,legitimate transfer,Gurugram,Routine payment
TX3260,CASE069,2025-05-29T19:46:00,ACC0469,ACC0115,15744,legitimate transfer,Surat,Routine payment
TX3261,CASE069,2025-05-20T19:46:00,ACC0322,ACC0502,3712,legitimate transfer,Hyderabad,Routine payment
TX3262,CASE069,2025-05-23T19:46:00,ACC0100,ACC0518,19652,legitimate transfer,Bengaluru,Routine payment
TX3263,CASE069,2025-06-01T19:46:00,ACC0546,ACC0789,8888,legitimate transfer,Hyderabad,Routine payment
TX3264,CASE069,2025-05-26T19:46:00,ACC0707,ACC0229,14329,legitimate transfer,Kolkata,Routine payment
TX3265,CASE069,2025-05-28T19:46:00,ACC0363,ACC0192,7446,legitimate transfer,Gurugram,Routine payment
TX3266,CASE069,2025-05-15T19:46:00,ACC0178,ACC0098,15682,legitimate transfer,Ahmedabad,Routine payment
TX3267,CASE069,2025-05-02T19:46:00,ACC0401,ACC0735,4324,legitimate transfer,Patna,Routine payment
TX3268,CASE069,2025-05-03T19:46:00,ACC0041,ACC0002,9743,legitimate transfer,Faridabad,Routine payment
TX3269,CASE069,2025-05-15T19:46:00,ACC0635,ACC0236,769,legitimate transfer,Pune,Routine payment
TX3270,CASE069,2025-05-03T19:46:00,ACC0521,ACC0017,5544,legitimate transfer,Agra,Routine payment
TX3271,CASE069,2025-05-06T19:46:00,ACC0354,ACC0553,19334,legitimate transfer,Dehradun,Routine payment
TX3272,CASE069,2025-05-06T19:46:00,ACC0424,ACC0338,7735,legitimate transfer,Chandigarh,Routine payment
TX3273,CASE069,2025-05-22T19:46:00,ACC0179,ACC0243,3720,legitimate transfer,Delhi,Routine payment
TX3274,CASE069,2025-05-31T19:46:00,ACC0252,ACC0144,6865,legitimate transfer,Ahmedabad,Routine payment
TX3275,CASE069,2025-05-03T19:46:00,ACC0462,ACC0581,998,legitimate transfer,Lucknow,Routine payment
TX3276,CASE069,2025-06-01T19:46:00,ACC0244,ACC0292,4025,legitimate transfer,Ahmedabad,Routine payment
TX3277,CASE069,2025-05-22T19:46:00,ACC0068,ACC0659,7508,legitimate transfer,Lucknow,Routine payment
TX3278,CASE069,2025-05-02T19:46:00,ACC0072,ACC0552,19552,legitimate transfer,Pune,Routine payment
TX3279,CASE069,2025-05-05T19:46:00,ACC0050,ACC0541,19262,legitimate transfer,Delhi,Routine payment
TX3280,CASE069,2025-05-30T19:46:00,ACC0268,ACC0113,11554,legitimate transfer,Faridabad,Routine payment
TX3281,CASE069,2025-05-15T19:46:00,ACC0202,ACC0082,2565,legitimate transfer,Lucknow,Routine payment
TX3282,CASE069,2025-05-17T19:46:00,ACC0688,ACC0187,5438,legitimate transfer,Ranchi,Routine payment
TX3283,CASE069,2025-05-29T19:46:00,ACC0620,ACC0433,13113,legitimate transfer,Bengaluru,Routine payment
TX3284,CASE069,2025-05-19T19:46:00,ACC0755,ACC0729,859,legitimate transfer,Faridabad,Routine payment
TX3285,CASE069,2025-05-15T19:46:00,ACC0773,ACC0526,14790,legitimate transfer,Haridwar,Routine payment
TX3286,CASE069,2025-05-31T19:46:00,ACC0665,ACC0223,19042,legitimate transfer,Bhopal,Routine payment
TX3287,CASE069,2025-05-04T19:46:00,ACC0703,ACC0368,16687,legitimate transfer,Bhubaneswar,Routine payment
TX3288,CASE069,2025-05-17T19:46:00,ACC0534,ACC0264,7074,legitimate transfer,Kanpur,Routine payment
TX3289,CASE069,2025-06-01T19:46:00,ACC0345,ACC0151,15420,legitimate transfer,Delhi,Routine payment
TX3290,CASE069,2025-05-16T19:46:00,ACC0230,ACC0094,3031,legitimate transfer,Kanpur,Routine payment
TX3291,CASE069,2025-05-05T19:46:00,ACC0732,ACC0093,6456,legitimate transfer,Surat,Routine payment
TX3292,CASE069,2025-05-10T19:46:00,ACC0250,ACC0451,5004,legitimate transfer,Patna,Routine payment
TX3293,CASE069,2025-05-29T19:46:00,ACC0462,ACC0790,2475,legitimate transfer,Hyderabad,Routine payment
TX3294,CASE070,2025-09-11T19:16:00,ACC0582,ACC0110,82000,transfer,Indore,Fund transfer
TX3295,CASE070,2025-09-11T19:16:00,ACC0110,ACC0675,150000,transfer,Indore,Fund transfer
TX3296,CASE070,2025-09-07T19:16:00,ACC0529,ACC0346,11464,legitimate transfer,Jaipur,Routine payment
TX3297,CASE070,2025-09-07T19:16:00,ACC0530,ACC0126,8952,legitimate transfer,Delhi,Routine payment
TX3298,CASE070,2025-08-27T19:16:00,ACC0340,ACC0578,6244,legitimate transfer,Ahmedabad,Routine payment
TX3299,CASE070,2025-09-13T19:16:00,ACC0778,ACC0543,17045,legitimate transfer,Ranchi,Routine payment
TX3300,CASE070,2025-08-30T19:16:00,ACC0251,ACC0471,8907,legitimate transfer,Gurugram,Routine payment
TX3301,CASE070,2025-09-06T19:16:00,ACC0772,ACC0611,2299,legitimate transfer,Noida,Routine payment
TX3302,CASE070,2025-08-24T19:16:00,ACC0129,ACC0138,8601,legitimate transfer,Patna,Routine payment
TX3303,CASE070,2025-08-19T19:16:00,ACC0661,ACC0372,19300,legitimate transfer,Bhopal,Routine payment
TX3304,CASE070,2025-09-09T19:16:00,ACC0708,ACC0386,11455,legitimate transfer,Jaipur,Routine payment
TX3305,CASE070,2025-09-12T19:16:00,ACC0416,ACC0001,14203,legitimate transfer,Patna,Routine payment
TX3306,CASE070,2025-09-02T19:16:00,ACC0218,ACC0385,4952,legitimate transfer,Dehradun,Routine payment
TX3307,CASE070,2025-08-21T19:16:00,ACC0302,ACC0574,2824,legitimate transfer,Ranchi,Routine payment
TX3308,CASE070,2025-09-06T19:16:00,ACC0167,ACC0385,4049,legitimate transfer,Bhubaneswar,Routine payment
TX3309,CASE070,2025-09-07T19:16:00,ACC0609,ACC0577,5839,legitimate transfer,Delhi,Routine payment
TX3310,CASE070,2025-09-02T19:16:00,ACC0223,ACC0037,13159,legitimate transfer,Haridwar,Routine payment
TX3311,CASE070,2025-09-04T19:16:00,ACC0140,ACC0090,5887,legitimate transfer,Hyderabad,Routine payment
TX3312,CASE070,2025-09-02T19:16:00,ACC0013,ACC0234,10049,legitimate transfer,Hyderabad,Routine payment
TX3313,CASE070,2025-09-10T19:16:00,ACC0439,ACC0113,19267,legitimate transfer,Lucknow,Routine payment
TX3314,CASE070,2025-09-13T19:16:00,ACC0740,ACC0184,15317,legitimate transfer,Delhi,Routine payment
TX3315,CASE070,2025-08-20T19:16:00,ACC0124,ACC0390,10081,legitimate transfer,Mumbai,Routine payment
TX3316,CASE070,2025-09-06T19:16:00,ACC0520,ACC0450,11621,legitimate transfer,Chandigarh,Routine payment
TX3317,CASE070,2025-09-08T19:16:00,ACC0228,ACC0379,2446,legitimate transfer,Bhubaneswar,Routine payment
TX3318,CASE070,2025-09-09T19:16:00,ACC0463,ACC0615,11192,legitimate transfer,Jaipur,Routine payment
TX3319,CASE070,2025-08-16T19:16:00,ACC0352,ACC0786,14169,legitimate transfer,Delhi,Routine payment
TX3320,CASE070,2025-09-07T19:16:00,ACC0133,ACC0547,14391,legitimate transfer,Mumbai,Routine payment
TX3321,CASE070,2025-09-12T19:16:00,ACC0688,ACC0683,12328,legitimate transfer,Agra,Routine payment
TX3322,CASE070,2025-08-29T19:16:00,ACC0175,ACC0189,13634,legitimate transfer,Pune,Routine payment
TX3323,CASE070,2025-09-13T19:16:00,ACC0462,ACC0275,6755,legitimate transfer,Ludhiana,Routine payment
TX3324,CASE070,2025-08-29T19:16:00,ACC0695,ACC0296,19460,legitimate transfer,Ahmedabad,Routine payment
TX3325,CASE070,2025-09-08T19:16:00,ACC0543,ACC0152,5393,legitimate transfer,Kolkata,Routine payment
TX3326,CASE070,2025-08-20T19:16:00,ACC0414,ACC0371,10305,legitimate transfer,Bhubaneswar,Routine payment
TX3327,CASE070,2025-08-24T19:16:00,ACC0683,ACC0799,18464,legitimate transfer,Kolkata,Routine payment
TX3328,CASE070,2025-08-24T19:16:00,ACC0026,ACC0099,995,legitimate transfer,Patna,Routine payment
TX3329,CASE070,2025-08-23T19:16:00,ACC0744,ACC0751,15178,legitimate transfer,Kanpur,Routine payment
TX3330,CASE070,2025-08-27T19:16:00,ACC0327,ACC0582,867,legitimate transfer,Kanpur,Routine payment
TX3331,CASE070,2025-08-24T19:16:00,ACC0780,ACC0269,12122,legitimate transfer,Bhubaneswar,Routine payment
TX3332,CASE070,2025-09-11T19:16:00,ACC0343,ACC0260,11969,legitimate transfer,Bengaluru,Routine payment
TX3333,CASE070,2025-09-11T19:16:00,ACC0033,ACC0773,11408,legitimate transfer,Patna,Routine payment
TX3334,CASE070,2025-08-21T19:16:00,ACC0006,ACC0107,2507,legitimate transfer,Kolkata,Routine payment
TX3335,CASE070,2025-09-10T19:16:00,ACC0321,ACC0118,9808,legitimate transfer,Lucknow,Routine payment
TX3336,CASE070,2025-08-14T19:16:00,ACC0278,ACC0581,12222,legitimate transfer,Agra,Routine payment
TX3337,CASE070,2025-08-14T19:16:00,ACC0461,ACC0511,1946,legitimate transfer,Surat,Routine payment
TX3338,CASE070,2025-08-22T19:16:00,ACC0678,ACC0331,1027,legitimate transfer,Patna,Routine payment
TX3339,CASE070,2025-08-18T19:16:00,ACC0582,ACC0763,18913,legitimate transfer,Chennai,Routine payment
TX3340,CASE070,2025-08-18T19:16:00,ACC0072,ACC0397,9643,legitimate transfer,Delhi,Routine payment
TX3341,CASE071,2026-03-28T12:34:00,ACC0736,ACC0317,49500,transfer,Delhi,Fund transfer
TX3342,CASE071,2026-03-29T12:34:00,ACC0317,ACC0660,235000,transfer,Delhi,Fund transfer
TX3343,CASE071,2026-03-29T12:34:00,ACC0660,ACC0555,150000,transfer,Delhi,Fund transfer
TX3344,CASE071,2026-03-27T12:34:00,ACC0555,ACC0092,82000,transfer,Delhi,Fund transfer
TX3345,CASE071,2026-03-10T12:34:00,ACC0426,ACC0675,17792,legitimate transfer,Ghaziabad,Routine payment
TX3346,CASE071,2026-03-06T12:34:00,ACC0323,ACC0077,15333,legitimate transfer,Kanpur,Routine payment
TX3347,CASE071,2026-03-05T12:34:00,ACC0017,ACC0305,13707,legitimate transfer,Jaipur,Routine payment
TX3348,CASE071,2026-03-28T12:34:00,ACC0388,ACC0322,14311,legitimate transfer,Ludhiana,Routine payment
TX3349,CASE071,2026-03-12T12:34:00,ACC0062,ACC0794,14889,legitimate transfer,Chandigarh,Routine payment
TX3350,CASE071,2026-03-11T12:34:00,ACC0268,ACC0541,11083,legitimate transfer,Lucknow,Routine payment
TX3351,CASE071,2026-03-09T12:34:00,ACC0137,ACC0281,2063,legitimate transfer,Surat,Routine payment
TX3352,CASE071,2026-03-08T12:34:00,ACC0774,ACC0352,1539,legitimate transfer,Bhubaneswar,Routine payment
TX3353,CASE071,2026-03-12T12:34:00,ACC0155,ACC0725,5775,legitimate transfer,Ludhiana,Routine payment
TX3354,CASE071,2026-03-05T12:34:00,ACC0096,ACC0288,2533,legitimate transfer,Faridabad,Routine payment
TX3355,CASE071,2026-03-02T12:34:00,ACC0486,ACC0179,4869,legitimate transfer,Haridwar,Routine payment
TX3356,CASE071,2026-03-25T12:34:00,ACC0702,ACC0217,781,legitimate transfer,Indore,Routine payment
TX3357,CASE071,2026-03-11T12:34:00,ACC0068,ACC0601,5577,legitimate transfer,Amritsar,Routine payment
TX3358,CASE071,2026-03-02T12:34:00,ACC0469,ACC0711,13029,legitimate transfer,Bengaluru,Routine payment
TX3359,CASE071,2026-03-11T12:34:00,ACC0046,ACC0304,8231,legitimate transfer,Lucknow,Routine payment
TX3360,CASE071,2026-03-15T12:34:00,ACC0468,ACC0126,17937,legitimate transfer,Jaipur,Routine payment
TX3361,CASE071,2026-03-24T12:34:00,ACC0304,ACC0001,16879,legitimate transfer,Ghaziabad,Routine payment
TX3362,CASE071,2026-03-01T12:34:00,ACC0289,ACC0516,8378,legitimate transfer,Pune,Routine payment
TX3363,CASE071,2026-03-01T12:34:00,ACC0448,ACC0468,12009,legitimate transfer,Noida,Routine payment
TX3364,CASE071,2026-03-07T12:34:00,ACC0752,ACC0671,5549,legitimate transfer,Pune,Routine payment
TX3365,CASE071,2026-03-19T12:34:00,ACC0236,ACC0696,10952,legitimate transfer,Ghaziabad,Routine payment
TX3366,CASE071,2026-02-27T12:34:00,ACC0599,ACC0430,2564,legitimate transfer,Ludhiana,Routine payment
TX3367,CASE071,2026-03-10T12:34:00,ACC0470,ACC0562,6923,legitimate transfer,Dehradun,Routine payment
TX3368,CASE071,2026-03-19T12:34:00,ACC0474,ACC0210,742,legitimate transfer,Chandigarh,Routine payment
TX3369,CASE071,2026-03-28T12:34:00,ACC0106,ACC0269,6740,legitimate transfer,Indore,Routine payment
TX3370,CASE071,2026-03-22T12:34:00,ACC0193,ACC0525,12797,legitimate transfer,Bhopal,Routine payment
TX3371,CASE071,2026-03-25T12:34:00,ACC0638,ACC0618,2994,legitimate transfer,Surat,Routine payment
TX3372,CASE071,2026-03-21T12:34:00,ACC0005,ACC0495,3535,legitimate transfer,Kanpur,Routine payment
TX3373,CASE071,2026-03-08T12:34:00,ACC0457,ACC0793,6869,legitimate transfer,Dehradun,Routine payment
TX3374,CASE071,2026-03-12T12:34:00,ACC0792,ACC0634,16512,legitimate transfer,Lucknow,Routine payment
TX3375,CASE071,2026-03-17T12:34:00,ACC0596,ACC0542,12503,legitimate transfer,Bengaluru,Routine payment
TX3376,CASE071,2026-03-15T12:34:00,ACC0271,ACC0251,6964,legitimate transfer,Gurugram,Routine payment
TX3377,CASE071,2026-03-26T12:34:00,ACC0479,ACC0242,19284,legitimate transfer,Patna,Routine payment
TX3378,CASE071,2026-03-01T12:34:00,ACC0301,ACC0265,4935,legitimate transfer,Ghaziabad,Routine payment
TX3379,CASE071,2026-03-26T12:34:00,ACC0779,ACC0236,18826,legitimate transfer,Amritsar,Routine payment
TX3380,CASE071,2026-03-21T12:34:00,ACC0294,ACC0739,12134,legitimate transfer,Ranchi,Routine payment
TX3381,CASE071,2026-03-05T12:34:00,ACC0537,ACC0570,3774,legitimate transfer,Noida,Routine payment
TX3382,CASE071,2026-03-08T12:34:00,ACC0219,ACC0346,11830,legitimate transfer,Patna,Routine payment
TX3383,CASE071,2026-03-25T12:34:00,ACC0785,ACC0437,13337,legitimate transfer,Lucknow,Routine payment
TX3384,CASE071,2026-03-26T12:34:00,ACC0409,ACC0710,11006,legitimate transfer,Kanpur,Routine payment
TX3385,CASE071,2026-03-14T12:34:00,ACC0294,ACC0359,8240,legitimate transfer,Indore,Routine payment
TX3386,CASE071,2026-03-22T12:34:00,ACC0084,ACC0242,6695,legitimate transfer,Kanpur,Routine payment
TX3387,CASE071,2026-03-17T12:34:00,ACC0224,ACC0132,13237,legitimate transfer,Noida,Routine payment
TX3388,CASE071,2026-03-13T12:34:00,ACC0785,ACC0069,5688,legitimate transfer,Ranchi,Routine payment
TX3389,CASE071,2026-03-22T12:34:00,ACC0776,ACC0290,17857,legitimate transfer,Ahmedabad,Routine payment
TX3390,CASE072,2025-08-21T08:34:00,ACC0570,ACC0141,235000,transfer,Indore,Fund transfer
TX3391,CASE072,2025-08-23T08:34:00,ACC0141,ACC0083,235000,transfer,Indore,Fund transfer
TX3392,CASE072,2025-08-24T08:34:00,ACC0083,ACC0037,150000,transfer,Indore,Fund transfer
TX3393,CASE072,2025-08-13T08:34:00,ACC0257,ACC0600,9937,legitimate transfer,Ahmedabad,Routine payment
TX3394,CASE072,2025-08-19T08:34:00,ACC0590,ACC0532,9888,legitimate transfer,Pune,Routine payment
TX3395,CASE072,2025-08-11T08:34:00,ACC0667,ACC0639,15337,legitimate transfer,Chandigarh,Routine payment
TX3396,CASE072,2025-08-24T08:34:00,ACC0156,ACC0081,11869,legitimate transfer,Delhi,Routine payment
TX3397,CASE072,2025-08-18T08:34:00,ACC0171,ACC0322,5605,legitimate transfer,Faridabad,Routine payment
TX3398,CASE072,2025-08-20T08:34:00,ACC0535,ACC0379,8633,legitimate transfer,Bhubaneswar,Routine payment
TX3399,CASE072,2025-08-13T08:34:00,ACC0302,ACC0775,16111,legitimate transfer,Surat,Routine payment
TX3400,CASE072,2025-08-05T08:34:00,ACC0078,ACC0081,5220,legitimate transfer,Surat,Routine payment
TX3401,CASE072,2025-08-14T08:34:00,ACC0154,ACC0479,784,legitimate transfer,Gurugram,Routine payment
TX3402,CASE072,2025-08-12T08:34:00,ACC0471,ACC0592,788,legitimate transfer,Amritsar,Routine payment
TX3403,CASE072,2025-07-26T08:34:00,ACC0126,ACC0461,1405,legitimate transfer,Kolkata,Routine payment
TX3404,CASE072,2025-08-25T08:34:00,ACC0675,ACC0649,3916,legitimate transfer,Jaipur,Routine payment
TX3405,CASE072,2025-08-16T08:34:00,ACC0700,ACC0720,14556,legitimate transfer,Bhopal,Routine payment
TX3406,CASE072,2025-08-19T08:34:00,ACC0004,ACC0767,17006,legitimate transfer,Hyderabad,Routine payment
TX3407,CASE072,2025-08-04T08:34:00,ACC0309,ACC0363,9647,legitimate transfer,Agra,Routine payment
TX3408,CASE072,2025-08-01T08:34:00,ACC0318,ACC0520,16064,legitimate transfer,Mumbai,Routine payment
TX3409,CASE072,2025-08-04T08:34:00,ACC0289,ACC0191,3488,legitimate transfer,Agra,Routine payment
TX3410,CASE072,2025-07-29T08:34:00,ACC0562,ACC0466,14155,legitimate transfer,Delhi,Routine payment
TX3411,CASE072,2025-08-08T08:34:00,ACC0098,ACC0528,4701,legitimate transfer,Lucknow,Routine payment
TX3412,CASE072,2025-08-06T08:34:00,ACC0427,ACC0630,3815,legitimate transfer,Agra,Routine payment
TX3413,CASE072,2025-08-17T08:34:00,ACC0692,ACC0034,17517,legitimate transfer,Ghaziabad,Routine payment
TX3414,CASE072,2025-08-25T08:34:00,ACC0631,ACC0294,14812,legitimate transfer,Bhubaneswar,Routine payment
TX3415,CASE072,2025-08-10T08:34:00,ACC0478,ACC0281,8110,legitimate transfer,Ghaziabad,Routine payment
TX3416,CASE072,2025-08-21T08:34:00,ACC0313,ACC0152,8631,legitimate transfer,Surat,Routine payment
TX3417,CASE072,2025-08-24T08:34:00,ACC0524,ACC0677,17652,legitimate transfer,Surat,Routine payment
TX3418,CASE072,2025-08-23T08:34:00,ACC0667,ACC0727,1463,legitimate transfer,Ghaziabad,Routine payment
TX3419,CASE072,2025-08-21T08:34:00,ACC0667,ACC0235,9461,legitimate transfer,Amritsar,Routine payment
TX3420,CASE072,2025-08-09T08:34:00,ACC0578,ACC0575,15901,legitimate transfer,Patna,Routine payment
TX3421,CASE072,2025-08-11T08:34:00,ACC0429,ACC0389,19513,legitimate transfer,Kanpur,Routine payment
TX3422,CASE072,2025-08-10T08:34:00,ACC0082,ACC0171,14582,legitimate transfer,Lucknow,Routine payment
TX3423,CASE072,2025-08-25T08:34:00,ACC0251,ACC0155,11444,legitimate transfer,Ghaziabad,Routine payment
TX3424,CASE072,2025-08-07T08:34:00,ACC0791,ACC0125,16680,legitimate transfer,Gurugram,Routine payment
TX3425,CASE072,2025-08-02T08:34:00,ACC0323,ACC0444,10581,legitimate transfer,Kolkata,Routine payment
TX3426,CASE072,2025-08-17T08:34:00,ACC0221,ACC0251,5697,legitimate transfer,Haridwar,Routine payment
TX3427,CASE072,2025-08-24T08:34:00,ACC0109,ACC0778,12868,legitimate transfer,Jaipur,Routine payment
TX3428,CASE072,2025-08-19T08:34:00,ACC0208,ACC0064,19725,legitimate transfer,Delhi,Routine payment
TX3429,CASE072,2025-08-17T08:34:00,ACC0059,ACC0515,9140,legitimate transfer,Lucknow,Routine payment
TX3430,CASE072,2025-08-05T08:34:00,ACC0391,ACC0799,3106,legitimate transfer,Noida,Routine payment
TX3431,CASE072,2025-08-12T08:34:00,ACC0132,ACC0789,13924,legitimate transfer,Ahmedabad,Routine payment
TX3432,CASE072,2025-07-26T08:34:00,ACC0798,ACC0111,5148,legitimate transfer,Hyderabad,Routine payment
TX3433,CASE072,2025-08-08T08:34:00,ACC0223,ACC0730,15297,legitimate transfer,Bengaluru,Routine payment
TX3434,CASE072,2025-08-10T08:34:00,ACC0345,ACC0336,7938,legitimate transfer,Gurugram,Routine payment
TX3435,CASE072,2025-08-05T08:34:00,ACC0430,ACC0771,5779,legitimate transfer,Lucknow,Routine payment
TX3436,CASE072,2025-07-29T08:34:00,ACC0229,ACC0662,1860,legitimate transfer,Surat,Routine payment
TX3437,CASE072,2025-08-01T08:34:00,ACC0151,ACC0338,12593,legitimate transfer,Chennai,Routine payment
TX3438,CASE073,2026-06-14T03:06:00,ACC0384,ACC0490,49500,transfer,Ahmedabad,Fund transfer
TX3439,CASE073,2026-06-15T03:06:00,ACC0490,ACC0671,235000,transfer,Ahmedabad,Fund transfer
TX3440,CASE073,2026-06-15T03:06:00,ACC0671,ACC0315,235000,transfer,Ahmedabad,Fund transfer
TX3441,CASE073,2026-06-15T03:06:00,ACC0315,ACC0017,82000,transfer,Ahmedabad,Fund transfer
TX3442,CASE073,2026-06-11T03:06:00,ACC0091,ACC0610,3219,legitimate transfer,Agra,Routine payment
TX3443,CASE073,2026-05-17T03:06:00,ACC0798,ACC0550,19539,legitimate transfer,Ahmedabad,Routine payment
TX3444,CASE073,2026-05-30T03:06:00,ACC0563,ACC0759,14198,legitimate transfer,Noida,Routine payment
TX3445,CASE073,2026-05-30T03:06:00,ACC0400,ACC0537,18849,legitimate transfer,Ahmedabad,Routine payment
TX3446,CASE073,2026-05-25T03:06:00,ACC0430,ACC0012,4093,legitimate transfer,Ghaziabad,Routine payment
TX3447,CASE073,2026-06-04T03:06:00,ACC0794,ACC0634,4560,legitimate transfer,Pune,Routine payment
TX3448,CASE073,2026-06-03T03:06:00,ACC0766,ACC0144,1164,legitimate transfer,Noida,Routine payment
TX3449,CASE073,2026-06-08T03:06:00,ACC0223,ACC0453,19708,legitimate transfer,Kanpur,Routine payment
TX3450,CASE073,2026-05-18T03:06:00,ACC0590,ACC0499,18492,legitimate transfer,Amritsar,Routine payment
TX3451,CASE073,2026-05-27T03:06:00,ACC0201,ACC0412,11191,legitimate transfer,Lucknow,Routine payment
TX3452,CASE073,2026-05-20T03:06:00,ACC0504,ACC0604,978,legitimate transfer,Pune,Routine payment
TX3453,CASE073,2026-05-24T03:06:00,ACC0466,ACC0483,9564,legitimate transfer,Noida,Routine payment
TX3454,CASE073,2026-05-30T03:06:00,ACC0603,ACC0512,2465,legitimate transfer,Haridwar,Routine payment
TX3455,CASE073,2026-05-16T03:06:00,ACC0653,ACC0406,5744,legitimate transfer,Bengaluru,Routine payment
TX3456,CASE073,2026-05-20T03:06:00,ACC0624,ACC0666,2244,legitimate transfer,Ahmedabad,Routine payment
TX3457,CASE073,2026-06-05T03:06:00,ACC0370,ACC0057,15058,legitimate transfer,Dehradun,Routine payment
TX3458,CASE073,2026-05-21T03:06:00,ACC0664,ACC0487,8919,legitimate transfer,Dehradun,Routine payment
TX3459,CASE073,2026-05-19T03:06:00,ACC0111,ACC0414,17871,legitimate transfer,Jaipur,Routine payment
TX3460,CASE073,2026-05-19T03:06:00,ACC0424,ACC0449,6250,legitimate transfer,Delhi,Routine payment
TX3461,CASE073,2026-05-29T03:06:00,ACC0539,ACC0336,11979,legitimate transfer,Lucknow,Routine payment
TX3462,CASE073,2026-06-05T03:06:00,ACC0673,ACC0743,18415,legitimate transfer,Indore,Routine payment
TX3463,CASE073,2026-06-03T03:06:00,ACC0019,ACC0570,14341,legitimate transfer,Jaipur,Routine payment
TX3464,CASE073,2026-06-02T03:06:00,ACC0380,ACC0091,6525,legitimate transfer,Ranchi,Routine payment
TX3465,CASE073,2026-05-17T03:06:00,ACC0687,ACC0043,14380,legitimate transfer,Indore,Routine payment
TX3466,CASE073,2026-05-31T03:06:00,ACC0217,ACC0198,2149,legitimate transfer,Surat,Routine payment
TX3467,CASE073,2026-05-26T03:06:00,ACC0410,ACC0159,15063,legitimate transfer,Delhi,Routine payment
TX3468,CASE073,2026-06-09T03:06:00,ACC0555,ACC0061,1799,legitimate transfer,Ranchi,Routine payment
TX3469,CASE073,2026-06-15T03:06:00,ACC0774,ACC0734,6185,legitimate transfer,Ahmedabad,Routine payment
TX3470,CASE073,2026-05-22T03:06:00,ACC0380,ACC0143,3587,legitimate transfer,Dehradun,Routine payment
TX3471,CASE073,2026-06-01T03:06:00,ACC0614,ACC0017,5238,legitimate transfer,Noida,Routine payment
TX3472,CASE073,2026-05-18T03:06:00,ACC0445,ACC0494,18811,legitimate transfer,Noida,Routine payment
TX3473,CASE073,2026-05-23T03:06:00,ACC0071,ACC0308,14762,legitimate transfer,Amritsar,Routine payment
TX3474,CASE073,2026-06-07T03:06:00,ACC0064,ACC0552,12813,legitimate transfer,Delhi,Routine payment
TX3475,CASE073,2026-06-07T03:06:00,ACC0790,ACC0253,16245,legitimate transfer,Jaipur,Routine payment
TX3476,CASE073,2026-05-19T03:06:00,ACC0291,ACC0545,6842,legitimate transfer,Ludhiana,Routine payment
TX3477,CASE073,2026-05-20T03:06:00,ACC0222,ACC0175,18851,legitimate transfer,Hyderabad,Routine payment
TX3478,CASE073,2026-05-25T03:06:00,ACC0725,ACC0451,10741,legitimate transfer,Lucknow,Routine payment
TX3479,CASE073,2026-06-07T03:06:00,ACC0135,ACC0034,4890,legitimate transfer,Faridabad,Routine payment
TX3480,CASE073,2026-05-25T03:06:00,ACC0283,ACC0128,11541,legitimate transfer,Indore,Routine payment
TX3481,CASE073,2026-06-03T03:06:00,ACC0691,ACC0452,12684,legitimate transfer,Lucknow,Routine payment
TX3482,CASE073,2026-06-11T03:06:00,ACC0038,ACC0262,15388,legitimate transfer,Bhopal,Routine payment
TX3483,CASE073,2026-06-03T03:06:00,ACC0267,ACC0270,4952,legitimate transfer,Kolkata,Routine payment
TX3484,CASE073,2026-05-29T03:06:00,ACC0726,ACC0680,5361,legitimate transfer,Indore,Routine payment
TX3485,CASE073,2026-06-10T03:06:00,ACC0104,ACC0184,17899,legitimate transfer,Mumbai,Routine payment
TX3486,CASE073,2026-06-08T03:06:00,ACC0427,ACC0553,1920,legitimate transfer,Faridabad,Routine payment
TX3487,CASE074,2025-10-15T22:19:00,ACC0791,ACC0768,82000,transfer,Chennai,Fund transfer
TX3488,CASE074,2025-10-18T22:19:00,ACC0768,ACC0153,150000,transfer,Chennai,Fund transfer
TX3489,CASE074,2025-10-15T22:19:00,ACC0153,ACC0230,82000,transfer,Chennai,Fund transfer
TX3490,CASE074,2025-10-09T22:19:00,ACC0718,ACC0507,3133,legitimate transfer,Agra,Routine payment
TX3491,CASE074,2025-09-24T22:19:00,ACC0273,ACC0456,18389,legitimate transfer,Kolkata,Routine payment
TX3492,CASE074,2025-09-26T22:19:00,ACC0665,ACC0546,16004,legitimate transfer,Ahmedabad,Routine payment
TX3493,CASE074,2025-10-04T22:19:00,ACC0144,ACC0108,8483,legitimate transfer,Gurugram,Routine payment
TX3494,CASE074,2025-09-24T22:19:00,ACC0186,ACC0468,14852,legitimate transfer,Dehradun,Routine payment
TX3495,CASE074,2025-10-03T22:19:00,ACC0409,ACC0625,5041,legitimate transfer,Faridabad,Routine payment
TX3496,CASE074,2025-10-09T22:19:00,ACC0293,ACC0109,11505,legitimate transfer,Kanpur,Routine payment
TX3497,CASE074,2025-10-16T22:19:00,ACC0217,ACC0711,18729,legitimate transfer,Delhi,Routine payment
TX3498,CASE074,2025-10-18T22:19:00,ACC0016,ACC0193,3652,legitimate transfer,Surat,Routine payment
TX3499,CASE074,2025-10-06T22:19:00,ACC0195,ACC0164,17501,legitimate transfer,Jaipur,Routine payment
TX3500,CASE074,2025-09-19T22:19:00,ACC0185,ACC0139,10529,legitimate transfer,Gurugram,Routine payment
TX3501,CASE074,2025-10-12T22:19:00,ACC0115,ACC0235,5845,legitimate transfer,Dehradun,Routine payment
TX3502,CASE074,2025-09-19T22:19:00,ACC0752,ACC0161,14974,legitimate transfer,Bhopal,Routine payment
TX3503,CASE074,2025-10-10T22:19:00,ACC0115,ACC0256,5067,legitimate transfer,Ludhiana,Routine payment
TX3504,CASE074,2025-10-17T22:19:00,ACC0604,ACC0116,612,legitimate transfer,Surat,Routine payment
TX3505,CASE074,2025-10-17T22:19:00,ACC0561,ACC0079,10881,legitimate transfer,Ludhiana,Routine payment
TX3506,CASE074,2025-10-02T22:19:00,ACC0652,ACC0344,17781,legitimate transfer,Ghaziabad,Routine payment
TX3507,CASE074,2025-09-21T22:19:00,ACC0456,ACC0532,4082,legitimate transfer,Patna,Routine payment
TX3508,CASE074,2025-10-08T22:19:00,ACC0395,ACC0718,12429,legitimate transfer,Mumbai,Routine payment
TX3509,CASE074,2025-10-03T22:19:00,ACC0149,ACC0768,4559,legitimate transfer,Kolkata,Routine payment
TX3510,CASE074,2025-10-02T22:19:00,ACC0707,ACC0278,10722,legitimate transfer,Bengaluru,Routine payment
TX3511,CASE074,2025-09-29T22:19:00,ACC0490,ACC0738,7938,legitimate transfer,Ranchi,Routine payment
TX3512,CASE074,2025-09-20T22:19:00,ACC0427,ACC0485,1994,legitimate transfer,Ahmedabad,Routine payment
TX3513,CASE074,2025-09-20T22:19:00,ACC0203,ACC0419,4473,legitimate transfer,Ranchi,Routine payment
TX3514,CASE074,2025-10-11T22:19:00,ACC0355,ACC0340,5874,legitimate transfer,Ludhiana,Routine payment
TX3515,CASE074,2025-09-23T22:19:00,ACC0195,ACC0118,15004,legitimate transfer,Kolkata,Routine payment
TX3516,CASE074,2025-09-30T22:19:00,ACC0510,ACC0185,8315,legitimate transfer,Ahmedabad,Routine payment
TX3517,CASE074,2025-10-10T22:19:00,ACC0471,ACC0720,4159,legitimate transfer,Gurugram,Routine payment
TX3518,CASE074,2025-10-15T22:19:00,ACC0158,ACC0251,3899,legitimate transfer,Gurugram,Routine payment
TX3519,CASE074,2025-10-08T22:19:00,ACC0448,ACC0579,1216,legitimate transfer,Indore,Routine payment
TX3520,CASE074,2025-09-26T22:19:00,ACC0520,ACC0714,4318,legitimate transfer,Kolkata,Routine payment
TX3521,CASE074,2025-10-17T22:19:00,ACC0212,ACC0085,12940,legitimate transfer,Bengaluru,Routine payment
TX3522,CASE074,2025-09-20T22:19:00,ACC0325,ACC0139,3468,legitimate transfer,Amritsar,Routine payment
TX3523,CASE074,2025-10-15T22:19:00,ACC0087,ACC0174,19102,legitimate transfer,Delhi,Routine payment
TX3524,CASE074,2025-10-13T22:19:00,ACC0758,ACC0179,16935,legitimate transfer,Ahmedabad,Routine payment
TX3525,CASE074,2025-10-05T22:19:00,ACC0698,ACC0376,17025,legitimate transfer,Bengaluru,Routine payment
TX3526,CASE074,2025-10-16T22:19:00,ACC0499,ACC0254,7462,legitimate transfer,Ranchi,Routine payment
TX3527,CASE074,2025-09-21T22:19:00,ACC0488,ACC0386,8345,legitimate transfer,Ludhiana,Routine payment
TX3528,CASE074,2025-10-01T22:19:00,ACC0203,ACC0427,6499,legitimate transfer,Lucknow,Routine payment
TX3529,CASE074,2025-10-16T22:19:00,ACC0108,ACC0081,11520,legitimate transfer,Pune,Routine payment
TX3530,CASE074,2025-09-18T22:19:00,ACC0180,ACC0452,1775,legitimate transfer,Faridabad,Routine payment
TX3531,CASE074,2025-10-13T22:19:00,ACC0074,ACC0729,11563,legitimate transfer,Chennai,Routine payment
TX3532,CASE074,2025-10-15T22:19:00,ACC0428,ACC0408,15656,legitimate transfer,Patna,Routine payment
TX3533,CASE074,2025-10-16T22:19:00,ACC0459,ACC0325,7395,legitimate transfer,Amritsar,Routine payment
TX3534,CASE074,2025-10-06T22:19:00,ACC0565,ACC0081,18929,legitimate transfer,Gurugram,Routine payment
TX3535,CASE075,2026-02-22T06:39:00,ACC0497,ACC0382,49500,transfer,Kolkata,Fund transfer
TX3536,CASE075,2026-02-18T06:39:00,ACC0382,ACC0445,82000,transfer,Kolkata,Fund transfer
TX3537,CASE075,2026-02-19T06:39:00,ACC0445,ACC0053,150000,transfer,Kolkata,Fund transfer
TX3538,CASE075,2026-02-20T06:39:00,ACC0053,ACC0589,49500,transfer,Kolkata,Fund transfer
TX3539,CASE075,2026-02-17T06:39:00,ACC0570,ACC0529,18210,legitimate transfer,Kolkata,Routine payment
TX3540,CASE075,2026-01-25T06:39:00,ACC0081,ACC0264,12351,legitimate transfer,Amritsar,Routine payment
TX3541,CASE075,2026-02-01T06:39:00,ACC0355,ACC0743,4869,legitimate transfer,Gurugram,Routine payment
TX3542,CASE075,2026-02-18T06:39:00,ACC0323,ACC0508,1129,legitimate transfer,Agra,Routine payment
TX3543,CASE075,2026-02-10T06:39:00,ACC0525,ACC0649,1653,legitimate transfer,Chandigarh,Routine payment
TX3544,CASE075,2026-01-25T06:39:00,ACC0629,ACC0613,5326,legitimate transfer,Ranchi,Routine payment
TX3545,CASE075,2026-02-12T06:39:00,ACC0581,ACC0611,15142,legitimate transfer,Mumbai,Routine payment
TX3546,CASE075,2026-02-03T06:39:00,ACC0009,ACC0464,11204,legitimate transfer,Pune,Routine payment
TX3547,CASE075,2026-02-16T06:39:00,ACC0378,ACC0620,7344,legitimate transfer,Hyderabad,Routine payment
TX3548,CASE075,2026-02-22T06:39:00,ACC0332,ACC0505,9471,legitimate transfer,Kanpur,Routine payment
TX3549,CASE075,2026-02-06T06:39:00,ACC0620,ACC0272,15992,legitimate transfer,Noida,Routine payment
TX3550,CASE075,2026-02-07T06:39:00,ACC0767,ACC0701,14870,legitimate transfer,Faridabad,Routine payment
TX3551,CASE075,2026-01-23T06:39:00,ACC0532,ACC0074,4762,legitimate transfer,Chandigarh,Routine payment
TX3552,CASE075,2026-02-12T06:39:00,ACC0567,ACC0485,13305,legitimate transfer,Dehradun,Routine payment
TX3553,CASE075,2026-02-19T06:39:00,ACC0260,ACC0376,17622,legitimate transfer,Jaipur,Routine payment
TX3554,CASE075,2026-02-02T06:39:00,ACC0104,ACC0545,12745,legitimate transfer,Bengaluru,Routine payment
TX3555,CASE075,2026-01-24T06:39:00,ACC0499,ACC0646,8303,legitimate transfer,Agra,Routine payment
TX3556,CASE075,2026-01-24T06:39:00,ACC0327,ACC0626,17418,legitimate transfer,Chandigarh,Routine payment
TX3557,CASE075,2026-02-05T06:39:00,ACC0703,ACC0375,3590,legitimate transfer,Lucknow,Routine payment
TX3558,CASE075,2026-01-27T06:39:00,ACC0230,ACC0027,9172,legitimate transfer,Dehradun,Routine payment
TX3559,CASE075,2026-02-20T06:39:00,ACC0043,ACC0501,3043,legitimate transfer,Patna,Routine payment
TX3560,CASE075,2026-01-29T06:39:00,ACC0206,ACC0089,17751,legitimate transfer,Dehradun,Routine payment
TX3561,CASE075,2026-02-10T06:39:00,ACC0384,ACC0615,4117,legitimate transfer,Haridwar,Routine payment
TX3562,CASE075,2026-02-02T06:39:00,ACC0564,ACC0573,4004,legitimate transfer,Hyderabad,Routine payment
TX3563,CASE075,2026-01-29T06:39:00,ACC0757,ACC0483,10198,legitimate transfer,Dehradun,Routine payment
TX3564,CASE075,2026-01-30T06:39:00,ACC0435,ACC0206,7590,legitimate transfer,Delhi,Routine payment
TX3565,CASE075,2026-02-09T06:39:00,ACC0752,ACC0337,8317,legitimate transfer,Dehradun,Routine payment
TX3566,CASE075,2026-02-03T06:39:00,ACC0235,ACC0783,5380,legitimate transfer,Haridwar,Routine payment
TX3567,CASE075,2026-02-02T06:39:00,ACC0001,ACC0167,19948,legitimate transfer,Hyderabad,Routine payment
TX3568,CASE075,2026-02-19T06:39:00,ACC0038,ACC0368,5316,legitimate transfer,Ghaziabad,Routine payment
TX3569,CASE075,2026-02-19T06:39:00,ACC0729,ACC0636,16539,legitimate transfer,Chennai,Routine payment
TX3570,CASE075,2026-02-09T06:39:00,ACC0533,ACC0266,19465,legitimate transfer,Ghaziabad,Routine payment
TX3571,CASE075,2026-02-03T06:39:00,ACC0509,ACC0112,4173,legitimate transfer,Indore,Routine payment
TX3572,CASE075,2026-02-08T06:39:00,ACC0653,ACC0245,8439,legitimate transfer,Haridwar,Routine payment
TX3573,CASE075,2026-02-19T06:39:00,ACC0202,ACC0406,13563,legitimate transfer,Kolkata,Routine payment
TX3574,CASE075,2026-01-27T06:39:00,ACC0097,ACC0160,14128,legitimate transfer,Bhubaneswar,Routine payment
TX3575,CASE075,2026-02-09T06:39:00,ACC0728,ACC0721,12695,legitimate transfer,Delhi,Routine payment
TX3576,CASE075,2026-02-03T06:39:00,ACC0285,ACC0545,17199,legitimate transfer,Haridwar,Routine payment
TX3577,CASE075,2026-02-10T06:39:00,ACC0261,ACC0785,18287,legitimate transfer,Ghaziabad,Routine payment
TX3578,CASE075,2026-01-29T06:39:00,ACC0671,ACC0577,14602,legitimate transfer,Haridwar,Routine payment
TX3579,CASE075,2026-02-03T06:39:00,ACC0748,ACC0115,19357,legitimate transfer,Haridwar,Routine payment
TX3580,CASE075,2026-02-19T06:39:00,ACC0236,ACC0719,15624,legitimate transfer,Kolkata,Routine payment
TX3581,CASE075,2026-01-30T06:39:00,ACC0566,ACC0394,14931,legitimate transfer,Ludhiana,Routine payment
TX3582,CASE075,2026-02-01T06:39:00,ACC0764,ACC0475,14342,legitimate transfer,Lucknow,Routine payment
TX3583,CASE075,2026-02-18T06:39:00,ACC0155,ACC0737,6363,legitimate transfer,Ghaziabad,Routine payment
TX3584,CASE076,2026-04-26T18:31:00,ACC0072,ACC0567,235000,transfer,Ghaziabad,Fund transfer
TX3585,CASE076,2026-04-30T18:31:00,ACC0567,ACC0591,235000,transfer,Ghaziabad,Fund transfer
TX3586,CASE076,2026-04-25T18:31:00,ACC0591,ACC0270,82000,transfer,Ghaziabad,Fund transfer
TX3587,CASE076,2026-04-05T18:31:00,ACC0034,ACC0134,9168,legitimate transfer,Noida,Routine payment
TX3588,CASE076,2026-04-04T18:31:00,ACC0362,ACC0137,11630,legitimate transfer,Kolkata,Routine payment
TX3589,CASE076,2026-04-08T18:31:00,ACC0305,ACC0430,17733,legitimate transfer,Indore,Routine payment
TX3590,CASE076,2026-04-22T18:31:00,ACC0109,ACC0757,7882,legitimate transfer,Pune,Routine payment
TX3591,CASE076,2026-04-06T18:31:00,ACC0218,ACC0140,17638,legitimate transfer,Chandigarh,Routine payment
TX3592,CASE076,2026-04-21T18:31:00,ACC0781,ACC0690,17443,legitimate transfer,Surat,Routine payment
TX3593,CASE076,2026-04-20T18:31:00,ACC0035,ACC0341,2296,legitimate transfer,Bhopal,Routine payment
TX3594,CASE076,2026-03-31T18:31:00,ACC0078,ACC0200,9584,legitimate transfer,Chennai,Routine payment
TX3595,CASE076,2026-04-08T18:31:00,ACC0322,ACC0674,7898,legitimate transfer,Bhopal,Routine payment
TX3596,CASE076,2026-03-31T18:31:00,ACC0445,ACC0351,6658,legitimate transfer,Bengaluru,Routine payment
TX3597,CASE076,2026-04-10T18:31:00,ACC0688,ACC0175,6174,legitimate transfer,Ahmedabad,Routine payment
TX3598,CASE076,2026-04-21T18:31:00,ACC0295,ACC0671,13550,legitimate transfer,Haridwar,Routine payment
TX3599,CASE076,2026-04-04T18:31:00,ACC0592,ACC0333,6180,legitimate transfer,Pune,Routine payment
TX3600,CASE076,2026-04-30T18:31:00,ACC0736,ACC0524,10642,legitimate transfer,Mumbai,Routine payment
TX3601,CASE076,2026-04-26T18:31:00,ACC0641,ACC0630,18895,legitimate transfer,Ahmedabad,Routine payment
TX3602,CASE076,2026-04-24T18:31:00,ACC0554,ACC0130,7563,legitimate transfer,Lucknow,Routine payment
TX3603,CASE076,2026-04-17T18:31:00,ACC0388,ACC0615,14214,legitimate transfer,Patna,Routine payment
TX3604,CASE076,2026-04-24T18:31:00,ACC0292,ACC0449,7608,legitimate transfer,Bhubaneswar,Routine payment
TX3605,CASE076,2026-04-06T18:31:00,ACC0274,ACC0124,9869,legitimate transfer,Indore,Routine payment
TX3606,CASE076,2026-04-03T18:31:00,ACC0605,ACC0357,15992,legitimate transfer,Haridwar,Routine payment
TX3607,CASE076,2026-04-09T18:31:00,ACC0081,ACC0065,16604,legitimate transfer,Hyderabad,Routine payment
TX3608,CASE076,2026-04-13T18:31:00,ACC0570,ACC0782,7365,legitimate transfer,Kolkata,Routine payment
TX3609,CASE076,2026-04-12T18:31:00,ACC0368,ACC0192,5563,legitimate transfer,Dehradun,Routine payment
TX3610,CASE076,2026-04-15T18:31:00,ACC0478,ACC0772,3507,legitimate transfer,Ghaziabad,Routine payment
TX3611,CASE076,2026-04-28T18:31:00,ACC0518,ACC0163,6327,legitimate transfer,Chandigarh,Routine payment
TX3612,CASE076,2026-04-30T18:31:00,ACC0564,ACC0704,4360,legitimate transfer,Kanpur,Routine payment
TX3613,CASE076,2026-04-22T18:31:00,ACC0410,ACC0322,2165,legitimate transfer,Haridwar,Routine payment
TX3614,CASE076,2026-04-21T18:31:00,ACC0358,ACC0235,7993,legitimate transfer,Delhi,Routine payment
TX3615,CASE076,2026-04-09T18:31:00,ACC0328,ACC0273,10411,legitimate transfer,Ghaziabad,Routine payment
TX3616,CASE076,2026-04-08T18:31:00,ACC0489,ACC0693,14774,legitimate transfer,Surat,Routine payment
TX3617,CASE076,2026-04-09T18:31:00,ACC0268,ACC0121,9529,legitimate transfer,Ghaziabad,Routine payment
TX3618,CASE076,2026-04-12T18:31:00,ACC0046,ACC0435,5939,legitimate transfer,Chandigarh,Routine payment
TX3619,CASE076,2026-04-29T18:31:00,ACC0312,ACC0292,6849,legitimate transfer,Delhi,Routine payment
TX3620,CASE076,2026-04-28T18:31:00,ACC0086,ACC0005,1818,legitimate transfer,Ahmedabad,Routine payment
TX3621,CASE076,2026-04-23T18:31:00,ACC0210,ACC0163,7953,legitimate transfer,Chandigarh,Routine payment
TX3622,CASE076,2026-04-02T18:31:00,ACC0724,ACC0044,689,legitimate transfer,Jaipur,Routine payment
TX3623,CASE076,2026-04-05T18:31:00,ACC0041,ACC0747,9766,legitimate transfer,Gurugram,Routine payment
TX3624,CASE076,2026-04-10T18:31:00,ACC0675,ACC0270,16931,legitimate transfer,Bhopal,Routine payment
TX3625,CASE076,2026-04-16T18:31:00,ACC0549,ACC0167,14380,legitimate transfer,Bhubaneswar,Routine payment
TX3626,CASE076,2026-04-10T18:31:00,ACC0171,ACC0512,19678,legitimate transfer,Indore,Routine payment
TX3627,CASE076,2026-04-18T18:31:00,ACC0781,ACC0756,11211,legitimate transfer,Agra,Routine payment
TX3628,CASE076,2026-04-19T18:31:00,ACC0657,ACC0557,11939,legitimate transfer,Lucknow,Routine payment
TX3629,CASE076,2026-04-21T18:31:00,ACC0588,ACC0565,5764,legitimate transfer,Haridwar,Routine payment
TX3630,CASE076,2026-04-07T18:31:00,ACC0157,ACC0685,7369,legitimate transfer,Patna,Routine payment
TX3631,CASE076,2026-04-02T18:31:00,ACC0182,ACC0186,7723,legitimate transfer,Pune,Routine payment
TX3632,CASE077,2025-07-20T18:34:00,ACC0384,ACC0717,235000,transfer,Ranchi,Fund transfer
TX3633,CASE077,2025-07-19T18:34:00,ACC0717,ACC0399,82000,transfer,Ranchi,Fund transfer
TX3634,CASE077,2025-07-22T18:34:00,ACC0399,ACC0015,82000,transfer,Ranchi,Fund transfer
TX3635,CASE077,2025-07-11T18:34:00,ACC0718,ACC0232,19440,legitimate transfer,Hyderabad,Routine payment
TX3636,CASE077,2025-07-17T18:34:00,ACC0209,ACC0271,16406,legitimate transfer,Agra,Routine payment
TX3637,CASE077,2025-07-08T18:34:00,ACC0431,ACC0442,7706,legitimate transfer,Bengaluru,Routine payment
TX3638,CASE077,2025-07-13T18:34:00,ACC0263,ACC0001,2800,legitimate transfer,Noida,Routine payment
TX3639,CASE077,2025-07-06T18:34:00,ACC0056,ACC0342,4444,legitimate transfer,Amritsar,Routine payment
TX3640,CASE077,2025-06-25T18:34:00,ACC0593,ACC0143,15778,legitimate transfer,Surat,Routine payment
TX3641,CASE077,2025-07-01T18:34:00,ACC0520,ACC0763,19650,legitimate transfer,Ahmedabad,Routine payment
TX3642,CASE077,2025-07-07T18:34:00,ACC0344,ACC0598,10224,legitimate transfer,Agra,Routine payment
TX3643,CASE077,2025-06-22T18:34:00,ACC0172,ACC0577,8419,legitimate transfer,Kolkata,Routine payment
TX3644,CASE077,2025-07-08T18:34:00,ACC0786,ACC0117,14247,legitimate transfer,Ludhiana,Routine payment
TX3645,CASE077,2025-07-01T18:34:00,ACC0124,ACC0774,16820,legitimate transfer,Surat,Routine payment
TX3646,CASE077,2025-06-22T18:34:00,ACC0074,ACC0722,10853,legitimate transfer,Amritsar,Routine payment
TX3647,CASE077,2025-06-24T18:34:00,ACC0072,ACC0623,11195,legitimate transfer,Mumbai,Routine payment
TX3648,CASE077,2025-07-10T18:34:00,ACC0715,ACC0341,6609,legitimate transfer,Delhi,Routine payment
TX3649,CASE077,2025-06-23T18:34:00,ACC0293,ACC0134,14651,legitimate transfer,Bhopal,Routine payment
TX3650,CASE077,2025-06-30T18:34:00,ACC0152,ACC0149,5551,legitimate transfer,Bengaluru,Routine payment
TX3651,CASE077,2025-07-04T18:34:00,ACC0232,ACC0523,18429,legitimate transfer,Surat,Routine payment
TX3652,CASE077,2025-07-03T18:34:00,ACC0392,ACC0153,9447,legitimate transfer,Ghaziabad,Routine payment
TX3653,CASE077,2025-06-28T18:34:00,ACC0195,ACC0214,3639,legitimate transfer,Mumbai,Routine payment
TX3654,CASE077,2025-07-10T18:34:00,ACC0463,ACC0436,9727,legitimate transfer,Indore,Routine payment
TX3655,CASE077,2025-07-01T18:34:00,ACC0757,ACC0367,15083,legitimate transfer,Agra,Routine payment
TX3656,CASE077,2025-07-04T18:34:00,ACC0298,ACC0600,3038,legitimate transfer,Gurugram,Routine payment
TX3657,CASE077,2025-07-08T18:34:00,ACC0109,ACC0630,9759,legitimate transfer,Mumbai,Routine payment
TX3658,CASE077,2025-06-23T18:34:00,ACC0149,ACC0536,19579,legitimate transfer,Indore,Routine payment
TX3659,CASE077,2025-07-16T18:34:00,ACC0077,ACC0148,1758,legitimate transfer,Amritsar,Routine payment
TX3660,CASE077,2025-07-19T18:34:00,ACC0649,ACC0655,18177,legitimate transfer,Ghaziabad,Routine payment
TX3661,CASE077,2025-07-04T18:34:00,ACC0082,ACC0317,4392,legitimate transfer,Noida,Routine payment
TX3662,CASE077,2025-06-22T18:34:00,ACC0746,ACC0227,4422,legitimate transfer,Ahmedabad,Routine payment
TX3663,CASE077,2025-07-05T18:34:00,ACC0728,ACC0433,18934,legitimate transfer,Agra,Routine payment
TX3664,CASE077,2025-06-25T18:34:00,ACC0460,ACC0634,17661,legitimate transfer,Gurugram,Routine payment
TX3665,CASE077,2025-07-08T18:34:00,ACC0545,ACC0706,7212,legitimate transfer,Hyderabad,Routine payment
TX3666,CASE077,2025-07-10T18:34:00,ACC0177,ACC0448,1789,legitimate transfer,Ludhiana,Routine payment
TX3667,CASE077,2025-07-11T18:34:00,ACC0547,ACC0327,2086,legitimate transfer,Chennai,Routine payment
TX3668,CASE077,2025-06-24T18:34:00,ACC0253,ACC0151,6858,legitimate transfer,Mumbai,Routine payment
TX3669,CASE077,2025-06-24T18:34:00,ACC0376,ACC0138,15698,legitimate transfer,Agra,Routine payment
TX3670,CASE077,2025-07-06T18:34:00,ACC0478,ACC0400,6843,legitimate transfer,Ranchi,Routine payment
TX3671,CASE077,2025-07-12T18:34:00,ACC0327,ACC0266,18308,legitimate transfer,Ghaziabad,Routine payment
TX3672,CASE077,2025-06-27T18:34:00,ACC0540,ACC0338,12402,legitimate transfer,Indore,Routine payment
TX3673,CASE077,2025-07-04T18:34:00,ACC0306,ACC0498,14886,legitimate transfer,Delhi,Routine payment
TX3674,CASE077,2025-06-27T18:34:00,ACC0304,ACC0074,9725,legitimate transfer,Chennai,Routine payment
TX3675,CASE077,2025-07-20T18:34:00,ACC0706,ACC0761,17045,legitimate transfer,Bhopal,Routine payment
TX3676,CASE077,2025-07-19T18:34:00,ACC0595,ACC0446,2586,legitimate transfer,Ghaziabad,Routine payment
TX3677,CASE077,2025-06-30T18:34:00,ACC0254,ACC0017,19638,legitimate transfer,Indore,Routine payment
TX3678,CASE077,2025-07-04T18:34:00,ACC0282,ACC0287,8204,legitimate transfer,Chandigarh,Routine payment
TX3679,CASE077,2025-07-16T18:34:00,ACC0477,ACC0283,7207,legitimate transfer,Surat,Routine payment
TX3680,CASE078,2026-07-11T12:19:00,ACC0167,ACC0243,150000,transfer,Ghaziabad,Fund transfer
TX3681,CASE078,2026-07-10T12:19:00,ACC0243,ACC0064,235000,transfer,Ghaziabad,Fund transfer
TX3682,CASE078,2026-06-26T12:19:00,ACC0362,ACC0700,12686,legitimate transfer,Chandigarh,Routine payment
TX3683,CASE078,2026-06-24T12:19:00,ACC0062,ACC0088,11582,legitimate transfer,Pune,Routine payment
TX3684,CASE078,2026-06-26T12:19:00,ACC0111,ACC0343,17029,legitimate transfer,Ahmedabad,Routine payment
TX3685,CASE078,2026-07-06T12:19:00,ACC0553,ACC0123,9755,legitimate transfer,Kolkata,Routine payment
TX3686,CASE078,2026-07-05T12:19:00,ACC0333,ACC0281,15982,legitimate transfer,Indore,Routine payment
TX3687,CASE078,2026-06-14T12:19:00,ACC0341,ACC0342,4417,legitimate transfer,Ahmedabad,Routine payment
TX3688,CASE078,2026-06-21T12:19:00,ACC0319,ACC0622,6162,legitimate transfer,Amritsar,Routine payment
TX3689,CASE078,2026-06-18T12:19:00,ACC0061,ACC0532,9623,legitimate transfer,Surat,Routine payment
TX3690,CASE078,2026-07-11T12:19:00,ACC0081,ACC0328,8442,legitimate transfer,Chandigarh,Routine payment
TX3691,CASE078,2026-07-08T12:19:00,ACC0526,ACC0779,2393,legitimate transfer,Ahmedabad,Routine payment
TX3692,CASE078,2026-06-20T12:19:00,ACC0193,ACC0129,4018,legitimate transfer,Faridabad,Routine payment
TX3693,CASE078,2026-06-14T12:19:00,ACC0502,ACC0619,971,legitimate transfer,Ludhiana,Routine payment
TX3694,CASE078,2026-06-15T12:19:00,ACC0724,ACC0738,19228,legitimate transfer,Indore,Routine payment
TX3695,CASE078,2026-06-24T12:19:00,ACC0755,ACC0315,9056,legitimate transfer,Ludhiana,Routine payment
TX3696,CASE078,2026-07-01T12:19:00,ACC0352,ACC0313,5050,legitimate transfer,Bhopal,Routine payment
TX3697,CASE078,2026-06-20T12:19:00,ACC0378,ACC0184,16392,legitimate transfer,Gurugram,Routine payment
TX3698,CASE078,2026-06-11T12:19:00,ACC0733,ACC0409,2157,legitimate transfer,Surat,Routine payment
TX3699,CASE078,2026-07-11T12:19:00,ACC0216,ACC0774,14735,legitimate transfer,Dehradun,Routine payment
TX3700,CASE078,2026-07-01T12:19:00,ACC0105,ACC0061,11210,legitimate transfer,Kanpur,Routine payment
TX3701,CASE078,2026-07-09T12:19:00,ACC0342,ACC0322,9367,legitimate transfer,Lucknow,Routine payment
TX3702,CASE078,2026-06-27T12:19:00,ACC0774,ACC0583,10625,legitimate transfer,Amritsar,Routine payment
TX3703,CASE078,2026-07-03T12:19:00,ACC0083,ACC0131,15876,legitimate transfer,Faridabad,Routine payment
TX3704,CASE078,2026-07-01T12:19:00,ACC0050,ACC0689,15029,legitimate transfer,Bengaluru,Routine payment
TX3705,CASE078,2026-06-25T12:19:00,ACC0011,ACC0683,2059,legitimate transfer,Indore,Routine payment
TX3706,CASE078,2026-07-08T12:19:00,ACC0366,ACC0738,14134,legitimate transfer,Ahmedabad,Routine payment
TX3707,CASE078,2026-07-05T12:19:00,ACC0130,ACC0383,8093,legitimate transfer,Ahmedabad,Routine payment
TX3708,CASE078,2026-06-26T12:19:00,ACC0034,ACC0752,3273,legitimate transfer,Kanpur,Routine payment
TX3709,CASE078,2026-06-24T12:19:00,ACC0169,ACC0580,5565,legitimate transfer,Ahmedabad,Routine payment
TX3710,CASE078,2026-07-06T12:19:00,ACC0481,ACC0365,511,legitimate transfer,Hyderabad,Routine payment
TX3711,CASE078,2026-07-04T12:19:00,ACC0136,ACC0320,12148,legitimate transfer,Bhubaneswar,Routine payment
TX3712,CASE078,2026-06-27T12:19:00,ACC0656,ACC0406,5204,legitimate transfer,Ludhiana,Routine payment
TX3713,CASE078,2026-06-23T12:19:00,ACC0214,ACC0126,6426,legitimate transfer,Dehradun,Routine payment
TX3714,CASE078,2026-07-07T12:19:00,ACC0287,ACC0022,6531,legitimate transfer,Agra,Routine payment
TX3715,CASE078,2026-06-13T12:19:00,ACC0087,ACC0650,14702,legitimate transfer,Jaipur,Routine payment
TX3716,CASE078,2026-06-15T12:19:00,ACC0099,ACC0284,4485,legitimate transfer,Ranchi,Routine payment
TX3717,CASE078,2026-06-22T12:19:00,ACC0784,ACC0691,14743,legitimate transfer,Delhi,Routine payment
TX3718,CASE078,2026-06-16T12:19:00,ACC0599,ACC0262,10984,legitimate transfer,Kolkata,Routine payment
TX3719,CASE078,2026-07-08T12:19:00,ACC0612,ACC0046,18733,legitimate transfer,Delhi,Routine payment
TX3720,CASE078,2026-07-11T12:19:00,ACC0456,ACC0303,13835,legitimate transfer,Chennai,Routine payment
TX3721,CASE078,2026-06-12T12:19:00,ACC0179,ACC0694,18477,legitimate transfer,Ahmedabad,Routine payment
TX3722,CASE078,2026-06-11T12:19:00,ACC0116,ACC0665,17553,legitimate transfer,Jaipur,Routine payment
TX3723,CASE078,2026-06-26T12:19:00,ACC0276,ACC0653,9766,legitimate transfer,Chandigarh,Routine payment
TX3724,CASE078,2026-06-30T12:19:00,ACC0166,ACC0799,5631,legitimate transfer,Hyderabad,Routine payment
TX3725,CASE078,2026-06-20T12:19:00,ACC0680,ACC0166,19440,legitimate transfer,Surat,Routine payment
TX3726,CASE078,2026-07-08T12:19:00,ACC0412,ACC0075,12739,legitimate transfer,Amritsar,Routine payment
TX3727,CASE079,2025-11-28T00:28:00,ACC0179,ACC0022,150000,transfer,Haridwar,Fund transfer
TX3728,CASE079,2025-12-01T00:28:00,ACC0022,ACC0030,150000,transfer,Haridwar,Fund transfer
TX3729,CASE079,2025-11-28T00:28:00,ACC0030,ACC0079,82000,transfer,Haridwar,Fund transfer
TX3730,CASE079,2025-11-28T00:28:00,ACC0079,ACC0197,82000,transfer,Haridwar,Fund transfer
TX3731,CASE079,2025-11-05T00:28:00,ACC0081,ACC0116,988,legitimate transfer,Indore,Routine payment
TX3732,CASE079,2025-11-26T00:28:00,ACC0647,ACC0794,5951,legitimate transfer,Ghaziabad,Routine payment
TX3733,CASE079,2025-11-29T00:28:00,ACC0733,ACC0659,1818,legitimate transfer,Bhubaneswar,Routine payment
TX3734,CASE079,2025-11-04T00:28:00,ACC0243,ACC0425,2415,legitimate transfer,Indore,Routine payment
TX3735,CASE079,2025-12-03T00:28:00,ACC0701,ACC0125,6871,legitimate transfer,Lucknow,Routine payment
TX3736,CASE079,2025-12-02T00:28:00,ACC0016,ACC0097,8603,legitimate transfer,Jaipur,Routine payment
TX3737,CASE079,2025-11-13T00:28:00,ACC0696,ACC0233,16310,legitimate transfer,Chennai,Routine payment
TX3738,CASE079,2025-11-30T00:28:00,ACC0144,ACC0644,3914,legitimate transfer,Ghaziabad,Routine payment
TX3739,CASE079,2025-11-12T00:28:00,ACC0749,ACC0431,7927,legitimate transfer,Patna,Routine payment
TX3740,CASE079,2025-11-10T00:28:00,ACC0366,ACC0518,14568,legitimate transfer,Ludhiana,Routine payment
TX3741,CASE079,2025-11-03T00:28:00,ACC0058,ACC0570,6858,legitimate transfer,Bengaluru,Routine payment
TX3742,CASE079,2025-11-24T00:28:00,ACC0623,ACC0509,10531,legitimate transfer,Ranchi,Routine payment
TX3743,CASE079,2025-11-21T00:28:00,ACC0057,ACC0751,18109,legitimate transfer,Patna,Routine payment
TX3744,CASE079,2025-11-26T00:28:00,ACC0680,ACC0606,13181,legitimate transfer,Patna,Routine payment
TX3745,CASE079,2025-11-28T00:28:00,ACC0059,ACC0327,5041,legitimate transfer,Noida,Routine payment
TX3746,CASE079,2025-11-09T00:28:00,ACC0062,ACC0644,16855,legitimate transfer,Amritsar,Routine payment
TX3747,CASE079,2025-11-04T00:28:00,ACC0537,ACC0750,7124,legitimate transfer,Agra,Routine payment
TX3748,CASE079,2025-12-03T00:28:00,ACC0574,ACC0558,4321,legitimate transfer,Lucknow,Routine payment
TX3749,CASE079,2025-11-11T00:28:00,ACC0256,ACC0489,17548,legitimate transfer,Patna,Routine payment
TX3750,CASE079,2025-11-11T00:28:00,ACC0493,ACC0584,10812,legitimate transfer,Kolkata,Routine payment
TX3751,CASE079,2025-11-29T00:28:00,ACC0155,ACC0725,15102,legitimate transfer,Kanpur,Routine payment
TX3752,CASE079,2025-11-26T00:28:00,ACC0390,ACC0652,5445,legitimate transfer,Pune,Routine payment
TX3753,CASE079,2025-11-03T00:28:00,ACC0666,ACC0003,18870,legitimate transfer,Lucknow,Routine payment
TX3754,CASE079,2025-11-17T00:28:00,ACC0706,ACC0401,11594,legitimate transfer,Amritsar,Routine payment
TX3755,CASE079,2025-11-19T00:28:00,ACC0321,ACC0174,1936,legitimate transfer,Ahmedabad,Routine payment
TX3756,CASE079,2025-11-22T00:28:00,ACC0155,ACC0457,14336,legitimate transfer,Patna,Routine payment
TX3757,CASE079,2025-11-25T00:28:00,ACC0490,ACC0120,14855,legitimate transfer,Agra,Routine payment
TX3758,CASE079,2025-11-17T00:28:00,ACC0703,ACC0373,1400,legitimate transfer,Lucknow,Routine payment
TX3759,CASE079,2025-11-14T00:28:00,ACC0519,ACC0258,17821,legitimate transfer,Chandigarh,Routine payment
TX3760,CASE079,2025-11-30T00:28:00,ACC0157,ACC0157,10174,legitimate transfer,Ghaziabad,Routine payment
TX3761,CASE079,2025-11-07T00:28:00,ACC0385,ACC0429,13701,legitimate transfer,Hyderabad,Routine payment
TX3762,CASE079,2025-12-03T00:28:00,ACC0405,ACC0585,15819,legitimate transfer,Bengaluru,Routine payment
TX3763,CASE079,2025-11-06T00:28:00,ACC0480,ACC0340,6993,legitimate transfer,Agra,Routine payment
TX3764,CASE079,2025-11-11T00:28:00,ACC0086,ACC0360,8539,legitimate transfer,Agra,Routine payment
TX3765,CASE079,2025-11-07T00:28:00,ACC0292,ACC0480,18651,legitimate transfer,Jaipur,Routine payment
TX3766,CASE079,2025-11-16T00:28:00,ACC0712,ACC0633,3964,legitimate transfer,Ghaziabad,Routine payment
TX3767,CASE079,2025-11-05T00:28:00,ACC0791,ACC0647,16835,legitimate transfer,Ludhiana,Routine payment
TX3768,CASE079,2025-11-09T00:28:00,ACC0412,ACC0698,1300,legitimate transfer,Agra,Routine payment
TX3769,CASE079,2025-11-25T00:28:00,ACC0219,ACC0680,8555,legitimate transfer,Kanpur,Routine payment
TX3770,CASE079,2025-11-16T00:28:00,ACC0795,ACC0727,4776,legitimate transfer,Chandigarh,Routine payment
TX3771,CASE079,2025-11-11T00:28:00,ACC0649,ACC0128,18432,legitimate transfer,Dehradun,Routine payment
TX3772,CASE079,2025-12-03T00:28:00,ACC0294,ACC0082,5541,legitimate transfer,Jaipur,Routine payment
TX3773,CASE079,2025-11-11T00:28:00,ACC0737,ACC0141,6000,legitimate transfer,Mumbai,Routine payment
TX3774,CASE079,2025-11-13T00:28:00,ACC0376,ACC0742,5512,legitimate transfer,Bengaluru,Routine payment
TX3775,CASE079,2025-11-20T00:28:00,ACC0719,ACC0465,837,legitimate transfer,Patna,Routine payment
TX3776,CASE080,2025-10-18T21:17:00,ACC0291,ACC0224,150000,transfer,Hyderabad,Fund transfer
TX3777,CASE080,2025-10-17T21:17:00,ACC0224,ACC0128,49500,transfer,Hyderabad,Fund transfer
TX3778,CASE080,2025-10-19T21:17:00,ACC0128,ACC0287,49500,transfer,Hyderabad,Fund transfer
TX3779,CASE080,2025-10-16T21:17:00,ACC0784,ACC0538,4397,legitimate transfer,Patna,Routine payment
TX3780,CASE080,2025-10-16T21:17:00,ACC0702,ACC0720,18979,legitimate transfer,Haridwar,Routine payment
TX3781,CASE080,2025-10-08T21:17:00,ACC0552,ACC0126,16353,legitimate transfer,Chandigarh,Routine payment
TX3782,CASE080,2025-09-21T21:17:00,ACC0550,ACC0357,6785,legitimate transfer,Bhopal,Routine payment
TX3783,CASE080,2025-09-28T21:17:00,ACC0123,ACC0333,12054,legitimate transfer,Noida,Routine payment
TX3784,CASE080,2025-10-01T21:17:00,ACC0344,ACC0251,15782,legitimate transfer,Agra,Routine payment
TX3785,CASE080,2025-09-29T21:17:00,ACC0011,ACC0684,9451,legitimate transfer,Pune,Routine payment
TX3786,CASE080,2025-10-06T21:17:00,ACC0328,ACC0349,9249,legitimate transfer,Haridwar,Routine payment
TX3787,CASE080,2025-09-20T21:17:00,ACC0394,ACC0543,11261,legitimate transfer,Pune,Routine payment
TX3788,CASE080,2025-09-30T21:17:00,ACC0237,ACC0625,18230,legitimate transfer,Hyderabad,Routine payment
TX3789,CASE080,2025-09-27T21:17:00,ACC0748,ACC0629,17722,legitimate transfer,Gurugram,Routine payment
TX3790,CASE080,2025-10-13T21:17:00,ACC0622,ACC0587,11392,legitimate transfer,Faridabad,Routine payment
TX3791,CASE080,2025-10-09T21:17:00,ACC0290,ACC0071,15766,legitimate transfer,Pune,Routine payment
TX3792,CASE080,2025-10-09T21:17:00,ACC0564,ACC0717,11012,legitimate transfer,Jaipur,Routine payment
TX3793,CASE080,2025-09-25T21:17:00,ACC0300,ACC0300,4002,legitimate transfer,Jaipur,Routine payment
TX3794,CASE080,2025-10-17T21:17:00,ACC0277,ACC0706,9349,legitimate transfer,Hyderabad,Routine payment
TX3795,CASE080,2025-09-23T21:17:00,ACC0695,ACC0649,6483,legitimate transfer,Bhubaneswar,Routine payment
TX3796,CASE080,2025-09-30T21:17:00,ACC0726,ACC0341,9032,legitimate transfer,Pune,Routine payment
TX3797,CASE080,2025-10-03T21:17:00,ACC0411,ACC0280,4228,legitimate transfer,Ghaziabad,Routine payment
TX3798,CASE080,2025-10-02T21:17:00,ACC0306,ACC0420,15210,legitimate transfer,Gurugram,Routine payment
TX3799,CASE080,2025-10-02T21:17:00,ACC0060,ACC0501,17534,legitimate transfer,Chennai,Routine payment
TX3800,CASE080,2025-10-10T21:17:00,ACC0403,ACC0777,16798,legitimate transfer,Bhubaneswar,Routine payment
TX3801,CASE080,2025-10-07T21:17:00,ACC0036,ACC0536,13256,legitimate transfer,Ghaziabad,Routine payment
TX3802,CASE080,2025-09-24T21:17:00,ACC0209,ACC0728,16880,legitimate transfer,Noida,Routine payment
TX3803,CASE080,2025-10-09T21:17:00,ACC0547,ACC0060,18964,legitimate transfer,Lucknow,Routine payment
TX3804,CASE080,2025-10-05T21:17:00,ACC0191,ACC0501,8981,legitimate transfer,Chandigarh,Routine payment
TX3805,CASE080,2025-10-03T21:17:00,ACC0772,ACC0480,8176,legitimate transfer,Ghaziabad,Routine payment
TX3806,CASE080,2025-10-19T21:17:00,ACC0106,ACC0025,4438,legitimate transfer,Ranchi,Routine payment
TX3807,CASE080,2025-10-15T21:17:00,ACC0269,ACC0231,15648,legitimate transfer,Chennai,Routine payment
TX3808,CASE080,2025-10-09T21:17:00,ACC0520,ACC0413,2326,legitimate transfer,Bhopal,Routine payment
TX3809,CASE080,2025-10-12T21:17:00,ACC0135,ACC0454,16606,legitimate transfer,Bhopal,Routine payment
TX3810,CASE080,2025-09-26T21:17:00,ACC0360,ACC0064,1087,legitimate transfer,Chennai,Routine payment
TX3811,CASE080,2025-09-26T21:17:00,ACC0489,ACC0115,14223,legitimate transfer,Ghaziabad,Routine payment
TX3812,CASE080,2025-10-10T21:17:00,ACC0304,ACC0353,6258,legitimate transfer,Agra,Routine payment
TX3813,CASE080,2025-10-06T21:17:00,ACC0637,ACC0571,11446,legitimate transfer,Dehradun,Routine payment
TX3814,CASE080,2025-10-15T21:17:00,ACC0385,ACC0259,19484,legitimate transfer,Ranchi,Routine payment
TX3815,CASE080,2025-09-20T21:17:00,ACC0535,ACC0750,14568,legitimate transfer,Chennai,Routine payment
TX3816,CASE080,2025-09-24T21:17:00,ACC0377,ACC0043,9337,legitimate transfer,Surat,Routine payment
TX3817,CASE080,2025-10-01T21:17:00,ACC0046,ACC0776,15062,legitimate transfer,Agra,Routine payment
TX3818,CASE080,2025-10-07T21:17:00,ACC0620,ACC0578,15239,legitimate transfer,Kolkata,Routine payment
TX3819,CASE080,2025-09-20T21:17:00,ACC0311,ACC0797,10095,legitimate transfer,Haridwar,Routine payment
TX3820,CASE080,2025-10-07T21:17:00,ACC0730,ACC0549,10796,legitimate transfer,Dehradun,Routine payment
TX3821,CASE080,2025-10-11T21:17:00,ACC0380,ACC0719,566,legitimate transfer,Ranchi,Routine payment
TX3822,CASE080,2025-10-03T21:17:00,ACC0709,ACC0349,17688,legitimate transfer,Ghaziabad,Routine payment
TX3823,CASE080,2025-10-16T21:17:00,ACC0376,ACC0524,6166,legitimate transfer,Noida,Routine payment
TX3824,CASE081,2025-10-29T16:18:00,ACC0065,ACC0604,49500,transfer,Ghaziabad,Fund transfer
TX3825,CASE081,2025-11-02T16:18:00,ACC0604,ACC0465,150000,transfer,Ghaziabad,Fund transfer
TX3826,CASE081,2025-11-01T16:18:00,ACC0465,ACC0620,150000,transfer,Ghaziabad,Fund transfer
TX3827,CASE081,2025-11-02T16:18:00,ACC0620,ACC0716,235000,transfer,Ghaziabad,Fund transfer
TX3828,CASE081,2025-10-13T16:18:00,ACC0011,ACC0400,7514,legitimate transfer,Haridwar,Routine payment
TX3829,CASE081,2025-10-11T16:18:00,ACC0433,ACC0789,19534,legitimate transfer,Indore,Routine payment
TX3830,CASE081,2025-10-07T16:18:00,ACC0650,ACC0764,16073,legitimate transfer,Bhopal,Routine payment
TX3831,CASE081,2025-10-29T16:18:00,ACC0392,ACC0396,6999,legitimate transfer,Indore,Routine payment
TX3832,CASE081,2025-10-03T16:18:00,ACC0546,ACC0538,5265,legitimate transfer,Chennai,Routine payment
TX3833,CASE081,2025-10-05T16:18:00,ACC0189,ACC0337,2171,legitimate transfer,Amritsar,Routine payment
TX3834,CASE081,2025-10-05T16:18:00,ACC0313,ACC0207,9629,legitimate transfer,Hyderabad,Routine payment
TX3835,CASE081,2025-10-26T16:18:00,ACC0683,ACC0598,4178,legitimate transfer,Lucknow,Routine payment
TX3836,CASE081,2025-10-14T16:18:00,ACC0581,ACC0419,1368,legitimate transfer,Surat,Routine payment
TX3837,CASE081,2025-10-05T16:18:00,ACC0750,ACC0353,17798,legitimate transfer,Delhi,Routine payment
TX3838,CASE081,2025-10-26T16:18:00,ACC0207,ACC0149,12361,legitimate transfer,Mumbai,Routine payment
TX3839,CASE081,2025-10-08T16:18:00,ACC0782,ACC0451,10324,legitimate transfer,Hyderabad,Routine payment
TX3840,CASE081,2025-10-14T16:18:00,ACC0759,ACC0187,15031,legitimate transfer,Faridabad,Routine payment
TX3841,CASE081,2025-10-12T16:18:00,ACC0720,ACC0490,8531,legitimate transfer,Pune,Routine payment
TX3842,CASE081,2025-10-31T16:18:00,ACC0205,ACC0737,4273,legitimate transfer,Bengaluru,Routine payment
TX3843,CASE081,2025-10-28T16:18:00,ACC0501,ACC0383,9913,legitimate transfer,Surat,Routine payment
TX3844,CASE081,2025-10-31T16:18:00,ACC0766,ACC0213,9018,legitimate transfer,Haridwar,Routine payment
TX3845,CASE081,2025-10-29T16:18:00,ACC0166,ACC0179,16877,legitimate transfer,Chennai,Routine payment
TX3846,CASE081,2025-10-24T16:18:00,ACC0189,ACC0367,5477,legitimate transfer,Lucknow,Routine payment
TX3847,CASE081,2025-10-11T16:18:00,ACC0692,ACC0795,8386,legitimate transfer,Noida,Routine payment
TX3848,CASE081,2025-10-17T16:18:00,ACC0780,ACC0315,1322,legitimate transfer,Chandigarh,Routine payment
TX3849,CASE081,2025-10-06T16:18:00,ACC0455,ACC0408,4592,legitimate transfer,Ghaziabad,Routine payment
TX3850,CASE081,2025-10-11T16:18:00,ACC0323,ACC0460,11356,legitimate transfer,Jaipur,Routine payment
TX3851,CASE081,2025-10-21T16:18:00,ACC0048,ACC0669,6451,legitimate transfer,Ahmedabad,Routine payment
TX3852,CASE081,2025-10-07T16:18:00,ACC0565,ACC0124,15513,legitimate transfer,Lucknow,Routine payment
TX3853,CASE081,2025-10-22T16:18:00,ACC0049,ACC0511,12860,legitimate transfer,Dehradun,Routine payment
TX3854,CASE081,2025-10-13T16:18:00,ACC0037,ACC0079,3982,legitimate transfer,Haridwar,Routine payment
TX3855,CASE081,2025-10-21T16:18:00,ACC0202,ACC0651,7507,legitimate transfer,Hyderabad,Routine payment
TX3856,CASE081,2025-11-01T16:18:00,ACC0235,ACC0207,3512,legitimate transfer,Dehradun,Routine payment
TX3857,CASE081,2025-10-27T16:18:00,ACC0411,ACC0423,4682,legitimate transfer,Kanpur,Routine payment
TX3858,CASE081,2025-11-01T16:18:00,ACC0369,ACC0190,16680,legitimate transfer,Mumbai,Routine payment
TX3859,CASE081,2025-11-01T16:18:00,ACC0358,ACC0047,14581,legitimate transfer,Haridwar,Routine payment
TX3860,CASE081,2025-10-17T16:18:00,ACC0285,ACC0471,2683,legitimate transfer,Chandigarh,Routine payment
TX3861,CASE081,2025-10-19T16:18:00,ACC0502,ACC0722,7724,legitimate transfer,Lucknow,Routine payment
TX3862,CASE081,2025-10-29T16:18:00,ACC0536,ACC0493,14074,legitimate transfer,Surat,Routine payment
TX3863,CASE081,2025-10-08T16:18:00,ACC0207,ACC0622,18907,legitimate transfer,Mumbai,Routine payment
TX3864,CASE081,2025-10-27T16:18:00,ACC0252,ACC0382,11885,legitimate transfer,Surat,Routine payment
TX3865,CASE081,2025-10-10T16:18:00,ACC0080,ACC0076,12243,legitimate transfer,Amritsar,Routine payment
TX3866,CASE081,2025-10-10T16:18:00,ACC0443,ACC0727,1206,legitimate transfer,Bengaluru,Routine payment
TX3867,CASE081,2025-10-25T16:18:00,ACC0362,ACC0754,9743,legitimate transfer,Patna,Routine payment
TX3868,CASE081,2025-10-24T16:18:00,ACC0369,ACC0338,1498,legitimate transfer,Kanpur,Routine payment
TX3869,CASE081,2025-10-22T16:18:00,ACC0348,ACC0275,18963,legitimate transfer,Bhopal,Routine payment
TX3870,CASE081,2025-10-14T16:18:00,ACC0637,ACC0035,14742,legitimate transfer,Ahmedabad,Routine payment
TX3871,CASE081,2025-10-27T16:18:00,ACC0318,ACC0233,17181,legitimate transfer,Jaipur,Routine payment
TX3872,CASE081,2025-10-20T16:18:00,ACC0607,ACC0695,6894,legitimate transfer,Faridabad,Routine payment
TX3873,CASE082,2025-09-20T10:56:00,ACC0442,ACC0267,150000,transfer,Lucknow,Fund transfer
TX3874,CASE082,2025-09-19T10:56:00,ACC0267,ACC0342,235000,transfer,Lucknow,Fund transfer
TX3875,CASE082,2025-09-20T10:56:00,ACC0342,ACC0164,150000,transfer,Lucknow,Fund transfer
TX3876,CASE082,2025-09-21T10:56:00,ACC0209,ACC0177,15475,legitimate transfer,Indore,Routine payment
TX3877,CASE082,2025-09-14T10:56:00,ACC0446,ACC0503,4977,legitimate transfer,Dehradun,Routine payment
TX3878,CASE082,2025-09-01T10:56:00,ACC0650,ACC0340,17625,legitimate transfer,Ahmedabad,Routine payment
TX3879,CASE082,2025-09-10T10:56:00,ACC0517,ACC0020,17479,legitimate transfer,Bengaluru,Routine payment
TX3880,CASE082,2025-09-20T10:56:00,ACC0739,ACC0757,18311,legitimate transfer,Dehradun,Routine payment
TX3881,CASE082,2025-09-05T10:56:00,ACC0791,ACC0339,10380,legitimate transfer,Bhubaneswar,Routine payment
TX3882,CASE082,2025-09-10T10:56:00,ACC0021,ACC0566,13965,legitimate transfer,Chennai,Routine payment
TX3883,CASE082,2025-09-18T10:56:00,ACC0385,ACC0481,14882,legitimate transfer,Hyderabad,Routine payment
TX3884,CASE082,2025-09-04T10:56:00,ACC0337,ACC0286,10423,legitimate transfer,Bhopal,Routine payment
TX3885,CASE082,2025-09-07T10:56:00,ACC0257,ACC0429,18020,legitimate transfer,Bengaluru,Routine payment
TX3886,CASE082,2025-09-13T10:56:00,ACC0107,ACC0309,13527,legitimate transfer,Agra,Routine payment
TX3887,CASE082,2025-08-26T10:56:00,ACC0178,ACC0545,11669,legitimate transfer,Hyderabad,Routine payment
TX3888,CASE082,2025-09-09T10:56:00,ACC0038,ACC0773,16596,legitimate transfer,Jaipur,Routine payment
TX3889,CASE082,2025-09-09T10:56:00,ACC0115,ACC0375,11378,legitimate transfer,Ludhiana,Routine payment
TX3890,CASE082,2025-09-14T10:56:00,ACC0580,ACC0713,4138,legitimate transfer,Faridabad,Routine payment
TX3891,CASE082,2025-09-14T10:56:00,ACC0306,ACC0054,19968,legitimate transfer,Lucknow,Routine payment
TX3892,CASE082,2025-08-31T10:56:00,ACC0659,ACC0316,2078,legitimate transfer,Surat,Routine payment
TX3893,CASE082,2025-09-03T10:56:00,ACC0190,ACC0062,7485,legitimate transfer,Amritsar,Routine payment
TX3894,CASE082,2025-09-06T10:56:00,ACC0143,ACC0532,19440,legitimate transfer,Indore,Routine payment
TX3895,CASE082,2025-08-30T10:56:00,ACC0200,ACC0086,8244,legitimate transfer,Kanpur,Routine payment
TX3896,CASE082,2025-09-10T10:56:00,ACC0123,ACC0545,10967,legitimate transfer,Mumbai,Routine payment
TX3897,CASE082,2025-09-13T10:56:00,ACC0788,ACC0681,16549,legitimate transfer,Dehradun,Routine payment
TX3898,CASE082,2025-09-17T10:56:00,ACC0341,ACC0214,5109,legitimate transfer,Ludhiana,Routine payment
TX3899,CASE082,2025-09-22T10:56:00,ACC0716,ACC0765,13632,legitimate transfer,Mumbai,Routine payment
TX3900,CASE082,2025-08-26T10:56:00,ACC0229,ACC0122,16943,legitimate transfer,Ahmedabad,Routine payment
TX3901,CASE082,2025-08-26T10:56:00,ACC0268,ACC0554,18968,legitimate transfer,Ahmedabad,Routine payment
TX3902,CASE082,2025-08-25T10:56:00,ACC0080,ACC0012,13537,legitimate transfer,Kolkata,Routine payment
TX3903,CASE082,2025-09-21T10:56:00,ACC0724,ACC0233,7105,legitimate transfer,Pune,Routine payment
TX3904,CASE082,2025-09-02T10:56:00,ACC0692,ACC0687,8661,legitimate transfer,Gurugram,Routine payment
TX3905,CASE082,2025-09-17T10:56:00,ACC0692,ACC0045,7305,legitimate transfer,Surat,Routine payment
TX3906,CASE082,2025-09-05T10:56:00,ACC0581,ACC0746,12364,legitimate transfer,Chandigarh,Routine payment
TX3907,CASE082,2025-09-17T10:56:00,ACC0007,ACC0140,19729,legitimate transfer,Surat,Routine payment
TX3908,CASE082,2025-09-21T10:56:00,ACC0255,ACC0696,12962,legitimate transfer,Patna,Routine payment
TX3909,CASE082,2025-09-15T10:56:00,ACC0311,ACC0040,11001,legitimate transfer,Ludhiana,Routine payment
TX3910,CASE082,2025-09-03T10:56:00,ACC0796,ACC0431,19910,legitimate transfer,Ghaziabad,Routine payment
TX3911,CASE082,2025-09-17T10:56:00,ACC0099,ACC0113,6816,legitimate transfer,Chennai,Routine payment
TX3912,CASE082,2025-09-01T10:56:00,ACC0526,ACC0327,9863,legitimate transfer,Noida,Routine payment
TX3913,CASE082,2025-08-31T10:56:00,ACC0116,ACC0107,5759,legitimate transfer,Patna,Routine payment
TX3914,CASE082,2025-09-19T10:56:00,ACC0368,ACC0053,5153,legitimate transfer,Indore,Routine payment
TX3915,CASE082,2025-08-29T10:56:00,ACC0347,ACC0341,3409,legitimate transfer,Kolkata,Routine payment
TX3916,CASE082,2025-09-22T10:56:00,ACC0628,ACC0218,3989,legitimate transfer,Dehradun,Routine payment
TX3917,CASE082,2025-08-25T10:56:00,ACC0655,ACC0327,2339,legitimate transfer,Ludhiana,Routine payment
TX3918,CASE082,2025-09-04T10:56:00,ACC0354,ACC0271,5078,legitimate transfer,Haridwar,Routine payment
TX3919,CASE082,2025-09-09T10:56:00,ACC0508,ACC0564,14267,legitimate transfer,Dehradun,Routine payment
TX3920,CASE082,2025-09-19T10:56:00,ACC0673,ACC0735,16450,legitimate transfer,Kolkata,Routine payment
TX3921,CASE083,2026-07-02T01:24:00,ACC0794,ACC0553,49500,transfer,Agra,Fund transfer
TX3922,CASE083,2026-07-02T01:24:00,ACC0553,ACC0620,235000,transfer,Agra,Fund transfer
TX3923,CASE083,2026-07-01T01:24:00,ACC0620,ACC0234,82000,transfer,Agra,Fund transfer
TX3924,CASE083,2026-06-08T01:24:00,ACC0234,ACC0681,14282,legitimate transfer,Chennai,Routine payment
TX3925,CASE083,2026-06-25T01:24:00,ACC0061,ACC0367,6336,legitimate transfer,Hyderabad,Routine payment
TX3926,CASE083,2026-06-19T01:24:00,ACC0461,ACC0723,13575,legitimate transfer,Haridwar,Routine payment
TX3927,CASE083,2026-06-24T01:24:00,ACC0061,ACC0176,13043,legitimate transfer,Faridabad,Routine payment
TX3928,CASE083,2026-06-21T01:24:00,ACC0741,ACC0028,1212,legitimate transfer,Ranchi,Routine payment
TX3929,CASE083,2026-06-18T01:24:00,ACC0257,ACC0634,1660,legitimate transfer,Ahmedabad,Routine payment
TX3930,CASE083,2026-06-25T01:24:00,ACC0431,ACC0740,9029,legitimate transfer,Noida,Routine payment
TX3931,CASE083,2026-06-26T01:24:00,ACC0670,ACC0401,1685,legitimate transfer,Delhi,Routine payment
TX3932,CASE083,2026-06-10T01:24:00,ACC0437,ACC0221,12194,legitimate transfer,Pune,Routine payment
TX3933,CASE083,2026-06-20T01:24:00,ACC0348,ACC0593,17461,legitimate transfer,Dehradun,Routine payment
TX3934,CASE083,2026-06-12T01:24:00,ACC0676,ACC0780,18507,legitimate transfer,Ranchi,Routine payment
TX3935,CASE083,2026-07-04T01:24:00,ACC0279,ACC0091,3902,legitimate transfer,Chennai,Routine payment
TX3936,CASE083,2026-06-25T01:24:00,ACC0335,ACC0073,5757,legitimate transfer,Ahmedabad,Routine payment
TX3937,CASE083,2026-06-27T01:24:00,ACC0175,ACC0149,17931,legitimate transfer,Delhi,Routine payment
TX3938,CASE083,2026-06-13T01:24:00,ACC0198,ACC0772,13874,legitimate transfer,Bhubaneswar,Routine payment
TX3939,CASE083,2026-07-03T01:24:00,ACC0145,ACC0023,3442,legitimate transfer,Bhubaneswar,Routine payment
TX3940,CASE083,2026-06-24T01:24:00,ACC0309,ACC0410,9918,legitimate transfer,Ludhiana,Routine payment
TX3941,CASE083,2026-06-08T01:24:00,ACC0499,ACC0391,16343,legitimate transfer,Ahmedabad,Routine payment
TX3942,CASE083,2026-07-03T01:24:00,ACC0319,ACC0563,13392,legitimate transfer,Gurugram,Routine payment
TX3943,CASE083,2026-07-03T01:24:00,ACC0725,ACC0327,18274,legitimate transfer,Chennai,Routine payment
TX3944,CASE083,2026-06-18T01:24:00,ACC0121,ACC0596,1687,legitimate transfer,Ghaziabad,Routine payment
TX3945,CASE083,2026-06-17T01:24:00,ACC0448,ACC0325,10161,legitimate transfer,Faridabad,Routine payment
TX3946,CASE083,2026-06-29T01:24:00,ACC0210,ACC0657,14232,legitimate transfer,Surat,Routine payment
TX3947,CASE083,2026-06-29T01:24:00,ACC0007,ACC0613,7923,legitimate transfer,Patna,Routine payment
TX3948,CASE083,2026-06-27T01:24:00,ACC0663,ACC0503,14853,legitimate transfer,Lucknow,Routine payment
TX3949,CASE083,2026-06-28T01:24:00,ACC0753,ACC0800,5136,legitimate transfer,Surat,Routine payment
TX3950,CASE083,2026-07-03T01:24:00,ACC0276,ACC0680,10335,legitimate transfer,Chandigarh,Routine payment
TX3951,CASE083,2026-06-12T01:24:00,ACC0013,ACC0606,13123,legitimate transfer,Bhopal,Routine payment
TX3952,CASE083,2026-06-25T01:24:00,ACC0081,ACC0355,4227,legitimate transfer,Agra,Routine payment
TX3953,CASE083,2026-06-05T01:24:00,ACC0736,ACC0728,5492,legitimate transfer,Bhopal,Routine payment
TX3954,CASE083,2026-06-28T01:24:00,ACC0760,ACC0595,1377,legitimate transfer,Kanpur,Routine payment
TX3955,CASE083,2026-06-13T01:24:00,ACC0728,ACC0687,10910,legitimate transfer,Noida,Routine payment
TX3956,CASE083,2026-06-06T01:24:00,ACC0176,ACC0405,19068,legitimate transfer,Agra,Routine payment
TX3957,CASE083,2026-06-27T01:24:00,ACC0783,ACC0104,2166,legitimate transfer,Amritsar,Routine payment
TX3958,CASE083,2026-06-22T01:24:00,ACC0110,ACC0241,1835,legitimate transfer,Noida,Routine payment
TX3959,CASE083,2026-06-20T01:24:00,ACC0280,ACC0069,4182,legitimate transfer,Mumbai,Routine payment
TX3960,CASE083,2026-07-03T01:24:00,ACC0129,ACC0706,10875,legitimate transfer,Indore,Routine payment
TX3961,CASE083,2026-06-16T01:24:00,ACC0199,ACC0768,10430,legitimate transfer,Haridwar,Routine payment
TX3962,CASE083,2026-06-14T01:24:00,ACC0765,ACC0063,5245,legitimate transfer,Indore,Routine payment
TX3963,CASE083,2026-06-23T01:24:00,ACC0463,ACC0430,5546,legitimate transfer,Noida,Routine payment
TX3964,CASE083,2026-06-27T01:24:00,ACC0378,ACC0355,14223,legitimate transfer,Surat,Routine payment
TX3965,CASE083,2026-06-13T01:24:00,ACC0662,ACC0082,1074,legitimate transfer,Amritsar,Routine payment
TX3966,CASE083,2026-06-17T01:24:00,ACC0478,ACC0185,12980,legitimate transfer,Patna,Routine payment
TX3967,CASE083,2026-06-23T01:24:00,ACC0441,ACC0702,12042,legitimate transfer,Bengaluru,Routine payment
TX3968,CASE083,2026-06-05T01:24:00,ACC0398,ACC0026,14985,legitimate transfer,Lucknow,Routine payment
TX3969,CASE084,2026-06-02T16:09:00,ACC0107,ACC0258,150000,transfer,Chandigarh,Fund transfer
TX3970,CASE084,2026-05-31T16:09:00,ACC0258,ACC0792,82000,transfer,Chandigarh,Fund transfer
TX3971,CASE084,2026-05-29T16:09:00,ACC0792,ACC0642,150000,transfer,Chandigarh,Fund transfer
TX3972,CASE084,2026-05-14T16:09:00,ACC0044,ACC0117,11185,legitimate transfer,Bhopal,Routine payment
TX3973,CASE084,2026-05-16T16:09:00,ACC0510,ACC0089,18184,legitimate transfer,Noida,Routine payment
TX3974,CASE084,2026-05-18T16:09:00,ACC0248,ACC0215,3550,legitimate transfer,Delhi,Routine payment
TX3975,CASE084,2026-05-25T16:09:00,ACC0697,ACC0001,19267,legitimate transfer,Chennai,Routine payment
TX3976,CASE084,2026-05-06T16:09:00,ACC0538,ACC0329,8355,legitimate transfer,Chandigarh,Routine payment
TX3977,CASE084,2026-05-11T16:09:00,ACC0127,ACC0376,11216,legitimate transfer,Ghaziabad,Routine payment
TX3978,CASE084,2026-05-07T16:09:00,ACC0375,ACC0267,17147,legitimate transfer,Surat,Routine payment
TX3979,CASE084,2026-05-05T16:09:00,ACC0056,ACC0212,9936,legitimate transfer,Bhubaneswar,Routine payment
TX3980,CASE084,2026-05-29T16:09:00,ACC0207,ACC0745,12244,legitimate transfer,Noida,Routine payment
TX3981,CASE084,2026-05-05T16:09:00,ACC0719,ACC0408,4044,legitimate transfer,Surat,Routine payment
TX3982,CASE084,2026-06-01T16:09:00,ACC0543,ACC0116,15951,legitimate transfer,Ranchi,Routine payment
TX3983,CASE084,2026-05-17T16:09:00,ACC0623,ACC0542,1966,legitimate transfer,Noida,Routine payment
TX3984,CASE084,2026-05-27T16:09:00,ACC0440,ACC0691,6335,legitimate transfer,Patna,Routine payment
TX3985,CASE084,2026-05-23T16:09:00,ACC0285,ACC0567,1327,legitimate transfer,Ahmedabad,Routine payment
TX3986,CASE084,2026-05-19T16:09:00,ACC0611,ACC0299,5727,legitimate transfer,Dehradun,Routine payment
TX3987,CASE084,2026-05-22T16:09:00,ACC0392,ACC0472,9331,legitimate transfer,Kanpur,Routine payment
TX3988,CASE084,2026-05-08T16:09:00,ACC0245,ACC0544,8674,legitimate transfer,Amritsar,Routine payment
TX3989,CASE084,2026-05-31T16:09:00,ACC0512,ACC0381,13110,legitimate transfer,Chennai,Routine payment
TX3990,CASE084,2026-05-20T16:09:00,ACC0403,ACC0669,15711,legitimate transfer,Bhopal,Routine payment
TX3991,CASE084,2026-05-09T16:09:00,ACC0186,ACC0703,17049,legitimate transfer,Dehradun,Routine payment
TX3992,CASE084,2026-05-09T16:09:00,ACC0645,ACC0497,2977,legitimate transfer,Ghaziabad,Routine payment
TX3993,CASE084,2026-05-19T16:09:00,ACC0120,ACC0766,9111,legitimate transfer,Agra,Routine payment
TX3994,CASE084,2026-06-02T16:09:00,ACC0523,ACC0176,14425,legitimate transfer,Jaipur,Routine payment
TX3995,CASE084,2026-05-17T16:09:00,ACC0385,ACC0678,16164,legitimate transfer,Pune,Routine payment
TX3996,CASE084,2026-05-13T16:09:00,ACC0270,ACC0488,16558,legitimate transfer,Bhopal,Routine payment
TX3997,CASE084,2026-05-19T16:09:00,ACC0321,ACC0782,16945,legitimate transfer,Gurugram,Routine payment
TX3998,CASE084,2026-06-02T16:09:00,ACC0709,ACC0581,5855,legitimate transfer,Kolkata,Routine payment
TX3999,CASE084,2026-05-26T16:09:00,ACC0798,ACC0099,14671,legitimate transfer,Gurugram,Routine payment
TX4000,CASE084,2026-05-30T16:09:00,ACC0284,ACC0251,2841,legitimate transfer,Chennai,Routine payment
TX4001,CASE084,2026-05-23T16:09:00,ACC0162,ACC0752,644,legitimate transfer,Bhubaneswar,Routine payment
TX4002,CASE084,2026-05-18T16:09:00,ACC0487,ACC0658,3250,legitimate transfer,Jaipur,Routine payment
TX4003,CASE084,2026-05-30T16:09:00,ACC0617,ACC0480,4035,legitimate transfer,Bhopal,Routine payment
TX4004,CASE084,2026-06-01T16:09:00,ACC0413,ACC0155,7301,legitimate transfer,Pune,Routine payment
TX4005,CASE084,2026-05-25T16:09:00,ACC0507,ACC0600,3511,legitimate transfer,Ranchi,Routine payment
TX4006,CASE084,2026-05-04T16:09:00,ACC0297,ACC0736,10884,legitimate transfer,Bhopal,Routine payment
TX4007,CASE084,2026-05-24T16:09:00,ACC0367,ACC0294,15663,legitimate transfer,Amritsar,Routine payment
TX4008,CASE084,2026-05-07T16:09:00,ACC0769,ACC0482,15391,legitimate transfer,Surat,Routine payment
TX4009,CASE084,2026-05-24T16:09:00,ACC0648,ACC0028,10022,legitimate transfer,Delhi,Routine payment
TX4010,CASE084,2026-05-03T16:09:00,ACC0729,ACC0641,9579,legitimate transfer,Ahmedabad,Routine payment
TX4011,CASE084,2026-05-13T16:09:00,ACC0312,ACC0555,702,legitimate transfer,Agra,Routine payment
TX4012,CASE084,2026-05-11T16:09:00,ACC0477,ACC0677,10542,legitimate transfer,Pune,Routine payment
TX4013,CASE084,2026-05-06T16:09:00,ACC0633,ACC0776,15881,legitimate transfer,Jaipur,Routine payment
TX4014,CASE084,2026-06-02T16:09:00,ACC0503,ACC0138,6670,legitimate transfer,Delhi,Routine payment
TX4015,CASE084,2026-05-11T16:09:00,ACC0203,ACC0254,17762,legitimate transfer,Amritsar,Routine payment
TX4016,CASE084,2026-05-12T16:09:00,ACC0139,ACC0339,14066,legitimate transfer,Noida,Routine payment
TX4017,CASE085,2026-05-26T08:57:00,ACC0520,ACC0013,49500,transfer,Bhubaneswar,Fund transfer
TX4018,CASE085,2026-05-29T08:57:00,ACC0013,ACC0732,82000,transfer,Bhubaneswar,Fund transfer
TX4019,CASE085,2026-05-20T08:57:00,ACC0724,ACC0351,11964,legitimate transfer,Surat,Routine payment
TX4020,CASE085,2026-04-30T08:57:00,ACC0678,ACC0523,5575,legitimate transfer,Noida,Routine payment
TX4021,CASE085,2026-05-07T08:57:00,ACC0202,ACC0752,19577,legitimate transfer,Kolkata,Routine payment
TX4022,CASE085,2026-05-02T08:57:00,ACC0545,ACC0024,16746,legitimate transfer,Pune,Routine payment
TX4023,CASE085,2026-05-10T08:57:00,ACC0326,ACC0327,7953,legitimate transfer,Lucknow,Routine payment
TX4024,CASE085,2026-05-02T08:57:00,ACC0277,ACC0304,10415,legitimate transfer,Bengaluru,Routine payment
TX4025,CASE085,2026-05-22T08:57:00,ACC0630,ACC0441,11330,legitimate transfer,Haridwar,Routine payment
TX4026,CASE085,2026-05-21T08:57:00,ACC0788,ACC0468,13023,legitimate transfer,Amritsar,Routine payment
TX4027,CASE085,2026-05-20T08:57:00,ACC0558,ACC0612,8321,legitimate transfer,Bhubaneswar,Routine payment
TX4028,CASE085,2026-05-03T08:57:00,ACC0114,ACC0776,16870,legitimate transfer,Noida,Routine payment
TX4029,CASE085,2026-05-25T08:57:00,ACC0479,ACC0048,12836,legitimate transfer,Patna,Routine payment
TX4030,CASE085,2026-05-10T08:57:00,ACC0683,ACC0175,18551,legitimate transfer,Bengaluru,Routine payment
TX4031,CASE085,2026-05-12T08:57:00,ACC0154,ACC0665,15784,legitimate transfer,Amritsar,Routine payment
TX4032,CASE085,2026-05-19T08:57:00,ACC0072,ACC0441,3043,legitimate transfer,Haridwar,Routine payment
TX4033,CASE085,2026-04-29T08:57:00,ACC0414,ACC0200,4122,legitimate transfer,Amritsar,Routine payment
TX4034,CASE085,2026-05-23T08:57:00,ACC0766,ACC0671,671,legitimate transfer,Noida,Routine payment
TX4035,CASE085,2026-05-02T08:57:00,ACC0419,ACC0425,11154,legitimate transfer,Chandigarh,Routine payment
TX4036,CASE085,2026-05-03T08:57:00,ACC0771,ACC0749,2706,legitimate transfer,Pune,Routine payment
TX4037,CASE085,2026-04-30T08:57:00,ACC0629,ACC0266,19965,legitimate transfer,Bengaluru,Routine payment
TX4038,CASE085,2026-05-29T08:57:00,ACC0347,ACC0591,4932,legitimate transfer,Indore,Routine payment
TX4039,CASE085,2026-05-12T08:57:00,ACC0126,ACC0219,5466,legitimate transfer,Bhopal,Routine payment
TX4040,CASE085,2026-05-22T08:57:00,ACC0752,ACC0537,11691,legitimate transfer,Lucknow,Routine payment
TX4041,CASE085,2026-05-03T08:57:00,ACC0779,ACC0761,16077,legitimate transfer,Kolkata,Routine payment
TX4042,CASE085,2026-05-09T08:57:00,ACC0469,ACC0058,4144,legitimate transfer,Indore,Routine payment
TX4043,CASE085,2026-05-08T08:57:00,ACC0407,ACC0420,11385,legitimate transfer,Lucknow,Routine payment
TX4044,CASE085,2026-05-15T08:57:00,ACC0520,ACC0090,11267,legitimate transfer,Mumbai,Routine payment
TX4045,CASE085,2026-05-10T08:57:00,ACC0470,ACC0334,3283,legitimate transfer,Ranchi,Routine payment
TX4046,CASE085,2026-05-18T08:57:00,ACC0663,ACC0035,8295,legitimate transfer,Noida,Routine payment
TX4047,CASE085,2026-05-05T08:57:00,ACC0283,ACC0391,18512,legitimate transfer,Faridabad,Routine payment
TX4048,CASE085,2026-05-19T08:57:00,ACC0263,ACC0179,8328,legitimate transfer,Bengaluru,Routine payment
TX4049,CASE085,2026-05-18T08:57:00,ACC0706,ACC0252,1552,legitimate transfer,Noida,Routine payment
TX4050,CASE085,2026-05-13T08:57:00,ACC0468,ACC0148,1435,legitimate transfer,Agra,Routine payment
TX4051,CASE085,2026-05-21T08:57:00,ACC0353,ACC0253,8512,legitimate transfer,Indore,Routine payment
TX4052,CASE085,2026-05-07T08:57:00,ACC0667,ACC0189,15525,legitimate transfer,Chennai,Routine payment
TX4053,CASE085,2026-05-10T08:57:00,ACC0732,ACC0654,18574,legitimate transfer,Bhubaneswar,Routine payment
TX4054,CASE085,2026-05-15T08:57:00,ACC0209,ACC0474,2154,legitimate transfer,Jaipur,Routine payment
TX4055,CASE085,2026-05-05T08:57:00,ACC0301,ACC0547,1625,legitimate transfer,Ahmedabad,Routine payment
TX4056,CASE085,2026-05-28T08:57:00,ACC0105,ACC0067,18762,legitimate transfer,Patna,Routine payment
TX4057,CASE085,2026-05-08T08:57:00,ACC0115,ACC0704,8825,legitimate transfer,Ludhiana,Routine payment
TX4058,CASE085,2026-05-25T08:57:00,ACC0194,ACC0176,13109,legitimate transfer,Ludhiana,Routine payment
TX4059,CASE085,2026-05-22T08:57:00,ACC0693,ACC0218,14816,legitimate transfer,Kolkata,Routine payment
TX4060,CASE085,2026-05-06T08:57:00,ACC0266,ACC0217,19546,legitimate transfer,Hyderabad,Routine payment
TX4061,CASE085,2026-05-02T08:57:00,ACC0641,ACC0036,10707,legitimate transfer,Bhubaneswar,Routine payment
TX4062,CASE085,2026-05-12T08:57:00,ACC0137,ACC0697,19505,legitimate transfer,Bengaluru,Routine payment
TX4063,CASE085,2026-05-21T08:57:00,ACC0153,ACC0259,18241,legitimate transfer,Chennai,Routine payment
TX4064,CASE086,2026-01-29T05:46:00,ACC0225,ACC0771,235000,transfer,Noida,Fund transfer
TX4065,CASE086,2026-01-31T05:46:00,ACC0771,ACC0076,150000,transfer,Noida,Fund transfer
TX4066,CASE086,2026-01-03T05:46:00,ACC0599,ACC0190,16458,legitimate transfer,Surat,Routine payment
TX4067,CASE086,2026-01-24T05:46:00,ACC0373,ACC0199,14962,legitimate transfer,Amritsar,Routine payment
TX4068,CASE086,2026-01-11T05:46:00,ACC0335,ACC0162,10920,legitimate transfer,Bhubaneswar,Routine payment
TX4069,CASE086,2026-01-06T05:46:00,ACC0564,ACC0032,7102,legitimate transfer,Bhubaneswar,Routine payment
TX4070,CASE086,2026-01-29T05:46:00,ACC0424,ACC0028,12301,legitimate transfer,Kanpur,Routine payment
TX4071,CASE086,2026-01-28T05:46:00,ACC0599,ACC0071,8846,legitimate transfer,Chandigarh,Routine payment
TX4072,CASE086,2026-01-06T05:46:00,ACC0688,ACC0091,7626,legitimate transfer,Bengaluru,Routine payment
TX4073,CASE086,2026-01-06T05:46:00,ACC0621,ACC0159,16851,legitimate transfer,Faridabad,Routine payment
TX4074,CASE086,2026-01-15T05:46:00,ACC0260,ACC0014,6272,legitimate transfer,Mumbai,Routine payment
TX4075,CASE086,2026-01-21T05:46:00,ACC0547,ACC0446,18843,legitimate transfer,Lucknow,Routine payment
TX4076,CASE086,2026-01-29T05:46:00,ACC0189,ACC0365,2624,legitimate transfer,Noida,Routine payment
TX4077,CASE086,2026-01-20T05:46:00,ACC0272,ACC0279,7543,legitimate transfer,Pune,Routine payment
TX4078,CASE086,2026-01-28T05:46:00,ACC0758,ACC0306,17553,legitimate transfer,Ahmedabad,Routine payment
TX4079,CASE086,2026-01-30T05:46:00,ACC0246,ACC0381,1609,legitimate transfer,Delhi,Routine payment
TX4080,CASE086,2026-01-13T05:46:00,ACC0262,ACC0188,16095,legitimate transfer,Noida,Routine payment
TX4081,CASE086,2026-01-28T05:46:00,ACC0534,ACC0282,12313,legitimate transfer,Faridabad,Routine payment
TX4082,CASE086,2026-01-04T05:46:00,ACC0519,ACC0147,13008,legitimate transfer,Pune,Routine payment
TX4083,CASE086,2026-01-10T05:46:00,ACC0769,ACC0156,2372,legitimate transfer,Ranchi,Routine payment
TX4084,CASE086,2026-01-06T05:46:00,ACC0136,ACC0531,1171,legitimate transfer,Hyderabad,Routine payment
TX4085,CASE086,2026-01-02T05:46:00,ACC0059,ACC0122,3726,legitimate transfer,Agra,Routine payment
TX4086,CASE086,2026-01-31T05:46:00,ACC0350,ACC0473,13812,legitimate transfer,Gurugram,Routine payment
TX4087,CASE086,2026-01-24T05:46:00,ACC0149,ACC0782,4707,legitimate transfer,Ranchi,Routine payment
TX4088,CASE086,2026-01-16T05:46:00,ACC0373,ACC0100,11610,legitimate transfer,Hyderabad,Routine payment
TX4089,CASE086,2026-01-30T05:46:00,ACC0268,ACC0648,13136,legitimate transfer,Faridabad,Routine payment
TX4090,CASE086,2026-01-17T05:46:00,ACC0754,ACC0055,8883,legitimate transfer,Chennai,Routine payment
TX4091,CASE086,2026-01-28T05:46:00,ACC0189,ACC0541,8621,legitimate transfer,Surat,Routine payment
TX4092,CASE086,2026-01-28T05:46:00,ACC0732,ACC0625,4913,legitimate transfer,Kolkata,Routine payment
TX4093,CASE086,2026-01-14T05:46:00,ACC0447,ACC0220,4162,legitimate transfer,Ghaziabad,Routine payment
TX4094,CASE086,2026-01-31T05:46:00,ACC0267,ACC0746,19088,legitimate transfer,Indore,Routine payment
TX4095,CASE086,2026-01-14T05:46:00,ACC0231,ACC0785,11654,legitimate transfer,Jaipur,Routine payment
TX4096,CASE086,2026-01-08T05:46:00,ACC0310,ACC0567,18429,legitimate transfer,Lucknow,Routine payment
TX4097,CASE086,2026-01-03T05:46:00,ACC0729,ACC0545,10799,legitimate transfer,Delhi,Routine payment
TX4098,CASE086,2026-01-15T05:46:00,ACC0116,ACC0677,11679,legitimate transfer,Noida,Routine payment
TX4099,CASE086,2026-01-01T05:46:00,ACC0137,ACC0782,8556,legitimate transfer,Surat,Routine payment
TX4100,CASE086,2026-01-01T05:46:00,ACC0043,ACC0769,10379,legitimate transfer,Chennai,Routine payment
TX4101,CASE086,2026-01-16T05:46:00,ACC0255,ACC0171,1576,legitimate transfer,Kanpur,Routine payment
TX4102,CASE086,2026-01-19T05:46:00,ACC0340,ACC0786,17073,legitimate transfer,Kolkata,Routine payment
TX4103,CASE086,2026-01-22T05:46:00,ACC0670,ACC0515,14011,legitimate transfer,Agra,Routine payment
TX4104,CASE086,2026-01-19T05:46:00,ACC0078,ACC0747,16599,legitimate transfer,Hyderabad,Routine payment
TX4105,CASE086,2026-01-22T05:46:00,ACC0422,ACC0784,12392,legitimate transfer,Delhi,Routine payment
TX4106,CASE086,2026-01-27T05:46:00,ACC0713,ACC0115,6148,legitimate transfer,Delhi,Routine payment
TX4107,CASE086,2026-01-31T05:46:00,ACC0218,ACC0208,18611,legitimate transfer,Surat,Routine payment
TX4108,CASE086,2026-01-31T05:46:00,ACC0222,ACC0583,18878,legitimate transfer,Gurugram,Routine payment
TX4109,CASE086,2026-01-06T05:46:00,ACC0443,ACC0288,7740,legitimate transfer,Bengaluru,Routine payment
TX4110,CASE086,2026-01-21T05:46:00,ACC0076,ACC0073,815,legitimate transfer,Ranchi,Routine payment
TX4111,CASE087,2025-12-04T07:17:00,ACC0335,ACC0800,82000,transfer,Hyderabad,Fund transfer
TX4112,CASE087,2025-12-07T07:17:00,ACC0800,ACC0066,49500,transfer,Hyderabad,Fund transfer
TX4113,CASE087,2025-12-07T07:17:00,ACC0066,ACC0347,82000,transfer,Hyderabad,Fund transfer
TX4114,CASE087,2025-11-30T07:17:00,ACC0730,ACC0081,16790,legitimate transfer,Mumbai,Routine payment
TX4115,CASE087,2025-11-14T07:17:00,ACC0278,ACC0735,16154,legitimate transfer,Haridwar,Routine payment
TX4116,CASE087,2025-11-25T07:17:00,ACC0241,ACC0038,18466,legitimate transfer,Mumbai,Routine payment
TX4117,CASE087,2025-11-24T07:17:00,ACC0019,ACC0750,1411,legitimate transfer,Bhubaneswar,Routine payment
TX4118,CASE087,2025-11-24T07:17:00,ACC0664,ACC0328,17654,legitimate transfer,Faridabad,Routine payment
TX4119,CASE087,2025-11-15T07:17:00,ACC0417,ACC0170,12239,legitimate transfer,Gurugram,Routine payment
TX4120,CASE087,2025-11-19T07:17:00,ACC0030,ACC0596,13187,legitimate transfer,Agra,Routine payment
TX4121,CASE087,2025-11-11T07:17:00,ACC0176,ACC0525,4715,legitimate transfer,Chennai,Routine payment
TX4122,CASE087,2025-11-18T07:17:00,ACC0500,ACC0037,9305,legitimate transfer,Agra,Routine payment
TX4123,CASE087,2025-11-25T07:17:00,ACC0586,ACC0696,1940,legitimate transfer,Ludhiana,Routine payment
TX4124,CASE087,2025-11-26T07:17:00,ACC0372,ACC0545,11163,legitimate transfer,Delhi,Routine payment
TX4125,CASE087,2025-11-25T07:17:00,ACC0284,ACC0635,9494,legitimate transfer,Faridabad,Routine payment
TX4126,CASE087,2025-11-10T07:17:00,ACC0218,ACC0390,15364,legitimate transfer,Ahmedabad,Routine payment
TX4127,CASE087,2025-11-14T07:17:00,ACC0681,ACC0278,14411,legitimate transfer,Surat,Routine payment
TX4128,CASE087,2025-11-15T07:17:00,ACC0236,ACC0307,2687,legitimate transfer,Faridabad,Routine payment
TX4129,CASE087,2025-12-02T07:17:00,ACC0628,ACC0721,6688,legitimate transfer,Patna,Routine payment
TX4130,CASE087,2025-12-07T07:17:00,ACC0019,ACC0329,5819,legitimate transfer,Bhubaneswar,Routine payment
TX4131,CASE087,2025-11-12T07:17:00,ACC0396,ACC0473,8581,legitimate transfer,Bengaluru,Routine payment
TX4132,CASE087,2025-11-17T07:17:00,ACC0333,ACC0378,11606,legitimate transfer,Noida,Routine payment
TX4133,CASE087,2025-11-14T07:17:00,ACC0730,ACC0106,19254,legitimate transfer,Faridabad,Routine payment
TX4134,CASE087,2025-12-02T07:17:00,ACC0757,ACC0745,6015,legitimate transfer,Agra,Routine payment
TX4135,CASE087,2025-11-19T07:17:00,ACC0304,ACC0369,16488,legitimate transfer,Ranchi,Routine payment
TX4136,CASE087,2025-11-29T07:17:00,ACC0231,ACC0158,19398,legitimate transfer,Ghaziabad,Routine payment
TX4137,CASE087,2025-11-28T07:17:00,ACC0577,ACC0400,7297,legitimate transfer,Bhopal,Routine payment
TX4138,CASE087,2025-11-21T07:17:00,ACC0154,ACC0200,3032,legitimate transfer,Amritsar,Routine payment
TX4139,CASE087,2025-11-13T07:17:00,ACC0285,ACC0567,13167,legitimate transfer,Lucknow,Routine payment
TX4140,CASE087,2025-11-12T07:17:00,ACC0082,ACC0324,19094,legitimate transfer,Hyderabad,Routine payment
TX4141,CASE087,2025-11-18T07:17:00,ACC0704,ACC0104,9984,legitimate transfer,Bengaluru,Routine payment
TX4142,CASE087,2025-11-11T07:17:00,ACC0539,ACC0327,5278,legitimate transfer,Indore,Routine payment
TX4143,CASE087,2025-11-21T07:17:00,ACC0628,ACC0663,14302,legitimate transfer,Patna,Routine payment
TX4144,CASE087,2025-11-18T07:17:00,ACC0094,ACC0303,5570,legitimate transfer,Dehradun,Routine payment
TX4145,CASE087,2025-11-15T07:17:00,ACC0395,ACC0672,8740,legitimate transfer,Bengaluru,Routine payment
TX4146,CASE087,2025-11-20T07:17:00,ACC0164,ACC0165,9789,legitimate transfer,Pune,Routine payment
TX4147,CASE087,2025-12-06T07:17:00,ACC0772,ACC0136,10948,legitimate transfer,Gurugram,Routine payment
TX4148,CASE087,2025-11-20T07:17:00,ACC0031,ACC0236,18989,legitimate transfer,Gurugram,Routine payment
TX4149,CASE087,2025-11-16T07:17:00,ACC0124,ACC0369,16129,legitimate transfer,Indore,Routine payment
TX4150,CASE087,2025-11-27T07:17:00,ACC0145,ACC0417,5716,legitimate transfer,Pune,Routine payment
TX4151,CASE087,2025-11-09T07:17:00,ACC0655,ACC0113,5927,legitimate transfer,Ranchi,Routine payment
TX4152,CASE087,2025-11-19T07:17:00,ACC0240,ACC0010,19107,legitimate transfer,Chandigarh,Routine payment
TX4153,CASE087,2025-12-04T07:17:00,ACC0020,ACC0168,6331,legitimate transfer,Dehradun,Routine payment
TX4154,CASE087,2025-12-05T07:17:00,ACC0101,ACC0661,5467,legitimate transfer,Delhi,Routine payment
TX4155,CASE087,2025-11-17T07:17:00,ACC0484,ACC0281,18050,legitimate transfer,Surat,Routine payment
TX4156,CASE087,2025-11-11T07:17:00,ACC0377,ACC0245,15073,legitimate transfer,Gurugram,Routine payment
TX4157,CASE087,2025-11-26T07:17:00,ACC0186,ACC0416,15588,legitimate transfer,Hyderabad,Routine payment
TX4158,CASE087,2025-11-25T07:17:00,ACC0790,ACC0502,9005,legitimate transfer,Ghaziabad,Routine payment
TX4159,CASE088,2025-06-25T22:41:00,ACC0792,ACC0286,82000,transfer,Ahmedabad,Fund transfer
TX4160,CASE088,2025-06-27T22:41:00,ACC0286,ACC0508,150000,transfer,Ahmedabad,Fund transfer
TX4161,CASE088,2025-06-23T22:41:00,ACC0508,ACC0647,235000,transfer,Ahmedabad,Fund transfer
TX4162,CASE088,2025-06-24T22:41:00,ACC0647,ACC0615,82000,transfer,Ahmedabad,Fund transfer
TX4163,CASE088,2025-06-17T22:41:00,ACC0313,ACC0425,1561,legitimate transfer,Indore,Routine payment
TX4164,CASE088,2025-06-09T22:41:00,ACC0048,ACC0536,13884,legitimate transfer,Dehradun,Routine payment
TX4165,CASE088,2025-06-20T22:41:00,ACC0277,ACC0291,3543,legitimate transfer,Bhopal,Routine payment
TX4166,CASE088,2025-06-26T22:41:00,ACC0271,ACC0649,5242,legitimate transfer,Kanpur,Routine payment
TX4167,CASE088,2025-06-12T22:41:00,ACC0684,ACC0470,3381,legitimate transfer,Indore,Routine payment
TX4168,CASE088,2025-06-12T22:41:00,ACC0461,ACC0312,5655,legitimate transfer,Lucknow,Routine payment
TX4169,CASE088,2025-06-09T22:41:00,ACC0603,ACC0399,14834,legitimate transfer,Faridabad,Routine payment
TX4170,CASE088,2025-06-21T22:41:00,ACC0691,ACC0375,13482,legitimate transfer,Kanpur,Routine payment
TX4171,CASE088,2025-06-03T22:41:00,ACC0719,ACC0571,14967,legitimate transfer,Bhubaneswar,Routine payment
TX4172,CASE088,2025-06-14T22:41:00,ACC0402,ACC0477,19729,legitimate transfer,Dehradun,Routine payment
TX4173,CASE088,2025-06-24T22:41:00,ACC0003,ACC0438,13178,legitimate transfer,Faridabad,Routine payment
TX4174,CASE088,2025-06-13T22:41:00,ACC0395,ACC0119,11259,legitimate transfer,Lucknow,Routine payment
TX4175,CASE088,2025-06-25T22:41:00,ACC0383,ACC0458,4278,legitimate transfer,Bhopal,Routine payment
TX4176,CASE088,2025-05-30T22:41:00,ACC0089,ACC0251,2324,legitimate transfer,Amritsar,Routine payment
TX4177,CASE088,2025-06-09T22:41:00,ACC0674,ACC0420,9453,legitimate transfer,Kanpur,Routine payment
TX4178,CASE088,2025-06-15T22:41:00,ACC0508,ACC0153,18611,legitimate transfer,Bhubaneswar,Routine payment
TX4179,CASE088,2025-06-01T22:41:00,ACC0151,ACC0018,11419,legitimate transfer,Patna,Routine payment
TX4180,CASE088,2025-06-25T22:41:00,ACC0595,ACC0530,1861,legitimate transfer,Bengaluru,Routine payment
TX4181,CASE088,2025-06-16T22:41:00,ACC0450,ACC0728,14912,legitimate transfer,Bhopal,Routine payment
TX4182,CASE088,2025-06-05T22:41:00,ACC0356,ACC0210,4185,legitimate transfer,Lucknow,Routine payment
TX4183,CASE088,2025-06-18T22:41:00,ACC0542,ACC0566,16486,legitimate transfer,Patna,Routine payment
TX4184,CASE088,2025-05-29T22:41:00,ACC0233,ACC0532,11832,legitimate transfer,Gurugram,Routine payment
TX4185,CASE088,2025-06-07T22:41:00,ACC0661,ACC0790,12303,legitimate transfer,Ghaziabad,Routine payment
TX4186,CASE088,2025-06-25T22:41:00,ACC0406,ACC0240,3980,legitimate transfer,Amritsar,Routine payment
TX4187,CASE088,2025-06-24T22:41:00,ACC0419,ACC0125,7339,legitimate transfer,Noida,Routine payment
TX4188,CASE088,2025-06-24T22:41:00,ACC0652,ACC0547,12588,legitimate transfer,Chandigarh,Routine payment
TX4189,CASE088,2025-05-29T22:41:00,ACC0480,ACC0759,11411,legitimate transfer,Bhopal,Routine payment
TX4190,CASE088,2025-06-23T22:41:00,ACC0294,ACC0492,6760,legitimate transfer,Chennai,Routine payment
TX4191,CASE088,2025-06-25T22:41:00,ACC0048,ACC0521,2204,legitimate transfer,Surat,Routine payment
TX4192,CASE088,2025-06-27T22:41:00,ACC0064,ACC0616,19131,legitimate transfer,Mumbai,Routine payment
TX4193,CASE088,2025-06-08T22:41:00,ACC0574,ACC0198,17700,legitimate transfer,Pune,Routine payment
TX4194,CASE088,2025-06-14T22:41:00,ACC0545,ACC0003,5486,legitimate transfer,Patna,Routine payment
TX4195,CASE088,2025-06-22T22:41:00,ACC0013,ACC0618,15743,legitimate transfer,Gurugram,Routine payment
TX4196,CASE088,2025-06-25T22:41:00,ACC0694,ACC0256,1929,legitimate transfer,Agra,Routine payment
TX4197,CASE088,2025-06-13T22:41:00,ACC0255,ACC0655,18311,legitimate transfer,Patna,Routine payment
TX4198,CASE088,2025-06-22T22:41:00,ACC0760,ACC0593,17336,legitimate transfer,Gurugram,Routine payment
TX4199,CASE088,2025-06-25T22:41:00,ACC0462,ACC0223,6248,legitimate transfer,Ranchi,Routine payment
TX4200,CASE088,2025-06-06T22:41:00,ACC0239,ACC0151,1373,legitimate transfer,Patna,Routine payment
TX4201,CASE088,2025-06-10T22:41:00,ACC0044,ACC0344,3551,legitimate transfer,Indore,Routine payment
TX4202,CASE088,2025-06-09T22:41:00,ACC0072,ACC0662,17732,legitimate transfer,Patna,Routine payment
TX4203,CASE088,2025-06-04T22:41:00,ACC0543,ACC0420,9779,legitimate transfer,Mumbai,Routine payment
TX4204,CASE088,2025-06-07T22:41:00,ACC0103,ACC0583,8223,legitimate transfer,Ahmedabad,Routine payment
TX4205,CASE088,2025-06-25T22:41:00,ACC0701,ACC0041,12037,legitimate transfer,Chandigarh,Routine payment
TX4206,CASE088,2025-06-18T22:41:00,ACC0697,ACC0078,18104,legitimate transfer,Dehradun,Routine payment
TX4207,CASE088,2025-06-19T22:41:00,ACC0179,ACC0370,14389,legitimate transfer,Mumbai,Routine payment
TX4208,CASE089,2026-04-04T23:03:00,ACC0751,ACC0603,235000,transfer,Chandigarh,Fund transfer
TX4209,CASE089,2026-04-02T23:03:00,ACC0603,ACC0362,235000,transfer,Chandigarh,Fund transfer
TX4210,CASE089,2026-03-20T23:03:00,ACC0160,ACC0316,1589,legitimate transfer,Patna,Routine payment
TX4211,CASE089,2026-03-05T23:03:00,ACC0551,ACC0460,669,legitimate transfer,Gurugram,Routine payment
TX4212,CASE089,2026-03-08T23:03:00,ACC0109,ACC0122,12059,legitimate transfer,Hyderabad,Routine payment
TX4213,CASE089,2026-03-22T23:03:00,ACC0216,ACC0232,9200,legitimate transfer,Surat,Routine payment
TX4214,CASE089,2026-03-20T23:03:00,ACC0527,ACC0304,3665,legitimate transfer,Mumbai,Routine payment
TX4215,CASE089,2026-03-23T23:03:00,ACC0545,ACC0501,832,legitimate transfer,Lucknow,Routine payment
TX4216,CASE089,2026-03-27T23:03:00,ACC0260,ACC0396,2274,legitimate transfer,Gurugram,Routine payment
TX4217,CASE089,2026-03-15T23:03:00,ACC0465,ACC0697,18518,legitimate transfer,Ludhiana,Routine payment
TX4218,CASE089,2026-03-17T23:03:00,ACC0180,ACC0484,12658,legitimate transfer,Haridwar,Routine payment
TX4219,CASE089,2026-03-05T23:03:00,ACC0297,ACC0142,2047,legitimate transfer,Chennai,Routine payment
TX4220,CASE089,2026-03-12T23:03:00,ACC0169,ACC0624,12227,legitimate transfer,Kanpur,Routine payment
TX4221,CASE089,2026-03-16T23:03:00,ACC0169,ACC0279,13219,legitimate transfer,Amritsar,Routine payment
TX4222,CASE089,2026-03-17T23:03:00,ACC0552,ACC0307,17244,legitimate transfer,Jaipur,Routine payment
TX4223,CASE089,2026-03-08T23:03:00,ACC0343,ACC0607,19814,legitimate transfer,Dehradun,Routine payment
TX4224,CASE089,2026-04-01T23:03:00,ACC0655,ACC0734,7681,legitimate transfer,Faridabad,Routine payment
TX4225,CASE089,2026-03-30T23:03:00,ACC0136,ACC0406,16157,legitimate transfer,Indore,Routine payment
TX4226,CASE089,2026-03-23T23:03:00,ACC0012,ACC0200,10819,legitimate transfer,Kolkata,Routine payment
TX4227,CASE089,2026-03-27T23:03:00,ACC0771,ACC0126,10547,legitimate transfer,Haridwar,Routine payment
TX4228,CASE089,2026-03-19T23:03:00,ACC0136,ACC0509,3085,legitimate transfer,Ludhiana,Routine payment
TX4229,CASE089,2026-03-18T23:03:00,ACC0654,ACC0389,1111,legitimate transfer,Mumbai,Routine payment
TX4230,CASE089,2026-03-15T23:03:00,ACC0233,ACC0375,16654,legitimate transfer,Noida,Routine payment
TX4231,CASE089,2026-03-14T23:03:00,ACC0037,ACC0560,14795,legitimate transfer,Surat,Routine payment
TX4232,CASE089,2026-04-02T23:03:00,ACC0561,ACC0508,3611,legitimate transfer,Gurugram,Routine payment
TX4233,CASE089,2026-03-26T23:03:00,ACC0046,ACC0708,19269,legitimate transfer,Gurugram,Routine payment
TX4234,CASE089,2026-04-02T23:03:00,ACC0596,ACC0461,1987,legitimate transfer,Ghaziabad,Routine payment
TX4235,CASE089,2026-03-14T23:03:00,ACC0660,ACC0005,5663,legitimate transfer,Bhubaneswar,Routine payment
TX4236,CASE089,2026-04-04T23:03:00,ACC0020,ACC0624,18850,legitimate transfer,Lucknow,Routine payment
TX4237,CASE089,2026-03-08T23:03:00,ACC0559,ACC0357,6793,legitimate transfer,Kanpur,Routine payment
TX4238,CASE089,2026-03-30T23:03:00,ACC0722,ACC0752,10990,legitimate transfer,Faridabad,Routine payment
TX4239,CASE089,2026-03-11T23:03:00,ACC0280,ACC0274,19973,legitimate transfer,Delhi,Routine payment
TX4240,CASE089,2026-03-20T23:03:00,ACC0087,ACC0294,9604,legitimate transfer,Haridwar,Routine payment
TX4241,CASE089,2026-03-21T23:03:00,ACC0372,ACC0114,3701,legitimate transfer,Ranchi,Routine payment
TX4242,CASE089,2026-03-15T23:03:00,ACC0543,ACC0327,1045,legitimate transfer,Gurugram,Routine payment
TX4243,CASE089,2026-03-22T23:03:00,ACC0105,ACC0478,9441,legitimate transfer,Mumbai,Routine payment
TX4244,CASE089,2026-03-27T23:03:00,ACC0474,ACC0249,8797,legitimate transfer,Ludhiana,Routine payment
TX4245,CASE089,2026-03-16T23:03:00,ACC0360,ACC0524,11508,legitimate transfer,Bengaluru,Routine payment
TX4246,CASE089,2026-03-15T23:03:00,ACC0455,ACC0453,10414,legitimate transfer,Indore,Routine payment
TX4247,CASE089,2026-03-24T23:03:00,ACC0596,ACC0153,9705,legitimate transfer,Patna,Routine payment
TX4248,CASE089,2026-03-08T23:03:00,ACC0049,ACC0200,8924,legitimate transfer,Ahmedabad,Routine payment
TX4249,CASE089,2026-03-28T23:03:00,ACC0018,ACC0270,19188,legitimate transfer,Bhopal,Routine payment
TX4250,CASE089,2026-03-07T23:03:00,ACC0369,ACC0685,13198,legitimate transfer,Noida,Routine payment
TX4251,CASE089,2026-03-11T23:03:00,ACC0517,ACC0051,16206,legitimate transfer,Bengaluru,Routine payment
TX4252,CASE089,2026-03-24T23:03:00,ACC0522,ACC0417,16393,legitimate transfer,Surat,Routine payment
TX4253,CASE089,2026-03-27T23:03:00,ACC0061,ACC0360,8129,legitimate transfer,Pune,Routine payment
TX4254,CASE089,2026-03-17T23:03:00,ACC0616,ACC0085,17825,legitimate transfer,Chennai,Routine payment
TX4255,CASE090,2026-04-16T20:37:00,ACC0129,ACC0672,150000,transfer,Kolkata,Fund transfer
TX4256,CASE090,2026-04-21T20:37:00,ACC0672,ACC0629,150000,transfer,Kolkata,Fund transfer
TX4257,CASE090,2026-04-20T20:37:00,ACC0629,ACC0108,82000,transfer,Kolkata,Fund transfer
TX4258,CASE090,2026-04-20T20:37:00,ACC0108,ACC0524,235000,transfer,Kolkata,Fund transfer
TX4259,CASE090,2026-04-11T20:37:00,ACC0405,ACC0345,9529,legitimate transfer,Hyderabad,Routine payment
TX4260,CASE090,2026-03-23T20:37:00,ACC0491,ACC0175,12215,legitimate transfer,Amritsar,Routine payment
TX4261,CASE090,2026-04-16T20:37:00,ACC0657,ACC0438,9545,legitimate transfer,Delhi,Routine payment
TX4262,CASE090,2026-03-26T20:37:00,ACC0338,ACC0524,3842,legitimate transfer,Bengaluru,Routine payment
TX4263,CASE090,2026-03-31T20:37:00,ACC0053,ACC0550,6994,legitimate transfer,Hyderabad,Routine payment
TX4264,CASE090,2026-04-16T20:37:00,ACC0096,ACC0629,17406,legitimate transfer,Bengaluru,Routine payment
TX4265,CASE090,2026-04-09T20:37:00,ACC0332,ACC0672,19975,legitimate transfer,Ahmedabad,Routine payment
TX4266,CASE090,2026-03-30T20:37:00,ACC0484,ACC0449,17843,legitimate transfer,Chennai,Routine payment
TX4267,CASE090,2026-04-14T20:37:00,ACC0002,ACC0440,17969,legitimate transfer,Noida,Routine payment
TX4268,CASE090,2026-04-18T20:37:00,ACC0692,ACC0547,12863,legitimate transfer,Surat,Routine payment
TX4269,CASE090,2026-04-04T20:37:00,ACC0402,ACC0342,9237,legitimate transfer,Hyderabad,Routine payment
TX4270,CASE090,2026-03-27T20:37:00,ACC0141,ACC0127,19077,legitimate transfer,Pune,Routine payment
TX4271,CASE090,2026-04-04T20:37:00,ACC0442,ACC0119,14142,legitimate transfer,Kanpur,Routine payment
TX4272,CASE090,2026-03-23T20:37:00,ACC0556,ACC0365,10886,legitimate transfer,Kolkata,Routine payment
TX4273,CASE090,2026-03-24T20:37:00,ACC0672,ACC0661,14797,legitimate transfer,Ludhiana,Routine payment
TX4274,CASE090,2026-04-13T20:37:00,ACC0274,ACC0777,4982,legitimate transfer,Amritsar,Routine payment
TX4275,CASE090,2026-04-13T20:37:00,ACC0321,ACC0763,848,legitimate transfer,Mumbai,Routine payment
TX4276,CASE090,2026-04-12T20:37:00,ACC0248,ACC0245,12175,legitimate transfer,Haridwar,Routine payment
TX4277,CASE090,2026-04-20T20:37:00,ACC0543,ACC0651,6002,legitimate transfer,Patna,Routine payment
TX4278,CASE090,2026-03-25T20:37:00,ACC0531,ACC0586,7932,legitimate transfer,Bengaluru,Routine payment
TX4279,CASE090,2026-04-04T20:37:00,ACC0201,ACC0166,18958,legitimate transfer,Kolkata,Routine payment
TX4280,CASE090,2026-04-05T20:37:00,ACC0301,ACC0147,8793,legitimate transfer,Ludhiana,Routine payment
TX4281,CASE090,2026-04-03T20:37:00,ACC0054,ACC0316,5177,legitimate transfer,Delhi,Routine payment
TX4282,CASE090,2026-03-29T20:37:00,ACC0326,ACC0616,19966,legitimate transfer,Bhubaneswar,Routine payment
TX4283,CASE090,2026-04-15T20:37:00,ACC0546,ACC0760,4002,legitimate transfer,Delhi,Routine payment
TX4284,CASE090,2026-04-03T20:37:00,ACC0366,ACC0391,17205,legitimate transfer,Kolkata,Routine payment
TX4285,CASE090,2026-04-05T20:37:00,ACC0258,ACC0609,16283,legitimate transfer,Dehradun,Routine payment
TX4286,CASE090,2026-04-09T20:37:00,ACC0552,ACC0515,11323,legitimate transfer,Indore,Routine payment
TX4287,CASE090,2026-03-27T20:37:00,ACC0145,ACC0012,11937,legitimate transfer,Amritsar,Routine payment
TX4288,CASE090,2026-03-31T20:37:00,ACC0043,ACC0562,16550,legitimate transfer,Mumbai,Routine payment
TX4289,CASE090,2026-03-22T20:37:00,ACC0333,ACC0133,3157,legitimate transfer,Kanpur,Routine payment
TX4290,CASE090,2026-03-31T20:37:00,ACC0637,ACC0701,3986,legitimate transfer,Hyderabad,Routine payment
TX4291,CASE090,2026-04-06T20:37:00,ACC0256,ACC0190,16264,legitimate transfer,Ludhiana,Routine payment
TX4292,CASE090,2026-04-13T20:37:00,ACC0749,ACC0192,9357,legitimate transfer,Hyderabad,Routine payment
TX4293,CASE090,2026-04-06T20:37:00,ACC0203,ACC0700,15897,legitimate transfer,Indore,Routine payment
TX4294,CASE090,2026-04-16T20:37:00,ACC0023,ACC0661,18168,legitimate transfer,Dehradun,Routine payment
TX4295,CASE090,2026-04-07T20:37:00,ACC0520,ACC0385,5447,legitimate transfer,Bhopal,Routine payment
TX4296,CASE090,2026-04-20T20:37:00,ACC0427,ACC0596,5197,legitimate transfer,Ludhiana,Routine payment
TX4297,CASE090,2026-04-15T20:37:00,ACC0032,ACC0053,11691,legitimate transfer,Ranchi,Routine payment
TX4298,CASE090,2026-04-21T20:37:00,ACC0761,ACC0791,10618,legitimate transfer,Amritsar,Routine payment
TX4299,CASE090,2026-04-10T20:37:00,ACC0369,ACC0378,5828,legitimate transfer,Haridwar,Routine payment
TX4300,CASE090,2026-04-03T20:37:00,ACC0016,ACC0463,18973,legitimate transfer,Dehradun,Routine payment
TX4301,CASE090,2026-03-23T20:37:00,ACC0736,ACC0133,2785,legitimate transfer,Chandigarh,Routine payment
TX4302,CASE090,2026-04-20T20:37:00,ACC0238,ACC0363,11925,legitimate transfer,Lucknow,Routine payment
TX4303,CASE090,2026-03-29T20:37:00,ACC0289,ACC0342,15515,legitimate transfer,Patna,Routine payment
TX4304,CASE091,2026-01-09T00:52:00,ACC0185,ACC0270,150000,transfer,Haridwar,Fund transfer
TX4305,CASE091,2026-01-13T00:52:00,ACC0270,ACC0067,49500,transfer,Haridwar,Fund transfer
TX4306,CASE091,2026-01-12T00:52:00,ACC0067,ACC0315,82000,transfer,Haridwar,Fund transfer
TX4307,CASE091,2026-01-11T00:52:00,ACC0315,ACC0675,49500,transfer,Haridwar,Fund transfer
TX4308,CASE091,2025-12-20T00:52:00,ACC0123,ACC0597,9603,legitimate transfer,Jaipur,Routine payment
TX4309,CASE091,2026-01-09T00:52:00,ACC0120,ACC0701,9219,legitimate transfer,Ludhiana,Routine payment
TX4310,CASE091,2026-01-13T00:52:00,ACC0104,ACC0791,913,legitimate transfer,Delhi,Routine payment
TX4311,CASE091,2025-12-28T00:52:00,ACC0209,ACC0637,6937,legitimate transfer,Surat,Routine payment
TX4312,CASE091,2025-12-23T00:52:00,ACC0218,ACC0704,11457,legitimate transfer,Delhi,Routine payment
TX4313,CASE091,2025-12-25T00:52:00,ACC0698,ACC0087,16192,legitimate transfer,Kanpur,Routine payment
TX4314,CASE091,2026-01-13T00:52:00,ACC0155,ACC0734,11182,legitimate transfer,Ludhiana,Routine payment
TX4315,CASE091,2025-12-16T00:52:00,ACC0517,ACC0606,2856,legitimate transfer,Bhopal,Routine payment
TX4316,CASE091,2025-12-18T00:52:00,ACC0418,ACC0569,5989,legitimate transfer,Chandigarh,Routine payment
TX4317,CASE091,2025-12-20T00:52:00,ACC0703,ACC0488,17410,legitimate transfer,Ludhiana,Routine payment
TX4318,CASE091,2025-12-28T00:52:00,ACC0193,ACC0040,17274,legitimate transfer,Amritsar,Routine payment
TX4319,CASE091,2026-01-07T00:52:00,ACC0283,ACC0101,7993,legitimate transfer,Bhopal,Routine payment
TX4320,CASE091,2025-12-29T00:52:00,ACC0487,ACC0662,2495,legitimate transfer,Gurugram,Routine payment
TX4321,CASE091,2026-01-13T00:52:00,ACC0738,ACC0301,18249,legitimate transfer,Agra,Routine payment
TX4322,CASE091,2025-12-14T00:52:00,ACC0388,ACC0555,17876,legitimate transfer,Indore,Routine payment
TX4323,CASE091,2026-01-03T00:52:00,ACC0199,ACC0171,14045,legitimate transfer,Jaipur,Routine payment
TX4324,CASE091,2025-12-26T00:52:00,ACC0785,ACC0524,6367,legitimate transfer,Ghaziabad,Routine payment
TX4325,CASE091,2025-12-19T00:52:00,ACC0772,ACC0036,6196,legitimate transfer,Ghaziabad,Routine payment
TX4326,CASE091,2025-12-24T00:52:00,ACC0043,ACC0225,10062,legitimate transfer,Chandigarh,Routine payment
TX4327,CASE091,2025-12-30T00:52:00,ACC0184,ACC0570,13839,legitimate transfer,Faridabad,Routine payment
TX4328,CASE091,2025-12-29T00:52:00,ACC0661,ACC0645,17513,legitimate transfer,Ludhiana,Routine payment
TX4329,CASE091,2025-12-21T00:52:00,ACC0395,ACC0192,15058,legitimate transfer,Delhi,Routine payment
TX4330,CASE091,2026-01-11T00:52:00,ACC0066,ACC0501,10466,legitimate transfer,Chandigarh,Routine payment
TX4331,CASE091,2026-01-07T00:52:00,ACC0184,ACC0418,9342,legitimate transfer,Jaipur,Routine payment
TX4332,CASE091,2025-12-20T00:52:00,ACC0323,ACC0318,5691,legitimate transfer,Ghaziabad,Routine payment
TX4333,CASE091,2025-12-27T00:52:00,ACC0518,ACC0319,13810,legitimate transfer,Kanpur,Routine payment
TX4334,CASE091,2025-12-20T00:52:00,ACC0163,ACC0528,2814,legitimate transfer,Haridwar,Routine payment
TX4335,CASE091,2026-01-04T00:52:00,ACC0468,ACC0591,5310,legitimate transfer,Mumbai,Routine payment
TX4336,CASE091,2025-12-30T00:52:00,ACC0105,ACC0393,828,legitimate transfer,Agra,Routine payment
TX4337,CASE091,2025-12-25T00:52:00,ACC0141,ACC0161,10150,legitimate transfer,Bengaluru,Routine payment
TX4338,CASE091,2025-12-21T00:52:00,ACC0781,ACC0526,3421,legitimate transfer,Bhopal,Routine payment
TX4339,CASE091,2025-12-30T00:52:00,ACC0532,ACC0713,16919,legitimate transfer,Gurugram,Routine payment
TX4340,CASE091,2026-01-05T00:52:00,ACC0082,ACC0061,11252,legitimate transfer,Agra,Routine payment
TX4341,CASE091,2026-01-02T00:52:00,ACC0139,ACC0487,12725,legitimate transfer,Gurugram,Routine payment
TX4342,CASE091,2025-12-29T00:52:00,ACC0237,ACC0111,4354,legitimate transfer,Kanpur,Routine payment
TX4343,CASE091,2025-12-26T00:52:00,ACC0493,ACC0228,1470,legitimate transfer,Chandigarh,Routine payment
TX4344,CASE091,2026-01-05T00:52:00,ACC0593,ACC0288,17701,legitimate transfer,Pune,Routine payment
TX4345,CASE091,2025-12-25T00:52:00,ACC0571,ACC0402,6563,legitimate transfer,Ahmedabad,Routine payment
TX4346,CASE091,2026-01-13T00:52:00,ACC0062,ACC0319,13799,legitimate transfer,Jaipur,Routine payment
TX4347,CASE091,2025-12-28T00:52:00,ACC0515,ACC0173,5946,legitimate transfer,Kanpur,Routine payment
TX4348,CASE091,2026-01-03T00:52:00,ACC0690,ACC0572,8143,legitimate transfer,Ahmedabad,Routine payment
TX4349,CASE091,2025-12-21T00:52:00,ACC0378,ACC0596,17930,legitimate transfer,Gurugram,Routine payment
TX4350,CASE091,2026-01-05T00:52:00,ACC0175,ACC0608,6269,legitimate transfer,Kanpur,Routine payment
TX4351,CASE091,2025-12-26T00:52:00,ACC0119,ACC0487,18311,legitimate transfer,Bhubaneswar,Routine payment
TX4352,CASE091,2025-12-19T00:52:00,ACC0738,ACC0467,3034,legitimate transfer,Pune,Routine payment
TX4353,CASE092,2025-10-26T09:02:00,ACC0296,ACC0776,150000,transfer,Indore,Fund transfer
TX4354,CASE092,2025-10-28T09:02:00,ACC0776,ACC0735,150000,transfer,Indore,Fund transfer
TX4355,CASE092,2025-10-20T09:02:00,ACC0599,ACC0716,6588,legitimate transfer,Kanpur,Routine payment
TX4356,CASE092,2025-10-22T09:02:00,ACC0613,ACC0650,19442,legitimate transfer,Chandigarh,Routine payment
TX4357,CASE092,2025-10-16T09:02:00,ACC0445,ACC0794,9898,legitimate transfer,Ranchi,Routine payment
TX4358,CASE092,2025-10-17T09:02:00,ACC0365,ACC0714,17927,legitimate transfer,Hyderabad,Routine payment
TX4359,CASE092,2025-10-12T09:02:00,ACC0297,ACC0154,7886,legitimate transfer,Hyderabad,Routine payment
TX4360,CASE092,2025-10-22T09:02:00,ACC0116,ACC0355,9264,legitimate transfer,Chennai,Routine payment
TX4361,CASE092,2025-10-15T09:02:00,ACC0589,ACC0385,882,legitimate transfer,Kanpur,Routine payment
TX4362,CASE092,2025-09-28T09:02:00,ACC0190,ACC0524,5064,legitimate transfer,Jaipur,Routine payment
TX4363,CASE092,2025-10-07T09:02:00,ACC0768,ACC0784,3930,legitimate transfer,Faridabad,Routine payment
TX4364,CASE092,2025-10-20T09:02:00,ACC0382,ACC0756,17480,legitimate transfer,Agra,Routine payment
TX4365,CASE092,2025-10-12T09:02:00,ACC0409,ACC0609,5067,legitimate transfer,Kanpur,Routine payment
TX4366,CASE092,2025-10-02T09:02:00,ACC0460,ACC0223,7077,legitimate transfer,Ghaziabad,Routine payment
TX4367,CASE092,2025-10-22T09:02:00,ACC0589,ACC0266,16208,legitimate transfer,Hyderabad,Routine payment
TX4368,CASE092,2025-10-25T09:02:00,ACC0339,ACC0538,13841,legitimate transfer,Chennai,Routine payment
TX4369,CASE092,2025-10-18T09:02:00,ACC0405,ACC0220,5239,legitimate transfer,Ludhiana,Routine payment
TX4370,CASE092,2025-10-09T09:02:00,ACC0199,ACC0737,11636,legitimate transfer,Gurugram,Routine payment
TX4371,CASE092,2025-10-01T09:02:00,ACC0371,ACC0679,2082,legitimate transfer,Haridwar,Routine payment
TX4372,CASE092,2025-10-13T09:02:00,ACC0052,ACC0538,15564,legitimate transfer,Patna,Routine payment
TX4373,CASE092,2025-10-09T09:02:00,ACC0422,ACC0336,7436,legitimate transfer,Bhubaneswar,Routine payment
TX4374,CASE092,2025-09-30T09:02:00,ACC0753,ACC0411,19744,legitimate transfer,Noida,Routine payment
TX4375,CASE092,2025-10-21T09:02:00,ACC0710,ACC0142,2998,legitimate transfer,Agra,Routine payment
TX4376,CASE092,2025-10-07T09:02:00,ACC0026,ACC0314,5058,legitimate transfer,Gurugram,Routine payment
TX4377,CASE092,2025-09-30T09:02:00,ACC0481,ACC0081,5828,legitimate transfer,Agra,Routine payment
TX4378,CASE092,2025-10-23T09:02:00,ACC0370,ACC0466,18530,legitimate transfer,Delhi,Routine payment
TX4379,CASE092,2025-10-25T09:02:00,ACC0469,ACC0228,10329,legitimate transfer,Noida,Routine payment
TX4380,CASE092,2025-10-21T09:02:00,ACC0223,ACC0516,18702,legitimate transfer,Jaipur,Routine payment
TX4381,CASE092,2025-10-15T09:02:00,ACC0608,ACC0647,3475,legitimate transfer,Gurugram,Routine payment
TX4382,CASE092,2025-10-23T09:02:00,ACC0625,ACC0022,13696,legitimate transfer,Faridabad,Routine payment
TX4383,CASE092,2025-10-15T09:02:00,ACC0497,ACC0136,2949,legitimate transfer,Lucknow,Routine payment
TX4384,CASE092,2025-10-13T09:02:00,ACC0237,ACC0056,18216,legitimate transfer,Lucknow,Routine payment
TX4385,CASE092,2025-10-23T09:02:00,ACC0401,ACC0597,1540,legitimate transfer,Dehradun,Routine payment
TX4386,CASE092,2025-10-21T09:02:00,ACC0406,ACC0156,8078,legitimate transfer,Patna,Routine payment
TX4387,CASE092,2025-10-11T09:02:00,ACC0055,ACC0359,19935,legitimate transfer,Bhubaneswar,Routine payment
TX4388,CASE092,2025-10-21T09:02:00,ACC0329,ACC0069,16122,legitimate transfer,Ludhiana,Routine payment
TX4389,CASE092,2025-10-02T09:02:00,ACC0251,ACC0700,16746,legitimate transfer,Chandigarh,Routine payment
TX4390,CASE092,2025-10-18T09:02:00,ACC0025,ACC0760,12118,legitimate transfer,Agra,Routine payment
TX4391,CASE092,2025-10-10T09:02:00,ACC0560,ACC0398,19005,legitimate transfer,Ranchi,Routine payment
TX4392,CASE092,2025-10-09T09:02:00,ACC0053,ACC0650,16940,legitimate transfer,Jaipur,Routine payment
TX4393,CASE092,2025-09-30T09:02:00,ACC0179,ACC0319,7936,legitimate transfer,Mumbai,Routine payment
TX4394,CASE092,2025-10-08T09:02:00,ACC0253,ACC0101,3168,legitimate transfer,Chandigarh,Routine payment
TX4395,CASE092,2025-10-27T09:02:00,ACC0528,ACC0026,19671,legitimate transfer,Ahmedabad,Routine payment
TX4396,CASE092,2025-10-02T09:02:00,ACC0297,ACC0028,18034,legitimate transfer,Faridabad,Routine payment
TX4397,CASE092,2025-09-28T09:02:00,ACC0264,ACC0223,6010,legitimate transfer,Mumbai,Routine payment
TX4398,CASE092,2025-09-28T09:02:00,ACC0208,ACC0259,11054,legitimate transfer,Bhubaneswar,Routine payment
TX4399,CASE092,2025-10-18T09:02:00,ACC0395,ACC0571,10980,legitimate transfer,Surat,Routine payment
TX4400,CASE093,2025-08-08T20:32:00,ACC0018,ACC0394,82000,transfer,Delhi,Fund transfer
TX4401,CASE093,2025-08-10T20:32:00,ACC0394,ACC0104,49500,transfer,Delhi,Fund transfer
TX4402,CASE093,2025-08-12T20:32:00,ACC0104,ACC0706,150000,transfer,Delhi,Fund transfer
TX4403,CASE093,2025-08-01T20:32:00,ACC0715,ACC0235,6316,legitimate transfer,Ahmedabad,Routine payment
TX4404,CASE093,2025-07-19T20:32:00,ACC0766,ACC0395,15746,legitimate transfer,Haridwar,Routine payment
TX4405,CASE093,2025-08-07T20:32:00,ACC0175,ACC0647,12685,legitimate transfer,Surat,Routine payment
TX4406,CASE093,2025-08-09T20:32:00,ACC0668,ACC0207,2777,legitimate transfer,Delhi,Routine payment
TX4407,CASE093,2025-07-22T20:32:00,ACC0555,ACC0393,1207,legitimate transfer,Delhi,Routine payment
TX4408,CASE093,2025-07-18T20:32:00,ACC0574,ACC0352,14586,legitimate transfer,Gurugram,Routine payment
TX4409,CASE093,2025-07-22T20:32:00,ACC0034,ACC0208,17483,legitimate transfer,Patna,Routine payment
TX4410,CASE093,2025-07-18T20:32:00,ACC0436,ACC0714,5085,legitimate transfer,Chandigarh,Routine payment
TX4411,CASE093,2025-08-06T20:32:00,ACC0755,ACC0106,10108,legitimate transfer,Bengaluru,Routine payment
TX4412,CASE093,2025-08-06T20:32:00,ACC0330,ACC0567,16217,legitimate transfer,Jaipur,Routine payment
TX4413,CASE093,2025-07-25T20:32:00,ACC0754,ACC0532,7620,legitimate transfer,Kanpur,Routine payment
TX4414,CASE093,2025-07-14T20:32:00,ACC0386,ACC0248,14312,legitimate transfer,Faridabad,Routine payment
TX4415,CASE093,2025-07-18T20:32:00,ACC0185,ACC0777,1102,legitimate transfer,Jaipur,Routine payment
TX4416,CASE093,2025-07-20T20:32:00,ACC0430,ACC0074,4698,legitimate transfer,Surat,Routine payment
TX4417,CASE093,2025-07-30T20:32:00,ACC0771,ACC0295,4083,legitimate transfer,Surat,Routine payment
TX4418,CASE093,2025-07-14T20:32:00,ACC0362,ACC0706,15054,legitimate transfer,Hyderabad,Routine payment
TX4419,CASE093,2025-08-04T20:32:00,ACC0467,ACC0661,5851,legitimate transfer,Bhopal,Routine payment
TX4420,CASE093,2025-08-02T20:32:00,ACC0289,ACC0655,584,legitimate transfer,Lucknow,Routine payment
TX4421,CASE093,2025-07-18T20:32:00,ACC0536,ACC0258,6277,legitimate transfer,Haridwar,Routine payment
TX4422,CASE093,2025-07-21T20:32:00,ACC0265,ACC0318,18900,legitimate transfer,Bhubaneswar,Routine payment
TX4423,CASE093,2025-08-12T20:32:00,ACC0160,ACC0253,5373,legitimate transfer,Chennai,Routine payment
TX4424,CASE093,2025-07-20T20:32:00,ACC0440,ACC0784,7863,legitimate transfer,Mumbai,Routine payment
TX4425,CASE093,2025-07-20T20:32:00,ACC0753,ACC0343,1034,legitimate transfer,Kolkata,Routine payment
TX4426,CASE093,2025-07-23T20:32:00,ACC0189,ACC0601,4475,legitimate transfer,Delhi,Routine payment
TX4427,CASE093,2025-08-09T20:32:00,ACC0545,ACC0215,7443,legitimate transfer,Bhubaneswar,Routine payment
TX4428,CASE093,2025-07-22T20:32:00,ACC0790,ACC0666,19133,legitimate transfer,Chennai,Routine payment
TX4429,CASE093,2025-08-11T20:32:00,ACC0281,ACC0373,7557,legitimate transfer,Chennai,Routine payment
TX4430,CASE093,2025-07-17T20:32:00,ACC0477,ACC0213,4824,legitimate transfer,Chennai,Routine payment
TX4431,CASE093,2025-07-23T20:32:00,ACC0445,ACC0298,2725,legitimate transfer,Faridabad,Routine payment
TX4432,CASE093,2025-07-14T20:32:00,ACC0508,ACC0477,2287,legitimate transfer,Haridwar,Routine payment
TX4433,CASE093,2025-07-28T20:32:00,ACC0308,ACC0758,11503,legitimate transfer,Mumbai,Routine payment
TX4434,CASE093,2025-07-25T20:32:00,ACC0351,ACC0265,18255,legitimate transfer,Lucknow,Routine payment
TX4435,CASE093,2025-08-01T20:32:00,ACC0784,ACC0580,16295,legitimate transfer,Noida,Routine payment
TX4436,CASE093,2025-07-19T20:32:00,ACC0423,ACC0384,17517,legitimate transfer,Jaipur,Routine payment
TX4437,CASE093,2025-07-15T20:32:00,ACC0615,ACC0121,9977,legitimate transfer,Chennai,Routine payment
TX4438,CASE093,2025-08-01T20:32:00,ACC0706,ACC0515,5021,legitimate transfer,Agra,Routine payment
TX4439,CASE093,2025-08-10T20:32:00,ACC0569,ACC0274,1730,legitimate transfer,Patna,Routine payment
TX4440,CASE093,2025-07-19T20:32:00,ACC0382,ACC0197,14512,legitimate transfer,Ahmedabad,Routine payment
TX4441,CASE093,2025-07-19T20:32:00,ACC0513,ACC0011,10388,legitimate transfer,Haridwar,Routine payment
TX4442,CASE093,2025-08-05T20:32:00,ACC0285,ACC0378,18007,legitimate transfer,Surat,Routine payment
TX4443,CASE093,2025-07-29T20:32:00,ACC0702,ACC0211,16054,legitimate transfer,Amritsar,Routine payment
TX4444,CASE093,2025-07-30T20:32:00,ACC0783,ACC0747,2518,legitimate transfer,Ghaziabad,Routine payment
TX4445,CASE093,2025-07-17T20:32:00,ACC0140,ACC0437,3903,legitimate transfer,Delhi,Routine payment
TX4446,CASE093,2025-07-21T20:32:00,ACC0552,ACC0447,18698,legitimate transfer,Chandigarh,Routine payment
TX4447,CASE093,2025-08-07T20:32:00,ACC0638,ACC0445,18810,legitimate transfer,Bhubaneswar,Routine payment
TX4448,CASE094,2026-05-13T21:43:00,ACC0304,ACC0639,150000,transfer,Lucknow,Fund transfer
TX4449,CASE094,2026-05-17T21:43:00,ACC0639,ACC0195,235000,transfer,Lucknow,Fund transfer
TX4450,CASE094,2026-05-13T21:43:00,ACC0195,ACC0315,82000,transfer,Lucknow,Fund transfer
TX4451,CASE094,2026-05-18T21:43:00,ACC0315,ACC0044,150000,transfer,Lucknow,Fund transfer
TX4452,CASE094,2026-05-08T21:43:00,ACC0639,ACC0467,3127,legitimate transfer,Ludhiana,Routine payment
TX4453,CASE094,2026-04-22T21:43:00,ACC0561,ACC0050,15298,legitimate transfer,Ranchi,Routine payment
TX4454,CASE094,2026-05-05T21:43:00,ACC0337,ACC0169,8993,legitimate transfer,Bhubaneswar,Routine payment
TX4455,CASE094,2026-04-18T21:43:00,ACC0750,ACC0619,14030,legitimate transfer,Haridwar,Routine payment
TX4456,CASE094,2026-05-02T21:43:00,ACC0497,ACC0154,13737,legitimate transfer,Lucknow,Routine payment
TX4457,CASE094,2026-05-04T21:43:00,ACC0139,ACC0220,13182,legitimate transfer,Dehradun,Routine payment
TX4458,CASE094,2026-05-05T21:43:00,ACC0302,ACC0365,707,legitimate transfer,Faridabad,Routine payment
TX4459,CASE094,2026-04-24T21:43:00,ACC0638,ACC0437,4737,legitimate transfer,Kolkata,Routine payment
TX4460,CASE094,2026-05-11T21:43:00,ACC0741,ACC0129,19336,legitimate transfer,Ahmedabad,Routine payment
TX4461,CASE094,2026-05-05T21:43:00,ACC0117,ACC0093,17454,legitimate transfer,Ghaziabad,Routine payment
TX4462,CASE094,2026-04-25T21:43:00,ACC0528,ACC0325,14724,legitimate transfer,Gurugram,Routine payment
TX4463,CASE094,2026-04-21T21:43:00,ACC0302,ACC0132,14804,legitimate transfer,Noida,Routine payment
TX4464,CASE094,2026-04-27T21:43:00,ACC0727,ACC0306,8990,legitimate transfer,Pune,Routine payment
TX4465,CASE094,2026-04-29T21:43:00,ACC0553,ACC0451,17342,legitimate transfer,Ghaziabad,Routine payment
TX4466,CASE094,2026-05-18T21:43:00,ACC0378,ACC0663,2321,legitimate transfer,Bhopal,Routine payment
TX4467,CASE094,2026-05-11T21:43:00,ACC0002,ACC0668,17983,legitimate transfer,Surat,Routine payment
TX4468,CASE094,2026-05-17T21:43:00,ACC0617,ACC0277,13103,legitimate transfer,Ahmedabad,Routine payment
TX4469,CASE094,2026-04-25T21:43:00,ACC0540,ACC0706,14698,legitimate transfer,Ghaziabad,Routine payment
TX4470,CASE094,2026-05-10T21:43:00,ACC0160,ACC0545,8527,legitimate transfer,Dehradun,Routine payment
TX4471,CASE094,2026-05-08T21:43:00,ACC0482,ACC0789,12343,legitimate transfer,Ghaziabad,Routine payment
TX4472,CASE094,2026-04-19T21:43:00,ACC0009,ACC0538,5780,legitimate transfer,Ranchi,Routine payment
TX4473,CASE094,2026-05-18T21:43:00,ACC0349,ACC0123,7873,legitimate transfer,Dehradun,Routine payment
TX4474,CASE094,2026-04-26T21:43:00,ACC0345,ACC0324,6334,legitimate transfer,Agra,Routine payment
TX4475,CASE094,2026-04-22T21:43:00,ACC0315,ACC0214,12722,legitimate transfer,Pune,Routine payment
TX4476,CASE094,2026-04-18T21:43:00,ACC0709,ACC0344,17386,legitimate transfer,Amritsar,Routine payment
TX4477,CASE094,2026-04-21T21:43:00,ACC0644,ACC0018,18914,legitimate transfer,Ahmedabad,Routine payment
TX4478,CASE094,2026-05-15T21:43:00,ACC0063,ACC0047,2522,legitimate transfer,Surat,Routine payment
TX4479,CASE094,2026-04-21T21:43:00,ACC0274,ACC0056,4557,legitimate transfer,Bhubaneswar,Routine payment
TX4480,CASE094,2026-05-05T21:43:00,ACC0017,ACC0068,11028,legitimate transfer,Ranchi,Routine payment
TX4481,CASE094,2026-04-29T21:43:00,ACC0157,ACC0673,15665,legitimate transfer,Gurugram,Routine payment
TX4482,CASE094,2026-05-10T21:43:00,ACC0399,ACC0502,9217,legitimate transfer,Indore,Routine payment
TX4483,CASE094,2026-04-23T21:43:00,ACC0150,ACC0520,11497,legitimate transfer,Bhubaneswar,Routine payment
TX4484,CASE094,2026-04-30T21:43:00,ACC0153,ACC0736,6635,legitimate transfer,Hyderabad,Routine payment
TX4485,CASE094,2026-04-23T21:43:00,ACC0196,ACC0767,11864,legitimate transfer,Surat,Routine payment
TX4486,CASE094,2026-05-01T21:43:00,ACC0294,ACC0192,18533,legitimate transfer,Patna,Routine payment
TX4487,CASE094,2026-05-13T21:43:00,ACC0357,ACC0496,10506,legitimate transfer,Ranchi,Routine payment
TX4488,CASE094,2026-04-19T21:43:00,ACC0348,ACC0640,15829,legitimate transfer,Ahmedabad,Routine payment
TX4489,CASE094,2026-04-21T21:43:00,ACC0671,ACC0019,15097,legitimate transfer,Gurugram,Routine payment
TX4490,CASE094,2026-05-04T21:43:00,ACC0504,ACC0358,10273,legitimate transfer,Haridwar,Routine payment
TX4491,CASE094,2026-04-20T21:43:00,ACC0285,ACC0477,12567,legitimate transfer,Agra,Routine payment
TX4492,CASE094,2026-05-14T21:43:00,ACC0447,ACC0253,17985,legitimate transfer,Patna,Routine payment
TX4493,CASE094,2026-04-21T21:43:00,ACC0618,ACC0442,9598,legitimate transfer,Surat,Routine payment
TX4494,CASE094,2026-04-29T21:43:00,ACC0059,ACC0319,12642,legitimate transfer,Ghaziabad,Routine payment
TX4495,CASE094,2026-05-05T21:43:00,ACC0422,ACC0521,12567,legitimate transfer,Noida,Routine payment
TX4496,CASE094,2026-04-21T21:43:00,ACC0408,ACC0672,19745,legitimate transfer,Gurugram,Routine payment
TX4497,CASE095,2026-07-19T16:07:00,ACC0667,ACC0638,235000,transfer,Noida,Fund transfer
TX4498,CASE095,2026-07-20T16:07:00,ACC0638,ACC0043,49500,transfer,Noida,Fund transfer
TX4499,CASE095,2026-07-15T16:07:00,ACC0043,ACC0393,235000,transfer,Noida,Fund transfer
TX4500,CASE095,2026-07-08T16:07:00,ACC0210,ACC0459,11711,legitimate transfer,Surat,Routine payment
TX4501,CASE095,2026-07-13T16:07:00,ACC0505,ACC0507,17766,legitimate transfer,Pune,Routine payment
TX4502,CASE095,2026-07-20T16:07:00,ACC0396,ACC0651,13818,legitimate transfer,Agra,Routine payment
TX4503,CASE095,2026-06-25T16:07:00,ACC0717,ACC0088,12825,legitimate transfer,Mumbai,Routine payment
TX4504,CASE095,2026-07-20T16:07:00,ACC0001,ACC0731,8753,legitimate transfer,Amritsar,Routine payment
TX4505,CASE095,2026-07-11T16:07:00,ACC0398,ACC0408,17123,legitimate transfer,Hyderabad,Routine payment
TX4506,CASE095,2026-07-19T16:07:00,ACC0576,ACC0664,19247,legitimate transfer,Jaipur,Routine payment
TX4507,CASE095,2026-07-20T16:07:00,ACC0779,ACC0224,978,legitimate transfer,Ranchi,Routine payment
TX4508,CASE095,2026-07-04T16:07:00,ACC0076,ACC0574,11115,legitimate transfer,Ludhiana,Routine payment
TX4509,CASE095,2026-07-08T16:07:00,ACC0145,ACC0236,9076,legitimate transfer,Chennai,Routine payment
TX4510,CASE095,2026-06-24T16:07:00,ACC0122,ACC0652,5605,legitimate transfer,Mumbai,Routine payment
TX4511,CASE095,2026-07-10T16:07:00,ACC0407,ACC0433,18546,legitimate transfer,Jaipur,Routine payment
TX4512,CASE095,2026-06-21T16:07:00,ACC0655,ACC0611,7849,legitimate transfer,Bhubaneswar,Routine payment
TX4513,CASE095,2026-06-25T16:07:00,ACC0490,ACC0166,18303,legitimate transfer,Jaipur,Routine payment
TX4514,CASE095,2026-07-20T16:07:00,ACC0287,ACC0059,2958,legitimate transfer,Chennai,Routine payment
TX4515,CASE095,2026-07-13T16:07:00,ACC0524,ACC0265,6253,legitimate transfer,Kolkata,Routine payment
TX4516,CASE095,2026-07-02T16:07:00,ACC0234,ACC0602,19132,legitimate transfer,Indore,Routine payment
TX4517,CASE095,2026-07-10T16:07:00,ACC0517,ACC0520,1896,legitimate transfer,Delhi,Routine payment
TX4518,CASE095,2026-07-16T16:07:00,ACC0669,ACC0318,2593,legitimate transfer,Lucknow,Routine payment
TX4519,CASE095,2026-06-22T16:07:00,ACC0152,ACC0780,1440,legitimate transfer,Ludhiana,Routine payment
TX4520,CASE095,2026-07-12T16:07:00,ACC0059,ACC0574,12655,legitimate transfer,Patna,Routine payment
TX4521,CASE095,2026-06-30T16:07:00,ACC0673,ACC0291,13323,legitimate transfer,Jaipur,Routine payment
TX4522,CASE095,2026-06-29T16:07:00,ACC0549,ACC0765,13781,legitimate transfer,Hyderabad,Routine payment
TX4523,CASE095,2026-07-17T16:07:00,ACC0340,ACC0134,13938,legitimate transfer,Patna,Routine payment
TX4524,CASE095,2026-07-15T16:07:00,ACC0416,ACC0414,8096,legitimate transfer,Chennai,Routine payment
TX4525,CASE095,2026-07-13T16:07:00,ACC0768,ACC0288,9020,legitimate transfer,Chennai,Routine payment
TX4526,CASE095,2026-07-09T16:07:00,ACC0437,ACC0049,17614,legitimate transfer,Ranchi,Routine payment
TX4527,CASE095,2026-06-30T16:07:00,ACC0032,ACC0722,10182,legitimate transfer,Surat,Routine payment
TX4528,CASE095,2026-06-29T16:07:00,ACC0243,ACC0119,2456,legitimate transfer,Dehradun,Routine payment
TX4529,CASE095,2026-06-21T16:07:00,ACC0449,ACC0696,16505,legitimate transfer,Ranchi,Routine payment
TX4530,CASE095,2026-06-24T16:07:00,ACC0605,ACC0295,6743,legitimate transfer,Patna,Routine payment
TX4531,CASE095,2026-07-01T16:07:00,ACC0117,ACC0210,17057,legitimate transfer,Amritsar,Routine payment
TX4532,CASE095,2026-07-12T16:07:00,ACC0690,ACC0786,15623,legitimate transfer,Bhopal,Routine payment
TX4533,CASE095,2026-07-20T16:07:00,ACC0249,ACC0531,11996,legitimate transfer,Pune,Routine payment
TX4534,CASE095,2026-07-08T16:07:00,ACC0577,ACC0684,10402,legitimate transfer,Dehradun,Routine payment
TX4535,CASE095,2026-06-26T16:07:00,ACC0726,ACC0540,9315,legitimate transfer,Bhubaneswar,Routine payment
TX4536,CASE095,2026-06-30T16:07:00,ACC0299,ACC0125,11501,legitimate transfer,Noida,Routine payment
TX4537,CASE095,2026-07-03T16:07:00,ACC0449,ACC0146,10008,legitimate transfer,Patna,Routine payment
TX4538,CASE095,2026-07-19T16:07:00,ACC0137,ACC0593,9491,legitimate transfer,Faridabad,Routine payment
TX4539,CASE095,2026-06-30T16:07:00,ACC0539,ACC0247,1886,legitimate transfer,Mumbai,Routine payment
TX4540,CASE095,2026-06-23T16:07:00,ACC0470,ACC0099,16769,legitimate transfer,Haridwar,Routine payment
TX4541,CASE095,2026-07-20T16:07:00,ACC0267,ACC0205,18476,legitimate transfer,Patna,Routine payment
TX4542,CASE095,2026-07-05T16:07:00,ACC0450,ACC0473,13789,legitimate transfer,Bhopal,Routine payment
TX4543,CASE095,2026-07-06T16:07:00,ACC0160,ACC0217,9172,legitimate transfer,Bengaluru,Routine payment
TX4544,CASE095,2026-06-27T16:07:00,ACC0328,ACC0071,2473,legitimate transfer,Pune,Routine payment
TX4545,CASE096,2026-01-12T05:05:00,ACC0759,ACC0147,82000,transfer,Surat,Fund transfer
TX4546,CASE096,2026-01-12T05:05:00,ACC0147,ACC0685,82000,transfer,Surat,Fund transfer
TX4547,CASE096,2026-01-13T05:05:00,ACC0685,ACC0471,150000,transfer,Surat,Fund transfer
TX4548,CASE096,2026-01-12T05:05:00,ACC0471,ACC0338,82000,transfer,Surat,Fund transfer
TX4549,CASE096,2026-01-17T05:05:00,ACC0074,ACC0631,10827,legitimate transfer,Bhopal,Routine payment
TX4550,CASE096,2025-12-23T05:05:00,ACC0373,ACC0317,18312,legitimate transfer,Delhi,Routine payment
TX4551,CASE096,2026-01-16T05:05:00,ACC0084,ACC0628,1824,legitimate transfer,Amritsar,Routine payment
TX4552,CASE096,2026-01-04T05:05:00,ACC0577,ACC0274,16536,legitimate transfer,Kolkata,Routine payment
TX4553,CASE096,2026-01-14T05:05:00,ACC0741,ACC0562,5532,legitimate transfer,Bhopal,Routine payment
TX4554,CASE096,2025-12-19T05:05:00,ACC0619,ACC0474,2516,legitimate transfer,Kanpur,Routine payment
TX4555,CASE096,2025-12-23T05:05:00,ACC0116,ACC0083,9031,legitimate transfer,Indore,Routine payment
TX4556,CASE096,2026-01-04T05:05:00,ACC0489,ACC0793,2061,legitimate transfer,Lucknow,Routine payment
TX4557,CASE096,2025-12-27T05:05:00,ACC0724,ACC0680,11326,legitimate transfer,Bengaluru,Routine payment
TX4558,CASE096,2025-12-18T05:05:00,ACC0595,ACC0085,11646,legitimate transfer,Ludhiana,Routine payment
TX4559,CASE096,2026-01-02T05:05:00,ACC0325,ACC0581,9613,legitimate transfer,Amritsar,Routine payment
TX4560,CASE096,2026-01-05T05:05:00,ACC0599,ACC0616,13692,legitimate transfer,Gurugram,Routine payment
TX4561,CASE096,2026-01-13T05:05:00,ACC0064,ACC0360,15777,legitimate transfer,Bhopal,Routine payment
TX4562,CASE096,2026-01-04T05:05:00,ACC0788,ACC0674,2271,legitimate transfer,Dehradun,Routine payment
TX4563,CASE096,2025-12-25T05:05:00,ACC0507,ACC0196,10013,legitimate transfer,Hyderabad,Routine payment
TX4564,CASE096,2025-12-19T05:05:00,ACC0291,ACC0485,11443,legitimate transfer,Amritsar,Routine payment
TX4565,CASE096,2025-12-26T05:05:00,ACC0363,ACC0092,991,legitimate transfer,Delhi,Routine payment
TX4566,CASE096,2026-01-11T05:05:00,ACC0454,ACC0526,5070,legitimate transfer,Faridabad,Routine payment
TX4567,CASE096,2026-01-12T05:05:00,ACC0794,ACC0347,11612,legitimate transfer,Kolkata,Routine payment
TX4568,CASE096,2025-12-30T05:05:00,ACC0678,ACC0012,8328,legitimate transfer,Ludhiana,Routine payment
TX4569,CASE096,2025-12-30T05:05:00,ACC0638,ACC0767,14430,legitimate transfer,Bhubaneswar,Routine payment
TX4570,CASE096,2025-12-29T05:05:00,ACC0383,ACC0598,5324,legitimate transfer,Bhopal,Routine payment
TX4571,CASE096,2025-12-25T05:05:00,ACC0738,ACC0661,14788,legitimate transfer,Ghaziabad,Routine payment
TX4572,CASE096,2026-01-12T05:05:00,ACC0049,ACC0210,11833,legitimate transfer,Patna,Routine payment
TX4573,CASE096,2025-12-30T05:05:00,ACC0224,ACC0155,17791,legitimate transfer,Surat,Routine payment
TX4574,CASE096,2026-01-14T05:05:00,ACC0231,ACC0749,15630,legitimate transfer,Ahmedabad,Routine payment
TX4575,CASE096,2025-12-30T05:05:00,ACC0759,ACC0776,5387,legitimate transfer,Bengaluru,Routine payment
TX4576,CASE096,2026-01-13T05:05:00,ACC0338,ACC0480,8604,legitimate transfer,Jaipur,Routine payment
TX4577,CASE096,2025-12-18T05:05:00,ACC0519,ACC0577,7286,legitimate transfer,Amritsar,Routine payment
TX4578,CASE096,2026-01-17T05:05:00,ACC0331,ACC0002,16249,legitimate transfer,Amritsar,Routine payment
TX4579,CASE096,2026-01-06T05:05:00,ACC0227,ACC0685,17568,legitimate transfer,Agra,Routine payment
TX4580,CASE096,2026-01-01T05:05:00,ACC0543,ACC0720,2489,legitimate transfer,Haridwar,Routine payment
TX4581,CASE096,2025-12-28T05:05:00,ACC0693,ACC0057,13624,legitimate transfer,Bhubaneswar,Routine payment
TX4582,CASE096,2025-12-25T05:05:00,ACC0061,ACC0634,9829,legitimate transfer,Chennai,Routine payment
TX4583,CASE096,2025-12-19T05:05:00,ACC0451,ACC0096,15685,legitimate transfer,Amritsar,Routine payment
TX4584,CASE096,2025-12-29T05:05:00,ACC0273,ACC0399,3669,legitimate transfer,Bhubaneswar,Routine payment
TX4585,CASE096,2026-01-08T05:05:00,ACC0007,ACC0341,6279,legitimate transfer,Ludhiana,Routine payment
TX4586,CASE096,2026-01-15T05:05:00,ACC0470,ACC0151,4461,legitimate transfer,Delhi,Routine payment
TX4587,CASE096,2026-01-14T05:05:00,ACC0453,ACC0190,11734,legitimate transfer,Dehradun,Routine payment
TX4588,CASE096,2026-01-02T05:05:00,ACC0406,ACC0290,14037,legitimate transfer,Bengaluru,Routine payment
TX4589,CASE096,2026-01-05T05:05:00,ACC0321,ACC0051,13008,legitimate transfer,Chandigarh,Routine payment
TX4590,CASE096,2025-12-22T05:05:00,ACC0305,ACC0634,4793,legitimate transfer,Pune,Routine payment
TX4591,CASE096,2025-12-22T05:05:00,ACC0475,ACC0524,6324,legitimate transfer,Delhi,Routine payment
TX4592,CASE096,2025-12-23T05:05:00,ACC0026,ACC0077,10169,legitimate transfer,Bengaluru,Routine payment
TX4593,CASE096,2026-01-06T05:05:00,ACC0320,ACC0142,14015,legitimate transfer,Dehradun,Routine payment
TX4594,CASE097,2026-01-16T00:25:00,ACC0410,ACC0384,49500,transfer,Ahmedabad,Fund transfer
TX4595,CASE097,2026-01-21T00:25:00,ACC0384,ACC0726,49500,transfer,Ahmedabad,Fund transfer
TX4596,CASE097,2026-01-20T00:25:00,ACC0726,ACC0447,235000,transfer,Ahmedabad,Fund transfer
TX4597,CASE097,2026-01-21T00:25:00,ACC0447,ACC0222,82000,transfer,Ahmedabad,Fund transfer
TX4598,CASE097,2025-12-28T00:25:00,ACC0144,ACC0155,19645,legitimate transfer,Ghaziabad,Routine payment
TX4599,CASE097,2026-01-20T00:25:00,ACC0745,ACC0761,6895,legitimate transfer,Ahmedabad,Routine payment
TX4600,CASE097,2026-01-13T00:25:00,ACC0783,ACC0658,14753,legitimate transfer,Indore,Routine payment
TX4601,CASE097,2026-01-16T00:25:00,ACC0525,ACC0115,19995,legitimate transfer,Bhubaneswar,Routine payment
TX4602,CASE097,2026-01-04T00:25:00,ACC0561,ACC0378,7103,legitimate transfer,Kanpur,Routine payment
TX4603,CASE097,2026-01-05T00:25:00,ACC0450,ACC0170,9352,legitimate transfer,Lucknow,Routine payment
TX4604,CASE097,2026-01-08T00:25:00,ACC0066,ACC0405,5599,legitimate transfer,Ahmedabad,Routine payment
TX4605,CASE097,2026-01-06T00:25:00,ACC0253,ACC0555,1049,legitimate transfer,Chennai,Routine payment
TX4606,CASE097,2026-01-12T00:25:00,ACC0144,ACC0440,11831,legitimate transfer,Bhubaneswar,Routine payment
TX4607,CASE097,2026-01-21T00:25:00,ACC0035,ACC0752,11149,legitimate transfer,Faridabad,Routine payment
TX4608,CASE097,2026-01-11T00:25:00,ACC0042,ACC0078,12086,legitimate transfer,Haridwar,Routine payment
TX4609,CASE097,2026-01-18T00:25:00,ACC0476,ACC0371,13152,legitimate transfer,Jaipur,Routine payment
TX4610,CASE097,2025-12-27T00:25:00,ACC0044,ACC0112,15013,legitimate transfer,Chandigarh,Routine payment
TX4611,CASE097,2026-01-20T00:25:00,ACC0705,ACC0414,19301,legitimate transfer,Noida,Routine payment
TX4612,CASE097,2026-01-16T00:25:00,ACC0299,ACC0119,12503,legitimate transfer,Bhopal,Routine payment
TX4613,CASE097,2026-01-11T00:25:00,ACC0117,ACC0585,13486,legitimate transfer,Ahmedabad,Routine payment
TX4614,CASE097,2026-01-13T00:25:00,ACC0421,ACC0231,12248,legitimate transfer,Ranchi,Routine payment
TX4615,CASE097,2026-01-03T00:25:00,ACC0482,ACC0606,6335,legitimate transfer,Bhubaneswar,Routine payment
TX4616,CASE097,2026-01-02T00:25:00,ACC0069,ACC0191,1669,legitimate transfer,Dehradun,Routine payment
TX4617,CASE097,2025-12-30T00:25:00,ACC0257,ACC0475,3254,legitimate transfer,Bhopal,Routine payment
TX4618,CASE097,2025-12-25T00:25:00,ACC0142,ACC0200,8925,legitimate transfer,Ludhiana,Routine payment
TX4619,CASE097,2026-01-20T00:25:00,ACC0500,ACC0314,10336,legitimate transfer,Indore,Routine payment
TX4620,CASE097,2026-01-03T00:25:00,ACC0764,ACC0603,6399,legitimate transfer,Faridabad,Routine payment
TX4621,CASE097,2026-01-18T00:25:00,ACC0117,ACC0116,17281,legitimate transfer,Chandigarh,Routine payment
TX4622,CASE097,2025-12-25T00:25:00,ACC0164,ACC0608,17549,legitimate transfer,Ludhiana,Routine payment
TX4623,CASE097,2025-12-31T00:25:00,ACC0332,ACC0023,9981,legitimate transfer,Mumbai,Routine payment
TX4624,CASE097,2026-01-12T00:25:00,ACC0227,ACC0189,18472,legitimate transfer,Surat,Routine payment
TX4625,CASE097,2026-01-14T00:25:00,ACC0699,ACC0136,9929,legitimate transfer,Jaipur,Routine payment
TX4626,CASE097,2026-01-08T00:25:00,ACC0691,ACC0015,18323,legitimate transfer,Ahmedabad,Routine payment
TX4627,CASE097,2026-01-07T00:25:00,ACC0130,ACC0391,18375,legitimate transfer,Amritsar,Routine payment
TX4628,CASE097,2026-01-05T00:25:00,ACC0185,ACC0403,10019,legitimate transfer,Mumbai,Routine payment
TX4629,CASE097,2026-01-20T00:25:00,ACC0377,ACC0543,11211,legitimate transfer,Ranchi,Routine payment
TX4630,CASE097,2026-01-08T00:25:00,ACC0164,ACC0772,3133,legitimate transfer,Agra,Routine payment
TX4631,CASE097,2026-01-18T00:25:00,ACC0684,ACC0775,17780,legitimate transfer,Ranchi,Routine payment
TX4632,CASE097,2025-12-27T00:25:00,ACC0073,ACC0730,4455,legitimate transfer,Jaipur,Routine payment
TX4633,CASE097,2026-01-14T00:25:00,ACC0139,ACC0216,3524,legitimate transfer,Chandigarh,Routine payment
TX4634,CASE097,2026-01-12T00:25:00,ACC0690,ACC0788,18105,legitimate transfer,Jaipur,Routine payment
TX4635,CASE097,2026-01-14T00:25:00,ACC0207,ACC0155,10343,legitimate transfer,Kanpur,Routine payment
TX4636,CASE097,2025-12-23T00:25:00,ACC0654,ACC0021,3891,legitimate transfer,Haridwar,Routine payment
TX4637,CASE097,2025-12-27T00:25:00,ACC0660,ACC0133,3300,legitimate transfer,Chennai,Routine payment
TX4638,CASE097,2025-12-28T00:25:00,ACC0466,ACC0252,14076,legitimate transfer,Gurugram,Routine payment
TX4639,CASE097,2025-12-26T00:25:00,ACC0175,ACC0418,9554,legitimate transfer,Ahmedabad,Routine payment
TX4640,CASE097,2025-12-29T00:25:00,ACC0673,ACC0223,2994,legitimate transfer,Haridwar,Routine payment
TX4641,CASE097,2026-01-15T00:25:00,ACC0637,ACC0749,19721,legitimate transfer,Ahmedabad,Routine payment
TX4642,CASE097,2025-12-29T00:25:00,ACC0004,ACC0587,6872,legitimate transfer,Ranchi,Routine payment
TX4643,CASE098,2025-12-13T16:52:00,ACC0349,ACC0794,150000,transfer,Kanpur,Fund transfer
TX4644,CASE098,2025-12-09T16:52:00,ACC0378,ACC0233,11583,legitimate transfer,Hyderabad,Routine payment
TX4645,CASE098,2025-12-03T16:52:00,ACC0126,ACC0385,17029,legitimate transfer,Patna,Routine payment
TX4646,CASE098,2025-11-18T16:52:00,ACC0767,ACC0036,6930,legitimate transfer,Faridabad,Routine payment
TX4647,CASE098,2025-11-17T16:52:00,ACC0694,ACC0719,18783,legitimate transfer,Ranchi,Routine payment
TX4648,CASE098,2025-11-20T16:52:00,ACC0435,ACC0514,8607,legitimate transfer,Chennai,Routine payment
TX4649,CASE098,2025-11-15T16:52:00,ACC0699,ACC0659,1354,legitimate transfer,Jaipur,Routine payment
TX4650,CASE098,2025-11-22T16:52:00,ACC0507,ACC0715,2948,legitimate transfer,Surat,Routine payment
TX4651,CASE098,2025-11-15T16:52:00,ACC0137,ACC0018,2728,legitimate transfer,Surat,Routine payment
TX4652,CASE098,2025-11-14T16:52:00,ACC0742,ACC0064,2340,legitimate transfer,Pune,Routine payment
TX4653,CASE098,2025-12-13T16:52:00,ACC0462,ACC0511,2542,legitimate transfer,Patna,Routine payment
TX4654,CASE098,2025-12-09T16:52:00,ACC0108,ACC0065,12987,legitimate transfer,Agra,Routine payment
TX4655,CASE098,2025-11-30T16:52:00,ACC0638,ACC0480,4666,legitimate transfer,Bhopal,Routine payment
TX4656,CASE098,2025-11-18T16:52:00,ACC0487,ACC0640,15325,legitimate transfer,Ahmedabad,Routine payment
TX4657,CASE098,2025-11-27T16:52:00,ACC0465,ACC0540,2198,legitimate transfer,Surat,Routine payment
TX4658,CASE098,2025-11-26T16:52:00,ACC0491,ACC0715,16172,legitimate transfer,Ludhiana,Routine payment
TX4659,CASE098,2025-11-14T16:52:00,ACC0595,ACC0098,17810,legitimate transfer,Hyderabad,Routine payment
TX4660,CASE098,2025-12-14T16:52:00,ACC0083,ACC0682,4933,legitimate transfer,Delhi,Routine payment
TX4661,CASE098,2025-11-18T16:52:00,ACC0274,ACC0776,14946,legitimate transfer,Bhubaneswar,Routine payment
TX4662,CASE098,2025-12-01T16:52:00,ACC0196,ACC0654,19840,legitimate transfer,Mumbai,Routine payment
TX4663,CASE098,2025-11-21T16:52:00,ACC0105,ACC0664,1378,legitimate transfer,Kolkata,Routine payment
TX4664,CASE098,2025-11-22T16:52:00,ACC0374,ACC0518,1778,legitimate transfer,Kolkata,Routine payment
TX4665,CASE098,2025-12-11T16:52:00,ACC0607,ACC0774,10512,legitimate transfer,Ludhiana,Routine payment
TX4666,CASE098,2025-12-12T16:52:00,ACC0323,ACC0044,824,legitimate transfer,Kanpur,Routine payment
TX4667,CASE098,2025-11-25T16:52:00,ACC0283,ACC0031,14997,legitimate transfer,Jaipur,Routine payment
TX4668,CASE098,2025-12-01T16:52:00,ACC0046,ACC0035,6880,legitimate transfer,Agra,Routine payment
TX4669,CASE098,2025-11-22T16:52:00,ACC0131,ACC0789,16210,legitimate transfer,Ludhiana,Routine payment
TX4670,CASE098,2025-11-27T16:52:00,ACC0275,ACC0367,10876,legitimate transfer,Agra,Routine payment
TX4671,CASE098,2025-11-14T16:52:00,ACC0175,ACC0092,17427,legitimate transfer,Ahmedabad,Routine payment
TX4672,CASE098,2025-12-13T16:52:00,ACC0656,ACC0052,1302,legitimate transfer,Ludhiana,Routine payment
TX4673,CASE098,2025-12-04T16:52:00,ACC0015,ACC0486,9710,legitimate transfer,Dehradun,Routine payment
TX4674,CASE098,2025-11-16T16:52:00,ACC0685,ACC0416,17040,legitimate transfer,Kanpur,Routine payment
TX4675,CASE098,2025-11-20T16:52:00,ACC0127,ACC0317,10027,legitimate transfer,Patna,Routine payment
TX4676,CASE098,2025-11-23T16:52:00,ACC0018,ACC0326,7846,legitimate transfer,Ludhiana,Routine payment
TX4677,CASE098,2025-11-19T16:52:00,ACC0332,ACC0625,13216,legitimate transfer,Chennai,Routine payment
TX4678,CASE098,2025-11-17T16:52:00,ACC0199,ACC0450,10839,legitimate transfer,Surat,Routine payment
TX4679,CASE098,2025-12-02T16:52:00,ACC0079,ACC0359,517,legitimate transfer,Agra,Routine payment
TX4680,CASE098,2025-11-24T16:52:00,ACC0610,ACC0106,7264,legitimate transfer,Ludhiana,Routine payment
TX4681,CASE098,2025-11-20T16:52:00,ACC0172,ACC0556,17043,legitimate transfer,Chennai,Routine payment
TX4682,CASE098,2025-12-01T16:52:00,ACC0133,ACC0209,18353,legitimate transfer,Surat,Routine payment
TX4683,CASE098,2025-11-27T16:52:00,ACC0559,ACC0556,2922,legitimate transfer,Jaipur,Routine payment
TX4684,CASE098,2025-12-12T16:52:00,ACC0201,ACC0342,16975,legitimate transfer,Bhubaneswar,Routine payment
TX4685,CASE098,2025-11-25T16:52:00,ACC0675,ACC0181,4653,legitimate transfer,Bhopal,Routine payment
TX4686,CASE098,2025-11-27T16:52:00,ACC0152,ACC0243,14223,legitimate transfer,Noida,Routine payment
TX4687,CASE098,2025-11-27T16:52:00,ACC0145,ACC0766,18410,legitimate transfer,Patna,Routine payment
TX4688,CASE098,2025-11-23T16:52:00,ACC0055,ACC0305,17206,legitimate transfer,Mumbai,Routine payment
TX4689,CASE099,2026-06-13T12:57:00,ACC0537,ACC0309,235000,transfer,Chennai,Fund transfer
TX4690,CASE099,2026-06-16T12:57:00,ACC0309,ACC0328,49500,transfer,Chennai,Fund transfer
TX4691,CASE099,2026-06-17T12:57:00,ACC0328,ACC0110,82000,transfer,Chennai,Fund transfer
TX4692,CASE099,2026-06-17T12:57:00,ACC0110,ACC0092,49500,transfer,Chennai,Fund transfer
TX4693,CASE099,2026-05-30T12:57:00,ACC0423,ACC0676,6301,legitimate transfer,Mumbai,Routine payment
TX4694,CASE099,2026-06-02T12:57:00,ACC0268,ACC0266,9938,legitimate transfer,Ludhiana,Routine payment
TX4695,CASE099,2026-05-22T12:57:00,ACC0560,ACC0486,8029,legitimate transfer,Surat,Routine payment
TX4696,CASE099,2026-06-15T12:57:00,ACC0171,ACC0282,12227,legitimate transfer,Bhopal,Routine payment
TX4697,CASE099,2026-06-08T12:57:00,ACC0481,ACC0025,10842,legitimate transfer,Ghaziabad,Routine payment
TX4698,CASE099,2026-05-30T12:57:00,ACC0220,ACC0046,18946,legitimate transfer,Gurugram,Routine payment
TX4699,CASE099,2026-05-27T12:57:00,ACC0294,ACC0739,784,legitimate transfer,Kanpur,Routine payment
TX4700,CASE099,2026-05-19T12:57:00,ACC0173,ACC0589,6114,legitimate transfer,Amritsar,Routine payment
TX4701,CASE099,2026-06-09T12:57:00,ACC0056,ACC0701,18153,legitimate transfer,Amritsar,Routine payment
TX4702,CASE099,2026-05-31T12:57:00,ACC0464,ACC0465,6167,legitimate transfer,Jaipur,Routine payment
TX4703,CASE099,2026-06-08T12:57:00,ACC0252,ACC0400,10055,legitimate transfer,Bhubaneswar,Routine payment
TX4704,CASE099,2026-05-26T12:57:00,ACC0019,ACC0328,14828,legitimate transfer,Chennai,Routine payment
TX4705,CASE099,2026-06-14T12:57:00,ACC0798,ACC0421,11633,legitimate transfer,Haridwar,Routine payment
TX4706,CASE099,2026-06-08T12:57:00,ACC0265,ACC0299,11941,legitimate transfer,Jaipur,Routine payment
TX4707,CASE099,2026-06-12T12:57:00,ACC0474,ACC0652,16856,legitimate transfer,Chennai,Routine payment
TX4708,CASE099,2026-06-17T12:57:00,ACC0161,ACC0298,7176,legitimate transfer,Ahmedabad,Routine payment
TX4709,CASE099,2026-06-04T12:57:00,ACC0546,ACC0089,19523,legitimate transfer,Noida,Routine payment
TX4710,CASE099,2026-05-24T12:57:00,ACC0252,ACC0298,6453,legitimate transfer,Ahmedabad,Routine payment
TX4711,CASE099,2026-06-09T12:57:00,ACC0259,ACC0253,5819,legitimate transfer,Ahmedabad,Routine payment
TX4712,CASE099,2026-05-21T12:57:00,ACC0092,ACC0057,17367,legitimate transfer,Dehradun,Routine payment
TX4713,CASE099,2026-06-18T12:57:00,ACC0246,ACC0009,14674,legitimate transfer,Amritsar,Routine payment
TX4714,CASE099,2026-05-27T12:57:00,ACC0661,ACC0252,12360,legitimate transfer,Surat,Routine payment
TX4715,CASE099,2026-06-09T12:57:00,ACC0055,ACC0626,8500,legitimate transfer,Bhopal,Routine payment
TX4716,CASE099,2026-05-31T12:57:00,ACC0112,ACC0110,2030,legitimate transfer,Faridabad,Routine payment
TX4717,CASE099,2026-05-29T12:57:00,ACC0349,ACC0598,18548,legitimate transfer,Pune,Routine payment
TX4718,CASE099,2026-05-30T12:57:00,ACC0139,ACC0423,10647,legitimate transfer,Amritsar,Routine payment
TX4719,CASE099,2026-05-21T12:57:00,ACC0472,ACC0465,14993,legitimate transfer,Hyderabad,Routine payment
TX4720,CASE099,2026-06-06T12:57:00,ACC0379,ACC0627,14183,legitimate transfer,Chandigarh,Routine payment
TX4721,CASE099,2026-06-15T12:57:00,ACC0135,ACC0367,15276,legitimate transfer,Ahmedabad,Routine payment
TX4722,CASE099,2026-05-24T12:57:00,ACC0210,ACC0048,18424,legitimate transfer,Kanpur,Routine payment
TX4723,CASE099,2026-06-03T12:57:00,ACC0272,ACC0587,17718,legitimate transfer,Ranchi,Routine payment
TX4724,CASE099,2026-05-30T12:57:00,ACC0036,ACC0173,13699,legitimate transfer,Bengaluru,Routine payment
TX4725,CASE099,2026-06-04T12:57:00,ACC0006,ACC0748,17521,legitimate transfer,Noida,Routine payment
TX4726,CASE099,2026-06-10T12:57:00,ACC0178,ACC0634,3454,legitimate transfer,Delhi,Routine payment
TX4727,CASE099,2026-06-01T12:57:00,ACC0286,ACC0392,7997,legitimate transfer,Ludhiana,Routine payment
TX4728,CASE099,2026-06-14T12:57:00,ACC0484,ACC0481,12945,legitimate transfer,Gurugram,Routine payment
TX4729,CASE099,2026-06-05T12:57:00,ACC0420,ACC0565,1583,legitimate transfer,Ahmedabad,Routine payment
TX4730,CASE099,2026-06-02T12:57:00,ACC0746,ACC0787,13834,legitimate transfer,Bengaluru,Routine payment
TX4731,CASE099,2026-05-24T12:57:00,ACC0351,ACC0726,1343,legitimate transfer,Ghaziabad,Routine payment
TX4732,CASE099,2026-06-03T12:57:00,ACC0145,ACC0747,6822,legitimate transfer,Ludhiana,Routine payment
TX4733,CASE099,2026-06-13T12:57:00,ACC0778,ACC0336,13399,legitimate transfer,Amritsar,Routine payment
TX4734,CASE099,2026-06-18T12:57:00,ACC0252,ACC0118,697,legitimate transfer,Chandigarh,Routine payment
TX4735,CASE099,2026-05-29T12:57:00,ACC0194,ACC0460,4585,legitimate transfer,Bengaluru,Routine payment
TX4736,CASE099,2026-06-01T12:57:00,ACC0392,ACC0133,7369,legitimate transfer,Bhubaneswar,Routine payment
TX4737,CASE099,2026-05-21T12:57:00,ACC0554,ACC0767,10292,legitimate transfer,Agra,Routine payment
TX4738,CASE100,2026-05-25T12:07:00,ACC0677,ACC0687,49500,transfer,Ahmedabad,Fund transfer
TX4739,CASE100,2026-05-27T12:07:00,ACC0687,ACC0593,150000,transfer,Ahmedabad,Fund transfer
TX4740,CASE100,2026-05-07T12:07:00,ACC0271,ACC0406,9750,legitimate transfer,Ludhiana,Routine payment
TX4741,CASE100,2026-05-28T12:07:00,ACC0625,ACC0760,10741,legitimate transfer,Bhopal,Routine payment
TX4742,CASE100,2026-05-06T12:07:00,ACC0522,ACC0433,2722,legitimate transfer,Agra,Routine payment
TX4743,CASE100,2026-05-17T12:07:00,ACC0037,ACC0771,19996,legitimate transfer,Bengaluru,Routine payment
TX4744,CASE100,2026-05-28T12:07:00,ACC0276,ACC0192,11667,legitimate transfer,Mumbai,Routine payment
TX4745,CASE100,2026-05-24T12:07:00,ACC0296,ACC0374,19500,legitimate transfer,Faridabad,Routine payment
TX4746,CASE100,2026-05-22T12:07:00,ACC0272,ACC0173,2840,legitimate transfer,Faridabad,Routine payment
TX4747,CASE100,2026-05-17T12:07:00,ACC0696,ACC0744,15566,legitimate transfer,Ahmedabad,Routine payment
TX4748,CASE100,2026-05-04T12:07:00,ACC0090,ACC0401,14153,legitimate transfer,Delhi,Routine payment
TX4749,CASE100,2026-05-18T12:07:00,ACC0131,ACC0724,2375,legitimate transfer,Faridabad,Routine payment
TX4750,CASE100,2026-05-04T12:07:00,ACC0625,ACC0761,15704,legitimate transfer,Chandigarh,Routine payment
TX4751,CASE100,2026-05-14T12:07:00,ACC0619,ACC0036,10749,legitimate transfer,Faridabad,Routine payment
TX4752,CASE100,2026-05-06T12:07:00,ACC0539,ACC0723,15768,legitimate transfer,Noida,Routine payment
TX4753,CASE100,2026-05-26T12:07:00,ACC0152,ACC0022,16603,legitimate transfer,Bengaluru,Routine payment
TX4754,CASE100,2026-05-08T12:07:00,ACC0609,ACC0204,4101,legitimate transfer,Haridwar,Routine payment
TX4755,CASE100,2026-05-02T12:07:00,ACC0079,ACC0085,11062,legitimate transfer,Hyderabad,Routine payment
TX4756,CASE100,2026-05-05T12:07:00,ACC0089,ACC0232,1675,legitimate transfer,Agra,Routine payment
TX4757,CASE100,2026-04-30T12:07:00,ACC0010,ACC0776,12548,legitimate transfer,Mumbai,Routine payment
TX4758,CASE100,2026-05-28T12:07:00,ACC0172,ACC0447,3592,legitimate transfer,Faridabad,Routine payment
TX4759,CASE100,2026-05-10T12:07:00,ACC0195,ACC0552,16662,legitimate transfer,Bhubaneswar,Routine payment
TX4760,CASE100,2026-05-02T12:07:00,ACC0493,ACC0197,2537,legitimate transfer,Kanpur,Routine payment
TX4761,CASE100,2026-05-06T12:07:00,ACC0381,ACC0212,15692,legitimate transfer,Chandigarh,Routine payment
TX4762,CASE100,2026-05-27T12:07:00,ACC0327,ACC0239,13286,legitimate transfer,Ludhiana,Routine payment
TX4763,CASE100,2026-05-17T12:07:00,ACC0209,ACC0374,13353,legitimate transfer,Patna,Routine payment
TX4764,CASE100,2026-05-28T12:07:00,ACC0017,ACC0386,16168,legitimate transfer,Chandigarh,Routine payment
TX4765,CASE100,2026-05-11T12:07:00,ACC0174,ACC0722,1696,legitimate transfer,Agra,Routine payment
TX4766,CASE100,2026-05-04T12:07:00,ACC0170,ACC0234,7264,legitimate transfer,Faridabad,Routine payment
TX4767,CASE100,2026-05-27T12:07:00,ACC0490,ACC0641,17403,legitimate transfer,Patna,Routine payment
TX4768,CASE100,2026-05-16T12:07:00,ACC0493,ACC0145,7571,legitimate transfer,Faridabad,Routine payment
TX4769,CASE100,2026-05-15T12:07:00,ACC0478,ACC0246,9349,legitimate transfer,Ghaziabad,Routine payment
TX4770,CASE100,2026-05-21T12:07:00,ACC0006,ACC0307,9702,legitimate transfer,Mumbai,Routine payment
TX4771,CASE100,2026-05-18T12:07:00,ACC0604,ACC0448,16770,legitimate transfer,Bhubaneswar,Routine payment
TX4772,CASE100,2026-05-15T12:07:00,ACC0681,ACC0130,18376,legitimate transfer,Mumbai,Routine payment
TX4773,CASE100,2026-05-01T12:07:00,ACC0256,ACC0230,18458,legitimate transfer,Jaipur,Routine payment
TX4774,CASE100,2026-04-28T12:07:00,ACC0072,ACC0791,2184,legitimate transfer,Ludhiana,Routine payment
TX4775,CASE100,2026-05-18T12:07:00,ACC0379,ACC0061,9554,legitimate transfer,Lucknow,Routine payment
TX4776,CASE100,2026-05-09T12:07:00,ACC0265,ACC0623,5404,legitimate transfer,Ranchi,Routine payment
TX4777,CASE100,2026-05-08T12:07:00,ACC0448,ACC0683,14751,legitimate transfer,Delhi,Routine payment
TX4778,CASE100,2026-05-18T12:07:00,ACC0347,ACC0698,19952,legitimate transfer,Gurugram,Routine payment
TX4779,CASE100,2026-04-28T12:07:00,ACC0640,ACC0183,11706,legitimate transfer,Faridabad,Routine payment
TX4780,CASE100,2026-05-26T12:07:00,ACC0640,ACC0057,942,legitimate transfer,Bhopal,Routine payment
TX4781,CASE100,2026-05-23T12:07:00,ACC0244,ACC0206,9197,legitimate transfer,Gurugram,Routine payment
TX4782,CASE100,2026-05-09T12:07:00,ACC0495,ACC0188,4493,legitimate transfer,Bhubaneswar,Routine payment
TX4783,CASE100,2026-05-26T12:07:00,ACC0124,ACC0242,17040,legitimate transfer,Kolkata,Routine payment
TX4784,CASE100,2026-05-11T12:07:00,ACC0751,ACC0688,16081,legitimate transfer,Kolkata,Routine payment
