case_id,cdr_id,anomaly_pattern
CASE001,CDR0002,odd_hour_contact
CASE001,CDR0005,burst_calling
CASE001,CDR0006,burst_calling
CASE001,CDR0007,burst_calling
CASE001,CDR0008,burst_calling
CASE001,CDR0009,burst_calling
CASE001,CDR0010,burst_calling
CASE001,CDR0011,burst_calling
CASE001,CDR0012,burst_calling
CASE001,CDR0013,odd_hour_contact|burst_calling
CASE001,CDR0014,burst_calling
CASE001,CDR0015,burst_calling
CASE001,CDR0019,burst_calling
CASE001,CDR0020,burst_calling
CASE001,CDR0021,burst_calling
CASE001,CDR0022,burst_calling
CASE001,CDR0023,burst_calling
CASE001,CDR0024,odd_hour_contact
CASE001,CDR0025,odd_hour_contact
CASE001,CDR0028,odd_hour_contact
CASE001,CDR0034,odd_hour_contact
CASE001,CDR0035,odd_hour_contact
CASE001,CDR0037,burst_calling
CASE001,CDR0038,odd_hour_contact|burst_calling
CASE001,CDR0039,burst_calling
CASE001,CDR0040,burst_calling
CASE001,CDR0041,burst_calling
CASE001,CDR0042,burst_calling
CASE001,CDR0046,burst_calling
CASE001,CDR0047,odd_hour_contact|burst_calling
CASE001,CDR0048,burst_calling
CASE001,CDR0049,odd_hour_contact|burst_calling
CASE001,CDR0050,odd_hour_contact|burst_calling
CASE001,CDR0051,odd_hour_contact
CASE001,CDR0054,burst_calling
CASE001,CDR0055,burst_calling
CASE001,CDR0056,burst_calling
CASE001,CDR0057,burst_calling
CASE001,CDR0058,burst_calling
CASE001,CDR0059,odd_hour_contact|burst_calling
CASE001,CDR0063,burst_calling
CASE001,CDR0064,odd_hour_contact|burst_calling
CASE001,CDR0065,burst_calling
CASE001,CDR0066,burst_calling
CASE001,CDR0067,burst_calling
CASE001,CDR0072,odd_hour_contact|burst_calling
CASE001,CDR0073,burst_calling
CASE001,CDR0074,burst_calling
CASE001,CDR0075,burst_calling
CASE001,CDR0076,burst_calling
CASE001,CDR0079,odd_hour_contact
CASE001,CDR0081,burst_calling
CASE001,CDR0082,burst_calling
CASE001,CDR0083,burst_calling
CASE001,CDR0084,burst_calling
CASE001,CDR0085,odd_hour_contact|burst_calling
CASE001,CDR0086,burst_calling
CASE001,CDR0090,burst_calling
CASE001,CDR0091,burst_calling
CASE001,CDR0092,burst_calling
CASE001,CDR0093,burst_calling
CASE001,CDR0094,burst_calling
CASE001,CDR0095,odd_hour_contact|burst_calling
CASE001,CDR0096,burst_calling
CASE001,CDR0097,burst_calling
CASE001,CDR0098,burst_calling
CASE001,CDR0099,burst_calling
CASE001,CDR0100,burst_calling
CASE001,CDR0105,odd_hour_contact
CASE001,CDR0109,odd_hour_contact
CASE001,CDR0112,burst_calling
CASE001,CDR0113,burst_calling
CASE001,CDR0114,odd_hour_contact|burst_calling
CASE001,CDR0115,burst_calling
CASE001,CDR0116,odd_hour_contact|burst_calling
CASE001,CDR0117,burst_calling
CASE001,CDR0118,odd_hour_contact
CASE001,CDR0120,odd_hour_contact|burst_calling
CASE001,CDR0121,burst_calling
CASE001,CDR0122,burst_calling
CASE001,CDR0123,burst_calling
CASE001,CDR0124,burst_calling
CASE001,CDR0129,odd_hour_contact
CASE001,CDR0133,odd_hour_contact
CASE001,CDR0138,odd_hour_contact
CASE001,CDR0139,odd_hour_contact
CASE001,CDR0140,odd_hour_contact
CASE001,CDR0144,single_use_contact
CASE001,CDR0145,single_use_contact
CASE001,CDR0146,single_use_contact
CASE001,CDR0147,odd_hour_contact|single_use_contact
CASE001,CDR0148,single_use_contact
CASE001,CDR0149,single_use_contact
CASE001,CDR0150,single_use_contact
CASE001,CDR0151,single_use_contact
CASE001,CDR0152,odd_hour_contact|single_use_contact
CASE001,CDR0153,single_use_contact
CASE001,CDR0154,single_use_contact
CASE001,CDR0155,odd_hour_contact|single_use_contact
CASE001,CDR0156,single_use_contact
CASE001,CDR0157,single_use_contact
CASE001,CDR0158,single_use_contact
CASE001,CDR0159,single_use_contact
CASE001,CDR0160,single_use_contact
CASE001,CDR0161,single_use_contact
CASE001,CDR0162,single_use_contact
CASE001,CDR0163,single_use_contact
CASE001,CDR0164,single_use_contact
CASE001,CDR0165,single_use_contact
CASE001,CDR0166,single_use_contact
CASE001,CDR0167,single_use_contact
CASE001,CDR0168,single_use_contact
CASE001,CDR0169,single_use_contact
CASE001,CDR0170,single_use_contact
CASE001,CDR0171,single_use_contact
CASE001,CDR0172,odd_hour_contact|single_use_contact
CASE001,CDR0173,single_use_contact
CASE001,CDR0174,odd_hour_contact|single_use_contact
CASE001,CDR0175,single_use_contact
CASE001,CDR0176,single_use_contact
CASE001,CDR0177,odd_hour_contact|single_use_contact
CASE001,CDR0178,odd_hour_contact|single_use_contact
CASE001,CDR0179,single_use_contact
CASE001,CDR0180,single_use_contact
CASE001,CDR0181,single_use_contact
CASE001,CDR0182,single_use_contact
CASE001,CDR0183,single_use_contact
CASE001,CDR0184,single_use_contact
CASE001,CDR0185,odd_hour_contact|single_use_contact
CASE001,CDR0186,single_use_contact
CASE001,CDR0187,single_use_contact
CASE001,CDR0188,single_use_contact
CASE001,CDR0189,single_use_contact
CASE001,CDR0190,single_use_contact
CASE001,CDR0191,single_use_contact
CASE001,CDR0192,single_use_contact
CASE001,CDR0193,single_use_contact
CASE001,CDR0194,single_use_contact
CASE001,CDR0195,single_use_contact
CASE001,CDR0196,single_use_contact
CASE001,CDR0197,single_use_contact
CASE001,CDR0198,single_use_contact
CASE001,CDR0199,single_use_contact
CASE001,CDR0200,single_use_contact
CASE001,CDR0201,single_use_contact
CASE001,CDR0202,single_use_contact
CASE001,CDR0203,single_use_contact
CASE001,CDR0204,single_use_contact
CASE001,CDR0205,single_use_contact
CASE001,CDR0206,single_use_contact
CASE001,CDR0207,single_use_contact
CASE001,CDR0208,single_use_contact
CASE001,CDR0209,single_use_contact
CASE001,CDR0210,single_use_contact
CASE001,CDR0211,single_use_contact
CASE001,CDR0212,single_use_contact
CASE001,CDR0213,single_use_contact
CASE001,CDR0214,single_use_contact
CASE001,CDR0215,single_use_contact
CASE001,CDR0216,odd_hour_contact|single_use_contact
CASE001,CDR0217,single_use_contact
CASE001,CDR0218,single_use_contact
CASE001,CDR0219,single_use_contact
CASE001,CDR0220,single_use_contact
CASE001,CDR0221,odd_hour_contact|single_use_contact
CASE001,CDR0222,single_use_contact
CASE001,CDR0223,single_use_contact
CASE001,CDR0224,single_use_contact
CASE001,CDR0225,odd_hour_contact|single_use_contact
CASE001,CDR0226,single_use_contact
CASE001,CDR0227,single_use_contact
CASE001,CDR0228,odd_hour_contact|single_use_contact
CASE001,CDR0229,odd_hour_contact|single_use_contact
CASE001,CDR0230,odd_hour_contact|single_use_contact
CASE001,CDR0231,single_use_contact
CASE001,CDR0232,single_use_contact
CASE001,CDR0233,single_use_contact
CASE002,CDR0234,burst_calling
CASE002,CDR0235,burst_calling
CASE002,CDR0236,odd_hour_contact|burst_calling
CASE002,CDR0237,burst_calling
CASE002,CDR0238,burst_calling
CASE002,CDR0241,odd_hour_contact|burst_calling
CASE002,CDR0242,odd_hour_contact|burst_calling
CASE002,CDR0243,burst_calling
CASE002,CDR0244,burst_calling
CASE002,CDR0245,burst_calling
CASE002,CDR0246,burst_calling
CASE002,CDR0247,odd_hour_contact|burst_calling
CASE002,CDR0248,odd_hour_contact|burst_calling
CASE002,CDR0249,odd_hour_contact|burst_calling
CASE002,CDR0250,burst_calling
CASE002,CDR0251,burst_calling
CASE002,CDR0257,odd_hour_contact
CASE002,CDR0258,burst_calling
CASE002,CDR0259,burst_calling
CASE002,CDR0260,burst_calling
CASE002,CDR0261,burst_calling
CASE002,CDR0262,burst_calling
CASE002,CDR0263,odd_hour_contact
CASE002,CDR0266,odd_hour_contact
CASE002,CDR0267,odd_hour_contact
CASE002,CDR0271,burst_calling
CASE002,CDR0272,burst_calling
CASE002,CDR0273,burst_calling
CASE002,CDR0274,burst_calling
CASE002,CDR0275,odd_hour_contact|burst_calling
CASE002,CDR0278,odd_hour_contact
CASE002,CDR0287,burst_calling
CASE002,CDR0288,burst_calling
CASE002,CDR0289,burst_calling
CASE002,CDR0290,burst_calling
CASE002,CDR0291,burst_calling
CASE002,CDR0292,odd_hour_contact
CASE002,CDR0293,odd_hour_contact
CASE002,CDR0298,odd_hour_contact|burst_calling
CASE002,CDR0299,burst_calling
CASE002,CDR0300,burst_calling
CASE002,CDR0301,burst_calling
CASE002,CDR0302,burst_calling
CASE002,CDR0303,burst_calling
CASE002,CDR0304,odd_hour_contact|burst_calling
CASE002,CDR0305,burst_calling
CASE002,CDR0306,burst_calling
CASE002,CDR0307,burst_calling
CASE002,CDR0308,burst_calling
CASE002,CDR0309,burst_calling
CASE002,CDR0310,burst_calling
CASE002,CDR0311,odd_hour_contact|burst_calling
CASE002,CDR0312,burst_calling
CASE002,CDR0313,burst_calling
CASE002,CDR0314,burst_calling
CASE002,CDR0315,burst_calling
CASE002,CDR0317,odd_hour_contact
CASE002,CDR0320,odd_hour_contact|burst_calling
CASE002,CDR0321,burst_calling
CASE002,CDR0322,burst_calling
CASE002,CDR0323,odd_hour_contact|burst_calling
CASE002,CDR0324,burst_calling
CASE002,CDR0331,odd_hour_contact
CASE002,CDR0332,odd_hour_contact|burst_calling
CASE002,CDR0333,odd_hour_contact|burst_calling
CASE002,CDR0334,burst_calling
CASE002,CDR0335,burst_calling
CASE002,CDR0336,burst_calling
CASE002,CDR0337,burst_calling
CASE002,CDR0340,odd_hour_contact
CASE002,CDR0343,odd_hour_contact
CASE002,CDR0345,burst_calling
CASE002,CDR0346,burst_calling
CASE002,CDR0347,burst_calling
CASE002,CDR0348,burst_calling
CASE002,CDR0349,burst_calling
CASE002,CDR0350,burst_calling
CASE002,CDR0351,odd_hour_contact
CASE002,CDR0357,single_use_contact
CASE002,CDR0358,odd_hour_contact|single_use_contact
CASE002,CDR0359,single_use_contact
CASE002,CDR0360,single_use_contact
CASE002,CDR0361,odd_hour_contact|single_use_contact
CASE002,CDR0362,single_use_contact
CASE002,CDR0363,single_use_contact
CASE002,CDR0364,single_use_contact
CASE002,CDR0365,single_use_contact
CASE002,CDR0366,single_use_contact
CASE002,CDR0367,single_use_contact
CASE002,CDR0368,single_use_contact
CASE002,CDR0369,single_use_contact
CASE002,CDR0370,single_use_contact
CASE002,CDR0371,odd_hour_contact|single_use_contact
CASE002,CDR0372,single_use_contact
CASE002,CDR0373,single_use_contact
CASE002,CDR0374,single_use_contact
CASE002,CDR0375,odd_hour_contact|single_use_contact
CASE002,CDR0376,single_use_contact
CASE002,CDR0377,single_use_contact
CASE002,CDR0378,single_use_contact
CASE002,CDR0379,single_use_contact
CASE002,CDR0380,single_use_contact
CASE002,CDR0381,odd_hour_contact|single_use_contact
CASE002,CDR0382,single_use_contact
CASE002,CDR0383,single_use_contact
CASE002,CDR0384,single_use_contact
CASE002,CDR0385,odd_hour_contact|single_use_contact
CASE002,CDR0386,single_use_contact
CASE002,CDR0387,single_use_contact
CASE002,CDR0388,single_use_contact
CASE002,CDR0389,single_use_contact
CASE002,CDR0390,single_use_contact
CASE002,CDR0391,single_use_contact
CASE002,CDR0392,odd_hour_contact|single_use_contact
CASE002,CDR0393,odd_hour_contact|single_use_contact
CASE002,CDR0394,single_use_contact
CASE002,CDR0395,single_use_contact
CASE002,CDR0396,single_use_contact
CASE002,CDR0397,single_use_contact
CASE002,CDR0398,single_use_contact
CASE002,CDR0399,single_use_contact
CASE002,CDR0400,single_use_contact
CASE002,CDR0401,single_use_contact
CASE002,CDR0402,single_use_contact
CASE002,CDR0403,odd_hour_contact|single_use_contact
CASE002,CDR0404,single_use_contact
CASE002,CDR0405,single_use_contact
CASE002,CDR0406,single_use_contact
CASE002,CDR0407,odd_hour_contact|single_use_contact
CASE002,CDR0408,single_use_contact
CASE002,CDR0409,single_use_contact
CASE002,CDR0410,single_use_contact
CASE002,CDR0411,odd_hour_contact|single_use_contact
CASE002,CDR0412,single_use_contact
CASE002,CDR0413,single_use_contact
CASE002,CDR0414,single_use_contact
CASE002,CDR0415,odd_hour_contact|single_use_contact
CASE002,CDR0416,single_use_contact
CASE002,CDR0417,single_use_contact
CASE002,CDR0418,single_use_contact
CASE002,CDR0419,single_use_contact
CASE002,CDR0420,single_use_contact
CASE002,CDR0421,single_use_contact
CASE002,CDR0422,single_use_contact
CASE002,CDR0423,single_use_contact
CASE002,CDR0424,single_use_contact
CASE002,CDR0425,single_use_contact
CASE002,CDR0426,single_use_contact
CASE002,CDR0427,odd_hour_contact|single_use_contact
CASE002,CDR0428,single_use_contact
CASE002,CDR0429,odd_hour_contact|single_use_contact
CASE002,CDR0430,single_use_contact
CASE002,CDR0431,single_use_contact
CASE002,CDR0432,odd_hour_contact|single_use_contact
CASE002,CDR0433,odd_hour_contact|single_use_contact
CASE002,CDR0434,odd_hour_contact|single_use_contact
CASE002,CDR0435,single_use_contact
CASE002,CDR0436,single_use_contact
CASE002,CDR0437,single_use_contact
CASE002,CDR0438,odd_hour_contact|single_use_contact
CASE002,CDR0439,single_use_contact
CASE002,CDR0440,single_use_contact
CASE002,CDR0441,single_use_contact
CASE002,CDR0442,odd_hour_contact|single_use_contact
CASE002,CDR0443,single_use_contact
CASE002,CDR0444,single_use_contact
CASE002,CDR0445,single_use_contact
CASE002,CDR0446,odd_hour_contact|single_use_contact
CASE003,CDR0447,odd_hour_contact
CASE003,CDR0450,odd_hour_contact
CASE003,CDR0453,odd_hour_contact
CASE003,CDR0456,odd_hour_contact
CASE003,CDR0460,burst_calling
CASE003,CDR0461,burst_calling
CASE003,CDR0462,burst_calling
CASE003,CDR0463,odd_hour_contact|burst_calling
CASE003,CDR0464,odd_hour_contact|burst_calling
CASE003,CDR0465,burst_calling
CASE003,CDR0466,odd_hour_contact|burst_calling
CASE003,CDR0467,burst_calling
CASE003,CDR0468,burst_calling
CASE003,CDR0469,burst_calling
CASE003,CDR0470,burst_calling
CASE003,CDR0471,burst_calling
CASE003,CDR0477,odd_hour_contact
CASE003,CDR0480,odd_hour_contact|burst_calling
CASE003,CDR0481,burst_calling
CASE003,CDR0482,burst_calling
CASE003,CDR0483,odd_hour_contact|burst_calling
CASE003,CDR0484,burst_calling
CASE003,CDR0485,burst_calling
CASE003,CDR0494,odd_hour_contact|burst_calling
CASE003,CDR0495,burst_calling
CASE003,CDR0496,burst_calling
CASE003,CDR0497,odd_hour_contact|burst_calling
CASE003,CDR0498,burst_calling
CASE003,CDR0499,burst_calling
CASE003,CDR0501,odd_hour_contact
CASE003,CDR0510,odd_hour_contact|single_use_contact
CASE003,CDR0511,single_use_contact
CASE003,CDR0512,single_use_contact
CASE003,CDR0513,odd_hour_contact|single_use_contact
CASE003,CDR0514,single_use_contact
CASE003,CDR0515,odd_hour_contact|single_use_contact
CASE003,CDR0516,single_use_contact
CASE003,CDR0517,odd_hour_contact|single_use_contact
CASE003,CDR0518,odd_hour_contact|single_use_contact
CASE003,CDR0519,single_use_contact
CASE003,CDR0520,single_use_contact
CASE003,CDR0521,odd_hour_contact|single_use_contact
CASE003,CDR0522,single_use_contact
CASE003,CDR0523,odd_hour_contact|single_use_contact
CASE003,CDR0524,single_use_contact
CASE003,CDR0525,odd_hour_contact|single_use_contact
CASE003,CDR0526,single_use_contact
CASE003,CDR0527,single_use_contact
CASE003,CDR0528,single_use_contact
CASE003,CDR0529,odd_hour_contact|single_use_contact
CASE003,CDR0530,single_use_contact
CASE003,CDR0531,single_use_contact
CASE003,CDR0532,odd_hour_contact|single_use_contact
CASE003,CDR0533,single_use_contact
CASE003,CDR0534,single_use_contact
CASE003,CDR0535,odd_hour_contact|single_use_contact
CASE003,CDR0536,single_use_contact
CASE003,CDR0537,single_use_contact
CASE003,CDR0538,single_use_contact
CASE003,CDR0539,odd_hour_contact|single_use_contact
CASE003,CDR0540,single_use_contact
CASE003,CDR0541,single_use_contact
CASE003,CDR0542,single_use_contact
CASE003,CDR0545,odd_hour_contact|single_use_contact
CASE003,CDR0546,single_use_contact
CASE003,CDR0547,single_use_contact
CASE003,CDR0548,single_use_contact
CASE003,CDR0549,single_use_contact
CASE003,CDR0550,single_use_contact
CASE003,CDR0551,single_use_contact
CASE003,CDR0552,single_use_contact
CASE003,CDR0553,odd_hour_contact|single_use_contact
CASE003,CDR0554,odd_hour_contact|single_use_contact
CASE003,CDR0555,single_use_contact
CASE003,CDR0556,single_use_contact
CASE003,CDR0557,odd_hour_contact|single_use_contact
CASE003,CDR0558,single_use_contact
CASE003,CDR0559,single_use_contact
CASE003,CDR0560,single_use_contact
CASE003,CDR0561,single_use_contact
CASE003,CDR0562,single_use_contact
CASE003,CDR0563,single_use_contact
CASE003,CDR0564,single_use_contact
CASE003,CDR0565,odd_hour_contact|single_use_contact
CASE003,CDR0566,single_use_contact
CASE003,CDR0567,single_use_contact
CASE003,CDR0568,single_use_contact
CASE003,CDR0569,single_use_contact
CASE003,CDR0570,single_use_contact
CASE003,CDR0571,single_use_contact
CASE003,CDR0572,single_use_contact
CASE003,CDR0573,odd_hour_contact|single_use_contact
CASE003,CDR0574,single_use_contact
CASE003,CDR0575,single_use_contact
CASE003,CDR0576,single_use_contact
CASE003,CDR0577,odd_hour_contact|single_use_contact
CASE003,CDR0578,single_use_contact
CASE003,CDR0579,single_use_contact
CASE003,CDR0580,odd_hour_contact|single_use_contact
CASE003,CDR0581,single_use_contact
CASE003,CDR0582,single_use_contact
CASE003,CDR0583,single_use_contact
CASE003,CDR0584,single_use_contact
CASE003,CDR0585,single_use_contact
CASE003,CDR0586,odd_hour_contact|single_use_contact
CASE003,CDR0587,single_use_contact
CASE003,CDR0588,single_use_contact
CASE003,CDR0589,single_use_contact
CASE003,CDR0590,single_use_contact
CASE003,CDR0591,single_use_contact
CASE003,CDR0592,single_use_contact
CASE003,CDR0593,single_use_contact
CASE003,CDR0594,odd_hour_contact|single_use_contact
CASE003,CDR0595,single_use_contact
CASE003,CDR0596,single_use_contact
CASE003,CDR0597,odd_hour_contact|single_use_contact
CASE003,CDR0598,single_use_contact
CASE003,CDR0599,single_use_contact
CASE004,CDR0601,odd_hour_contact
CASE004,CDR0607,burst_calling
CASE004,CDR0608,burst_calling
CASE004,CDR0609,burst_calling
CASE004,CDR0610,burst_calling
CASE004,CDR0611,burst_calling
CASE004,CDR0614,odd_hour_contact
CASE004,CDR0615,odd_hour_contact
CASE004,CDR0616,burst_calling
CASE004,CDR0617,burst_calling
CASE004,CDR0618,burst_calling
CASE004,CDR0619,burst_calling
CASE004,CDR0620,burst_calling
CASE004,CDR0621,burst_calling
CASE004,CDR0622,burst_calling
CASE004,CDR0623,burst_calling
CASE004,CDR0624,burst_calling
CASE004,CDR0625,odd_hour_contact|burst_calling
CASE004,CDR0626,odd_hour_contact|burst_calling
CASE004,CDR0627,burst_calling
CASE004,CDR0628,odd_hour_contact|burst_calling
CASE004,CDR0629,burst_calling
CASE004,CDR0630,burst_calling
CASE004,CDR0633,odd_hour_contact|burst_calling
CASE004,CDR0634,burst_calling
CASE004,CDR0635,burst_calling
CASE004,CDR0636,burst_calling
CASE004,CDR0637,burst_calling
CASE004,CDR0642,burst_calling
CASE004,CDR0643,burst_calling
CASE004,CDR0644,burst_calling
CASE004,CDR0645,burst_calling
CASE004,CDR0646,burst_calling
CASE004,CDR0647,burst_calling
CASE004,CDR0648,single_use_contact
CASE004,CDR0649,odd_hour_contact|single_use_contact
CASE004,CDR0650,odd_hour_contact|single_use_contact
CASE004,CDR0651,single_use_contact
CASE004,CDR0652,single_use_contact
CASE004,CDR0653,single_use_contact
CASE004,CDR0654,single_use_contact
CASE004,CDR0655,odd_hour_contact|single_use_contact
CASE004,CDR0656,single_use_contact
CASE004,CDR0657,single_use_contact
CASE004,CDR0658,single_use_contact
CASE004,CDR0659,single_use_contact
CASE004,CDR0660,single_use_contact
CASE004,CDR0661,odd_hour_contact|single_use_contact
CASE004,CDR0662,odd_hour_contact|single_use_contact
CASE004,CDR0663,single_use_contact
CASE004,CDR0664,single_use_contact
CASE004,CDR0665,single_use_contact
CASE004,CDR0666,single_use_contact
CASE004,CDR0667,odd_hour_contact|single_use_contact
CASE004,CDR0668,single_use_contact
CASE004,CDR0669,single_use_contact
CASE004,CDR0670,single_use_contact
CASE004,CDR0671,single_use_contact
CASE004,CDR0672,single_use_contact
CASE004,CDR0673,single_use_contact
CASE004,CDR0674,single_use_contact
CASE004,CDR0675,single_use_contact
CASE004,CDR0676,odd_hour_contact|single_use_contact
CASE004,CDR0677,single_use_contact
CASE004,CDR0678,single_use_contact
CASE004,CDR0679,single_use_contact
CASE004,CDR0680,single_use_contact
CASE004,CDR0681,single_use_contact
CASE004,CDR0682,single_use_contact
CASE004,CDR0683,single_use_contact
CASE004,CDR0684,single_use_contact
CASE004,CDR0685,single_use_contact
CASE004,CDR0686,odd_hour_contact|single_use_contact
CASE004,CDR0687,single_use_contact
CASE004,CDR0688,single_use_contact
CASE004,CDR0689,single_use_contact
CASE004,CDR0690,single_use_contact
CASE004,CDR0691,odd_hour_contact|single_use_contact
CASE004,CDR0692,odd_hour_contact|single_use_contact
CASE004,CDR0693,single_use_contact
CASE004,CDR0694,single_use_contact
CASE004,CDR0695,single_use_contact
CASE004,CDR0696,odd_hour_contact|single_use_contact
CASE004,CDR0697,odd_hour_contact|single_use_contact
CASE004,CDR0698,single_use_contact
CASE004,CDR0699,single_use_contact
CASE004,CDR0700,single_use_contact
CASE004,CDR0701,single_use_contact
CASE004,CDR0702,single_use_contact
CASE004,CDR0703,single_use_contact
CASE004,CDR0704,odd_hour_contact|single_use_contact
CASE004,CDR0705,single_use_contact
CASE004,CDR0706,odd_hour_contact|single_use_contact
CASE004,CDR0707,odd_hour_contact|single_use_contact
CASE004,CDR0708,single_use_contact
CASE004,CDR0709,single_use_contact
CASE004,CDR0710,odd_hour_contact|single_use_contact
CASE004,CDR0711,odd_hour_contact|single_use_contact
CASE004,CDR0712,single_use_contact
CASE004,CDR0713,single_use_contact
CASE004,CDR0714,single_use_contact
CASE004,CDR0715,single_use_contact
CASE004,CDR0716,single_use_contact
CASE004,CDR0717,single_use_contact
CASE004,CDR0718,single_use_contact
CASE004,CDR0719,single_use_contact
CASE004,CDR0720,single_use_contact
CASE004,CDR0721,single_use_contact
CASE004,CDR0722,odd_hour_contact|single_use_contact
CASE004,CDR0723,single_use_contact
CASE004,CDR0724,single_use_contact
CASE004,CDR0725,single_use_contact
CASE004,CDR0726,single_use_contact
CASE004,CDR0727,single_use_contact
CASE004,CDR0728,odd_hour_contact|single_use_contact
CASE004,CDR0729,single_use_contact
CASE004,CDR0730,odd_hour_contact|single_use_contact
CASE004,CDR0731,odd_hour_contact|single_use_contact
CASE004,CDR0732,odd_hour_contact|single_use_contact
CASE004,CDR0733,odd_hour_contact|single_use_contact
CASE004,CDR0734,single_use_contact
CASE004,CDR0735,odd_hour_contact|single_use_contact
CASE004,CDR0736,single_use_contact
CASE004,CDR0737,single_use_contact
CASE005,CDR0738,odd_hour_contact
CASE005,CDR0741,odd_hour_contact
CASE005,CDR0742,odd_hour_contact
CASE005,CDR0743,odd_hour_contact
CASE005,CDR0748,odd_hour_contact
CASE005,CDR0751,odd_hour_contact
CASE005,CDR0752,burst_calling
CASE005,CDR0753,burst_calling
CASE005,CDR0754,odd_hour_contact|burst_calling
CASE005,CDR0755,burst_calling
CASE005,CDR0756,burst_calling
CASE005,CDR0757,burst_calling
CASE005,CDR0758,burst_calling
CASE005,CDR0759,odd_hour_contact|burst_calling
CASE005,CDR0760,burst_calling
CASE005,CDR0761,burst_calling
CASE005,CDR0762,burst_calling
CASE005,CDR0763,burst_calling
CASE005,CDR0764,burst_calling
CASE005,CDR0765,burst_calling
CASE005,CDR0766,burst_calling
CASE005,CDR0767,burst_calling
CASE005,CDR0768,burst_calling
CASE005,CDR0769,odd_hour_contact|burst_calling
CASE005,CDR0770,burst_calling
CASE005,CDR0771,burst_calling
CASE005,CDR0772,burst_calling
CASE005,CDR0773,odd_hour_contact
CASE005,CDR0774,odd_hour_contact
CASE005,CDR0777,odd_hour_contact
CASE005,CDR0779,odd_hour_contact
CASE005,CDR0780,single_use_contact
CASE005,CDR0781,single_use_contact
CASE005,CDR0782,single_use_contact
CASE005,CDR0783,single_use_contact
CASE005,CDR0784,single_use_contact
CASE005,CDR0785,single_use_contact
CASE005,CDR0786,single_use_contact
CASE005,CDR0787,single_use_contact
CASE005,CDR0788,single_use_contact
CASE005,CDR0789,single_use_contact
CASE005,CDR0790,single_use_contact
CASE005,CDR0791,odd_hour_contact|single_use_contact
CASE005,CDR0792,single_use_contact
CASE005,CDR0793,single_use_contact
CASE005,CDR0794,single_use_contact
CASE005,CDR0795,single_use_contact
CASE005,CDR0796,single_use_contact
CASE005,CDR0797,single_use_contact
CASE005,CDR0798,single_use_contact
CASE005,CDR0799,odd_hour_contact|single_use_contact
CASE005,CDR0800,single_use_contact
CASE005,CDR0801,single_use_contact
CASE005,CDR0802,single_use_contact
CASE005,CDR0803,single_use_contact
CASE005,CDR0804,odd_hour_contact|single_use_contact
CASE005,CDR0805,odd_hour_contact|single_use_contact
CASE005,CDR0806,single_use_contact
CASE005,CDR0807,single_use_contact
CASE005,CDR0808,odd_hour_contact|single_use_contact
CASE005,CDR0809,odd_hour_contact|single_use_contact
CASE005,CDR0810,single_use_contact
CASE005,CDR0811,single_use_contact
CASE005,CDR0812,single_use_contact
CASE005,CDR0813,odd_hour_contact|single_use_contact
CASE005,CDR0814,single_use_contact
CASE005,CDR0815,single_use_contact
CASE005,CDR0816,single_use_contact
CASE005,CDR0817,single_use_contact
CASE005,CDR0818,single_use_contact
CASE005,CDR0819,single_use_contact
CASE005,CDR0820,single_use_contact
CASE005,CDR0821,single_use_contact
CASE005,CDR0822,single_use_contact
CASE005,CDR0823,single_use_contact
CASE005,CDR0824,single_use_contact
CASE005,CDR0825,single_use_contact
CASE005,CDR0826,single_use_contact
CASE005,CDR0827,odd_hour_contact|single_use_contact
CASE005,CDR0828,single_use_contact
CASE005,CDR0829,odd_hour_contact|single_use_contact
CASE005,CDR0830,single_use_contact
CASE005,CDR0831,single_use_contact
CASE005,CDR0832,single_use_contact
CASE005,CDR0833,single_use_contact
CASE005,CDR0834,single_use_contact
CASE005,CDR0835,single_use_contact
CASE005,CDR0836,single_use_contact
CASE005,CDR0837,odd_hour_contact|single_use_contact
CASE005,CDR0838,odd_hour_contact|single_use_contact
CASE005,CDR0839,single_use_contact
CASE005,CDR0840,odd_hour_contact|single_use_contact
CASE005,CDR0841,single_use_contact
CASE005,CDR0842,single_use_contact
CASE005,CDR0843,single_use_contact
CASE005,CDR0844,single_use_contact
CASE005,CDR0845,single_use_contact
CASE005,CDR0846,single_use_contact
CASE005,CDR0847,single_use_contact
CASE005,CDR0848,single_use_contact
CASE005,CDR0849,single_use_contact
CASE005,CDR0850,single_use_contact
CASE005,CDR0851,odd_hour_contact|single_use_contact
CASE005,CDR0852,single_use_contact
CASE005,CDR0853,single_use_contact
CASE005,CDR0854,single_use_contact
CASE005,CDR0855,single_use_contact
CASE005,CDR0856,single_use_contact
CASE005,CDR0857,single_use_contact
CASE005,CDR0858,single_use_contact
CASE005,CDR0859,single_use_contact
CASE005,CDR0860,single_use_contact
CASE005,CDR0861,single_use_contact
CASE005,CDR0862,single_use_contact
CASE005,CDR0863,odd_hour_contact|single_use_contact
CASE005,CDR0864,single_use_contact
CASE005,CDR0865,odd_hour_contact|single_use_contact
CASE005,CDR0866,single_use_contact
CASE005,CDR0867,single_use_contact
CASE005,CDR0868,single_use_contact
CASE005,CDR0869,single_use_contact
CASE006,CDR0870,odd_hour_contact
CASE006,CDR0872,burst_calling
CASE006,CDR0873,burst_calling
CASE006,CDR0874,burst_calling
CASE006,CDR0875,burst_calling
CASE006,CDR0876,burst_calling
CASE006,CDR0877,odd_hour_contact|single_use_contact
CASE006,CDR0878,single_use_contact
CASE006,CDR0879,single_use_contact
CASE006,CDR0880,single_use_contact
CASE006,CDR0881,single_use_contact
CASE006,CDR0882,odd_hour_contact|single_use_contact
CASE006,CDR0883,single_use_contact
CASE006,CDR0884,single_use_contact
CASE006,CDR0885,single_use_contact
CASE006,CDR0886,single_use_contact
CASE006,CDR0887,odd_hour_contact|single_use_contact
CASE006,CDR0888,single_use_contact
CASE006,CDR0889,odd_hour_contact
CASE006,CDR0890,single_use_contact
CASE006,CDR0891,single_use_contact
CASE006,CDR0892,single_use_contact
CASE006,CDR0893,odd_hour_contact|single_use_contact
CASE006,CDR0894,single_use_contact
CASE006,CDR0895,odd_hour_contact|single_use_contact
CASE006,CDR0896,odd_hour_contact|single_use_contact
CASE006,CDR0897,single_use_contact
CASE006,CDR0898,single_use_contact
CASE006,CDR0899,single_use_contact
CASE006,CDR0900,single_use_contact
CASE006,CDR0901,single_use_contact
CASE006,CDR0902,odd_hour_contact|single_use_contact
CASE006,CDR0903,single_use_contact
CASE006,CDR0904,single_use_contact
CASE006,CDR0905,single_use_contact
CASE006,CDR0906,single_use_contact
CASE006,CDR0907,single_use_contact
CASE006,CDR0908,single_use_contact
CASE006,CDR0909,single_use_contact
CASE006,CDR0910,single_use_contact
CASE006,CDR0911,odd_hour_contact|single_use_contact
CASE006,CDR0912,single_use_contact
CASE006,CDR0913,single_use_contact
CASE006,CDR0914,single_use_contact
CASE006,CDR0915,single_use_contact
CASE006,CDR0916,odd_hour_contact|single_use_contact
CASE006,CDR0917,odd_hour_contact|single_use_contact
CASE006,CDR0918,single_use_contact
CASE006,CDR0919,single_use_contact
CASE006,CDR0920,single_use_contact
CASE006,CDR0921,single_use_contact
CASE006,CDR0922,single_use_contact
CASE006,CDR0923,single_use_contact
CASE006,CDR0924,single_use_contact
CASE006,CDR0925,single_use_contact
CASE006,CDR0926,single_use_contact
CASE006,CDR0927,single_use_contact
CASE006,CDR0928,odd_hour_contact|single_use_contact
CASE006,CDR0929,odd_hour_contact|single_use_contact
CASE006,CDR0930,odd_hour_contact|single_use_contact
CASE006,CDR0931,single_use_contact
CASE006,CDR0932,odd_hour_contact|single_use_contact
CASE006,CDR0933,single_use_contact
CASE006,CDR0934,single_use_contact
CASE006,CDR0935,single_use_contact
CASE006,CDR0936,single_use_contact
CASE006,CDR0937,single_use_contact
CASE006,CDR0938,single_use_contact
CASE006,CDR0939,single_use_contact
CASE006,CDR0940,single_use_contact
CASE006,CDR0941,single_use_contact
CASE006,CDR0942,odd_hour_contact|single_use_contact
CASE006,CDR0943,single_use_contact
CASE006,CDR0944,single_use_contact
CASE006,CDR0945,odd_hour_contact|single_use_contact
CASE006,CDR0946,single_use_contact
CASE006,CDR0947,single_use_contact
CASE006,CDR0948,single_use_contact
CASE006,CDR0949,single_use_contact
CASE006,CDR0950,single_use_contact
CASE006,CDR0951,single_use_contact
CASE006,CDR0952,single_use_contact
CASE006,CDR0953,single_use_contact
CASE006,CDR0954,single_use_contact
CASE006,CDR0955,odd_hour_contact|single_use_contact
CASE006,CDR0956,single_use_contact
CASE006,CDR0957,single_use_contact
CASE006,CDR0958,odd_hour_contact|single_use_contact
CASE006,CDR0959,single_use_contact
CASE006,CDR0960,single_use_contact
CASE006,CDR0961,single_use_contact
CASE006,CDR0962,odd_hour_contact|single_use_contact
CASE006,CDR0963,single_use_contact
CASE006,CDR0964,odd_hour_contact|single_use_contact
CASE006,CDR0966,single_use_contact
CASE007,CDR0969,odd_hour_contact
CASE007,CDR0970,burst_calling
CASE007,CDR0971,burst_calling
CASE007,CDR0972,odd_hour_contact|burst_calling
CASE007,CDR0973,burst_calling
CASE007,CDR0974,burst_calling
CASE007,CDR0975,burst_calling
CASE007,CDR0985,burst_calling
CASE007,CDR0986,burst_calling
CASE007,CDR0987,burst_calling
CASE007,CDR0988,burst_calling
CASE007,CDR0989,burst_calling
CASE007,CDR0990,burst_calling
CASE007,CDR0991,burst_calling
CASE007,CDR0992,burst_calling
CASE007,CDR0993,burst_calling
CASE007,CDR0994,burst_calling
CASE007,CDR0995,burst_calling
CASE007,CDR0996,single_use_contact
CASE007,CDR0997,single_use_contact
CASE007,CDR0998,single_use_contact
CASE007,CDR0999,single_use_contact
CASE007,CDR1000,single_use_contact
CASE007,CDR1001,single_use_contact
CASE007,CDR1002,single_use_contact
CASE007,CDR1003,single_use_contact
CASE007,CDR1004,single_use_contact
CASE007,CDR1005,odd_hour_contact|single_use_contact
CASE007,CDR1006,single_use_contact
CASE007,CDR1007,single_use_contact
CASE007,CDR1008,single_use_contact
CASE007,CDR1009,single_use_contact
CASE007,CDR1010,single_use_contact
CASE007,CDR1011,odd_hour_contact|single_use_contact
CASE007,CDR1012,single_use_contact
CASE007,CDR1013,odd_hour_contact|single_use_contact
CASE007,CDR1014,single_use_contact
CASE007,CDR1015,single_use_contact
CASE007,CDR1016,single_use_contact
CASE007,CDR1017,single_use_contact
CASE007,CDR1018,single_use_contact
CASE007,CDR1019,single_use_contact
CASE007,CDR1020,single_use_contact
CASE007,CDR1021,single_use_contact
CASE007,CDR1022,single_use_contact
CASE007,CDR1023,single_use_contact
CASE007,CDR1024,single_use_contact
CASE007,CDR1025,single_use_contact
CASE007,CDR1026,single_use_contact
CASE007,CDR1027,odd_hour_contact|single_use_contact
CASE007,CDR1028,single_use_contact
CASE007,CDR1029,single_use_contact
CASE007,CDR1030,odd_hour_contact|single_use_contact
CASE007,CDR1031,odd_hour_contact|single_use_contact
CASE007,CDR1032,single_use_contact
CASE007,CDR1033,single_use_contact
CASE007,CDR1034,odd_hour_contact|single_use_contact
CASE007,CDR1035,single_use_contact
CASE007,CDR1036,single_use_contact
CASE007,CDR1037,single_use_contact
CASE007,CDR1038,single_use_contact
CASE007,CDR1039,single_use_contact
CASE007,CDR1040,odd_hour_contact|single_use_contact
CASE007,CDR1041,single_use_contact
CASE007,CDR1042,odd_hour_contact|single_use_contact
CASE007,CDR1043,odd_hour_contact|single_use_contact
CASE007,CDR1044,odd_hour_contact|single_use_contact
CASE007,CDR1045,single_use_contact
CASE007,CDR1046,odd_hour_contact|single_use_contact
CASE007,CDR1047,single_use_contact
CASE007,CDR1048,single_use_contact
CASE007,CDR1049,single_use_contact
CASE007,CDR1050,single_use_contact
CASE007,CDR1051,single_use_contact
CASE007,CDR1052,single_use_contact
CASE007,CDR1053,single_use_contact
CASE007,CDR1054,single_use_contact
CASE007,CDR1055,odd_hour_contact|single_use_contact
CASE007,CDR1056,odd_hour_contact|single_use_contact
CASE007,CDR1057,single_use_contact
CASE007,CDR1058,odd_hour_contact|single_use_contact
CASE007,CDR1059,single_use_contact
CASE007,CDR1060,odd_hour_contact|single_use_contact
CASE007,CDR1061,single_use_contact
CASE007,CDR1062,single_use_contact
CASE007,CDR1063,odd_hour_contact|single_use_contact
CASE007,CDR1064,single_use_contact
CASE007,CDR1065,single_use_contact
CASE007,CDR1066,single_use_contact
CASE007,CDR1067,single_use_contact
CASE007,CDR1068,single_use_contact
CASE007,CDR1069,single_use_contact
CASE007,CDR1070,odd_hour_contact|single_use_contact
CASE007,CDR1071,single_use_contact
CASE007,CDR1072,single_use_contact
CASE007,CDR1073,single_use_contact
CASE007,CDR1074,single_use_contact
CASE007,CDR1075,single_use_contact
CASE007,CDR1076,single_use_contact
CASE007,CDR1077,single_use_contact
CASE007,CDR1078,single_use_contact
CASE007,CDR1079,single_use_contact
CASE007,CDR1080,odd_hour_contact|single_use_contact
CASE007,CDR1081,odd_hour_contact|single_use_contact
CASE007,CDR1082,odd_hour_contact|single_use_contact
CASE007,CDR1083,single_use_contact
CASE007,CDR1084,single_use_contact
CASE007,CDR1085,single_use_contact
CASE008,CDR1086,burst_calling
CASE008,CDR1087,burst_calling
CASE008,CDR1088,burst_calling
CASE008,CDR1089,odd_hour_contact|burst_calling
CASE008,CDR1090,odd_hour_contact|burst_calling
CASE008,CDR1093,odd_hour_contact
CASE008,CDR1094,burst_calling
CASE008,CDR1095,burst_calling
CASE008,CDR1096,burst_calling
CASE008,CDR1097,burst_calling
CASE008,CDR1098,burst_calling
CASE008,CDR1102,odd_hour_contact
CASE008,CDR1103,odd_hour_contact
CASE008,CDR1108,odd_hour_contact
CASE008,CDR1109,odd_hour_contact
CASE008,CDR1110,burst_calling
CASE008,CDR1111,burst_calling
CASE008,CDR1112,odd_hour_contact|burst_calling
CASE008,CDR1113,odd_hour_contact|burst_calling
CASE008,CDR1114,burst_calling
CASE008,CDR1116,odd_hour_contact
CASE008,CDR1117,burst_calling
CASE008,CDR1118,burst_calling
CASE008,CDR1119,odd_hour_contact|burst_calling
CASE008,CDR1120,burst_calling
CASE008,CDR1121,burst_calling
CASE008,CDR1122,burst_calling
CASE008,CDR1123,odd_hour_contact
CASE008,CDR1124,odd_hour_contact
CASE008,CDR1125,odd_hour_contact
CASE008,CDR1126,odd_hour_contact
CASE008,CDR1128,burst_calling
CASE008,CDR1129,burst_calling
CASE008,CDR1130,burst_calling
CASE008,CDR1131,odd_hour_contact|burst_calling
CASE008,CDR1132,burst_calling
CASE008,CDR1133,burst_calling
CASE008,CDR1134,odd_hour_contact|burst_calling
CASE008,CDR1135,burst_calling
CASE008,CDR1136,odd_hour_contact|burst_calling
CASE008,CDR1137,burst_calling
CASE008,CDR1138,burst_calling
CASE008,CDR1139,odd_hour_contact
CASE008,CDR1140,odd_hour_contact
CASE008,CDR1142,burst_calling
CASE008,CDR1143,burst_calling
CASE008,CDR1144,burst_calling
CASE008,CDR1145,odd_hour_contact|burst_calling
CASE008,CDR1146,burst_calling
CASE008,CDR1147,burst_calling
CASE008,CDR1152,odd_hour_contact
CASE008,CDR1154,burst_calling
CASE008,CDR1155,odd_hour_contact|burst_calling
CASE008,CDR1156,odd_hour_contact|burst_calling
CASE008,CDR1157,odd_hour_contact|burst_calling
CASE008,CDR1158,burst_calling
CASE008,CDR1159,odd_hour_contact|burst_calling
CASE008,CDR1160,burst_calling
CASE008,CDR1161,odd_hour_contact|burst_calling
CASE008,CDR1162,burst_calling
CASE008,CDR1163,odd_hour_contact|burst_calling
CASE008,CDR1164,burst_calling
CASE008,CDR1169,odd_hour_contact
CASE008,CDR1171,odd_hour_contact
CASE008,CDR1174,odd_hour_contact
CASE008,CDR1176,burst_calling
CASE008,CDR1177,burst_calling
CASE008,CDR1178,burst_calling
CASE008,CDR1179,burst_calling
CASE008,CDR1180,burst_calling
CASE008,CDR1181,burst_calling
CASE008,CDR1184,burst_calling
CASE008,CDR1185,burst_calling
CASE008,CDR1186,burst_calling
CASE008,CDR1187,burst_calling
CASE008,CDR1188,burst_calling
CASE008,CDR1189,odd_hour_contact
CASE008,CDR1191,burst_calling
CASE008,CDR1192,burst_calling
CASE008,CDR1193,burst_calling
CASE008,CDR1194,odd_hour_contact|burst_calling
CASE008,CDR1195,odd_hour_contact|burst_calling
CASE008,CDR1196,burst_calling
CASE008,CDR1197,burst_calling
CASE008,CDR1198,burst_calling
CASE008,CDR1199,burst_calling
CASE008,CDR1200,burst_calling
CASE008,CDR1201,odd_hour_contact|burst_calling
CASE008,CDR1202,odd_hour_contact
CASE008,CDR1212,burst_calling
CASE008,CDR1213,odd_hour_contact|burst_calling
CASE008,CDR1214,odd_hour_contact|burst_calling
CASE008,CDR1215,odd_hour_contact|burst_calling
CASE008,CDR1216,burst_calling
CASE008,CDR1217,odd_hour_contact|burst_calling
CASE008,CDR1224,burst_calling
CASE008,CDR1225,burst_calling
CASE008,CDR1226,odd_hour_contact|burst_calling
CASE008,CDR1227,burst_calling
CASE008,CDR1228,burst_calling
CASE008,CDR1229,burst_calling
CASE008,CDR1230,burst_calling
CASE008,CDR1231,burst_calling
CASE008,CDR1232,burst_calling
CASE008,CDR1233,burst_calling
CASE008,CDR1234,burst_calling
CASE008,CDR1242,odd_hour_contact
CASE008,CDR1244,odd_hour_contact
CASE008,CDR1250,burst_calling
CASE008,CDR1251,burst_calling
CASE008,CDR1252,burst_calling
CASE008,CDR1253,odd_hour_contact|burst_calling
CASE008,CDR1254,burst_calling
CASE008,CDR1255,burst_calling
CASE008,CDR1259,odd_hour_contact
CASE008,CDR1267,burst_calling
CASE008,CDR1268,burst_calling
CASE008,CDR1269,burst_calling
CASE008,CDR1270,burst_calling
CASE008,CDR1271,burst_calling
CASE008,CDR1276,burst_calling
CASE008,CDR1277,burst_calling
CASE008,CDR1278,burst_calling
CASE008,CDR1279,burst_calling
CASE008,CDR1280,burst_calling
CASE008,CDR1283,odd_hour_contact
CASE008,CDR1285,odd_hour_contact|burst_calling
CASE008,CDR1286,burst_calling
CASE008,CDR1287,odd_hour_contact|burst_calling
CASE008,CDR1288,burst_calling
CASE008,CDR1289,burst_calling
CASE008,CDR1291,odd_hour_contact
CASE008,CDR1292,odd_hour_contact
CASE008,CDR1293,odd_hour_contact|burst_calling
CASE008,CDR1294,burst_calling
CASE008,CDR1295,burst_calling
CASE008,CDR1296,burst_calling
CASE008,CDR1297,burst_calling
CASE008,CDR1302,burst_calling
CASE008,CDR1303,burst_calling
CASE008,CDR1304,burst_calling
CASE008,CDR1305,odd_hour_contact|burst_calling
CASE008,CDR1306,burst_calling
CASE008,CDR1307,odd_hour_contact|burst_calling
CASE008,CDR1312,burst_calling
CASE008,CDR1313,burst_calling
CASE008,CDR1314,odd_hour_contact|burst_calling
CASE008,CDR1315,odd_hour_contact|burst_calling
CASE008,CDR1316,burst_calling
CASE008,CDR1317,burst_calling
CASE008,CDR1318,burst_calling
CASE008,CDR1319,burst_calling
CASE008,CDR1320,odd_hour_contact|burst_calling
CASE008,CDR1321,odd_hour_contact|burst_calling
CASE008,CDR1322,burst_calling
CASE008,CDR1323,burst_calling
CASE008,CDR1324,odd_hour_contact|burst_calling
CASE008,CDR1325,burst_calling
CASE008,CDR1326,burst_calling
CASE008,CDR1327,burst_calling
CASE008,CDR1328,burst_calling
CASE008,CDR1329,burst_calling
CASE008,CDR1330,burst_calling
CASE008,CDR1331,odd_hour_contact|burst_calling
CASE008,CDR1332,burst_calling
CASE008,CDR1333,burst_calling
CASE008,CDR1337,odd_hour_contact
CASE008,CDR1338,burst_calling
CASE008,CDR1339,burst_calling
CASE008,CDR1340,burst_calling
CASE008,CDR1341,burst_calling
CASE008,CDR1342,odd_hour_contact|burst_calling
CASE008,CDR1343,odd_hour_contact|burst_calling
CASE008,CDR1344,burst_calling
CASE008,CDR1345,burst_calling
CASE008,CDR1346,odd_hour_contact|burst_calling
CASE008,CDR1347,burst_calling
CASE008,CDR1348,burst_calling
CASE008,CDR1349,burst_calling
CASE008,CDR1350,burst_calling
CASE008,CDR1351,burst_calling
CASE008,CDR1352,burst_calling
CASE008,CDR1353,burst_calling
CASE008,CDR1354,odd_hour_contact|burst_calling
CASE008,CDR1361,burst_calling
CASE008,CDR1362,burst_calling
CASE008,CDR1363,odd_hour_contact|burst_calling
CASE008,CDR1364,odd_hour_contact|burst_calling
CASE008,CDR1365,burst_calling
CASE008,CDR1366,burst_calling
CASE008,CDR1367,odd_hour_contact
CASE008,CDR1370,odd_hour_contact|burst_calling
CASE008,CDR1371,odd_hour_contact|burst_calling
CASE008,CDR1372,burst_calling
CASE008,CDR1373,burst_calling
CASE008,CDR1374,odd_hour_contact|burst_calling
CASE008,CDR1375,burst_calling
CASE008,CDR1376,burst_calling
CASE008,CDR1377,odd_hour_contact|burst_calling
CASE008,CDR1378,burst_calling
CASE008,CDR1379,burst_calling
CASE008,CDR1380,odd_hour_contact|burst_calling
CASE008,CDR1381,odd_hour_contact
CASE008,CDR1383,burst_calling
CASE008,CDR1384,burst_calling
CASE008,CDR1385,odd_hour_contact|burst_calling
CASE008,CDR1386,odd_hour_contact|burst_calling
CASE008,CDR1387,burst_calling
CASE008,CDR1388,odd_hour_contact|burst_calling
CASE008,CDR1389,odd_hour_contact|single_use_contact
CASE008,CDR1390,single_use_contact
CASE008,CDR1391,single_use_contact
CASE008,CDR1392,odd_hour_contact|single_use_contact
CASE008,CDR1393,single_use_contact
CASE008,CDR1394,single_use_contact
CASE008,CDR1395,single_use_contact
CASE008,CDR1396,single_use_contact
CASE008,CDR1397,single_use_contact
CASE008,CDR1398,single_use_contact
CASE008,CDR1399,single_use_contact
CASE008,CDR1400,odd_hour_contact|single_use_contact
CASE008,CDR1401,single_use_contact
CASE008,CDR1402,single_use_contact
CASE008,CDR1403,odd_hour_contact|single_use_contact
CASE008,CDR1404,single_use_contact
CASE008,CDR1405,single_use_contact
CASE008,CDR1406,single_use_contact
CASE008,CDR1407,odd_hour_contact|single_use_contact
CASE008,CDR1408,single_use_contact
CASE008,CDR1409,single_use_contact
CASE008,CDR1410,single_use_contact
CASE008,CDR1411,odd_hour_contact|single_use_contact
CASE008,CDR1412,single_use_contact
CASE008,CDR1413,single_use_contact
CASE008,CDR1414,single_use_contact
CASE008,CDR1415,single_use_contact
CASE008,CDR1416,single_use_contact
CASE008,CDR1417,single_use_contact
CASE008,CDR1418,single_use_contact
CASE008,CDR1419,single_use_contact
CASE008,CDR1420,single_use_contact
CASE008,CDR1421,odd_hour_contact|single_use_contact
CASE008,CDR1422,single_use_contact
CASE008,CDR1423,single_use_contact
CASE008,CDR1424,single_use_contact
CASE008,CDR1425,single_use_contact
CASE008,CDR1426,single_use_contact
CASE008,CDR1427,single_use_contact
CASE008,CDR1428,single_use_contact
CASE008,CDR1429,single_use_contact
CASE008,CDR1430,odd_hour_contact|single_use_contact
CASE008,CDR1431,odd_hour_contact|single_use_contact
CASE008,CDR1432,single_use_contact
CASE008,CDR1433,single_use_contact
CASE008,CDR1434,single_use_contact
CASE008,CDR1435,single_use_contact
CASE008,CDR1436,single_use_contact
CASE008,CDR1437,single_use_contact
CASE008,CDR1438,single_use_contact
CASE008,CDR1439,single_use_contact
CASE008,CDR1440,single_use_contact
CASE008,CDR1441,single_use_contact
CASE008,CDR1442,odd_hour_contact|single_use_contact
CASE008,CDR1443,single_use_contact
CASE008,CDR1444,odd_hour_contact|single_use_contact
CASE008,CDR1445,single_use_contact
CASE008,CDR1446,single_use_contact
CASE008,CDR1447,single_use_contact
CASE008,CDR1448,single_use_contact
CASE008,CDR1449,single_use_contact
CASE008,CDR1450,single_use_contact
CASE008,CDR1451,odd_hour_contact|single_use_contact
CASE008,CDR1452,single_use_contact
CASE008,CDR1453,single_use_contact
CASE008,CDR1454,odd_hour_contact|single_use_contact
CASE008,CDR1455,single_use_contact
CASE008,CDR1456,single_use_contact
CASE008,CDR1457,single_use_contact
CASE008,CDR1458,single_use_contact
CASE008,CDR1459,single_use_contact
CASE008,CDR1460,odd_hour_contact|single_use_contact
CASE008,CDR1461,single_use_contact
CASE008,CDR1462,odd_hour_contact|single_use_contact
CASE008,CDR1463,single_use_contact
CASE008,CDR1464,single_use_contact
CASE008,CDR1465,single_use_contact
CASE008,CDR1466,odd_hour_contact|single_use_contact
CASE008,CDR1467,odd_hour_contact|single_use_contact
CASE008,CDR1468,single_use_contact
CASE008,CDR1469,single_use_contact
CASE008,CDR1470,single_use_contact
CASE008,CDR1471,single_use_contact
CASE008,CDR1472,single_use_contact
CASE008,CDR1473,single_use_contact
CASE008,CDR1474,single_use_contact
CASE008,CDR1475,single_use_contact
CASE008,CDR1476,single_use_contact
CASE008,CDR1477,single_use_contact
CASE008,CDR1478,single_use_contact
CASE009,CDR1479,burst_calling
CASE009,CDR1480,burst_calling
CASE009,CDR1481,burst_calling
CASE009,CDR1482,burst_calling
CASE009,CDR1483,burst_calling
CASE009,CDR1484,burst_calling
CASE009,CDR1486,odd_hour_contact
CASE009,CDR1488,odd_hour_contact
CASE009,CDR1492,odd_hour_contact|burst_calling
CASE009,CDR1493,burst_calling
CASE009,CDR1494,odd_hour_contact|burst_calling
CASE009,CDR1495,odd_hour_contact|burst_calling
CASE009,CDR1496,burst_calling
CASE009,CDR1497,burst_calling
CASE009,CDR1498,odd_hour_contact
CASE009,CDR1501,burst_calling
CASE009,CDR1502,burst_calling
CASE009,CDR1503,burst_calling
CASE009,CDR1504,burst_calling
CASE009,CDR1505,burst_calling
CASE009,CDR1506,burst_calling
CASE009,CDR1507,burst_calling
CASE009,CDR1508,burst_calling
CASE009,CDR1509,burst_calling
CASE009,CDR1510,burst_calling
CASE009,CDR1511,odd_hour_contact|burst_calling
CASE009,CDR1512,burst_calling
CASE009,CDR1513,odd_hour_contact
CASE009,CDR1520,odd_hour_contact
CASE009,CDR1521,odd_hour_contact
CASE009,CDR1522,odd_hour_contact
CASE009,CDR1523,odd_hour_contact
CASE009,CDR1524,burst_calling
CASE009,CDR1525,odd_hour_contact|burst_calling
CASE009,CDR1526,odd_hour_contact|burst_calling
CASE009,CDR1527,burst_calling
CASE009,CDR1528,burst_calling
CASE009,CDR1530,odd_hour_contact
CASE009,CDR1533,burst_calling
CASE009,CDR1534,burst_calling
CASE009,CDR1535,burst_calling
CASE009,CDR1536,burst_calling
CASE009,CDR1537,odd_hour_contact|burst_calling
CASE009,CDR1538,odd_hour_contact|burst_calling
CASE009,CDR1539,burst_calling
CASE009,CDR1540,burst_calling
CASE009,CDR1541,burst_calling
CASE009,CDR1542,burst_calling
CASE009,CDR1543,odd_hour_contact
CASE009,CDR1546,burst_calling
CASE009,CDR1547,burst_calling
CASE009,CDR1548,burst_calling
CASE009,CDR1549,burst_calling
CASE009,CDR1550,burst_calling
CASE009,CDR1551,burst_calling
CASE009,CDR1552,burst_calling
CASE009,CDR1553,burst_calling
CASE009,CDR1554,burst_calling
CASE009,CDR1555,burst_calling
CASE009,CDR1556,odd_hour_contact|burst_calling
CASE009,CDR1557,odd_hour_contact|burst_calling
CASE009,CDR1558,burst_calling
CASE009,CDR1559,burst_calling
CASE009,CDR1560,odd_hour_contact|burst_calling
CASE009,CDR1563,odd_hour_contact
CASE009,CDR1568,odd_hour_contact
CASE009,CDR1573,burst_calling
CASE009,CDR1574,burst_calling
CASE009,CDR1575,burst_calling
CASE009,CDR1576,odd_hour_contact|burst_calling
CASE009,CDR1577,burst_calling
CASE009,CDR1580,odd_hour_contact
CASE009,CDR1584,burst_calling
CASE009,CDR1585,odd_hour_contact|burst_calling
CASE009,CDR1586,burst_calling
CASE009,CDR1587,odd_hour_contact|burst_calling
CASE009,CDR1588,burst_calling
CASE009,CDR1589,odd_hour_contact|burst_calling
CASE009,CDR1590,burst_calling
CASE009,CDR1591,burst_calling
CASE009,CDR1592,burst_calling
CASE009,CDR1593,burst_calling
CASE009,CDR1594,burst_calling
CASE009,CDR1595,burst_calling
CASE009,CDR1596,odd_hour_contact|burst_calling
CASE009,CDR1597,burst_calling
CASE009,CDR1598,burst_calling
CASE009,CDR1599,burst_calling
CASE009,CDR1600,burst_calling
CASE009,CDR1601,burst_calling
CASE009,CDR1602,odd_hour_contact|burst_calling
CASE009,CDR1603,burst_calling
CASE009,CDR1604,burst_calling
CASE009,CDR1605,odd_hour_contact
CASE009,CDR1616,odd_hour_contact
CASE009,CDR1618,odd_hour_contact
CASE009,CDR1625,odd_hour_contact
CASE009,CDR1627,odd_hour_contact|burst_calling
CASE009,CDR1628,burst_calling
CASE009,CDR1629,burst_calling
CASE009,CDR1630,burst_calling
CASE009,CDR1631,burst_calling
CASE009,CDR1632,burst_calling
CASE009,CDR1633,burst_calling
CASE009,CDR1634,burst_calling
CASE009,CDR1635,burst_calling
CASE009,CDR1636,burst_calling
CASE009,CDR1637,burst_calling
CASE009,CDR1638,odd_hour_contact|burst_calling
CASE009,CDR1642,odd_hour_contact
CASE009,CDR1643,odd_hour_contact
CASE009,CDR1644,odd_hour_contact
CASE009,CDR1652,burst_calling
CASE009,CDR1653,burst_calling
CASE009,CDR1654,burst_calling
CASE009,CDR1655,burst_calling
CASE009,CDR1656,burst_calling
CASE009,CDR1657,odd_hour_contact|burst_calling
CASE009,CDR1658,burst_calling
CASE009,CDR1659,burst_calling
CASE009,CDR1660,odd_hour_contact|burst_calling
CASE009,CDR1661,burst_calling
CASE009,CDR1662,odd_hour_contact|burst_calling
CASE009,CDR1665,odd_hour_contact|burst_calling
CASE009,CDR1666,burst_calling
CASE009,CDR1667,burst_calling
CASE009,CDR1668,burst_calling
CASE009,CDR1669,odd_hour_contact|burst_calling
CASE009,CDR1674,odd_hour_contact
CASE009,CDR1675,odd_hour_contact
CASE009,CDR1677,burst_calling
CASE009,CDR1678,burst_calling
CASE009,CDR1679,burst_calling
CASE009,CDR1680,odd_hour_contact|burst_calling
CASE009,CDR1681,burst_calling
CASE009,CDR1682,burst_calling
CASE009,CDR1683,burst_calling
CASE009,CDR1684,burst_calling
CASE009,CDR1685,burst_calling
CASE009,CDR1686,burst_calling
CASE009,CDR1687,burst_calling
CASE009,CDR1688,burst_calling
CASE009,CDR1690,odd_hour_contact
CASE009,CDR1693,burst_calling
CASE009,CDR1694,burst_calling
CASE009,CDR1695,burst_calling
CASE009,CDR1696,burst_calling
CASE009,CDR1697,odd_hour_contact|burst_calling
CASE009,CDR1704,odd_hour_contact
CASE009,CDR1712,burst_calling
CASE009,CDR1713,burst_calling
CASE009,CDR1714,burst_calling
CASE009,CDR1715,burst_calling
CASE009,CDR1716,odd_hour_contact|burst_calling
CASE009,CDR1719,odd_hour_contact|burst_calling
CASE009,CDR1720,burst_calling
CASE009,CDR1721,odd_hour_contact|burst_calling
CASE009,CDR1722,burst_calling
CASE009,CDR1723,odd_hour_contact|burst_calling
CASE009,CDR1724,burst_calling
CASE009,CDR1725,odd_hour_contact|burst_calling
CASE009,CDR1726,odd_hour_contact|burst_calling
CASE009,CDR1727,odd_hour_contact|burst_calling
CASE009,CDR1728,burst_calling
CASE009,CDR1729,burst_calling
CASE009,CDR1730,burst_calling
CASE009,CDR1732,odd_hour_contact
CASE009,CDR1735,odd_hour_contact|burst_calling
CASE009,CDR1736,odd_hour_contact|burst_calling
CASE009,CDR1737,burst_calling
CASE009,CDR1738,burst_calling
CASE009,CDR1739,burst_calling
CASE009,CDR1740,odd_hour_contact|burst_calling
CASE009,CDR1742,odd_hour_contact
CASE009,CDR1743,burst_calling
CASE009,CDR1744,burst_calling
CASE009,CDR1745,burst_calling
CASE009,CDR1746,burst_calling
CASE009,CDR1747,burst_calling
CASE009,CDR1748,burst_calling
CASE009,CDR1751,odd_hour_contact
CASE009,CDR1756,burst_calling
CASE009,CDR1757,burst_calling
CASE009,CDR1758,odd_hour_contact|burst_calling
CASE009,CDR1759,odd_hour_contact|burst_calling
CASE009,CDR1760,burst_calling
CASE009,CDR1761,odd_hour_contact
CASE009,CDR1762,odd_hour_contact
CASE009,CDR1765,odd_hour_contact|burst_calling
CASE009,CDR1766,odd_hour_contact|burst_calling
CASE009,CDR1767,burst_calling
CASE009,CDR1768,odd_hour_contact|burst_calling
CASE009,CDR1769,burst_calling
CASE009,CDR1770,burst_calling
CASE009,CDR1771,burst_calling
CASE009,CDR1772,burst_calling
CASE009,CDR1773,burst_calling
CASE009,CDR1774,odd_hour_contact|burst_calling
CASE009,CDR1775,odd_hour_contact|burst_calling
CASE009,CDR1778,odd_hour_contact
CASE009,CDR1782,odd_hour_contact
CASE009,CDR1783,burst_calling
CASE009,CDR1784,burst_calling
CASE009,CDR1785,burst_calling
CASE009,CDR1786,burst_calling
CASE009,CDR1787,burst_calling
CASE009,CDR1788,burst_calling
CASE009,CDR1793,odd_hour_contact|burst_calling
CASE009,CDR1794,odd_hour_contact|burst_calling
CASE009,CDR1795,burst_calling
CASE009,CDR1796,burst_calling
CASE009,CDR1797,burst_calling
CASE009,CDR1798,burst_calling
CASE009,CDR1801,odd_hour_contact
CASE009,CDR1802,burst_calling
CASE009,CDR1803,burst_calling
CASE009,CDR1804,burst_calling
CASE009,CDR1805,burst_calling
CASE009,CDR1806,burst_calling
CASE009,CDR1807,burst_calling
CASE009,CDR1809,odd_hour_contact
CASE009,CDR1810,odd_hour_contact|burst_calling
CASE009,CDR1811,burst_calling
CASE009,CDR1812,odd_hour_contact|burst_calling
CASE009,CDR1813,burst_calling
CASE009,CDR1814,burst_calling
CASE009,CDR1815,burst_calling
CASE009,CDR1816,burst_calling
CASE009,CDR1817,burst_calling
CASE009,CDR1818,burst_calling
CASE009,CDR1819,burst_calling
CASE009,CDR1820,burst_calling
CASE009,CDR1828,burst_calling
CASE009,CDR1829,burst_calling
CASE009,CDR1830,burst_calling
CASE009,CDR1831,burst_calling
CASE009,CDR1832,burst_calling
CASE009,CDR1833,odd_hour_contact|burst_calling
CASE009,CDR1835,odd_hour_contact
CASE009,CDR1838,odd_hour_contact
CASE009,CDR1846,odd_hour_contact
CASE009,CDR1847,odd_hour_contact
CASE009,CDR1849,burst_calling
CASE009,CDR1850,burst_calling
CASE009,CDR1851,burst_calling
CASE009,CDR1852,burst_calling
CASE009,CDR1853,burst_calling
CASE009,CDR1854,burst_calling
CASE009,CDR1855,odd_hour_contact
CASE009,CDR1857,odd_hour_contact
CASE009,CDR1863,odd_hour_contact|burst_calling
CASE009,CDR1864,burst_calling
CASE009,CDR1865,odd_hour_contact|burst_calling
CASE009,CDR1866,burst_calling
CASE009,CDR1867,burst_calling
CASE009,CDR1868,burst_calling
CASE009,CDR1869,burst_calling
CASE009,CDR1870,burst_calling
CASE009,CDR1871,odd_hour_contact|burst_calling
CASE009,CDR1872,odd_hour_contact|burst_calling
CASE009,CDR1873,burst_calling
CASE009,CDR1874,burst_calling
CASE009,CDR1877,burst_calling
CASE009,CDR1878,burst_calling
CASE009,CDR1879,burst_calling
CASE009,CDR1880,odd_hour_contact|burst_calling
CASE009,CDR1881,burst_calling
CASE009,CDR1885,odd_hour_contact
CASE009,CDR1890,odd_hour_contact
CASE009,CDR1893,burst_calling
CASE009,CDR1894,burst_calling
CASE009,CDR1895,burst_calling
CASE009,CDR1896,burst_calling
CASE009,CDR1897,odd_hour_contact|burst_calling
CASE009,CDR1898,odd_hour_contact|burst_calling
CASE009,CDR1899,burst_calling
CASE009,CDR1900,odd_hour_contact|burst_calling
CASE009,CDR1901,burst_calling
CASE009,CDR1902,burst_calling
CASE009,CDR1903,burst_calling
CASE009,CDR1904,odd_hour_contact|burst_calling
CASE009,CDR1905,burst_calling
CASE009,CDR1906,burst_calling
CASE009,CDR1907,odd_hour_contact|burst_calling
CASE009,CDR1908,odd_hour_contact|burst_calling
CASE009,CDR1909,burst_calling
CASE009,CDR1911,odd_hour_contact
CASE009,CDR1914,odd_hour_contact
CASE009,CDR1917,odd_hour_contact|burst_calling
CASE009,CDR1918,burst_calling
CASE009,CDR1919,burst_calling
CASE009,CDR1920,odd_hour_contact|burst_calling
CASE009,CDR1921,odd_hour_contact|burst_calling
CASE009,CDR1922,burst_calling
CASE009,CDR1927,burst_calling
CASE009,CDR1928,burst_calling
CASE009,CDR1929,odd_hour_contact|burst_calling
CASE009,CDR1930,burst_calling
CASE009,CDR1931,burst_calling
CASE009,CDR1932,burst_calling
CASE009,CDR1933,odd_hour_contact
CASE009,CDR1938,odd_hour_contact
CASE009,CDR1939,odd_hour_contact
CASE009,CDR1940,odd_hour_contact
CASE009,CDR1943,burst_calling
CASE009,CDR1944,burst_calling
CASE009,CDR1945,burst_calling
CASE009,CDR1946,burst_calling
CASE009,CDR1947,burst_calling
CASE009,CDR1948,burst_calling
CASE009,CDR1949,burst_calling
CASE009,CDR1950,burst_calling
CASE009,CDR1951,burst_calling
CASE009,CDR1952,burst_calling
CASE009,CDR1953,burst_calling
CASE009,CDR1957,odd_hour_contact
CASE009,CDR1959,odd_hour_contact
CASE009,CDR1965,burst_calling
CASE009,CDR1966,odd_hour_contact|burst_calling
CASE009,CDR1967,burst_calling
CASE009,CDR1968,burst_calling
CASE009,CDR1969,burst_calling
CASE009,CDR1970,odd_hour_contact
CASE009,CDR1973,odd_hour_contact
CASE009,CDR1975,burst_calling
CASE009,CDR1976,burst_calling
CASE009,CDR1977,burst_calling
CASE009,CDR1978,burst_calling
CASE009,CDR1979,burst_calling
CASE009,CDR1989,burst_calling
CASE009,CDR1990,burst_calling
CASE009,CDR1991,odd_hour_contact|burst_calling
CASE009,CDR1992,burst_calling
CASE009,CDR1993,burst_calling
CASE009,CDR1994,burst_calling
CASE009,CDR1995,burst_calling
CASE009,CDR1996,burst_calling
CASE009,CDR1997,burst_calling
CASE009,CDR1998,burst_calling
CASE009,CDR1999,burst_calling
CASE009,CDR2000,burst_calling
CASE009,CDR2004,odd_hour_contact
CASE009,CDR2010,burst_calling
CASE009,CDR2011,burst_calling
CASE009,CDR2012,burst_calling
CASE009,CDR2013,odd_hour_contact|burst_calling
CASE009,CDR2014,burst_calling
CASE009,CDR2019,odd_hour_contact
CASE009,CDR2021,burst_calling
CASE009,CDR2022,burst_calling
CASE009,CDR2023,odd_hour_contact|burst_calling
CASE009,CDR2024,burst_calling
CASE009,CDR2025,burst_calling
CASE009,CDR2026,burst_calling
CASE009,CDR2027,burst_calling
CASE009,CDR2028,odd_hour_contact|burst_calling
CASE009,CDR2029,burst_calling
CASE009,CDR2030,burst_calling
CASE009,CDR2031,odd_hour_contact
CASE009,CDR2033,odd_hour_contact|burst_calling
CASE009,CDR2034,burst_calling
CASE009,CDR2035,burst_calling
CASE009,CDR2036,odd_hour_contact|burst_calling
CASE009,CDR2037,burst_calling
CASE009,CDR2038,burst_calling
CASE009,CDR2044,odd_hour_contact
CASE009,CDR2046,odd_hour_contact
CASE009,CDR2047,odd_hour_contact
CASE009,CDR2050,odd_hour_contact
CASE009,CDR2054,odd_hour_contact|burst_calling
CASE009,CDR2055,burst_calling
CASE009,CDR2056,burst_calling
CASE009,CDR2057,burst_calling
CASE009,CDR2058,burst_calling
CASE009,CDR2059,odd_hour_contact|burst_calling
CASE009,CDR2066,odd_hour_contact
CASE009,CDR2068,odd_hour_contact
CASE009,CDR2072,odd_hour_contact|burst_calling
CASE009,CDR2073,burst_calling
CASE009,CDR2074,burst_calling
CASE009,CDR2075,burst_calling
CASE009,CDR2076,burst_calling
CASE009,CDR2077,burst_calling
CASE009,CDR2089,odd_hour_contact
CASE009,CDR2091,odd_hour_contact
CASE009,CDR2098,odd_hour_contact
CASE009,CDR2099,single_use_contact
CASE009,CDR2100,single_use_contact
CASE009,CDR2101,single_use_contact
CASE009,CDR2102,single_use_contact
CASE009,CDR2103,single_use_contact
CASE009,CDR2104,single_use_contact
CASE009,CDR2105,single_use_contact
CASE009,CDR2106,single_use_contact
CASE009,CDR2107,single_use_contact
CASE009,CDR2108,single_use_contact
CASE009,CDR2109,single_use_contact
CASE009,CDR2110,single_use_contact
CASE009,CDR2111,single_use_contact
CASE009,CDR2112,single_use_contact
CASE009,CDR2113,single_use_contact
CASE009,CDR2114,single_use_contact
CASE009,CDR2115,single_use_contact
CASE009,CDR2116,single_use_contact
CASE009,CDR2117,single_use_contact
CASE009,CDR2118,single_use_contact
CASE009,CDR2119,single_use_contact
CASE009,CDR2120,single_use_contact
CASE009,CDR2121,single_use_contact
CASE009,CDR2122,single_use_contact
CASE009,CDR2123,single_use_contact
CASE009,CDR2124,single_use_contact
CASE009,CDR2125,single_use_contact
CASE009,CDR2126,odd_hour_contact|single_use_contact
CASE009,CDR2127,single_use_contact
CASE009,CDR2128,single_use_contact
CASE009,CDR2129,single_use_contact
CASE009,CDR2130,single_use_contact
CASE009,CDR2131,single_use_contact
CASE009,CDR2132,single_use_contact
CASE009,CDR2133,single_use_contact
CASE009,CDR2134,single_use_contact
CASE009,CDR2135,single_use_contact
CASE009,CDR2136,single_use_contact
CASE009,CDR2137,single_use_contact
CASE009,CDR2138,single_use_contact
CASE009,CDR2139,single_use_contact
CASE009,CDR2140,single_use_contact
CASE009,CDR2141,single_use_contact
CASE009,CDR2142,single_use_contact
CASE009,CDR2143,single_use_contact
CASE009,CDR2144,single_use_contact
CASE009,CDR2145,single_use_contact
CASE009,CDR2146,single_use_contact
CASE009,CDR2147,odd_hour_contact|single_use_contact
CASE009,CDR2148,single_use_contact
CASE009,CDR2149,single_use_contact
CASE009,CDR2150,odd_hour_contact|single_use_contact
CASE009,CDR2151,single_use_contact
CASE009,CDR2152,odd_hour_contact|single_use_contact
CASE009,CDR2153,single_use_contact
CASE009,CDR2154,single_use_contact
CASE009,CDR2155,single_use_contact
CASE009,CDR2156,single_use_contact
CASE009,CDR2157,single_use_contact
CASE009,CDR2158,single_use_contact
CASE009,CDR2159,single_use_contact
CASE009,CDR2160,single_use_contact
CASE009,CDR2161,single_use_contact
CASE009,CDR2162,single_use_contact
CASE009,CDR2163,single_use_contact
CASE009,CDR2164,single_use_contact
CASE009,CDR2165,single_use_contact
CASE009,CDR2166,single_use_contact
CASE009,CDR2167,single_use_contact
CASE009,CDR2168,single_use_contact
CASE009,CDR2169,single_use_contact
CASE009,CDR2170,single_use_contact
CASE009,CDR2171,single_use_contact
CASE009,CDR2172,odd_hour_contact|single_use_contact
CASE009,CDR2173,single_use_contact
CASE009,CDR2174,single_use_contact
CASE009,CDR2175,single_use_contact
CASE009,CDR2176,single_use_contact
CASE009,CDR2177,odd_hour_contact|single_use_contact
CASE009,CDR2178,single_use_contact
CASE009,CDR2179,single_use_contact
CASE009,CDR2180,single_use_contact
CASE009,CDR2181,single_use_contact
CASE009,CDR2182,single_use_contact
CASE009,CDR2183,single_use_contact
CASE009,CDR2184,single_use_contact
CASE009,CDR2185,single_use_contact
CASE009,CDR2186,single_use_contact
CASE009,CDR2187,odd_hour_contact|single_use_contact
CASE009,CDR2188,single_use_contact
CASE010,CDR2191,burst_calling
CASE010,CDR2192,burst_calling
CASE010,CDR2193,odd_hour_contact|burst_calling
CASE010,CDR2194,burst_calling
CASE010,CDR2195,burst_calling
CASE010,CDR2196,odd_hour_contact
CASE010,CDR2198,burst_calling
CASE010,CDR2199,burst_calling
CASE010,CDR2200,odd_hour_contact|burst_calling
CASE010,CDR2201,burst_calling
CASE010,CDR2202,odd_hour_contact|burst_calling
CASE010,CDR2203,burst_calling
CASE010,CDR2210,odd_hour_contact
CASE010,CDR2211,odd_hour_contact
CASE010,CDR2213,odd_hour_contact
CASE010,CDR2215,odd_hour_contact|burst_calling
CASE010,CDR2216,burst_calling
CASE010,CDR2217,burst_calling
CASE010,CDR2218,burst_calling
CASE010,CDR2219,burst_calling
CASE010,CDR2220,burst_calling
CASE010,CDR2222,odd_hour_contact
CASE010,CDR2225,odd_hour_contact
CASE010,CDR2228,odd_hour_contact
CASE010,CDR2229,burst_calling
CASE010,CDR2230,burst_calling
CASE010,CDR2231,burst_calling
CASE010,CDR2232,burst_calling
CASE010,CDR2233,burst_calling
CASE010,CDR2234,burst_calling
CASE010,CDR2237,odd_hour_contact
CASE010,CDR2240,odd_hour_contact
CASE010,CDR2241,odd_hour_contact|burst_calling
CASE010,CDR2242,odd_hour_contact|burst_calling
CASE010,CDR2243,burst_calling
CASE010,CDR2244,burst_calling
CASE010,CDR2245,odd_hour_contact|burst_calling
CASE010,CDR2246,burst_calling
CASE010,CDR2247,odd_hour_contact|burst_calling
CASE010,CDR2248,burst_calling
CASE010,CDR2249,burst_calling
CASE010,CDR2250,burst_calling
CASE010,CDR2251,burst_calling
CASE010,CDR2256,burst_calling
CASE010,CDR2257,burst_calling
CASE010,CDR2258,burst_calling
CASE010,CDR2259,burst_calling
CASE010,CDR2260,burst_calling
CASE010,CDR2265,odd_hour_contact
CASE010,CDR2268,odd_hour_contact
CASE010,CDR2270,odd_hour_contact
CASE010,CDR2272,odd_hour_contact
CASE010,CDR2273,odd_hour_contact
CASE010,CDR2281,burst_calling
CASE010,CDR2282,burst_calling
CASE010,CDR2283,odd_hour_contact|burst_calling
CASE010,CDR2284,burst_calling
CASE010,CDR2285,burst_calling
CASE010,CDR2286,burst_calling
CASE010,CDR2287,burst_calling
CASE010,CDR2288,burst_calling
CASE010,CDR2289,odd_hour_contact|burst_calling
CASE010,CDR2290,burst_calling
CASE010,CDR2291,burst_calling
CASE010,CDR2294,odd_hour_contact
CASE010,CDR2295,odd_hour_contact
CASE010,CDR2298,odd_hour_contact
CASE010,CDR2301,odd_hour_contact
CASE010,CDR2303,odd_hour_contact|burst_calling
CASE010,CDR2304,burst_calling
CASE010,CDR2305,burst_calling
CASE010,CDR2306,burst_calling
CASE010,CDR2307,burst_calling
CASE010,CDR2308,odd_hour_contact
CASE010,CDR2310,burst_calling
CASE010,CDR2311,burst_calling
CASE010,CDR2312,burst_calling
CASE010,CDR2313,burst_calling
CASE010,CDR2314,burst_calling
CASE010,CDR2315,burst_calling
CASE010,CDR2316,burst_calling
CASE010,CDR2317,burst_calling
CASE010,CDR2318,burst_calling
CASE010,CDR2319,burst_calling
CASE010,CDR2320,burst_calling
CASE010,CDR2321,burst_calling
CASE010,CDR2324,odd_hour_contact
CASE010,CDR2327,burst_calling
CASE010,CDR2328,burst_calling
CASE010,CDR2329,burst_calling
CASE010,CDR2330,odd_hour_contact|burst_calling
CASE010,CDR2331,odd_hour_contact|burst_calling
CASE010,CDR2332,odd_hour_contact|burst_calling
CASE010,CDR2337,odd_hour_contact
CASE010,CDR2338,odd_hour_contact
CASE010,CDR2340,burst_calling
CASE010,CDR2341,odd_hour_contact|burst_calling
CASE010,CDR2342,burst_calling
CASE010,CDR2343,burst_calling
CASE010,CDR2344,burst_calling
CASE010,CDR2347,burst_calling
CASE010,CDR2348,burst_calling
CASE010,CDR2349,burst_calling
CASE010,CDR2350,odd_hour_contact|burst_calling
CASE010,CDR2351,burst_calling
CASE010,CDR2352,odd_hour_contact|burst_calling
CASE010,CDR2353,burst_calling
CASE010,CDR2354,burst_calling
CASE010,CDR2355,odd_hour_contact|burst_calling
CASE010,CDR2356,burst_calling
CASE010,CDR2357,burst_calling
CASE010,CDR2358,burst_calling
CASE010,CDR2361,odd_hour_contact
CASE010,CDR2364,odd_hour_contact
CASE010,CDR2366,burst_calling
CASE010,CDR2367,burst_calling
CASE010,CDR2368,odd_hour_contact|burst_calling
CASE010,CDR2369,burst_calling
CASE010,CDR2370,burst_calling
CASE010,CDR2371,odd_hour_contact|burst_calling
CASE010,CDR2372,single_use_contact
CASE010,CDR2373,single_use_contact
CASE010,CDR2374,single_use_contact
CASE010,CDR2375,single_use_contact
CASE010,CDR2376,single_use_contact
CASE010,CDR2377,single_use_contact
CASE010,CDR2378,single_use_contact
CASE010,CDR2379,single_use_contact
CASE010,CDR2380,single_use_contact
CASE010,CDR2381,single_use_contact
CASE010,CDR2382,single_use_contact
CASE010,CDR2383,single_use_contact
CASE010,CDR2384,single_use_contact
CASE010,CDR2385,odd_hour_contact|single_use_contact
CASE010,CDR2386,odd_hour_contact|single_use_contact
CASE010,CDR2387,single_use_contact
CASE010,CDR2388,single_use_contact
CASE010,CDR2389,single_use_contact
CASE010,CDR2390,single_use_contact
CASE010,CDR2391,odd_hour_contact|single_use_contact
CASE010,CDR2392,single_use_contact
CASE010,CDR2393,single_use_contact
CASE010,CDR2394,single_use_contact
CASE010,CDR2395,single_use_contact
CASE010,CDR2396,single_use_contact
CASE010,CDR2397,single_use_contact
CASE010,CDR2398,odd_hour_contact|single_use_contact
CASE010,CDR2399,single_use_contact
CASE010,CDR2400,single_use_contact
CASE010,CDR2401,single_use_contact
CASE010,CDR2402,single_use_contact
CASE010,CDR2403,single_use_contact
CASE010,CDR2404,single_use_contact
CASE010,CDR2405,odd_hour_contact|single_use_contact
CASE010,CDR2406,single_use_contact
CASE010,CDR2407,single_use_contact
CASE010,CDR2408,single_use_contact
CASE010,CDR2409,single_use_contact
CASE010,CDR2410,single_use_contact
CASE010,CDR2411,single_use_contact
CASE010,CDR2412,single_use_contact
CASE010,CDR2413,odd_hour_contact|single_use_contact
CASE010,CDR2414,single_use_contact
CASE010,CDR2415,single_use_contact
CASE010,CDR2416,single_use_contact
CASE010,CDR2417,single_use_contact
CASE010,CDR2418,odd_hour_contact|single_use_contact
CASE010,CDR2419,single_use_contact
CASE010,CDR2420,odd_hour_contact|single_use_contact
CASE010,CDR2421,odd_hour_contact|single_use_contact
CASE010,CDR2422,single_use_contact
CASE010,CDR2423,single_use_contact
CASE010,CDR2424,single_use_contact
CASE010,CDR2425,single_use_contact
CASE010,CDR2426,odd_hour_contact|single_use_contact
CASE010,CDR2427,single_use_contact
CASE010,CDR2428,single_use_contact
CASE010,CDR2429,single_use_contact
CASE010,CDR2430,single_use_contact
CASE010,CDR2431,single_use_contact
CASE010,CDR2432,single_use_contact
CASE010,CDR2433,single_use_contact
CASE010,CDR2434,single_use_contact
CASE010,CDR2435,single_use_contact
CASE010,CDR2436,single_use_contact
CASE010,CDR2437,single_use_contact
CASE010,CDR2438,single_use_contact
CASE010,CDR2439,single_use_contact
CASE010,CDR2440,odd_hour_contact|single_use_contact
CASE010,CDR2441,single_use_contact
CASE010,CDR2442,single_use_contact
CASE010,CDR2443,single_use_contact
CASE010,CDR2444,single_use_contact
CASE010,CDR2445,single_use_contact
CASE010,CDR2446,single_use_contact
CASE010,CDR2447,single_use_contact
CASE010,CDR2448,odd_hour_contact|single_use_contact
CASE010,CDR2449,single_use_contact
CASE010,CDR2450,odd_hour_contact|single_use_contact
CASE010,CDR2451,single_use_contact
CASE010,CDR2452,single_use_contact
CASE010,CDR2453,odd_hour_contact|single_use_contact
CASE010,CDR2454,odd_hour_contact|single_use_contact
CASE010,CDR2455,single_use_contact
CASE010,CDR2456,single_use_contact
CASE010,CDR2457,single_use_contact
CASE010,CDR2458,single_use_contact
CASE010,CDR2459,single_use_contact
CASE010,CDR2460,single_use_contact
CASE010,CDR2461,single_use_contact
CASE011,CDR2463,odd_hour_contact
CASE011,CDR2465,odd_hour_contact
CASE011,CDR2468,burst_calling
CASE011,CDR2469,burst_calling
CASE011,CDR2470,burst_calling
CASE011,CDR2471,burst_calling
CASE011,CDR2472,burst_calling
CASE011,CDR2473,burst_calling
CASE011,CDR2478,odd_hour_contact
CASE011,CDR2480,burst_calling
CASE011,CDR2481,burst_calling
CASE011,CDR2482,odd_hour_contact|burst_calling
CASE011,CDR2483,burst_calling
CASE011,CDR2484,burst_calling
CASE011,CDR2487,odd_hour_contact
CASE011,CDR2489,burst_calling
CASE011,CDR2490,burst_calling
CASE011,CDR2491,burst_calling
CASE011,CDR2492,odd_hour_contact|burst_calling
CASE011,CDR2493,burst_calling
CASE011,CDR2494,burst_calling
CASE011,CDR2495,burst_calling
CASE011,CDR2496,burst_calling
CASE011,CDR2497,burst_calling
CASE011,CDR2498,burst_calling
CASE011,CDR2499,burst_calling
CASE011,CDR2500,odd_hour_contact|burst_calling
CASE011,CDR2501,odd_hour_contact
CASE011,CDR2516,odd_hour_contact
CASE011,CDR2518,odd_hour_contact
CASE011,CDR2519,burst_calling
CASE011,CDR2520,burst_calling
CASE011,CDR2521,burst_calling
CASE011,CDR2522,burst_calling
CASE011,CDR2523,burst_calling
CASE011,CDR2524,odd_hour_contact|burst_calling
CASE011,CDR2525,burst_calling
CASE011,CDR2526,burst_calling
CASE011,CDR2527,odd_hour_contact|burst_calling
CASE011,CDR2528,burst_calling
CASE011,CDR2529,odd_hour_contact|burst_calling
CASE011,CDR2532,burst_calling
CASE011,CDR2533,burst_calling
CASE011,CDR2534,burst_calling
CASE011,CDR2535,burst_calling
CASE011,CDR2536,burst_calling
CASE011,CDR2537,odd_hour_contact|burst_calling
CASE011,CDR2538,odd_hour_contact|burst_calling
CASE011,CDR2539,burst_calling
CASE011,CDR2540,burst_calling
CASE011,CDR2541,burst_calling
CASE011,CDR2546,single_use_contact
CASE011,CDR2547,single_use_contact
CASE011,CDR2548,single_use_contact
CASE011,CDR2549,single_use_contact
CASE011,CDR2550,single_use_contact
CASE011,CDR2551,single_use_contact
CASE011,CDR2552,single_use_contact
CASE011,CDR2553,single_use_contact
CASE011,CDR2554,single_use_contact
CASE011,CDR2555,single_use_contact
CASE011,CDR2556,single_use_contact
CASE011,CDR2557,single_use_contact
CASE011,CDR2558,single_use_contact
CASE011,CDR2559,odd_hour_contact|single_use_contact
CASE011,CDR2560,single_use_contact
CASE011,CDR2561,single_use_contact
CASE011,CDR2562,single_use_contact
CASE011,CDR2563,single_use_contact
CASE011,CDR2564,odd_hour_contact|single_use_contact
CASE011,CDR2565,single_use_contact
CASE011,CDR2566,single_use_contact
CASE011,CDR2567,single_use_contact
CASE011,CDR2568,single_use_contact
CASE011,CDR2569,single_use_contact
CASE011,CDR2570,single_use_contact
CASE011,CDR2571,single_use_contact
CASE011,CDR2572,single_use_contact
CASE011,CDR2573,odd_hour_contact|single_use_contact
CASE011,CDR2574,single_use_contact
CASE011,CDR2575,single_use_contact
CASE011,CDR2576,single_use_contact
CASE011,CDR2577,single_use_contact
CASE011,CDR2578,odd_hour_contact|single_use_contact
CASE011,CDR2579,odd_hour_contact|single_use_contact
CASE011,CDR2580,odd_hour_contact|single_use_contact
CASE011,CDR2581,odd_hour_contact|single_use_contact
CASE011,CDR2582,odd_hour_contact|single_use_contact
CASE011,CDR2583,odd_hour_contact|single_use_contact
CASE011,CDR2584,odd_hour_contact|single_use_contact
CASE011,CDR2585,single_use_contact
CASE011,CDR2586,single_use_contact
CASE011,CDR2587,single_use_contact
CASE011,CDR2588,odd_hour_contact|single_use_contact
CASE011,CDR2589,single_use_contact
CASE011,CDR2590,single_use_contact
CASE011,CDR2591,single_use_contact
CASE011,CDR2592,single_use_contact
CASE011,CDR2593,single_use_contact
CASE011,CDR2594,single_use_contact
CASE011,CDR2595,single_use_contact
CASE011,CDR2596,odd_hour_contact|single_use_contact
CASE011,CDR2597,single_use_contact
CASE011,CDR2598,single_use_contact
CASE011,CDR2599,single_use_contact
CASE011,CDR2600,single_use_contact
CASE011,CDR2601,single_use_contact
CASE011,CDR2602,odd_hour_contact|single_use_contact
CASE011,CDR2603,odd_hour_contact|single_use_contact
CASE011,CDR2604,single_use_contact
CASE011,CDR2605,single_use_contact
CASE011,CDR2606,single_use_contact
CASE011,CDR2607,single_use_contact
CASE011,CDR2608,single_use_contact
CASE011,CDR2609,single_use_contact
CASE011,CDR2610,single_use_contact
CASE011,CDR2611,odd_hour_contact|single_use_contact
CASE011,CDR2612,single_use_contact
CASE011,CDR2613,single_use_contact
CASE011,CDR2614,odd_hour_contact|single_use_contact
CASE011,CDR2615,single_use_contact
CASE011,CDR2616,single_use_contact
CASE011,CDR2617,single_use_contact
CASE011,CDR2618,odd_hour_contact|single_use_contact
CASE011,CDR2619,single_use_contact
CASE011,CDR2620,single_use_contact
CASE011,CDR2621,single_use_contact
CASE011,CDR2622,single_use_contact
CASE011,CDR2623,single_use_contact
CASE011,CDR2624,single_use_contact
CASE011,CDR2625,single_use_contact
CASE011,CDR2626,single_use_contact
CASE011,CDR2627,single_use_contact
CASE011,CDR2628,single_use_contact
CASE011,CDR2629,single_use_contact
CASE011,CDR2630,odd_hour_contact|single_use_contact
CASE011,CDR2631,single_use_contact
CASE011,CDR2632,single_use_contact
CASE011,CDR2633,single_use_contact
CASE011,CDR2634,odd_hour_contact|single_use_contact
CASE011,CDR2635,single_use_contact
CASE012,CDR2637,odd_hour_contact
CASE012,CDR2638,odd_hour_contact
CASE012,CDR2658,single_use_contact
CASE012,CDR2659,single_use_contact
CASE012,CDR2660,single_use_contact
CASE012,CDR2661,single_use_contact
CASE012,CDR2662,single_use_contact
CASE012,CDR2663,single_use_contact
CASE012,CDR2664,single_use_contact
CASE012,CDR2665,single_use_contact
CASE012,CDR2666,single_use_contact
CASE012,CDR2667,single_use_contact
CASE012,CDR2668,single_use_contact
CASE012,CDR2669,single_use_contact
CASE012,CDR2670,odd_hour_contact|single_use_contact
CASE012,CDR2671,single_use_contact
CASE012,CDR2672,single_use_contact
CASE012,CDR2673,single_use_contact
CASE012,CDR2674,single_use_contact
CASE012,CDR2675,single_use_contact
CASE012,CDR2676,odd_hour_contact|single_use_contact
CASE012,CDR2677,single_use_contact
CASE012,CDR2678,single_use_contact
CASE012,CDR2679,single_use_contact
CASE012,CDR2680,single_use_contact
CASE012,CDR2681,single_use_contact
CASE012,CDR2682,single_use_contact
CASE012,CDR2683,single_use_contact
CASE012,CDR2684,single_use_contact
CASE012,CDR2685,single_use_contact
CASE012,CDR2686,single_use_contact
CASE012,CDR2687,single_use_contact
CASE012,CDR2688,odd_hour_contact|single_use_contact
CASE012,CDR2689,single_use_contact
CASE012,CDR2690,single_use_contact
CASE012,CDR2691,single_use_contact
CASE012,CDR2692,single_use_contact
CASE012,CDR2693,single_use_contact
CASE012,CDR2694,single_use_contact
CASE012,CDR2695,single_use_contact
CASE012,CDR2696,single_use_contact
CASE012,CDR2697,single_use_contact
CASE012,CDR2698,odd_hour_contact|single_use_contact
CASE012,CDR2699,single_use_contact
CASE012,CDR2700,single_use_contact
CASE012,CDR2701,odd_hour_contact|single_use_contact
CASE012,CDR2702,odd_hour_contact|single_use_contact
CASE012,CDR2703,single_use_contact
CASE012,CDR2704,single_use_contact
CASE012,CDR2705,odd_hour_contact|single_use_contact
CASE012,CDR2706,single_use_contact
CASE012,CDR2707,single_use_contact
CASE012,CDR2708,single_use_contact
CASE012,CDR2709,single_use_contact
CASE012,CDR2710,single_use_contact
CASE012,CDR2711,single_use_contact
CASE012,CDR2712,single_use_contact
CASE012,CDR2713,single_use_contact
CASE012,CDR2714,single_use_contact
CASE012,CDR2715,single_use_contact
CASE012,CDR2716,odd_hour_contact|single_use_contact
CASE012,CDR2717,single_use_contact
CASE012,CDR2718,single_use_contact
CASE012,CDR2719,single_use_contact
CASE012,CDR2720,single_use_contact
CASE012,CDR2721,single_use_contact
CASE012,CDR2722,single_use_contact
CASE012,CDR2723,single_use_contact
CASE012,CDR2724,odd_hour_contact|single_use_contact
CASE012,CDR2725,single_use_contact
CASE012,CDR2726,single_use_contact
CASE012,CDR2727,single_use_contact
CASE012,CDR2728,odd_hour_contact|single_use_contact
CASE012,CDR2729,single_use_contact
CASE012,CDR2730,single_use_contact
CASE012,CDR2731,odd_hour_contact|single_use_contact
CASE012,CDR2732,single_use_contact
CASE012,CDR2733,single_use_contact
CASE012,CDR2734,single_use_contact
CASE012,CDR2735,single_use_contact
CASE012,CDR2736,odd_hour_contact|single_use_contact
CASE012,CDR2737,single_use_contact
CASE012,CDR2738,odd_hour_contact|single_use_contact
CASE012,CDR2739,odd_hour_contact|single_use_contact
CASE012,CDR2740,single_use_contact
CASE012,CDR2741,single_use_contact
CASE012,CDR2742,single_use_contact
CASE012,CDR2743,single_use_contact
CASE012,CDR2744,single_use_contact
CASE012,CDR2745,single_use_contact
CASE012,CDR2746,single_use_contact
CASE012,CDR2747,single_use_contact
CASE013,CDR2748,burst_calling
CASE013,CDR2749,burst_calling
CASE013,CDR2750,burst_calling
CASE013,CDR2751,burst_calling
CASE013,CDR2752,burst_calling
CASE013,CDR2753,burst_calling
CASE013,CDR2757,odd_hour_contact
CASE013,CDR2758,burst_calling
CASE013,CDR2759,burst_calling
CASE013,CDR2760,burst_calling
CASE013,CDR2761,odd_hour_contact|burst_calling
CASE013,CDR2762,burst_calling
CASE013,CDR2763,odd_hour_contact|burst_calling
CASE013,CDR2764,odd_hour_contact|burst_calling
CASE013,CDR2765,burst_calling
CASE013,CDR2766,odd_hour_contact|burst_calling
CASE013,CDR2767,burst_calling
CASE013,CDR2768,single_use_contact
CASE013,CDR2769,single_use_contact
CASE013,CDR2770,single_use_contact
CASE013,CDR2771,single_use_contact
CASE013,CDR2772,single_use_contact
CASE013,CDR2773,single_use_contact
CASE013,CDR2774,single_use_contact
CASE013,CDR2776,single_use_contact
CASE013,CDR2777,single_use_contact
CASE013,CDR2778,odd_hour_contact|single_use_contact
CASE013,CDR2779,single_use_contact
CASE013,CDR2780,odd_hour_contact|single_use_contact
CASE013,CDR2781,single_use_contact
CASE013,CDR2782,single_use_contact
CASE013,CDR2783,single_use_contact
CASE013,CDR2784,single_use_contact
CASE013,CDR2785,single_use_contact
CASE013,CDR2786,single_use_contact
CASE013,CDR2787,single_use_contact
CASE013,CDR2788,single_use_contact
CASE013,CDR2789,odd_hour_contact|single_use_contact
CASE013,CDR2790,single_use_contact
CASE013,CDR2791,single_use_contact
CASE013,CDR2792,odd_hour_contact|single_use_contact
CASE013,CDR2793,single_use_contact
CASE013,CDR2794,single_use_contact
CASE013,CDR2795,single_use_contact
CASE013,CDR2796,single_use_contact
CASE013,CDR2797,odd_hour_contact|single_use_contact
CASE013,CDR2798,single_use_contact
CASE013,CDR2799,odd_hour_contact|single_use_contact
CASE013,CDR2800,odd_hour_contact|single_use_contact
CASE013,CDR2801,odd_hour_contact|single_use_contact
CASE013,CDR2802,single_use_contact
CASE013,CDR2803,odd_hour_contact|single_use_contact
CASE013,CDR2804,single_use_contact
CASE013,CDR2805,odd_hour_contact|single_use_contact
CASE013,CDR2806,odd_hour_contact|single_use_contact
CASE013,CDR2807,single_use_contact
CASE013,CDR2808,single_use_contact
CASE013,CDR2809,single_use_contact
CASE013,CDR2810,single_use_contact
CASE013,CDR2811,odd_hour_contact|single_use_contact
CASE013,CDR2812,single_use_contact
CASE013,CDR2813,single_use_contact
CASE013,CDR2814,odd_hour_contact|single_use_contact
CASE013,CDR2815,single_use_contact
CASE013,CDR2816,odd_hour_contact|single_use_contact
CASE013,CDR2817,single_use_contact
CASE013,CDR2818,single_use_contact
CASE013,CDR2819,single_use_contact
CASE013,CDR2820,single_use_contact
CASE013,CDR2821,single_use_contact
CASE013,CDR2822,single_use_contact
CASE013,CDR2823,single_use_contact
CASE013,CDR2824,odd_hour_contact|single_use_contact
CASE013,CDR2825,single_use_contact
CASE013,CDR2826,single_use_contact
CASE013,CDR2827,single_use_contact
CASE013,CDR2828,single_use_contact
CASE013,CDR2829,single_use_contact
CASE013,CDR2830,single_use_contact
CASE013,CDR2831,single_use_contact
CASE013,CDR2832,odd_hour_contact|single_use_contact
CASE013,CDR2833,odd_hour_contact|single_use_contact
CASE013,CDR2834,single_use_contact
CASE013,CDR2835,single_use_contact
CASE013,CDR2836,single_use_contact
CASE013,CDR2837,odd_hour_contact|single_use_contact
CASE013,CDR2838,odd_hour_contact|single_use_contact
CASE013,CDR2839,odd_hour_contact|single_use_contact
CASE013,CDR2840,odd_hour_contact|single_use_contact
CASE013,CDR2841,odd_hour_contact|single_use_contact
CASE013,CDR2842,single_use_contact
CASE013,CDR2843,single_use_contact
CASE013,CDR2845,odd_hour_contact|single_use_contact
CASE013,CDR2846,single_use_contact
CASE013,CDR2847,single_use_contact
CASE013,CDR2848,single_use_contact
CASE013,CDR2849,odd_hour_contact|single_use_contact
CASE013,CDR2850,odd_hour_contact|single_use_contact
CASE013,CDR2851,single_use_contact
CASE013,CDR2852,single_use_contact
CASE013,CDR2853,odd_hour_contact|single_use_contact
CASE013,CDR2854,single_use_contact
CASE013,CDR2855,single_use_contact
CASE013,CDR2856,single_use_contact
CASE013,CDR2857,single_use_contact
CASE014,CDR2858,burst_calling
CASE014,CDR2859,burst_calling
CASE014,CDR2860,burst_calling
CASE014,CDR2861,odd_hour_contact|burst_calling
CASE014,CDR2862,burst_calling
CASE014,CDR2863,burst_calling
CASE014,CDR2864,odd_hour_contact
CASE014,CDR2865,odd_hour_contact
CASE014,CDR2871,burst_calling
CASE014,CDR2872,burst_calling
CASE014,CDR2873,burst_calling
CASE014,CDR2874,odd_hour_contact|burst_calling
CASE014,CDR2875,burst_calling
CASE014,CDR2879,odd_hour_contact
CASE014,CDR2881,burst_calling
CASE014,CDR2882,burst_calling
CASE014,CDR2883,odd_hour_contact|burst_calling
CASE014,CDR2884,burst_calling
CASE014,CDR2885,burst_calling
CASE014,CDR2886,burst_calling
CASE014,CDR2887,burst_calling
CASE014,CDR2888,odd_hour_contact|burst_calling
CASE014,CDR2889,odd_hour_contact|burst_calling
CASE014,CDR2890,burst_calling
CASE014,CDR2891,burst_calling
CASE014,CDR2892,odd_hour_contact|burst_calling
CASE014,CDR2893,burst_calling
CASE014,CDR2894,burst_calling
CASE014,CDR2895,odd_hour_contact|burst_calling
CASE014,CDR2896,burst_calling
CASE014,CDR2897,burst_calling
CASE014,CDR2898,burst_calling
CASE014,CDR2902,burst_calling
CASE014,CDR2903,burst_calling
CASE014,CDR2904,burst_calling
CASE014,CDR2905,burst_calling
CASE014,CDR2906,burst_calling
CASE014,CDR2907,odd_hour_contact|burst_calling
CASE014,CDR2908,burst_calling
CASE014,CDR2909,burst_calling
CASE014,CDR2910,burst_calling
CASE014,CDR2911,burst_calling
CASE014,CDR2915,burst_calling
CASE014,CDR2916,odd_hour_contact|burst_calling
CASE014,CDR2917,burst_calling
CASE014,CDR2918,burst_calling
CASE014,CDR2919,burst_calling
CASE014,CDR2928,odd_hour_contact
CASE014,CDR2929,burst_calling
CASE014,CDR2930,burst_calling
CASE014,CDR2931,burst_calling
CASE014,CDR2932,odd_hour_contact|burst_calling
CASE014,CDR2933,odd_hour_contact|burst_calling
CASE014,CDR2934,odd_hour_contact
CASE014,CDR2941,odd_hour_contact
CASE014,CDR2943,odd_hour_contact
CASE014,CDR2946,odd_hour_contact
CASE014,CDR2952,burst_calling
CASE014,CDR2953,burst_calling
CASE014,CDR2954,burst_calling
CASE014,CDR2955,burst_calling
CASE014,CDR2956,burst_calling
CASE014,CDR2957,burst_calling
CASE014,CDR2958,odd_hour_contact|burst_calling
CASE014,CDR2959,odd_hour_contact|burst_calling
CASE014,CDR2960,burst_calling
CASE014,CDR2961,odd_hour_contact|burst_calling
CASE014,CDR2962,burst_calling
CASE014,CDR2963,burst_calling
CASE014,CDR2964,burst_calling
CASE014,CDR2965,burst_calling
CASE014,CDR2969,burst_calling
CASE014,CDR2970,single_use_contact
CASE014,CDR2971,single_use_contact
CASE014,CDR2972,single_use_contact
CASE014,CDR2973,single_use_contact
CASE014,CDR2974,single_use_contact
CASE014,CDR2975,odd_hour_contact|single_use_contact
CASE014,CDR2976,single_use_contact
CASE014,CDR2977,single_use_contact
CASE014,CDR2978,burst_calling
CASE014,CDR2979,single_use_contact
CASE014,CDR2980,single_use_contact
CASE014,CDR2981,single_use_contact
CASE014,CDR2982,odd_hour_contact|single_use_contact
CASE014,CDR2983,odd_hour_contact|single_use_contact
CASE014,CDR2984,single_use_contact
CASE014,CDR2985,single_use_contact
CASE014,CDR2986,single_use_contact
CASE014,CDR2987,odd_hour_contact|single_use_contact
CASE014,CDR2988,odd_hour_contact|single_use_contact
CASE014,CDR2989,odd_hour_contact|single_use_contact
CASE014,CDR2990,single_use_contact
CASE014,CDR2991,single_use_contact
CASE014,CDR2992,single_use_contact
CASE014,CDR2993,odd_hour_contact|single_use_contact
CASE014,CDR2994,single_use_contact
CASE014,CDR2995,single_use_contact
CASE014,CDR2996,single_use_contact
CASE014,CDR2997,single_use_contact
CASE014,CDR2998,odd_hour_contact|single_use_contact
CASE014,CDR2999,single_use_contact
CASE014,CDR3000,single_use_contact
CASE014,CDR3001,single_use_contact
CASE014,CDR3002,single_use_contact
CASE014,CDR3003,single_use_contact
CASE014,CDR3004,single_use_contact
CASE014,CDR3005,single_use_contact
CASE014,CDR3006,odd_hour_contact|single_use_contact
CASE014,CDR3007,single_use_contact
CASE014,CDR3008,single_use_contact
CASE014,CDR3009,odd_hour_contact|single_use_contact
CASE014,CDR3010,odd_hour_contact|single_use_contact
CASE014,CDR3011,single_use_contact
CASE014,CDR3012,odd_hour_contact|single_use_contact
CASE014,CDR3013,single_use_contact
CASE014,CDR3014,single_use_contact
CASE014,CDR3015,single_use_contact
CASE014,CDR3016,single_use_contact
CASE014,CDR3017,single_use_contact
CASE014,CDR3018,single_use_contact
CASE014,CDR3019,single_use_contact
CASE014,CDR3020,single_use_contact
CASE014,CDR3021,single_use_contact
CASE014,CDR3022,single_use_contact
CASE014,CDR3023,odd_hour_contact|single_use_contact
CASE014,CDR3024,single_use_contact
CASE014,CDR3025,single_use_contact
CASE014,CDR3026,single_use_contact
CASE014,CDR3027,odd_hour_contact|single_use_contact
CASE014,CDR3028,odd_hour_contact|single_use_contact
CASE014,CDR3029,single_use_contact
CASE014,CDR3030,odd_hour_contact|single_use_contact
CASE014,CDR3031,single_use_contact
CASE014,CDR3032,single_use_contact
CASE014,CDR3033,single_use_contact
CASE014,CDR3034,single_use_contact
CASE014,CDR3035,single_use_contact
CASE014,CDR3036,single_use_contact
CASE014,CDR3037,odd_hour_contact|single_use_contact
CASE014,CDR3038,single_use_contact
CASE014,CDR3039,odd_hour_contact|single_use_contact
CASE014,CDR3040,single_use_contact
CASE014,CDR3041,odd_hour_contact|single_use_contact
CASE014,CDR3042,single_use_contact
CASE014,CDR3043,single_use_contact
CASE014,CDR3044,single_use_contact
CASE014,CDR3045,single_use_contact
CASE014,CDR3046,single_use_contact
CASE014,CDR3047,single_use_contact
CASE014,CDR3048,single_use_contact
CASE014,CDR3049,single_use_contact
CASE014,CDR3050,single_use_contact
CASE014,CDR3051,single_use_contact
CASE014,CDR3052,single_use_contact
CASE014,CDR3053,single_use_contact
CASE014,CDR3054,odd_hour_contact|single_use_contact
CASE014,CDR3055,single_use_contact
CASE014,CDR3056,odd_hour_contact|single_use_contact
CASE014,CDR3057,single_use_contact
CASE014,CDR3058,odd_hour_contact|single_use_contact
CASE015,CDR3059,burst_calling
CASE015,CDR3060,odd_hour_contact|burst_calling
CASE015,CDR3061,burst_calling
CASE015,CDR3062,burst_calling
CASE015,CDR3063,burst_calling
CASE015,CDR3067,odd_hour_contact|burst_calling
CASE015,CDR3068,burst_calling
CASE015,CDR3069,burst_calling
CASE015,CDR3070,burst_calling
CASE015,CDR3071,burst_calling
CASE015,CDR3072,burst_calling
CASE015,CDR3075,single_use_contact
CASE015,CDR3076,single_use_contact
CASE015,CDR3078,odd_hour_contact|single_use_contact
CASE015,CDR3079,single_use_contact
CASE015,CDR3080,single_use_contact
CASE015,CDR3081,odd_hour_contact|single_use_contact
CASE015,CDR3082,single_use_contact
CASE015,CDR3083,single_use_contact
CASE015,CDR3084,odd_hour_contact|single_use_contact
CASE015,CDR3085,single_use_contact
CASE015,CDR3086,odd_hour_contact|single_use_contact
CASE015,CDR3087,single_use_contact
CASE015,CDR3088,single_use_contact
CASE015,CDR3089,single_use_contact
CASE015,CDR3090,single_use_contact
CASE015,CDR3091,single_use_contact
CASE015,CDR3092,odd_hour_contact|single_use_contact
CASE015,CDR3093,single_use_contact
CASE015,CDR3094,single_use_contact
CASE015,CDR3095,single_use_contact
CASE015,CDR3096,single_use_contact
CASE015,CDR3097,single_use_contact
CASE015,CDR3098,odd_hour_contact|single_use_contact
CASE015,CDR3099,odd_hour_contact|single_use_contact
CASE015,CDR3100,odd_hour_contact|single_use_contact
CASE015,CDR3101,odd_hour_contact|single_use_contact
CASE015,CDR3102,single_use_contact
CASE015,CDR3103,single_use_contact
CASE015,CDR3104,single_use_contact
CASE015,CDR3105,single_use_contact
CASE015,CDR3106,odd_hour_contact|single_use_contact
CASE015,CDR3107,single_use_contact
CASE015,CDR3108,single_use_contact
CASE015,CDR3109,single_use_contact
CASE015,CDR3110,single_use_contact
CASE015,CDR3111,single_use_contact
CASE015,CDR3112,odd_hour_contact|single_use_contact
CASE015,CDR3113,single_use_contact
CASE015,CDR3114,single_use_contact
CASE015,CDR3115,single_use_contact
CASE015,CDR3116,odd_hour_contact|single_use_contact
CASE015,CDR3117,single_use_contact
CASE015,CDR3118,single_use_contact
CASE015,CDR3119,single_use_contact
CASE015,CDR3120,single_use_contact
CASE015,CDR3121,single_use_contact
CASE015,CDR3122,single_use_contact
CASE015,CDR3123,odd_hour_contact|single_use_contact
CASE015,CDR3124,single_use_contact
CASE015,CDR3125,single_use_contact
CASE015,CDR3126,single_use_contact
CASE015,CDR3127,odd_hour_contact|single_use_contact
CASE015,CDR3128,single_use_contact
CASE015,CDR3129,single_use_contact
CASE015,CDR3130,single_use_contact
CASE015,CDR3131,single_use_contact
CASE015,CDR3132,single_use_contact
CASE015,CDR3133,single_use_contact
CASE015,CDR3134,single_use_contact
CASE015,CDR3135,single_use_contact
CASE015,CDR3136,odd_hour_contact|single_use_contact
CASE015,CDR3137,single_use_contact
CASE015,CDR3138,odd_hour_contact|single_use_contact
CASE015,CDR3139,odd_hour_contact
CASE015,CDR3140,single_use_contact
CASE015,CDR3141,single_use_contact
CASE015,CDR3142,single_use_contact
CASE015,CDR3143,single_use_contact
CASE015,CDR3144,odd_hour_contact|single_use_contact
CASE015,CDR3145,odd_hour_contact|single_use_contact
CASE015,CDR3146,single_use_contact
CASE015,CDR3147,single_use_contact
CASE015,CDR3148,odd_hour_contact|single_use_contact
CASE015,CDR3149,odd_hour_contact|single_use_contact
CASE015,CDR3150,single_use_contact
CASE015,CDR3151,single_use_contact
CASE015,CDR3152,single_use_contact
CASE015,CDR3153,single_use_contact
CASE015,CDR3154,single_use_contact
CASE015,CDR3155,odd_hour_contact|single_use_contact
CASE015,CDR3156,single_use_contact
CASE015,CDR3157,single_use_contact
CASE015,CDR3158,single_use_contact
CASE015,CDR3159,odd_hour_contact|single_use_contact
CASE015,CDR3160,single_use_contact
CASE015,CDR3161,single_use_contact
CASE015,CDR3162,odd_hour_contact|single_use_contact
CASE015,CDR3163,single_use_contact
CASE015,CDR3164,single_use_contact
CASE016,CDR3165,burst_calling
CASE016,CDR3166,burst_calling
CASE016,CDR3167,burst_calling
CASE016,CDR3168,burst_calling
CASE016,CDR3169,burst_calling
CASE016,CDR3170,burst_calling
CASE016,CDR3171,burst_calling
CASE016,CDR3172,odd_hour_contact|burst_calling
CASE016,CDR3173,burst_calling
CASE016,CDR3174,burst_calling
CASE016,CDR3184,odd_hour_contact
CASE016,CDR3186,odd_hour_contact
CASE016,CDR3192,burst_calling
CASE016,CDR3193,odd_hour_contact|burst_calling
CASE016,CDR3194,burst_calling
CASE016,CDR3195,burst_calling
CASE016,CDR3196,odd_hour_contact|burst_calling
CASE016,CDR3201,burst_calling
CASE016,CDR3202,burst_calling
CASE016,CDR3203,burst_calling
CASE016,CDR3204,burst_calling
CASE016,CDR3205,burst_calling
CASE016,CDR3206,burst_calling
CASE016,CDR3211,burst_calling
CASE016,CDR3212,odd_hour_contact|burst_calling
CASE016,CDR3213,burst_calling
CASE016,CDR3214,odd_hour_contact|burst_calling
CASE016,CDR3215,burst_calling
CASE016,CDR3218,odd_hour_contact|burst_calling
CASE016,CDR3219,odd_hour_contact|burst_calling
CASE016,CDR3220,burst_calling
CASE016,CDR3221,burst_calling
CASE016,CDR3222,odd_hour_contact|burst_calling
CASE016,CDR3225,odd_hour_contact
CASE016,CDR3227,burst_calling
CASE016,CDR3228,burst_calling
CASE016,CDR3229,odd_hour_contact|burst_calling
CASE016,CDR3230,burst_calling
CASE016,CDR3231,burst_calling
CASE016,CDR3232,burst_calling
CASE016,CDR3238,burst_calling
CASE016,CDR3239,burst_calling
CASE016,CDR3240,burst_calling
CASE016,CDR3241,odd_hour_contact|burst_calling
CASE016,CDR3242,burst_calling
CASE016,CDR3243,burst_calling
CASE016,CDR3245,odd_hour_contact
CASE016,CDR3247,odd_hour_contact
CASE016,CDR3248,odd_hour_contact|burst_calling
CASE016,CDR3249,burst_calling
CASE016,CDR3250,burst_calling
CASE016,CDR3251,burst_calling
CASE016,CDR3252,burst_calling
CASE016,CDR3253,burst_calling
CASE016,CDR3254,burst_calling
CASE016,CDR3255,burst_calling
CASE016,CDR3256,burst_calling
CASE016,CDR3257,burst_calling
CASE016,CDR3258,burst_calling
CASE016,CDR3262,odd_hour_contact
CASE016,CDR3266,burst_calling
CASE016,CDR3267,odd_hour_contact|burst_calling
CASE016,CDR3268,burst_calling
CASE016,CDR3269,burst_calling
CASE016,CDR3270,odd_hour_contact|burst_calling
CASE016,CDR3271,burst_calling
CASE016,CDR3272,odd_hour_contact|burst_calling
CASE016,CDR3273,odd_hour_contact|burst_calling
CASE016,CDR3274,odd_hour_contact|burst_calling
CASE016,CDR3275,odd_hour_contact|burst_calling
CASE016,CDR3276,odd_hour_contact|burst_calling
CASE016,CDR3280,odd_hour_contact
CASE016,CDR3281,odd_hour_contact
CASE016,CDR3282,odd_hour_contact
CASE016,CDR3287,odd_hour_contact
CASE016,CDR3294,burst_calling
CASE016,CDR3295,burst_calling
CASE016,CDR3296,odd_hour_contact|burst_calling
CASE016,CDR3297,burst_calling
CASE016,CDR3298,burst_calling
CASE016,CDR3304,odd_hour_contact
CASE016,CDR3305,burst_calling
CASE016,CDR3306,burst_calling
CASE016,CDR3307,odd_hour_contact|burst_calling
CASE016,CDR3308,burst_calling
CASE016,CDR3309,burst_calling
CASE016,CDR3310,burst_calling
CASE016,CDR3311,burst_calling
CASE016,CDR3312,odd_hour_contact|burst_calling
CASE016,CDR3313,burst_calling
CASE016,CDR3314,burst_calling
CASE016,CDR3315,burst_calling
CASE016,CDR3316,burst_calling
CASE016,CDR3321,burst_calling
CASE016,CDR3322,burst_calling
CASE016,CDR3323,burst_calling
CASE016,CDR3324,odd_hour_contact|burst_calling
CASE016,CDR3325,burst_calling
CASE016,CDR3326,burst_calling
CASE016,CDR3327,burst_calling
CASE016,CDR3328,odd_hour_contact|burst_calling
CASE016,CDR3329,odd_hour_contact|burst_calling
CASE016,CDR3330,odd_hour_contact|burst_calling
CASE016,CDR3331,burst_calling
CASE016,CDR3332,single_use_contact
CASE016,CDR3333,single_use_contact
CASE016,CDR3334,single_use_contact
CASE016,CDR3335,single_use_contact
CASE016,CDR3336,single_use_contact
CASE016,CDR3337,single_use_contact
CASE016,CDR3338,odd_hour_contact|single_use_contact
CASE016,CDR3339,single_use_contact
CASE016,CDR3340,single_use_contact
CASE016,CDR3341,single_use_contact
CASE016,CDR3342,single_use_contact
CASE016,CDR3343,single_use_contact
CASE016,CDR3344,single_use_contact
CASE016,CDR3345,single_use_contact
CASE016,CDR3346,single_use_contact
CASE016,CDR3347,single_use_contact
CASE016,CDR3348,single_use_contact
CASE016,CDR3349,single_use_contact
CASE016,CDR3350,single_use_contact
CASE016,CDR3351,single_use_contact
CASE016,CDR3352,odd_hour_contact|single_use_contact
CASE016,CDR3353,odd_hour_contact|single_use_contact
CASE016,CDR3354,single_use_contact
CASE016,CDR3355,single_use_contact
CASE016,CDR3356,single_use_contact
CASE016,CDR3357,odd_hour_contact|single_use_contact
CASE016,CDR3358,single_use_contact
CASE016,CDR3359,single_use_contact
CASE016,CDR3360,single_use_contact
CASE016,CDR3361,single_use_contact
CASE016,CDR3362,single_use_contact
CASE016,CDR3363,single_use_contact
CASE016,CDR3364,odd_hour_contact|single_use_contact
CASE016,CDR3365,single_use_contact
CASE016,CDR3366,single_use_contact
CASE016,CDR3367,single_use_contact
CASE016,CDR3368,single_use_contact
CASE016,CDR3369,single_use_contact
CASE016,CDR3370,odd_hour_contact|single_use_contact
CASE016,CDR3371,single_use_contact
CASE016,CDR3372,odd_hour_contact|single_use_contact
CASE016,CDR3373,odd_hour_contact|single_use_contact
CASE016,CDR3374,single_use_contact
CASE016,CDR3375,single_use_contact
CASE016,CDR3376,single_use_contact
CASE016,CDR3377,single_use_contact
CASE016,CDR3378,single_use_contact
CASE016,CDR3379,single_use_contact
CASE016,CDR3380,single_use_contact
CASE016,CDR3381,single_use_contact
CASE016,CDR3382,single_use_contact
CASE016,CDR3383,single_use_contact
CASE016,CDR3384,single_use_contact
CASE016,CDR3385,single_use_contact
CASE016,CDR3386,odd_hour_contact|single_use_contact
CASE016,CDR3387,single_use_contact
CASE016,CDR3388,single_use_contact
CASE016,CDR3389,odd_hour_contact|single_use_contact
CASE016,CDR3390,single_use_contact
CASE016,CDR3391,single_use_contact
CASE016,CDR3392,odd_hour_contact|single_use_contact
CASE016,CDR3393,single_use_contact
CASE016,CDR3394,odd_hour_contact|single_use_contact
CASE016,CDR3395,single_use_contact
CASE016,CDR3396,single_use_contact
CASE016,CDR3397,single_use_contact
CASE016,CDR3398,single_use_contact
CASE016,CDR3399,single_use_contact
CASE016,CDR3400,odd_hour_contact|single_use_contact
CASE016,CDR3401,single_use_contact
CASE016,CDR3402,single_use_contact
CASE016,CDR3403,single_use_contact
CASE016,CDR3404,odd_hour_contact|single_use_contact
CASE016,CDR3405,single_use_contact
CASE016,CDR3406,odd_hour_contact|single_use_contact
CASE016,CDR3407,single_use_contact
CASE016,CDR3408,single_use_contact
CASE016,CDR3409,single_use_contact
CASE016,CDR3410,single_use_contact
CASE016,CDR3411,single_use_contact
CASE016,CDR3412,single_use_contact
CASE016,CDR3413,single_use_contact
CASE016,CDR3414,single_use_contact
CASE016,CDR3415,single_use_contact
CASE016,CDR3416,odd_hour_contact|single_use_contact
CASE016,CDR3417,single_use_contact
CASE016,CDR3418,odd_hour_contact|single_use_contact
CASE016,CDR3419,single_use_contact
CASE016,CDR3420,odd_hour_contact|single_use_contact
CASE016,CDR3421,single_use_contact
CASE017,CDR3422,odd_hour_contact
CASE017,CDR3424,odd_hour_contact
CASE017,CDR3428,odd_hour_contact
CASE017,CDR3434,burst_calling
CASE017,CDR3435,odd_hour_contact|burst_calling
CASE017,CDR3436,burst_calling
CASE017,CDR3437,burst_calling
CASE017,CDR3438,burst_calling
CASE017,CDR3439,burst_calling
CASE017,CDR3440,odd_hour_contact|burst_calling
CASE017,CDR3441,burst_calling
CASE017,CDR3442,burst_calling
CASE017,CDR3443,burst_calling
CASE017,CDR3454,odd_hour_contact|burst_calling
CASE017,CDR3455,burst_calling
CASE017,CDR3456,odd_hour_contact|burst_calling
CASE017,CDR3457,burst_calling
CASE017,CDR3458,burst_calling
CASE017,CDR3459,burst_calling
CASE017,CDR3460,odd_hour_contact|burst_calling
CASE017,CDR3461,burst_calling
CASE017,CDR3462,burst_calling
CASE017,CDR3463,burst_calling
CASE017,CDR3464,burst_calling
CASE017,CDR3465,burst_calling
CASE017,CDR3466,burst_calling
CASE017,CDR3467,odd_hour_contact|burst_calling
CASE017,CDR3468,burst_calling
CASE017,CDR3469,burst_calling
CASE017,CDR3470,burst_calling
CASE017,CDR3472,odd_hour_contact
CASE017,CDR3473,burst_calling
CASE017,CDR3474,burst_calling
CASE017,CDR3475,burst_calling
CASE017,CDR3476,burst_calling
CASE017,CDR3477,burst_calling
CASE017,CDR3478,burst_calling
CASE017,CDR3479,burst_calling
CASE017,CDR3480,odd_hour_contact|burst_calling
CASE017,CDR3481,burst_calling
CASE017,CDR3482,odd_hour_contact|burst_calling
CASE017,CDR3487,burst_calling
CASE017,CDR3488,odd_hour_contact|burst_calling
CASE017,CDR3489,burst_calling
CASE017,CDR3490,burst_calling
CASE017,CDR3491,odd_hour_contact|burst_calling
CASE017,CDR3492,burst_calling
CASE017,CDR3493,burst_calling
CASE017,CDR3494,burst_calling
CASE017,CDR3495,odd_hour_contact|burst_calling
CASE017,CDR3496,odd_hour_contact|burst_calling
CASE017,CDR3497,burst_calling
CASE017,CDR3498,burst_calling
CASE017,CDR3499,odd_hour_contact|burst_calling
CASE017,CDR3500,burst_calling
CASE017,CDR3501,burst_calling
CASE017,CDR3502,odd_hour_contact|burst_calling
CASE017,CDR3503,burst_calling
CASE017,CDR3504,odd_hour_contact|burst_calling
CASE017,CDR3505,odd_hour_contact
CASE017,CDR3509,odd_hour_contact
CASE017,CDR3516,odd_hour_contact
CASE017,CDR3518,odd_hour_contact
CASE017,CDR3520,odd_hour_contact
CASE017,CDR3526,odd_hour_contact
CASE017,CDR3528,odd_hour_contact
CASE017,CDR3533,burst_calling
CASE017,CDR3534,burst_calling
CASE017,CDR3535,burst_calling
CASE017,CDR3536,burst_calling
CASE017,CDR3537,burst_calling
CASE017,CDR3538,burst_calling
CASE017,CDR3539,burst_calling
CASE017,CDR3540,odd_hour_contact|burst_calling
CASE017,CDR3541,burst_calling
CASE017,CDR3542,burst_calling
CASE017,CDR3543,burst_calling
CASE017,CDR3548,burst_calling
CASE017,CDR3549,burst_calling
CASE017,CDR3550,burst_calling
CASE017,CDR3551,burst_calling
CASE017,CDR3552,burst_calling
CASE017,CDR3553,burst_calling
CASE017,CDR3554,burst_calling
CASE017,CDR3555,burst_calling
CASE017,CDR3556,burst_calling
CASE017,CDR3557,burst_calling
CASE017,CDR3558,burst_calling
CASE017,CDR3559,odd_hour_contact
CASE017,CDR3560,odd_hour_contact
CASE017,CDR3563,burst_calling
CASE017,CDR3564,burst_calling
CASE017,CDR3565,burst_calling
CASE017,CDR3566,burst_calling
CASE017,CDR3567,burst_calling
CASE017,CDR3568,odd_hour_contact|burst_calling
CASE017,CDR3571,odd_hour_contact|burst_calling
CASE017,CDR3572,odd_hour_contact|burst_calling
CASE017,CDR3573,burst_calling
CASE017,CDR3574,burst_calling
CASE017,CDR3575,burst_calling
CASE017,CDR3576,burst_calling
CASE017,CDR3577,burst_calling
CASE017,CDR3578,burst_calling
CASE017,CDR3579,burst_calling
CASE017,CDR3580,odd_hour_contact|burst_calling
CASE017,CDR3581,burst_calling
CASE017,CDR3582,burst_calling
CASE017,CDR3583,burst_calling
CASE017,CDR3584,burst_calling
CASE017,CDR3585,burst_calling
CASE017,CDR3586,burst_calling
CASE017,CDR3587,burst_calling
CASE017,CDR3588,odd_hour_contact
CASE017,CDR3591,odd_hour_contact|burst_calling
CASE017,CDR3592,odd_hour_contact|burst_calling
CASE017,CDR3593,burst_calling
CASE017,CDR3594,odd_hour_contact|burst_calling
CASE017,CDR3595,burst_calling
CASE017,CDR3596,burst_calling
CASE017,CDR3597,burst_calling
CASE017,CDR3598,burst_calling
CASE017,CDR3599,burst_calling
CASE017,CDR3600,burst_calling
CASE017,CDR3601,burst_calling
CASE017,CDR3603,odd_hour_contact
CASE017,CDR3605,odd_hour_contact|burst_calling
CASE017,CDR3606,burst_calling
CASE017,CDR3607,burst_calling
CASE017,CDR3608,odd_hour_contact|burst_calling
CASE017,CDR3609,burst_calling
CASE017,CDR3610,burst_calling
CASE017,CDR3611,odd_hour_contact|burst_calling
CASE017,CDR3612,burst_calling
CASE017,CDR3613,burst_calling
CASE017,CDR3614,burst_calling
CASE017,CDR3615,odd_hour_contact|burst_calling
CASE017,CDR3618,burst_calling
CASE017,CDR3619,burst_calling
CASE017,CDR3620,burst_calling
CASE017,CDR3621,burst_calling
CASE017,CDR3622,burst_calling
CASE017,CDR3623,burst_calling
CASE017,CDR3624,burst_calling
CASE017,CDR3625,burst_calling
CASE017,CDR3626,burst_calling
CASE017,CDR3627,burst_calling
CASE017,CDR3628,burst_calling
CASE017,CDR3631,burst_calling
CASE017,CDR3632,odd_hour_contact|burst_calling
CASE017,CDR3633,burst_calling
CASE017,CDR3634,burst_calling
CASE017,CDR3635,burst_calling
CASE017,CDR3636,burst_calling
CASE017,CDR3637,burst_calling
CASE017,CDR3638,burst_calling
CASE017,CDR3639,burst_calling
CASE017,CDR3640,burst_calling
CASE017,CDR3641,burst_calling
CASE017,CDR3642,burst_calling
CASE017,CDR3643,burst_calling
CASE017,CDR3644,burst_calling
CASE017,CDR3645,burst_calling
CASE017,CDR3646,burst_calling
CASE017,CDR3647,burst_calling
CASE017,CDR3648,burst_calling
CASE017,CDR3649,odd_hour_contact|burst_calling
CASE017,CDR3650,burst_calling
CASE017,CDR3651,burst_calling
CASE017,CDR3654,odd_hour_contact
CASE017,CDR3656,burst_calling
CASE017,CDR3657,odd_hour_contact|burst_calling
CASE017,CDR3658,burst_calling
CASE017,CDR3659,burst_calling
CASE017,CDR3660,burst_calling
CASE017,CDR3664,odd_hour_contact
CASE017,CDR3666,burst_calling
CASE017,CDR3667,burst_calling
CASE017,CDR3668,burst_calling
CASE017,CDR3669,burst_calling
CASE017,CDR3670,odd_hour_contact|burst_calling
CASE017,CDR3671,odd_hour_contact|burst_calling
CASE017,CDR3672,odd_hour_contact|burst_calling
CASE017,CDR3673,odd_hour_contact|burst_calling
CASE017,CDR3674,burst_calling
CASE017,CDR3675,burst_calling
CASE017,CDR3676,odd_hour_contact|burst_calling
CASE017,CDR3688,odd_hour_contact|burst_calling
CASE017,CDR3689,odd_hour_contact|burst_calling
CASE017,CDR3690,burst_calling
CASE017,CDR3691,odd_hour_contact|burst_calling
CASE017,CDR3692,burst_calling
CASE017,CDR3695,burst_calling
CASE017,CDR3696,burst_calling
CASE017,CDR3697,burst_calling
CASE017,CDR3698,odd_hour_contact|burst_calling
CASE017,CDR3699,burst_calling
CASE017,CDR3700,burst_calling
CASE017,CDR3701,odd_hour_contact
CASE017,CDR3702,odd_hour_contact
CASE017,CDR3705,odd_hour_contact
CASE017,CDR3709,odd_hour_contact
CASE017,CDR3714,odd_hour_contact
CASE017,CDR3715,odd_hour_contact
CASE017,CDR3717,burst_calling
CASE017,CDR3718,burst_calling
CASE017,CDR3719,burst_calling
CASE017,CDR3720,odd_hour_contact|burst_calling
CASE017,CDR3721,burst_calling
CASE017,CDR3724,burst_calling
CASE017,CDR3725,burst_calling
CASE017,CDR3726,burst_calling
CASE017,CDR3727,burst_calling
CASE017,CDR3728,burst_calling
CASE017,CDR3729,burst_calling
CASE017,CDR3733,burst_calling
CASE017,CDR3734,burst_calling
CASE017,CDR3735,odd_hour_contact|burst_calling
CASE017,CDR3736,odd_hour_contact|burst_calling
CASE017,CDR3737,burst_calling
CASE017,CDR3738,burst_calling
CASE017,CDR3739,odd_hour_contact|burst_calling
CASE017,CDR3740,burst_calling
CASE017,CDR3741,burst_calling
CASE017,CDR3742,burst_calling
CASE017,CDR3743,burst_calling
CASE017,CDR3744,burst_calling
CASE017,CDR3745,burst_calling
CASE017,CDR3746,odd_hour_contact|burst_calling
CASE017,CDR3747,burst_calling
CASE017,CDR3748,burst_calling
CASE017,CDR3753,burst_calling
CASE017,CDR3754,burst_calling
CASE017,CDR3755,burst_calling
CASE017,CDR3756,burst_calling
CASE017,CDR3757,burst_calling
CASE017,CDR3758,burst_calling
CASE017,CDR3761,burst_calling
CASE017,CDR3762,burst_calling
CASE017,CDR3763,burst_calling
CASE017,CDR3764,burst_calling
CASE017,CDR3765,odd_hour_contact|burst_calling
CASE017,CDR3768,odd_hour_contact
CASE017,CDR3772,odd_hour_contact|burst_calling
CASE017,CDR3773,burst_calling
CASE017,CDR3774,odd_hour_contact|burst_calling
CASE017,CDR3775,burst_calling
CASE017,CDR3776,burst_calling
CASE017,CDR3777,burst_calling
CASE017,CDR3782,odd_hour_contact|single_use_contact
CASE017,CDR3783,single_use_contact
CASE017,CDR3784,odd_hour_contact|single_use_contact
CASE017,CDR3785,odd_hour_contact|single_use_contact
CASE017,CDR3786,single_use_contact
CASE017,CDR3787,single_use_contact
CASE017,CDR3788,single_use_contact
CASE017,CDR3789,single_use_contact
CASE017,CDR3790,single_use_contact
CASE017,CDR3791,single_use_contact
CASE017,CDR3792,single_use_contact
CASE017,CDR3793,single_use_contact
CASE017,CDR3794,single_use_contact
CASE017,CDR3795,odd_hour_contact|single_use_contact
CASE017,CDR3796,odd_hour_contact|single_use_contact
CASE017,CDR3797,single_use_contact
CASE017,CDR3798,single_use_contact
CASE017,CDR3799,single_use_contact
CASE017,CDR3800,single_use_contact
CASE017,CDR3801,single_use_contact
CASE017,CDR3802,single_use_contact
CASE017,CDR3803,odd_hour_contact|single_use_contact
CASE017,CDR3804,single_use_contact
CASE017,CDR3805,single_use_contact
CASE017,CDR3806,odd_hour_contact|single_use_contact
CASE017,CDR3807,single_use_contact
CASE017,CDR3808,single_use_contact
CASE017,CDR3809,odd_hour_contact|single_use_contact
CASE017,CDR3810,single_use_contact
CASE017,CDR3811,single_use_contact
CASE017,CDR3812,single_use_contact
CASE017,CDR3813,single_use_contact
CASE017,CDR3814,single_use_contact
CASE017,CDR3815,single_use_contact
CASE017,CDR3816,single_use_contact
CASE017,CDR3817,single_use_contact
CASE017,CDR3818,single_use_contact
CASE017,CDR3819,single_use_contact
CASE017,CDR3820,single_use_contact
CASE017,CDR3821,single_use_contact
CASE017,CDR3822,single_use_contact
CASE017,CDR3823,single_use_contact
CASE017,CDR3824,single_use_contact
CASE017,CDR3825,odd_hour_contact|single_use_contact
CASE017,CDR3826,odd_hour_contact|single_use_contact
CASE017,CDR3827,single_use_contact
CASE017,CDR3828,single_use_contact
CASE017,CDR3829,single_use_contact
CASE017,CDR3830,single_use_contact
CASE017,CDR3831,single_use_contact
CASE017,CDR3832,odd_hour_contact|single_use_contact
CASE017,CDR3833,odd_hour_contact|single_use_contact
CASE017,CDR3834,single_use_contact
CASE017,CDR3835,odd_hour_contact|single_use_contact
CASE017,CDR3836,single_use_contact
CASE017,CDR3837,odd_hour_contact|single_use_contact
CASE017,CDR3838,single_use_contact
CASE017,CDR3839,single_use_contact
CASE017,CDR3840,single_use_contact
CASE017,CDR3841,single_use_contact
CASE017,CDR3842,single_use_contact
CASE017,CDR3843,single_use_contact
CASE017,CDR3844,single_use_contact
CASE017,CDR3845,single_use_contact
CASE017,CDR3846,single_use_contact
CASE017,CDR3847,single_use_contact
CASE017,CDR3848,single_use_contact
CASE017,CDR3849,single_use_contact
CASE017,CDR3850,single_use_contact
CASE017,CDR3851,single_use_contact
CASE017,CDR3852,single_use_contact
CASE017,CDR3853,single_use_contact
CASE017,CDR3854,odd_hour_contact|single_use_contact
CASE017,CDR3855,single_use_contact
CASE017,CDR3856,single_use_contact
CASE017,CDR3857,single_use_contact
CASE017,CDR3858,single_use_contact
CASE017,CDR3859,single_use_contact
CASE017,CDR3860,single_use_contact
CASE017,CDR3861,single_use_contact
CASE017,CDR3862,single_use_contact
CASE017,CDR3863,single_use_contact
CASE017,CDR3864,single_use_contact
CASE017,CDR3865,single_use_contact
CASE017,CDR3866,single_use_contact
CASE017,CDR3867,single_use_contact
CASE017,CDR3868,single_use_contact
CASE017,CDR3869,single_use_contact
CASE017,CDR3870,single_use_contact
CASE017,CDR3871,single_use_contact
CASE018,CDR3872,burst_calling
CASE018,CDR3873,burst_calling
CASE018,CDR3874,burst_calling
CASE018,CDR3875,burst_calling
CASE018,CDR3876,burst_calling
CASE018,CDR3877,burst_calling
CASE018,CDR3878,odd_hour_contact|burst_calling
CASE018,CDR3879,odd_hour_contact|burst_calling
CASE018,CDR3880,burst_calling
CASE018,CDR3881,odd_hour_contact|burst_calling
CASE018,CDR3882,odd_hour_contact|burst_calling
CASE018,CDR3883,odd_hour_contact|burst_calling
CASE018,CDR3884,burst_calling
CASE018,CDR3885,burst_calling
CASE018,CDR3886,burst_calling
CASE018,CDR3887,burst_calling
CASE018,CDR3888,burst_calling
CASE018,CDR3889,burst_calling
CASE018,CDR3895,burst_calling
CASE018,CDR3896,burst_calling
CASE018,CDR3897,burst_calling
CASE018,CDR3898,burst_calling
CASE018,CDR3899,odd_hour_contact|burst_calling
CASE018,CDR3900,odd_hour_contact|burst_calling
CASE018,CDR3905,odd_hour_contact
CASE018,CDR3906,burst_calling
CASE018,CDR3907,burst_calling
CASE018,CDR3908,burst_calling
CASE018,CDR3909,burst_calling
CASE018,CDR3910,odd_hour_contact|burst_calling
CASE018,CDR3914,odd_hour_contact
CASE018,CDR3919,burst_calling
CASE018,CDR3920,odd_hour_contact|burst_calling
CASE018,CDR3921,odd_hour_contact|burst_calling
CASE018,CDR3922,burst_calling
CASE018,CDR3923,burst_calling
CASE018,CDR3928,burst_calling
CASE018,CDR3929,burst_calling
CASE018,CDR3930,odd_hour_contact|burst_calling
CASE018,CDR3931,burst_calling
CASE018,CDR3932,burst_calling
CASE018,CDR3933,burst_calling
CASE018,CDR3934,odd_hour_contact|burst_calling
CASE018,CDR3935,burst_calling
CASE018,CDR3936,odd_hour_contact|burst_calling
CASE018,CDR3937,burst_calling
CASE018,CDR3938,burst_calling
CASE018,CDR3944,odd_hour_contact
CASE018,CDR3946,burst_calling
CASE018,CDR3947,odd_hour_contact|burst_calling
CASE018,CDR3948,burst_calling
CASE018,CDR3949,burst_calling
CASE018,CDR3950,odd_hour_contact|burst_calling
CASE018,CDR3951,burst_calling
CASE018,CDR3952,odd_hour_contact
CASE018,CDR3953,odd_hour_contact
CASE018,CDR3961,burst_calling
CASE018,CDR3962,burst_calling
CASE018,CDR3963,burst_calling
CASE018,CDR3964,burst_calling
CASE018,CDR3965,burst_calling
CASE018,CDR3970,odd_hour_contact
CASE018,CDR3973,odd_hour_contact
CASE018,CDR3975,burst_calling
CASE018,CDR3976,odd_hour_contact|burst_calling
CASE018,CDR3977,odd_hour_contact|burst_calling
CASE018,CDR3978,odd_hour_contact|burst_calling
CASE018,CDR3979,burst_calling
CASE018,CDR3980,burst_calling
CASE018,CDR3983,odd_hour_contact
CASE018,CDR3989,burst_calling
CASE018,CDR3990,burst_calling
CASE018,CDR3991,burst_calling
CASE018,CDR3992,burst_calling
CASE018,CDR3993,odd_hour_contact|burst_calling
CASE018,CDR3994,burst_calling
CASE018,CDR3995,odd_hour_contact
CASE018,CDR3996,odd_hour_contact
CASE018,CDR4005,odd_hour_contact
CASE018,CDR4007,odd_hour_contact
CASE018,CDR4009,odd_hour_contact
CASE018,CDR4011,burst_calling
CASE018,CDR4012,odd_hour_contact|burst_calling
CASE018,CDR4013,odd_hour_contact|burst_calling
CASE018,CDR4014,burst_calling
CASE018,CDR4015,odd_hour_contact|burst_calling
CASE018,CDR4016,odd_hour_contact|burst_calling
CASE018,CDR4018,odd_hour_contact
CASE018,CDR4021,burst_calling
CASE018,CDR4022,burst_calling
CASE018,CDR4023,odd_hour_contact|burst_calling
CASE018,CDR4024,odd_hour_contact|burst_calling
CASE018,CDR4025,burst_calling
CASE018,CDR4026,odd_hour_contact
CASE018,CDR4029,odd_hour_contact
CASE018,CDR4036,odd_hour_contact
CASE018,CDR4039,burst_calling
CASE018,CDR4040,burst_calling
CASE018,CDR4041,burst_calling
CASE018,CDR4042,burst_calling
CASE018,CDR4043,burst_calling
CASE018,CDR4044,burst_calling
CASE018,CDR4048,burst_calling
CASE018,CDR4049,burst_calling
CASE018,CDR4050,odd_hour_contact|burst_calling
CASE018,CDR4051,burst_calling
CASE018,CDR4052,burst_calling
CASE018,CDR4053,burst_calling
CASE018,CDR4058,burst_calling
CASE018,CDR4059,burst_calling
CASE018,CDR4060,burst_calling
CASE018,CDR4061,burst_calling
CASE018,CDR4062,burst_calling
CASE018,CDR4063,odd_hour_contact|burst_calling
CASE018,CDR4064,burst_calling
CASE018,CDR4065,burst_calling
CASE018,CDR4066,burst_calling
CASE018,CDR4067,burst_calling
CASE018,CDR4068,burst_calling
CASE018,CDR4069,odd_hour_contact|burst_calling
CASE018,CDR4070,burst_calling
CASE018,CDR4071,odd_hour_contact|burst_calling
CASE018,CDR4072,burst_calling
CASE018,CDR4073,burst_calling
CASE018,CDR4078,odd_hour_contact|burst_calling
CASE018,CDR4079,burst_calling
CASE018,CDR4080,burst_calling
CASE018,CDR4081,burst_calling
CASE018,CDR4082,odd_hour_contact|burst_calling
CASE018,CDR4086,odd_hour_contact
CASE018,CDR4087,odd_hour_contact|single_use_contact
CASE018,CDR4088,odd_hour_contact|single_use_contact
CASE018,CDR4089,single_use_contact
CASE018,CDR4090,odd_hour_contact|single_use_contact
CASE018,CDR4091,odd_hour_contact|single_use_contact
CASE018,CDR4092,single_use_contact
CASE018,CDR4093,single_use_contact
CASE018,CDR4094,single_use_contact
CASE018,CDR4095,single_use_contact
CASE018,CDR4096,single_use_contact
CASE018,CDR4097,single_use_contact
CASE018,CDR4098,single_use_contact
CASE018,CDR4099,odd_hour_contact|single_use_contact
CASE018,CDR4100,odd_hour_contact|single_use_contact
CASE018,CDR4101,single_use_contact
CASE018,CDR4102,single_use_contact
CASE018,CDR4103,single_use_contact
CASE018,CDR4104,single_use_contact
CASE018,CDR4105,single_use_contact
CASE018,CDR4106,single_use_contact
CASE018,CDR4107,single_use_contact
CASE018,CDR4108,odd_hour_contact|single_use_contact
CASE018,CDR4109,single_use_contact
CASE018,CDR4110,odd_hour_contact|single_use_contact
CASE018,CDR4111,odd_hour_contact|single_use_contact
CASE018,CDR4112,single_use_contact
CASE018,CDR4113,single_use_contact
CASE018,CDR4114,single_use_contact
CASE018,CDR4115,single_use_contact
CASE018,CDR4116,single_use_contact
CASE018,CDR4117,odd_hour_contact|single_use_contact
CASE018,CDR4118,single_use_contact
CASE018,CDR4119,single_use_contact
CASE018,CDR4120,single_use_contact
CASE018,CDR4121,single_use_contact
CASE018,CDR4122,single_use_contact
CASE018,CDR4123,single_use_contact
CASE018,CDR4124,single_use_contact
CASE018,CDR4125,single_use_contact
CASE018,CDR4126,single_use_contact
CASE018,CDR4127,single_use_contact
CASE018,CDR4128,odd_hour_contact|single_use_contact
CASE018,CDR4129,odd_hour_contact|single_use_contact
CASE018,CDR4130,single_use_contact
CASE018,CDR4131,single_use_contact
CASE018,CDR4132,odd_hour_contact|single_use_contact
CASE018,CDR4133,single_use_contact
CASE018,CDR4134,single_use_contact
CASE018,CDR4135,single_use_contact
CASE018,CDR4136,odd_hour_contact|single_use_contact
CASE018,CDR4137,single_use_contact
CASE018,CDR4138,single_use_contact
CASE018,CDR4139,single_use_contact
CASE018,CDR4140,single_use_contact
CASE018,CDR4141,single_use_contact
CASE018,CDR4142,single_use_contact
CASE018,CDR4143,single_use_contact
CASE018,CDR4144,single_use_contact
CASE018,CDR4145,odd_hour_contact|single_use_contact
CASE018,CDR4146,single_use_contact
CASE018,CDR4147,single_use_contact
CASE018,CDR4148,single_use_contact
CASE018,CDR4149,single_use_contact
CASE018,CDR4150,single_use_contact
CASE018,CDR4151,single_use_contact
CASE018,CDR4152,odd_hour_contact|single_use_contact
CASE018,CDR4153,single_use_contact
CASE018,CDR4154,single_use_contact
CASE018,CDR4155,single_use_contact
CASE018,CDR4156,single_use_contact
CASE018,CDR4157,single_use_contact
CASE018,CDR4158,single_use_contact
CASE018,CDR4159,single_use_contact
CASE018,CDR4160,single_use_contact
CASE018,CDR4161,single_use_contact
CASE018,CDR4162,odd_hour_contact|single_use_contact
CASE018,CDR4163,single_use_contact
CASE018,CDR4164,odd_hour_contact|single_use_contact
CASE018,CDR4165,single_use_contact
CASE018,CDR4166,single_use_contact
CASE018,CDR4167,single_use_contact
CASE018,CDR4168,odd_hour_contact|single_use_contact
CASE018,CDR4169,single_use_contact
CASE018,CDR4170,single_use_contact
CASE018,CDR4171,odd_hour_contact|single_use_contact
CASE018,CDR4172,single_use_contact
CASE018,CDR4173,single_use_contact
CASE018,CDR4174,single_use_contact
CASE018,CDR4175,odd_hour_contact|single_use_contact
CASE018,CDR4176,single_use_contact
CASE019,CDR4180,odd_hour_contact
CASE019,CDR4181,odd_hour_contact|burst_calling
CASE019,CDR4182,burst_calling
CASE019,CDR4183,burst_calling
CASE019,CDR4184,burst_calling
CASE019,CDR4185,burst_calling
CASE019,CDR4186,burst_calling
CASE019,CDR4190,odd_hour_contact
CASE019,CDR4196,burst_calling
CASE019,CDR4197,burst_calling
CASE019,CDR4198,odd_hour_contact|burst_calling
CASE019,CDR4199,burst_calling
CASE019,CDR4200,burst_calling
CASE019,CDR4201,burst_calling
CASE019,CDR4202,burst_calling
CASE019,CDR4203,burst_calling
CASE019,CDR4204,odd_hour_contact|burst_calling
CASE019,CDR4205,burst_calling
CASE019,CDR4206,burst_calling
CASE019,CDR4207,odd_hour_contact|burst_calling
CASE019,CDR4210,odd_hour_contact
CASE019,CDR4213,odd_hour_contact
CASE019,CDR4219,odd_hour_contact|burst_calling
CASE019,CDR4220,burst_calling
CASE019,CDR4221,burst_calling
CASE019,CDR4222,burst_calling
CASE019,CDR4223,burst_calling
CASE019,CDR4224,burst_calling
CASE019,CDR4226,odd_hour_contact
CASE019,CDR4230,odd_hour_contact
CASE019,CDR4231,odd_hour_contact
CASE019,CDR4232,burst_calling
CASE019,CDR4233,burst_calling
CASE019,CDR4234,burst_calling
CASE019,CDR4235,burst_calling
CASE019,CDR4236,burst_calling
CASE019,CDR4237,burst_calling
CASE019,CDR4239,odd_hour_contact
CASE019,CDR4242,burst_calling
CASE019,CDR4243,burst_calling
CASE019,CDR4244,burst_calling
CASE019,CDR4245,odd_hour_contact|burst_calling
CASE019,CDR4246,burst_calling
CASE019,CDR4247,burst_calling
CASE019,CDR4248,odd_hour_contact|burst_calling
CASE019,CDR4249,burst_calling
CASE019,CDR4250,burst_calling
CASE019,CDR4251,burst_calling
CASE019,CDR4252,burst_calling
CASE019,CDR4256,burst_calling
CASE019,CDR4257,odd_hour_contact|burst_calling
CASE019,CDR4258,burst_calling
CASE019,CDR4259,burst_calling
CASE019,CDR4260,burst_calling
CASE019,CDR4261,burst_calling
CASE019,CDR4264,burst_calling
CASE019,CDR4265,burst_calling
CASE019,CDR4266,burst_calling
CASE019,CDR4267,burst_calling
CASE019,CDR4268,burst_calling
CASE019,CDR4269,odd_hour_contact|burst_calling
CASE019,CDR4270,odd_hour_contact|burst_calling
CASE019,CDR4271,burst_calling
CASE019,CDR4272,burst_calling
CASE019,CDR4273,burst_calling
CASE019,CDR4274,burst_calling
CASE019,CDR4275,burst_calling
CASE019,CDR4276,odd_hour_contact|burst_calling
CASE019,CDR4277,burst_calling
CASE019,CDR4278,odd_hour_contact|burst_calling
CASE019,CDR4279,burst_calling
CASE019,CDR4280,burst_calling
CASE019,CDR4281,burst_calling
CASE019,CDR4282,burst_calling
CASE019,CDR4283,burst_calling
CASE019,CDR4284,burst_calling
CASE019,CDR4285,burst_calling
CASE019,CDR4286,burst_calling
CASE019,CDR4287,burst_calling
CASE019,CDR4288,burst_calling
CASE019,CDR4289,burst_calling
CASE019,CDR4290,burst_calling
CASE019,CDR4291,burst_calling
CASE019,CDR4292,burst_calling
CASE019,CDR4293,burst_calling
CASE019,CDR4294,burst_calling
CASE019,CDR4295,burst_calling
CASE019,CDR4296,burst_calling
CASE019,CDR4303,odd_hour_contact
CASE019,CDR4306,odd_hour_contact
CASE019,CDR4307,burst_calling
CASE019,CDR4308,odd_hour_contact|burst_calling
CASE019,CDR4309,burst_calling
CASE019,CDR4310,burst_calling
CASE019,CDR4311,burst_calling
CASE019,CDR4312,burst_calling
CASE019,CDR4329,odd_hour_contact
CASE019,CDR4331,burst_calling
CASE019,CDR4332,burst_calling
CASE019,CDR4333,odd_hour_contact|burst_calling
CASE019,CDR4334,burst_calling
CASE019,CDR4335,odd_hour_contact|burst_calling
CASE019,CDR4336,burst_calling
CASE019,CDR4337,burst_calling
CASE019,CDR4338,burst_calling
CASE019,CDR4339,burst_calling
CASE019,CDR4340,burst_calling
CASE019,CDR4341,burst_calling
CASE019,CDR4345,burst_calling
CASE019,CDR4346,burst_calling
CASE019,CDR4347,burst_calling
CASE019,CDR4348,burst_calling
CASE019,CDR4349,odd_hour_contact|burst_calling
CASE019,CDR4350,burst_calling
CASE019,CDR4351,burst_calling
CASE019,CDR4352,burst_calling
CASE019,CDR4353,burst_calling
CASE019,CDR4354,odd_hour_contact|burst_calling
CASE019,CDR4355,burst_calling
CASE019,CDR4356,burst_calling
CASE019,CDR4359,odd_hour_contact
CASE019,CDR4360,burst_calling
CASE019,CDR4361,burst_calling
CASE019,CDR4362,burst_calling
CASE019,CDR4363,odd_hour_contact|burst_calling
CASE019,CDR4364,burst_calling
CASE019,CDR4367,burst_calling
CASE019,CDR4368,burst_calling
CASE019,CDR4369,burst_calling
CASE019,CDR4370,burst_calling
CASE019,CDR4371,burst_calling
CASE019,CDR4372,odd_hour_contact|burst_calling
CASE019,CDR4373,burst_calling
CASE019,CDR4374,burst_calling
CASE019,CDR4375,burst_calling
CASE019,CDR4376,burst_calling
CASE019,CDR4377,burst_calling
CASE019,CDR4384,burst_calling
CASE019,CDR4385,odd_hour_contact|burst_calling
CASE019,CDR4386,burst_calling
CASE019,CDR4387,burst_calling
CASE019,CDR4388,burst_calling
CASE019,CDR4391,burst_calling
CASE019,CDR4392,burst_calling
CASE019,CDR4393,odd_hour_contact|burst_calling
CASE019,CDR4394,burst_calling
CASE019,CDR4395,burst_calling
CASE019,CDR4396,burst_calling
CASE019,CDR4399,odd_hour_contact
CASE019,CDR4404,odd_hour_contact
CASE019,CDR4410,single_use_contact
CASE019,CDR4411,single_use_contact
CASE019,CDR4412,odd_hour_contact|single_use_contact
CASE019,CDR4413,single_use_contact
CASE019,CDR4414,single_use_contact
CASE019,CDR4415,odd_hour_contact|single_use_contact
CASE019,CDR4416,single_use_contact
CASE019,CDR4417,single_use_contact
CASE019,CDR4418,single_use_contact
CASE019,CDR4419,single_use_contact
CASE019,CDR4420,single_use_contact
CASE019,CDR4421,odd_hour_contact|single_use_contact
CASE019,CDR4422,single_use_contact
CASE019,CDR4423,single_use_contact
CASE019,CDR4424,odd_hour_contact|single_use_contact
CASE019,CDR4425,single_use_contact
CASE019,CDR4426,single_use_contact
CASE019,CDR4427,single_use_contact
CASE019,CDR4428,single_use_contact
CASE019,CDR4429,single_use_contact
CASE019,CDR4430,single_use_contact
CASE019,CDR4431,odd_hour_contact|single_use_contact
CASE019,CDR4432,odd_hour_contact|single_use_contact
CASE019,CDR4433,single_use_contact
CASE019,CDR4434,single_use_contact
CASE019,CDR4435,single_use_contact
CASE019,CDR4436,single_use_contact
CASE019,CDR4437,single_use_contact
CASE019,CDR4438,single_use_contact
CASE019,CDR4439,single_use_contact
CASE019,CDR4440,single_use_contact
CASE019,CDR4441,single_use_contact
CASE019,CDR4442,single_use_contact
CASE019,CDR4443,odd_hour_contact|single_use_contact
CASE019,CDR4444,single_use_contact
CASE019,CDR4445,single_use_contact
CASE019,CDR4446,single_use_contact
CASE019,CDR4447,single_use_contact
CASE019,CDR4448,single_use_contact
CASE019,CDR4449,single_use_contact
CASE019,CDR4450,single_use_contact
CASE019,CDR4451,single_use_contact
CASE019,CDR4452,single_use_contact
CASE019,CDR4453,odd_hour_contact|single_use_contact
CASE019,CDR4454,odd_hour_contact|single_use_contact
CASE019,CDR4455,single_use_contact
CASE019,CDR4456,single_use_contact
CASE019,CDR4457,single_use_contact
CASE019,CDR4458,single_use_contact
CASE019,CDR4459,single_use_contact
CASE019,CDR4460,single_use_contact
CASE019,CDR4461,single_use_contact
CASE019,CDR4462,single_use_contact
CASE019,CDR4463,odd_hour_contact|single_use_contact
CASE019,CDR4464,single_use_contact
CASE019,CDR4465,single_use_contact
CASE019,CDR4466,single_use_contact
CASE019,CDR4467,single_use_contact
CASE019,CDR4468,single_use_contact
CASE019,CDR4469,single_use_contact
CASE019,CDR4470,single_use_contact
CASE019,CDR4471,single_use_contact
CASE019,CDR4472,single_use_contact
CASE019,CDR4473,single_use_contact
CASE019,CDR4474,single_use_contact
CASE019,CDR4475,single_use_contact
CASE019,CDR4476,single_use_contact
CASE019,CDR4477,single_use_contact
CASE019,CDR4478,single_use_contact
CASE019,CDR4479,single_use_contact
CASE019,CDR4480,single_use_contact
CASE019,CDR4481,single_use_contact
CASE019,CDR4482,single_use_contact
CASE019,CDR4483,single_use_contact
CASE019,CDR4484,odd_hour_contact|single_use_contact
CASE019,CDR4485,single_use_contact
CASE019,CDR4486,single_use_contact
CASE019,CDR4487,single_use_contact
CASE019,CDR4488,odd_hour_contact|single_use_contact
CASE019,CDR4489,single_use_contact
CASE019,CDR4490,single_use_contact
CASE019,CDR4491,single_use_contact
CASE019,CDR4492,single_use_contact
CASE019,CDR4493,single_use_contact
CASE019,CDR4494,single_use_contact
CASE019,CDR4495,odd_hour_contact|single_use_contact
CASE019,CDR4496,single_use_contact
CASE019,CDR4497,single_use_contact
CASE019,CDR4498,odd_hour_contact|single_use_contact
CASE019,CDR4499,single_use_contact
CASE020,CDR4504,burst_calling
CASE020,CDR4505,burst_calling
CASE020,CDR4506,odd_hour_contact|burst_calling
CASE020,CDR4507,burst_calling
CASE020,CDR4508,burst_calling
CASE020,CDR4509,burst_calling
CASE020,CDR4510,burst_calling
CASE020,CDR4511,burst_calling
CASE020,CDR4512,burst_calling
CASE020,CDR4513,odd_hour_contact|burst_calling
CASE020,CDR4514,burst_calling
CASE020,CDR4515,burst_calling
CASE020,CDR4519,odd_hour_contact
CASE020,CDR4524,odd_hour_contact
CASE020,CDR4527,burst_calling
CASE020,CDR4528,odd_hour_contact|burst_calling
CASE020,CDR4529,burst_calling
CASE020,CDR4530,burst_calling
CASE020,CDR4531,burst_calling
CASE020,CDR4532,odd_hour_contact|burst_calling
CASE020,CDR4538,odd_hour_contact
CASE020,CDR4543,odd_hour_contact|burst_calling
CASE020,CDR4544,burst_calling
CASE020,CDR4545,burst_calling
CASE020,CDR4546,burst_calling
CASE020,CDR4547,odd_hour_contact|burst_calling
CASE020,CDR4549,odd_hour_contact
CASE020,CDR4550,odd_hour_contact
CASE020,CDR4551,odd_hour_contact
CASE020,CDR4556,odd_hour_contact|burst_calling
CASE020,CDR4557,odd_hour_contact|burst_calling
CASE020,CDR4558,burst_calling
CASE020,CDR4559,burst_calling
CASE020,CDR4560,burst_calling
CASE020,CDR4571,odd_hour_contact|burst_calling
CASE020,CDR4572,odd_hour_contact|burst_calling
CASE020,CDR4573,odd_hour_contact|burst_calling
CASE020,CDR4574,burst_calling
CASE020,CDR4575,burst_calling
CASE020,CDR4576,odd_hour_contact|burst_calling
CASE020,CDR4577,burst_calling
CASE020,CDR4578,burst_calling
CASE020,CDR4579,burst_calling
CASE020,CDR4580,burst_calling
CASE020,CDR4581,odd_hour_contact|burst_calling
CASE020,CDR4582,burst_calling
CASE020,CDR4583,odd_hour_contact|burst_calling
CASE020,CDR4584,odd_hour_contact|burst_calling
CASE020,CDR4585,burst_calling
CASE020,CDR4586,burst_calling
CASE020,CDR4587,odd_hour_contact
CASE020,CDR4591,burst_calling
CASE020,CDR4592,odd_hour_contact|burst_calling
CASE020,CDR4593,burst_calling
CASE020,CDR4594,burst_calling
CASE020,CDR4595,burst_calling
CASE020,CDR4596,burst_calling
CASE020,CDR4600,burst_calling
CASE020,CDR4601,burst_calling
CASE020,CDR4602,odd_hour_contact|burst_calling
CASE020,CDR4603,odd_hour_contact|burst_calling
CASE020,CDR4604,odd_hour_contact|burst_calling
CASE020,CDR4606,odd_hour_contact
CASE020,CDR4609,odd_hour_contact
CASE020,CDR4611,burst_calling
CASE020,CDR4612,burst_calling
CASE020,CDR4613,burst_calling
CASE020,CDR4614,burst_calling
CASE020,CDR4615,burst_calling
CASE020,CDR4616,burst_calling
CASE020,CDR4617,burst_calling
CASE020,CDR4618,burst_calling
CASE020,CDR4619,odd_hour_contact|burst_calling
CASE020,CDR4620,burst_calling
CASE020,CDR4625,burst_calling
CASE020,CDR4626,burst_calling
CASE020,CDR4627,odd_hour_contact|burst_calling
CASE020,CDR4628,burst_calling
CASE020,CDR4629,burst_calling
CASE020,CDR4630,burst_calling
CASE020,CDR4632,odd_hour_contact
CASE020,CDR4635,odd_hour_contact
CASE020,CDR4638,odd_hour_contact
CASE020,CDR4643,odd_hour_contact
CASE020,CDR4645,burst_calling
CASE020,CDR4646,burst_calling
CASE020,CDR4647,odd_hour_contact|burst_calling
CASE020,CDR4648,burst_calling
CASE020,CDR4649,burst_calling
CASE020,CDR4650,burst_calling
CASE020,CDR4651,odd_hour_contact|burst_calling
CASE020,CDR4652,odd_hour_contact|burst_calling
CASE020,CDR4653,odd_hour_contact|burst_calling
CASE020,CDR4654,burst_calling
CASE020,CDR4658,burst_calling
CASE020,CDR4659,burst_calling
CASE020,CDR4660,burst_calling
CASE020,CDR4661,burst_calling
CASE020,CDR4662,odd_hour_contact|burst_calling
CASE020,CDR4663,burst_calling
CASE020,CDR4673,odd_hour_contact
CASE020,CDR4675,burst_calling
CASE020,CDR4676,burst_calling
CASE020,CDR4677,burst_calling
CASE020,CDR4678,burst_calling
CASE020,CDR4679,odd_hour_contact|burst_calling
CASE020,CDR4682,burst_calling
CASE020,CDR4683,burst_calling
CASE020,CDR4684,odd_hour_contact|burst_calling
CASE020,CDR4685,burst_calling
CASE020,CDR4686,odd_hour_contact|burst_calling
CASE020,CDR4687,burst_calling
CASE020,CDR4690,odd_hour_contact
CASE020,CDR4692,odd_hour_contact
CASE020,CDR4694,odd_hour_contact
CASE020,CDR4696,burst_calling
CASE020,CDR4697,burst_calling
CASE020,CDR4698,burst_calling
CASE020,CDR4699,burst_calling
CASE020,CDR4700,odd_hour_contact|burst_calling
CASE020,CDR4701,burst_calling
CASE020,CDR4702,burst_calling
CASE020,CDR4703,burst_calling
CASE020,CDR4704,burst_calling
CASE020,CDR4705,burst_calling
CASE020,CDR4706,burst_calling
CASE020,CDR4707,odd_hour_contact|burst_calling
CASE020,CDR4708,burst_calling
CASE020,CDR4709,burst_calling
CASE020,CDR4710,burst_calling
CASE020,CDR4711,burst_calling
CASE020,CDR4712,burst_calling
CASE020,CDR4713,odd_hour_contact
CASE020,CDR4720,odd_hour_contact
CASE020,CDR4722,odd_hour_contact
CASE020,CDR4725,burst_calling
CASE020,CDR4726,odd_hour_contact|burst_calling
CASE020,CDR4727,burst_calling
CASE020,CDR4728,burst_calling
CASE020,CDR4729,odd_hour_contact|burst_calling
CASE020,CDR4730,burst_calling
CASE020,CDR4731,burst_calling
CASE020,CDR4732,odd_hour_contact|burst_calling
CASE020,CDR4733,burst_calling
CASE020,CDR4734,burst_calling
CASE020,CDR4735,burst_calling
CASE020,CDR4736,burst_calling
CASE020,CDR4737,burst_calling
CASE020,CDR4738,burst_calling
CASE020,CDR4739,burst_calling
CASE020,CDR4740,burst_calling
CASE020,CDR4741,burst_calling
CASE020,CDR4748,burst_calling
CASE020,CDR4749,burst_calling
CASE020,CDR4750,burst_calling
CASE020,CDR4751,burst_calling
CASE020,CDR4752,burst_calling
CASE020,CDR4753,burst_calling
CASE020,CDR4761,odd_hour_contact
CASE020,CDR4766,burst_calling
CASE020,CDR4767,burst_calling
CASE020,CDR4768,burst_calling
CASE020,CDR4769,burst_calling
CASE020,CDR4770,burst_calling
CASE020,CDR4771,burst_calling
CASE020,CDR4772,burst_calling
CASE020,CDR4773,burst_calling
CASE020,CDR4774,burst_calling
CASE020,CDR4775,odd_hour_contact|burst_calling
CASE020,CDR4776,burst_calling
CASE020,CDR4777,burst_calling
CASE020,CDR4778,burst_calling
CASE020,CDR4779,burst_calling
CASE020,CDR4780,burst_calling
CASE020,CDR4781,burst_calling
CASE020,CDR4782,burst_calling
CASE020,CDR4783,odd_hour_contact
CASE020,CDR4788,burst_calling
CASE020,CDR4789,burst_calling
CASE020,CDR4790,burst_calling
CASE020,CDR4791,burst_calling
CASE020,CDR4792,burst_calling
CASE020,CDR4793,burst_calling
CASE020,CDR4794,burst_calling
CASE020,CDR4795,burst_calling
CASE020,CDR4796,burst_calling
CASE020,CDR4797,burst_calling
CASE020,CDR4801,odd_hour_contact
CASE020,CDR4806,single_use_contact
CASE020,CDR4807,single_use_contact
CASE020,CDR4808,single_use_contact
CASE020,CDR4809,single_use_contact
CASE020,CDR4810,single_use_contact
CASE020,CDR4811,single_use_contact
CASE020,CDR4812,single_use_contact
CASE020,CDR4813,single_use_contact
CASE020,CDR4814,single_use_contact
CASE020,CDR4815,single_use_contact
CASE020,CDR4816,single_use_contact
CASE020,CDR4817,single_use_contact
CASE020,CDR4818,single_use_contact
CASE020,CDR4819,odd_hour_contact|single_use_contact
CASE020,CDR4820,single_use_contact
CASE020,CDR4822,single_use_contact
CASE020,CDR4823,single_use_contact
CASE020,CDR4824,single_use_contact
CASE020,CDR4825,odd_hour_contact|single_use_contact
CASE020,CDR4826,single_use_contact
CASE020,CDR4827,single_use_contact
CASE020,CDR4828,odd_hour_contact|single_use_contact
CASE020,CDR4829,single_use_contact
CASE020,CDR4830,single_use_contact
CASE020,CDR4831,odd_hour_contact|single_use_contact
CASE020,CDR4832,single_use_contact
CASE020,CDR4833,single_use_contact
CASE020,CDR4834,single_use_contact
CASE020,CDR4835,odd_hour_contact|single_use_contact
CASE020,CDR4836,single_use_contact
CASE020,CDR4837,single_use_contact
CASE020,CDR4838,odd_hour_contact|single_use_contact
CASE020,CDR4839,odd_hour_contact|single_use_contact
CASE020,CDR4840,single_use_contact
CASE020,CDR4841,single_use_contact
CASE020,CDR4842,odd_hour_contact|single_use_contact
CASE020,CDR4843,single_use_contact
CASE020,CDR4844,odd_hour_contact|single_use_contact
CASE020,CDR4845,odd_hour_contact|single_use_contact
CASE020,CDR4846,odd_hour_contact|single_use_contact
CASE020,CDR4847,single_use_contact
CASE020,CDR4848,single_use_contact
CASE020,CDR4849,single_use_contact
CASE020,CDR4850,single_use_contact
CASE020,CDR4851,single_use_contact
CASE020,CDR4852,single_use_contact
CASE020,CDR4853,odd_hour_contact|single_use_contact
CASE020,CDR4854,single_use_contact
CASE020,CDR4855,odd_hour_contact|single_use_contact
CASE020,CDR4856,single_use_contact
CASE020,CDR4857,single_use_contact
CASE020,CDR4858,odd_hour_contact|single_use_contact
CASE020,CDR4859,single_use_contact
CASE020,CDR4861,single_use_contact
CASE020,CDR4862,single_use_contact
CASE020,CDR4863,single_use_contact
CASE020,CDR4864,single_use_contact
CASE020,CDR4865,single_use_contact
CASE020,CDR4866,odd_hour_contact|single_use_contact
CASE020,CDR4867,single_use_contact
CASE020,CDR4868,single_use_contact
CASE020,CDR4869,odd_hour_contact|single_use_contact
CASE020,CDR4870,single_use_contact
CASE020,CDR4871,single_use_contact
CASE020,CDR4872,odd_hour_contact|single_use_contact
CASE020,CDR4873,single_use_contact
CASE020,CDR4874,single_use_contact
CASE020,CDR4875,single_use_contact
CASE020,CDR4876,single_use_contact
CASE020,CDR4877,single_use_contact
CASE020,CDR4878,odd_hour_contact|single_use_contact
CASE020,CDR4879,single_use_contact
CASE020,CDR4880,odd_hour_contact|single_use_contact
CASE020,CDR4881,single_use_contact
CASE020,CDR4882,single_use_contact
CASE020,CDR4883,single_use_contact
CASE020,CDR4884,odd_hour_contact|single_use_contact
CASE020,CDR4885,single_use_contact
CASE020,CDR4886,odd_hour_contact|single_use_contact
CASE020,CDR4887,single_use_contact
CASE020,CDR4888,single_use_contact
CASE020,CDR4889,single_use_contact
CASE020,CDR4890,single_use_contact
CASE020,CDR4891,single_use_contact
CASE020,CDR4892,single_use_contact
CASE020,CDR4893,single_use_contact
CASE020,CDR4894,single_use_contact
CASE020,CDR4895,odd_hour_contact|single_use_contact
CASE021,CDR4896,burst_calling
CASE021,CDR4897,burst_calling
CASE021,CDR4898,burst_calling
CASE021,CDR4899,odd_hour_contact|burst_calling
CASE021,CDR4900,odd_hour_contact|burst_calling
CASE021,CDR4903,odd_hour_contact
CASE021,CDR4904,odd_hour_contact
CASE021,CDR4905,burst_calling
CASE021,CDR4906,burst_calling
CASE021,CDR4907,burst_calling
CASE021,CDR4908,burst_calling
CASE021,CDR4909,burst_calling
CASE021,CDR4915,odd_hour_contact
CASE021,CDR4923,odd_hour_contact
CASE021,CDR4928,odd_hour_contact
CASE021,CDR4934,burst_calling
CASE021,CDR4935,burst_calling
CASE021,CDR4936,burst_calling
CASE021,CDR4937,burst_calling
CASE021,CDR4938,burst_calling
CASE021,CDR4939,burst_calling
CASE021,CDR4940,odd_hour_contact
CASE021,CDR4947,odd_hour_contact
CASE021,CDR4950,odd_hour_contact|burst_calling
CASE021,CDR4951,burst_calling
CASE021,CDR4952,burst_calling
CASE021,CDR4953,burst_calling
CASE021,CDR4954,burst_calling
CASE021,CDR4955,odd_hour_contact|burst_calling
CASE021,CDR4957,odd_hour_contact
CASE021,CDR4958,burst_calling
CASE021,CDR4959,burst_calling
CASE021,CDR4960,burst_calling
CASE021,CDR4961,odd_hour_contact|burst_calling
CASE021,CDR4962,burst_calling
CASE021,CDR4965,burst_calling
CASE021,CDR4966,burst_calling
CASE021,CDR4967,burst_calling
CASE021,CDR4968,burst_calling
CASE021,CDR4969,burst_calling
CASE021,CDR4973,burst_calling
CASE021,CDR4974,burst_calling
CASE021,CDR4975,burst_calling
CASE021,CDR4976,burst_calling
CASE021,CDR4977,burst_calling
CASE021,CDR4978,burst_calling
CASE021,CDR4979,burst_calling
CASE021,CDR4980,burst_calling
CASE021,CDR4981,burst_calling
CASE021,CDR4982,burst_calling
CASE021,CDR4983,odd_hour_contact|burst_calling
CASE021,CDR4986,odd_hour_contact
CASE021,CDR4987,single_use_contact
CASE021,CDR4988,single_use_contact
CASE021,CDR4989,single_use_contact
CASE021,CDR4990,single_use_contact
CASE021,CDR4991,single_use_contact
CASE021,CDR4992,single_use_contact
CASE021,CDR4993,single_use_contact
CASE021,CDR4994,single_use_contact
CASE021,CDR4995,odd_hour_contact|single_use_contact
CASE021,CDR4996,single_use_contact
CASE021,CDR4997,single_use_contact
CASE021,CDR4998,single_use_contact
CASE021,CDR4999,single_use_contact
CASE021,CDR5000,odd_hour_contact|single_use_contact
CASE021,CDR5001,single_use_contact
CASE021,CDR5002,single_use_contact
CASE021,CDR5003,single_use_contact
CASE021,CDR5004,single_use_contact
CASE021,CDR5005,single_use_contact
CASE021,CDR5006,single_use_contact
CASE021,CDR5007,single_use_contact
CASE021,CDR5008,odd_hour_contact|single_use_contact
CASE021,CDR5009,single_use_contact
CASE021,CDR5010,odd_hour_contact|single_use_contact
CASE021,CDR5011,single_use_contact
CASE021,CDR5012,single_use_contact
CASE021,CDR5013,odd_hour_contact|single_use_contact
CASE021,CDR5014,odd_hour_contact|single_use_contact
CASE021,CDR5015,single_use_contact
CASE021,CDR5016,odd_hour_contact|single_use_contact
CASE021,CDR5017,single_use_contact
CASE021,CDR5018,single_use_contact
CASE021,CDR5019,single_use_contact
CASE021,CDR5020,single_use_contact
CASE021,CDR5021,single_use_contact
CASE021,CDR5022,single_use_contact
CASE021,CDR5023,single_use_contact
CASE021,CDR5024,single_use_contact
CASE021,CDR5025,single_use_contact
CASE021,CDR5026,single_use_contact
CASE021,CDR5027,single_use_contact
CASE021,CDR5028,single_use_contact
CASE021,CDR5029,single_use_contact
CASE021,CDR5030,single_use_contact
CASE021,CDR5031,single_use_contact
CASE021,CDR5032,single_use_contact
CASE021,CDR5033,single_use_contact
CASE021,CDR5034,single_use_contact
CASE021,CDR5035,odd_hour_contact|single_use_contact
CASE021,CDR5036,single_use_contact
CASE021,CDR5037,single_use_contact
CASE021,CDR5038,single_use_contact
CASE021,CDR5039,odd_hour_contact|single_use_contact
CASE021,CDR5040,odd_hour_contact|single_use_contact
CASE021,CDR5041,single_use_contact
CASE021,CDR5042,odd_hour_contact|single_use_contact
CASE021,CDR5043,single_use_contact
CASE021,CDR5044,single_use_contact
CASE021,CDR5045,single_use_contact
CASE021,CDR5046,odd_hour_contact|single_use_contact
CASE021,CDR5047,single_use_contact
CASE021,CDR5048,single_use_contact
CASE021,CDR5049,single_use_contact
CASE021,CDR5050,single_use_contact
CASE021,CDR5051,single_use_contact
CASE021,CDR5052,single_use_contact
CASE021,CDR5053,single_use_contact
CASE021,CDR5054,single_use_contact
CASE021,CDR5055,single_use_contact
CASE021,CDR5056,single_use_contact
CASE021,CDR5057,single_use_contact
CASE021,CDR5058,odd_hour_contact|single_use_contact
CASE021,CDR5059,single_use_contact
CASE021,CDR5060,single_use_contact
CASE021,CDR5061,odd_hour_contact|single_use_contact
CASE021,CDR5062,odd_hour_contact|single_use_contact
CASE021,CDR5063,single_use_contact
CASE021,CDR5064,single_use_contact
CASE021,CDR5065,single_use_contact
CASE021,CDR5066,single_use_contact
CASE021,CDR5067,odd_hour_contact|single_use_contact
CASE021,CDR5068,single_use_contact
CASE021,CDR5069,single_use_contact
CASE021,CDR5070,single_use_contact
CASE021,CDR5071,single_use_contact
CASE021,CDR5072,single_use_contact
CASE021,CDR5073,single_use_contact
CASE021,CDR5074,odd_hour_contact|single_use_contact
CASE021,CDR5075,single_use_contact
CASE021,CDR5076,single_use_contact
CASE022,CDR5078,odd_hour_contact
CASE022,CDR5082,burst_calling
CASE022,CDR5083,burst_calling
CASE022,CDR5084,burst_calling
CASE022,CDR5085,burst_calling
CASE022,CDR5086,odd_hour_contact|burst_calling
CASE022,CDR5087,burst_calling
CASE022,CDR5091,single_use_contact
CASE022,CDR5092,odd_hour_contact|single_use_contact
CASE022,CDR5093,odd_hour_contact|single_use_contact
CASE022,CDR5094,odd_hour_contact|single_use_contact
CASE022,CDR5095,single_use_contact
CASE022,CDR5096,odd_hour_contact|single_use_contact
CASE022,CDR5098,single_use_contact
CASE022,CDR5099,single_use_contact
CASE022,CDR5100,odd_hour_contact|single_use_contact
CASE022,CDR5101,single_use_contact
CASE022,CDR5102,single_use_contact
CASE022,CDR5103,single_use_contact
CASE022,CDR5104,odd_hour_contact|single_use_contact
CASE022,CDR5105,odd_hour_contact|single_use_contact
CASE022,CDR5106,single_use_contact
CASE022,CDR5107,single_use_contact
CASE022,CDR5108,single_use_contact
CASE022,CDR5109,single_use_contact
CASE022,CDR5110,odd_hour_contact|single_use_contact
CASE022,CDR5111,single_use_contact
CASE022,CDR5112,single_use_contact
CASE022,CDR5113,odd_hour_contact|single_use_contact
CASE022,CDR5114,single_use_contact
CASE022,CDR5115,single_use_contact
CASE022,CDR5116,single_use_contact
CASE022,CDR5117,single_use_contact
CASE022,CDR5118,single_use_contact
CASE022,CDR5119,single_use_contact
CASE022,CDR5120,single_use_contact
CASE022,CDR5121,odd_hour_contact|single_use_contact
CASE022,CDR5122,single_use_contact
CASE022,CDR5123,odd_hour_contact|single_use_contact
CASE022,CDR5124,odd_hour_contact|single_use_contact
CASE022,CDR5125,odd_hour_contact|single_use_contact
CASE022,CDR5126,single_use_contact
CASE022,CDR5127,single_use_contact
CASE022,CDR5128,single_use_contact
CASE022,CDR5129,single_use_contact
CASE022,CDR5130,single_use_contact
CASE022,CDR5131,single_use_contact
CASE022,CDR5132,odd_hour_contact|single_use_contact
CASE022,CDR5133,single_use_contact
CASE022,CDR5134,single_use_contact
CASE022,CDR5135,single_use_contact
CASE022,CDR5136,odd_hour_contact|single_use_contact
CASE022,CDR5137,single_use_contact
CASE022,CDR5138,odd_hour_contact|single_use_contact
CASE022,CDR5139,single_use_contact
CASE022,CDR5140,single_use_contact
CASE022,CDR5141,odd_hour_contact|single_use_contact
CASE022,CDR5142,single_use_contact
CASE022,CDR5143,single_use_contact
CASE022,CDR5144,single_use_contact
CASE022,CDR5145,single_use_contact
CASE022,CDR5146,single_use_contact
CASE022,CDR5147,single_use_contact
CASE022,CDR5148,single_use_contact
CASE022,CDR5149,odd_hour_contact|single_use_contact
CASE022,CDR5150,single_use_contact
CASE022,CDR5151,odd_hour_contact|single_use_contact
CASE022,CDR5152,single_use_contact
CASE022,CDR5153,single_use_contact
CASE022,CDR5154,single_use_contact
CASE022,CDR5155,single_use_contact
CASE022,CDR5156,odd_hour_contact|single_use_contact
CASE022,CDR5157,single_use_contact
CASE022,CDR5158,single_use_contact
CASE022,CDR5159,single_use_contact
CASE022,CDR5160,single_use_contact
CASE022,CDR5161,single_use_contact
CASE022,CDR5162,single_use_contact
CASE022,CDR5163,single_use_contact
CASE022,CDR5164,single_use_contact
CASE022,CDR5165,single_use_contact
CASE022,CDR5166,odd_hour_contact|single_use_contact
CASE022,CDR5167,single_use_contact
CASE022,CDR5168,single_use_contact
CASE022,CDR5169,single_use_contact
CASE022,CDR5170,single_use_contact
CASE022,CDR5171,single_use_contact
CASE022,CDR5172,odd_hour_contact|single_use_contact
CASE022,CDR5173,single_use_contact
CASE022,CDR5174,single_use_contact
CASE022,CDR5175,single_use_contact
CASE022,CDR5176,single_use_contact
CASE022,CDR5177,odd_hour_contact|single_use_contact
CASE022,CDR5178,single_use_contact
CASE022,CDR5179,single_use_contact
CASE023,CDR5183,odd_hour_contact
CASE023,CDR5185,odd_hour_contact
CASE023,CDR5187,odd_hour_contact
CASE023,CDR5193,odd_hour_contact
CASE023,CDR5198,odd_hour_contact
CASE023,CDR5205,odd_hour_contact|burst_calling
CASE023,CDR5206,burst_calling
CASE023,CDR5207,burst_calling
CASE023,CDR5208,burst_calling
CASE023,CDR5209,odd_hour_contact|burst_calling
CASE023,CDR5210,odd_hour_contact
CASE023,CDR5212,odd_hour_contact
CASE023,CDR5213,burst_calling
CASE023,CDR5214,burst_calling
CASE023,CDR5215,burst_calling
CASE023,CDR5216,burst_calling
CASE023,CDR5217,burst_calling
CASE023,CDR5223,odd_hour_contact
CASE023,CDR5224,odd_hour_contact
CASE023,CDR5225,burst_calling
CASE023,CDR5226,odd_hour_contact|burst_calling
CASE023,CDR5227,burst_calling
CASE023,CDR5228,burst_calling
CASE023,CDR5229,odd_hour_contact|burst_calling
CASE023,CDR5230,odd_hour_contact|burst_calling
CASE023,CDR5231,burst_calling
CASE023,CDR5232,burst_calling
CASE023,CDR5233,burst_calling
CASE023,CDR5234,burst_calling
CASE023,CDR5235,odd_hour_contact|burst_calling
CASE023,CDR5236,burst_calling
CASE023,CDR5237,burst_calling
CASE023,CDR5238,burst_calling
CASE023,CDR5239,burst_calling
CASE023,CDR5240,odd_hour_contact|burst_calling
CASE023,CDR5241,burst_calling
CASE023,CDR5242,burst_calling
CASE023,CDR5243,odd_hour_contact
CASE023,CDR5245,odd_hour_contact
CASE023,CDR5255,odd_hour_contact
CASE023,CDR5256,odd_hour_contact
CASE023,CDR5257,odd_hour_contact|burst_calling
CASE023,CDR5258,burst_calling
CASE023,CDR5259,burst_calling
CASE023,CDR5260,burst_calling
CASE023,CDR5261,burst_calling
CASE023,CDR5262,burst_calling
CASE023,CDR5263,odd_hour_contact
CASE023,CDR5265,odd_hour_contact
CASE023,CDR5268,odd_hour_contact
CASE023,CDR5271,burst_calling
CASE023,CDR5272,burst_calling
CASE023,CDR5273,odd_hour_contact|burst_calling
CASE023,CDR5274,burst_calling
CASE023,CDR5275,burst_calling
CASE023,CDR5277,odd_hour_contact
CASE023,CDR5282,burst_calling
CASE023,CDR5283,burst_calling
CASE023,CDR5284,odd_hour_contact|burst_calling
CASE023,CDR5285,burst_calling
CASE023,CDR5286,burst_calling
CASE023,CDR5287,odd_hour_contact|burst_calling
CASE023,CDR5289,odd_hour_contact
CASE023,CDR5290,burst_calling
CASE023,CDR5291,burst_calling
CASE023,CDR5292,burst_calling
CASE023,CDR5293,burst_calling
CASE023,CDR5294,burst_calling
CASE023,CDR5295,burst_calling
CASE023,CDR5296,burst_calling
CASE023,CDR5297,burst_calling
CASE023,CDR5298,burst_calling
CASE023,CDR5299,burst_calling
CASE023,CDR5300,burst_calling
CASE023,CDR5301,burst_calling
CASE023,CDR5302,burst_calling
CASE023,CDR5303,burst_calling
CASE023,CDR5304,burst_calling
CASE023,CDR5305,burst_calling
CASE023,CDR5307,odd_hour_contact
CASE023,CDR5309,odd_hour_contact
CASE023,CDR5310,odd_hour_contact|burst_calling
CASE023,CDR5311,burst_calling
CASE023,CDR5312,odd_hour_contact|burst_calling
CASE023,CDR5313,burst_calling
CASE023,CDR5314,burst_calling
CASE023,CDR5315,burst_calling
CASE023,CDR5318,burst_calling
CASE023,CDR5319,burst_calling
CASE023,CDR5320,burst_calling
CASE023,CDR5321,burst_calling
CASE023,CDR5322,odd_hour_contact|burst_calling
CASE023,CDR5324,odd_hour_contact
CASE023,CDR5325,burst_calling
CASE023,CDR5326,burst_calling
CASE023,CDR5327,burst_calling
CASE023,CDR5328,burst_calling
CASE023,CDR5329,burst_calling
CASE023,CDR5330,burst_calling
CASE023,CDR5334,burst_calling
CASE023,CDR5335,odd_hour_contact|burst_calling
CASE023,CDR5336,burst_calling
CASE023,CDR5337,burst_calling
CASE023,CDR5338,burst_calling
CASE023,CDR5339,burst_calling
CASE023,CDR5341,odd_hour_contact
CASE023,CDR5343,odd_hour_contact
CASE023,CDR5348,odd_hour_contact
CASE023,CDR5349,odd_hour_contact
CASE023,CDR5350,odd_hour_contact
CASE023,CDR5351,odd_hour_contact
CASE023,CDR5355,burst_calling
CASE023,CDR5356,burst_calling
CASE023,CDR5357,burst_calling
CASE023,CDR5358,burst_calling
CASE023,CDR5359,burst_calling
CASE023,CDR5360,burst_calling
CASE023,CDR5361,burst_calling
CASE023,CDR5362,odd_hour_contact|burst_calling
CASE023,CDR5363,odd_hour_contact|burst_calling
CASE023,CDR5364,burst_calling
CASE023,CDR5365,burst_calling
CASE023,CDR5370,odd_hour_contact
CASE023,CDR5371,burst_calling
CASE023,CDR5372,burst_calling
CASE023,CDR5373,burst_calling
CASE023,CDR5374,burst_calling
CASE023,CDR5375,burst_calling
CASE023,CDR5379,odd_hour_contact
CASE023,CDR5386,odd_hour_contact
CASE023,CDR5390,burst_calling
CASE023,CDR5391,odd_hour_contact|burst_calling
CASE023,CDR5392,burst_calling
CASE023,CDR5393,burst_calling
CASE023,CDR5394,odd_hour_contact|burst_calling
CASE023,CDR5395,burst_calling
CASE023,CDR5398,burst_calling
CASE023,CDR5399,burst_calling
CASE023,CDR5400,burst_calling
CASE023,CDR5401,burst_calling
CASE023,CDR5402,burst_calling
CASE023,CDR5409,odd_hour_contact
CASE023,CDR5412,burst_calling
CASE023,CDR5413,burst_calling
CASE023,CDR5414,burst_calling
CASE023,CDR5415,burst_calling
CASE023,CDR5416,burst_calling
CASE023,CDR5417,odd_hour_contact|burst_calling
CASE023,CDR5428,odd_hour_contact
CASE023,CDR5430,odd_hour_contact
CASE023,CDR5431,odd_hour_contact
CASE023,CDR5437,burst_calling
CASE023,CDR5438,burst_calling
CASE023,CDR5439,burst_calling
CASE023,CDR5440,burst_calling
CASE023,CDR5441,burst_calling
CASE023,CDR5448,burst_calling
CASE023,CDR5449,burst_calling
CASE023,CDR5450,burst_calling
CASE023,CDR5451,burst_calling
CASE023,CDR5452,burst_calling
CASE023,CDR5453,odd_hour_contact|burst_calling
CASE023,CDR5455,odd_hour_contact
CASE023,CDR5458,odd_hour_contact
CASE023,CDR5462,odd_hour_contact|burst_calling
CASE023,CDR5463,burst_calling
CASE023,CDR5464,burst_calling
CASE023,CDR5465,odd_hour_contact|burst_calling
CASE023,CDR5466,odd_hour_contact|burst_calling
CASE023,CDR5467,odd_hour_contact|burst_calling
CASE023,CDR5471,burst_calling
CASE023,CDR5472,burst_calling
CASE023,CDR5473,burst_calling
CASE023,CDR5474,odd_hour_contact|burst_calling
CASE023,CDR5475,burst_calling
CASE023,CDR5476,single_use_contact
CASE023,CDR5477,odd_hour_contact|single_use_contact
CASE023,CDR5478,single_use_contact
CASE023,CDR5479,single_use_contact
CASE023,CDR5480,single_use_contact
CASE023,CDR5481,single_use_contact
CASE023,CDR5482,single_use_contact
CASE023,CDR5483,single_use_contact
CASE023,CDR5484,single_use_contact
CASE023,CDR5485,single_use_contact
CASE023,CDR5486,single_use_contact
CASE023,CDR5487,single_use_contact
CASE023,CDR5488,single_use_contact
CASE023,CDR5489,single_use_contact
CASE023,CDR5490,odd_hour_contact|single_use_contact
CASE023,CDR5491,single_use_contact
CASE023,CDR5492,single_use_contact
CASE023,CDR5493,single_use_contact
CASE023,CDR5494,single_use_contact
CASE023,CDR5495,odd_hour_contact|single_use_contact
CASE023,CDR5496,odd_hour_contact|single_use_contact
CASE023,CDR5497,odd_hour_contact|single_use_contact
CASE023,CDR5498,single_use_contact
CASE023,CDR5499,single_use_contact
CASE023,CDR5500,single_use_contact
CASE023,CDR5501,single_use_contact
CASE023,CDR5502,odd_hour_contact|single_use_contact
CASE023,CDR5503,single_use_contact
CASE023,CDR5504,single_use_contact
CASE023,CDR5505,single_use_contact
CASE023,CDR5506,single_use_contact
CASE023,CDR5507,single_use_contact
CASE023,CDR5508,single_use_contact
CASE023,CDR5509,single_use_contact
CASE023,CDR5510,single_use_contact
CASE023,CDR5511,odd_hour_contact|single_use_contact
CASE023,CDR5512,odd_hour_contact|single_use_contact
CASE023,CDR5513,single_use_contact
CASE023,CDR5514,single_use_contact
CASE023,CDR5515,single_use_contact
CASE023,CDR5516,single_use_contact
CASE023,CDR5517,single_use_contact
CASE023,CDR5518,odd_hour_contact|single_use_contact
CASE023,CDR5519,single_use_contact
CASE023,CDR5520,single_use_contact
CASE023,CDR5521,single_use_contact
CASE023,CDR5522,single_use_contact
CASE023,CDR5523,odd_hour_contact|single_use_contact
CASE023,CDR5524,odd_hour_contact|single_use_contact
CASE023,CDR5525,odd_hour_contact|single_use_contact
CASE023,CDR5526,single_use_contact
CASE023,CDR5527,odd_hour_contact|single_use_contact
CASE023,CDR5528,single_use_contact
CASE023,CDR5529,single_use_contact
CASE023,CDR5530,single_use_contact
CASE023,CDR5531,single_use_contact
CASE023,CDR5532,single_use_contact
CASE023,CDR5533,single_use_contact
CASE023,CDR5534,single_use_contact
CASE023,CDR5535,single_use_contact
CASE023,CDR5536,single_use_contact
CASE023,CDR5537,single_use_contact
CASE023,CDR5538,single_use_contact
CASE023,CDR5539,single_use_contact
CASE023,CDR5540,single_use_contact
CASE023,CDR5541,odd_hour_contact|single_use_contact
CASE023,CDR5542,odd_hour_contact|single_use_contact
CASE023,CDR5543,single_use_contact
CASE023,CDR5544,single_use_contact
CASE023,CDR5545,single_use_contact
CASE023,CDR5546,single_use_contact
CASE023,CDR5547,odd_hour_contact|single_use_contact
CASE023,CDR5548,single_use_contact
CASE023,CDR5549,single_use_contact
CASE023,CDR5550,single_use_contact
CASE023,CDR5551,single_use_contact
CASE023,CDR5552,single_use_contact
CASE023,CDR5553,single_use_contact
CASE023,CDR5554,single_use_contact
CASE023,CDR5555,single_use_contact
CASE023,CDR5556,single_use_contact
CASE023,CDR5557,odd_hour_contact|single_use_contact
CASE023,CDR5558,single_use_contact
CASE023,CDR5559,single_use_contact
CASE023,CDR5560,single_use_contact
CASE023,CDR5561,single_use_contact
CASE023,CDR5562,single_use_contact
CASE023,CDR5563,burst_calling
CASE023,CDR5564,odd_hour_contact|single_use_contact
CASE023,CDR5565,single_use_contact
CASE024,CDR5566,odd_hour_contact|burst_calling
CASE024,CDR5567,burst_calling
CASE024,CDR5568,burst_calling
CASE024,CDR5569,burst_calling
CASE024,CDR5570,burst_calling
CASE024,CDR5572,odd_hour_contact
CASE024,CDR5574,odd_hour_contact
CASE024,CDR5577,odd_hour_contact
CASE024,CDR5581,odd_hour_contact
CASE024,CDR5582,burst_calling
CASE024,CDR5583,burst_calling
CASE024,CDR5584,burst_calling
CASE024,CDR5585,burst_calling
CASE024,CDR5586,burst_calling
CASE024,CDR5590,burst_calling
CASE024,CDR5591,odd_hour_contact|burst_calling
CASE024,CDR5592,burst_calling
CASE024,CDR5593,burst_calling
CASE024,CDR5594,burst_calling
CASE024,CDR5595,burst_calling
CASE024,CDR5599,odd_hour_contact
CASE024,CDR5602,odd_hour_contact
CASE024,CDR5609,burst_calling
CASE024,CDR5610,burst_calling
CASE024,CDR5611,burst_calling
CASE024,CDR5612,burst_calling
CASE024,CDR5613,burst_calling
CASE024,CDR5614,odd_hour_contact
CASE024,CDR5623,burst_calling
CASE024,CDR5624,odd_hour_contact|burst_calling
CASE024,CDR5625,burst_calling
CASE024,CDR5626,burst_calling
CASE024,CDR5627,burst_calling
CASE024,CDR5630,odd_hour_contact
CASE024,CDR5631,odd_hour_contact
CASE024,CDR5633,odd_hour_contact
CASE024,CDR5634,burst_calling
CASE024,CDR5635,odd_hour_contact|burst_calling
CASE024,CDR5636,burst_calling
CASE024,CDR5637,burst_calling
CASE024,CDR5638,burst_calling
CASE024,CDR5641,burst_calling
CASE024,CDR5642,odd_hour_contact|burst_calling
CASE024,CDR5643,burst_calling
CASE024,CDR5644,burst_calling
CASE024,CDR5645,burst_calling
CASE024,CDR5646,burst_calling
CASE024,CDR5649,burst_calling
CASE024,CDR5650,burst_calling
CASE024,CDR5651,burst_calling
CASE024,CDR5652,odd_hour_contact|burst_calling
CASE024,CDR5653,burst_calling
CASE024,CDR5663,odd_hour_contact
CASE024,CDR5664,burst_calling
CASE024,CDR5665,burst_calling
CASE024,CDR5666,burst_calling
CASE024,CDR5667,burst_calling
CASE024,CDR5668,burst_calling
CASE024,CDR5669,burst_calling
CASE024,CDR5670,burst_calling
CASE024,CDR5671,burst_calling
CASE024,CDR5672,burst_calling
CASE024,CDR5673,burst_calling
CASE024,CDR5674,burst_calling
CASE024,CDR5675,burst_calling
CASE024,CDR5676,burst_calling
CASE024,CDR5677,burst_calling
CASE024,CDR5678,burst_calling
CASE024,CDR5679,burst_calling
CASE024,CDR5680,burst_calling
CASE024,CDR5681,odd_hour_contact|burst_calling
CASE024,CDR5682,burst_calling
CASE024,CDR5683,burst_calling
CASE024,CDR5684,burst_calling
CASE024,CDR5685,burst_calling
CASE024,CDR5686,burst_calling
CASE024,CDR5687,odd_hour_contact|burst_calling
CASE024,CDR5688,burst_calling
CASE024,CDR5689,burst_calling
CASE024,CDR5690,burst_calling
CASE024,CDR5691,odd_hour_contact|burst_calling
CASE024,CDR5692,odd_hour_contact
CASE024,CDR5693,odd_hour_contact
CASE024,CDR5701,odd_hour_contact
CASE024,CDR5702,odd_hour_contact
CASE024,CDR5703,odd_hour_contact
CASE024,CDR5705,burst_calling
CASE024,CDR5706,burst_calling
CASE024,CDR5707,odd_hour_contact|burst_calling
CASE024,CDR5708,burst_calling
CASE024,CDR5709,odd_hour_contact|burst_calling
CASE024,CDR5710,odd_hour_contact|burst_calling
CASE024,CDR5711,odd_hour_contact
CASE024,CDR5714,odd_hour_contact
CASE024,CDR5718,odd_hour_contact
CASE024,CDR5725,odd_hour_contact|burst_calling
CASE024,CDR5726,burst_calling
CASE024,CDR5727,odd_hour_contact|burst_calling
CASE024,CDR5728,odd_hour_contact|burst_calling
CASE024,CDR5729,burst_calling
CASE024,CDR5730,burst_calling
CASE024,CDR5731,odd_hour_contact|burst_calling
CASE024,CDR5732,burst_calling
CASE024,CDR5733,burst_calling
CASE024,CDR5734,burst_calling
CASE024,CDR5738,burst_calling
CASE024,CDR5739,burst_calling
CASE024,CDR5740,burst_calling
CASE024,CDR5741,odd_hour_contact|burst_calling
CASE024,CDR5742,burst_calling
CASE024,CDR5743,burst_calling
CASE024,CDR5744,burst_calling
CASE024,CDR5745,odd_hour_contact|burst_calling
CASE024,CDR5746,burst_calling
CASE024,CDR5747,burst_calling
CASE024,CDR5748,burst_calling
CASE024,CDR5749,odd_hour_contact|burst_calling
CASE024,CDR5750,burst_calling
CASE024,CDR5751,burst_calling
CASE024,CDR5752,burst_calling
CASE024,CDR5753,odd_hour_contact|burst_calling
CASE024,CDR5754,burst_calling
CASE024,CDR5759,odd_hour_contact|burst_calling
CASE024,CDR5760,burst_calling
CASE024,CDR5761,burst_calling
CASE024,CDR5762,burst_calling
CASE024,CDR5763,burst_calling
CASE024,CDR5764,burst_calling
CASE024,CDR5770,odd_hour_contact|single_use_contact
CASE024,CDR5771,single_use_contact
CASE024,CDR5772,single_use_contact
CASE024,CDR5773,single_use_contact
CASE024,CDR5774,single_use_contact
CASE024,CDR5775,single_use_contact
CASE024,CDR5776,single_use_contact
CASE024,CDR5777,single_use_contact
CASE024,CDR5778,single_use_contact
CASE024,CDR5779,single_use_contact
CASE024,CDR5780,single_use_contact
CASE024,CDR5781,odd_hour_contact|single_use_contact
CASE024,CDR5782,single_use_contact
CASE024,CDR5783,odd_hour_contact|single_use_contact
CASE024,CDR5784,odd_hour_contact|single_use_contact
CASE024,CDR5785,single_use_contact
CASE024,CDR5786,single_use_contact
CASE024,CDR5787,single_use_contact
CASE024,CDR5788,single_use_contact
CASE024,CDR5789,single_use_contact
CASE024,CDR5790,odd_hour_contact|single_use_contact
CASE024,CDR5791,odd_hour_contact|single_use_contact
CASE024,CDR5792,single_use_contact
CASE024,CDR5793,single_use_contact
CASE024,CDR5794,single_use_contact
CASE024,CDR5795,single_use_contact
CASE024,CDR5796,single_use_contact
CASE024,CDR5797,odd_hour_contact|single_use_contact
CASE024,CDR5798,single_use_contact
CASE024,CDR5799,single_use_contact
CASE024,CDR5800,single_use_contact
CASE024,CDR5801,odd_hour_contact|single_use_contact
CASE024,CDR5802,single_use_contact
CASE024,CDR5803,single_use_contact
CASE024,CDR5804,odd_hour_contact|single_use_contact
CASE024,CDR5805,single_use_contact
CASE024,CDR5806,single_use_contact
CASE024,CDR5807,single_use_contact
CASE024,CDR5808,single_use_contact
CASE024,CDR5809,single_use_contact
CASE024,CDR5810,single_use_contact
CASE024,CDR5811,single_use_contact
CASE024,CDR5812,single_use_contact
CASE024,CDR5813,single_use_contact
CASE024,CDR5814,single_use_contact
CASE024,CDR5815,odd_hour_contact|single_use_contact
CASE024,CDR5816,single_use_contact
CASE024,CDR5817,single_use_contact
CASE024,CDR5818,odd_hour_contact|single_use_contact
CASE024,CDR5819,single_use_contact
CASE024,CDR5820,single_use_contact
CASE024,CDR5821,odd_hour_contact|single_use_contact
CASE024,CDR5822,single_use_contact
CASE024,CDR5823,single_use_contact
CASE024,CDR5824,odd_hour_contact|single_use_contact
CASE024,CDR5825,odd_hour_contact|single_use_contact
CASE024,CDR5826,single_use_contact
CASE024,CDR5827,single_use_contact
CASE024,CDR5828,single_use_contact
CASE024,CDR5829,single_use_contact
CASE024,CDR5830,single_use_contact
CASE024,CDR5831,single_use_contact
CASE024,CDR5832,odd_hour_contact|single_use_contact
CASE024,CDR5833,single_use_contact
CASE024,CDR5834,single_use_contact
CASE024,CDR5835,single_use_contact
CASE024,CDR5836,single_use_contact
CASE024,CDR5837,odd_hour_contact|single_use_contact
CASE024,CDR5838,single_use_contact
CASE024,CDR5839,single_use_contact
CASE024,CDR5840,odd_hour_contact|single_use_contact
CASE024,CDR5841,single_use_contact
CASE024,CDR5842,single_use_contact
CASE024,CDR5843,single_use_contact
CASE024,CDR5844,single_use_contact
CASE024,CDR5845,odd_hour_contact|single_use_contact
CASE024,CDR5846,single_use_contact
CASE024,CDR5847,single_use_contact
CASE024,CDR5848,odd_hour_contact|single_use_contact
CASE024,CDR5849,odd_hour_contact|single_use_contact
CASE024,CDR5850,single_use_contact
CASE024,CDR5851,single_use_contact
CASE024,CDR5852,single_use_contact
CASE024,CDR5853,single_use_contact
CASE024,CDR5854,single_use_contact
CASE024,CDR5855,single_use_contact
CASE024,CDR5856,single_use_contact
CASE024,CDR5857,single_use_contact
CASE024,CDR5858,single_use_contact
CASE024,CDR5859,odd_hour_contact|single_use_contact
CASE025,CDR5863,burst_calling
CASE025,CDR5864,burst_calling
CASE025,CDR5865,burst_calling
CASE025,CDR5866,burst_calling
CASE025,CDR5867,odd_hour_contact|burst_calling
CASE025,CDR5868,odd_hour_contact
CASE025,CDR5873,odd_hour_contact
CASE025,CDR5874,odd_hour_contact
CASE025,CDR5879,burst_calling
CASE025,CDR5880,burst_calling
CASE025,CDR5881,burst_calling
CASE025,CDR5882,burst_calling
CASE025,CDR5883,burst_calling
CASE025,CDR5884,burst_calling
CASE025,CDR5885,odd_hour_contact|burst_calling
CASE025,CDR5886,burst_calling
CASE025,CDR5887,burst_calling
CASE025,CDR5888,burst_calling
CASE025,CDR5889,burst_calling
CASE025,CDR5891,odd_hour_contact
CASE025,CDR5893,odd_hour_contact
CASE025,CDR5900,burst_calling
CASE025,CDR5901,burst_calling
CASE025,CDR5902,odd_hour_contact|burst_calling
CASE025,CDR5903,burst_calling
CASE025,CDR5904,burst_calling
CASE025,CDR5905,burst_calling
CASE025,CDR5906,burst_calling
CASE025,CDR5907,burst_calling
CASE025,CDR5908,burst_calling
CASE025,CDR5909,burst_calling
CASE025,CDR5910,odd_hour_contact
CASE025,CDR5914,single_use_contact
CASE025,CDR5915,single_use_contact
CASE025,CDR5916,single_use_contact
CASE025,CDR5917,single_use_contact
CASE025,CDR5918,single_use_contact
CASE025,CDR5919,single_use_contact
CASE025,CDR5921,odd_hour_contact|single_use_contact
CASE025,CDR5922,odd_hour_contact|single_use_contact
CASE025,CDR5923,single_use_contact
CASE025,CDR5924,single_use_contact
CASE025,CDR5925,single_use_contact
CASE025,CDR5926,odd_hour_contact|single_use_contact
CASE025,CDR5927,single_use_contact
CASE025,CDR5928,single_use_contact
CASE025,CDR5929,single_use_contact
CASE025,CDR5930,single_use_contact
CASE025,CDR5931,odd_hour_contact|single_use_contact
CASE025,CDR5932,single_use_contact
CASE025,CDR5933,single_use_contact
CASE025,CDR5934,single_use_contact
CASE025,CDR5935,single_use_contact
CASE025,CDR5936,single_use_contact
CASE025,CDR5937,odd_hour_contact|single_use_contact
CASE025,CDR5939,single_use_contact
CASE025,CDR5940,odd_hour_contact|single_use_contact
CASE025,CDR5941,single_use_contact
CASE025,CDR5942,single_use_contact
CASE025,CDR5943,single_use_contact
CASE025,CDR5944,odd_hour_contact|single_use_contact
CASE025,CDR5945,odd_hour_contact|single_use_contact
CASE025,CDR5946,single_use_contact
CASE025,CDR5947,single_use_contact
CASE025,CDR5948,single_use_contact
CASE025,CDR5949,single_use_contact
CASE025,CDR5950,odd_hour_contact|single_use_contact
CASE025,CDR5951,single_use_contact
CASE025,CDR5952,single_use_contact
CASE025,CDR5953,single_use_contact
CASE025,CDR5954,single_use_contact
CASE025,CDR5955,single_use_contact
CASE025,CDR5956,odd_hour_contact|single_use_contact
CASE025,CDR5957,single_use_contact
CASE025,CDR5958,single_use_contact
CASE025,CDR5959,single_use_contact
CASE025,CDR5960,single_use_contact
CASE025,CDR5961,single_use_contact
CASE025,CDR5962,single_use_contact
CASE025,CDR5963,single_use_contact
CASE025,CDR5964,single_use_contact
CASE025,CDR5965,single_use_contact
CASE025,CDR5966,odd_hour_contact|single_use_contact
CASE025,CDR5967,single_use_contact
CASE025,CDR5968,single_use_contact
CASE025,CDR5969,single_use_contact
CASE025,CDR5970,single_use_contact
CASE025,CDR5971,single_use_contact
CASE025,CDR5972,odd_hour_contact|single_use_contact
CASE025,CDR5973,odd_hour_contact|single_use_contact
CASE025,CDR5974,single_use_contact
CASE025,CDR5975,single_use_contact
CASE025,CDR5976,odd_hour_contact|single_use_contact
CASE025,CDR5977,single_use_contact
CASE025,CDR5978,single_use_contact
CASE025,CDR5979,odd_hour_contact|single_use_contact
CASE025,CDR5980,single_use_contact
CASE025,CDR5981,single_use_contact
CASE025,CDR5982,single_use_contact
CASE025,CDR5983,odd_hour_contact|single_use_contact
CASE025,CDR5984,single_use_contact
CASE025,CDR5985,single_use_contact
CASE025,CDR5986,single_use_contact
CASE025,CDR5987,single_use_contact
CASE025,CDR5988,single_use_contact
CASE025,CDR5989,single_use_contact
CASE025,CDR5990,single_use_contact
CASE025,CDR5991,single_use_contact
CASE025,CDR5992,single_use_contact
CASE025,CDR5993,single_use_contact
CASE025,CDR5994,single_use_contact
CASE025,CDR5995,single_use_contact
CASE025,CDR5996,single_use_contact
CASE025,CDR5997,odd_hour_contact|single_use_contact
CASE025,CDR5998,odd_hour_contact|single_use_contact
CASE025,CDR5999,single_use_contact
CASE025,CDR6000,single_use_contact
CASE025,CDR6001,odd_hour_contact|single_use_contact
CASE025,CDR6002,single_use_contact
CASE025,CDR6003,single_use_contact
CASE026,CDR6004,odd_hour_contact|burst_calling
CASE026,CDR6005,burst_calling
CASE026,CDR6006,odd_hour_contact|burst_calling
CASE026,CDR6007,burst_calling
CASE026,CDR6008,burst_calling
CASE026,CDR6011,odd_hour_contact
CASE026,CDR6012,odd_hour_contact
CASE026,CDR6017,burst_calling
CASE026,CDR6018,burst_calling
CASE026,CDR6019,odd_hour_contact|burst_calling
CASE026,CDR6020,burst_calling
CASE026,CDR6021,burst_calling
CASE026,CDR6022,burst_calling
CASE026,CDR6023,burst_calling
CASE026,CDR6024,burst_calling
CASE026,CDR6025,odd_hour_contact|burst_calling
CASE026,CDR6026,burst_calling
CASE026,CDR6027,odd_hour_contact|burst_calling
CASE026,CDR6028,burst_calling
CASE026,CDR6029,burst_calling
CASE026,CDR6030,burst_calling
CASE026,CDR6031,burst_calling
CASE026,CDR6032,burst_calling
CASE026,CDR6033,odd_hour_contact|burst_calling
CASE026,CDR6034,burst_calling
CASE026,CDR6035,burst_calling
CASE026,CDR6036,burst_calling
CASE026,CDR6037,odd_hour_contact|burst_calling
CASE026,CDR6038,odd_hour_contact|burst_calling
CASE026,CDR6039,odd_hour_contact|burst_calling
CASE026,CDR6040,odd_hour_contact
CASE026,CDR6045,odd_hour_contact
CASE026,CDR6050,odd_hour_contact
CASE026,CDR6053,odd_hour_contact|burst_calling
CASE026,CDR6054,burst_calling
CASE026,CDR6055,burst_calling
CASE026,CDR6056,odd_hour_contact|burst_calling
CASE026,CDR6057,burst_calling
CASE026,CDR6058,burst_calling
CASE026,CDR6059,burst_calling
CASE026,CDR6060,burst_calling
CASE026,CDR6061,burst_calling
CASE026,CDR6062,burst_calling
CASE026,CDR6063,burst_calling
CASE026,CDR6069,odd_hour_contact
CASE026,CDR6070,odd_hour_contact
CASE026,CDR6071,odd_hour_contact
CASE026,CDR6073,odd_hour_contact
CASE026,CDR6077,odd_hour_contact
CASE026,CDR6078,burst_calling
CASE026,CDR6079,burst_calling
CASE026,CDR6080,burst_calling
CASE026,CDR6081,burst_calling
CASE026,CDR6082,odd_hour_contact|burst_calling
CASE026,CDR6083,burst_calling
CASE026,CDR6084,burst_calling
CASE026,CDR6085,odd_hour_contact|burst_calling
CASE026,CDR6086,burst_calling
CASE026,CDR6087,odd_hour_contact|burst_calling
CASE026,CDR6088,odd_hour_contact
CASE026,CDR6090,odd_hour_contact
CASE026,CDR6093,odd_hour_contact
CASE026,CDR6098,burst_calling
CASE026,CDR6099,burst_calling
CASE026,CDR6100,burst_calling
CASE026,CDR6101,burst_calling
CASE026,CDR6102,burst_calling
CASE026,CDR6103,odd_hour_contact|burst_calling
CASE026,CDR6104,burst_calling
CASE026,CDR6105,odd_hour_contact|burst_calling
CASE026,CDR6106,odd_hour_contact|burst_calling
CASE026,CDR6107,burst_calling
CASE026,CDR6108,odd_hour_contact|burst_calling
CASE026,CDR6109,burst_calling
CASE026,CDR6110,burst_calling
CASE026,CDR6111,burst_calling
CASE026,CDR6112,burst_calling
CASE026,CDR6113,burst_calling
CASE026,CDR6118,single_use_contact
CASE026,CDR6119,single_use_contact
CASE026,CDR6120,single_use_contact
CASE026,CDR6121,single_use_contact
CASE026,CDR6122,single_use_contact
CASE026,CDR6123,single_use_contact
CASE026,CDR6124,single_use_contact
CASE026,CDR6125,single_use_contact
CASE026,CDR6126,single_use_contact
CASE026,CDR6127,odd_hour_contact|single_use_contact
CASE026,CDR6128,single_use_contact
CASE026,CDR6129,single_use_contact
CASE026,CDR6130,single_use_contact
CASE026,CDR6131,single_use_contact
CASE026,CDR6132,single_use_contact
CASE026,CDR6133,odd_hour_contact|single_use_contact
CASE026,CDR6134,single_use_contact
CASE026,CDR6135,single_use_contact
CASE026,CDR6136,single_use_contact
CASE026,CDR6137,single_use_contact
CASE026,CDR6138,single_use_contact
CASE026,CDR6139,odd_hour_contact|single_use_contact
CASE026,CDR6140,odd_hour_contact|single_use_contact
CASE026,CDR6141,odd_hour_contact|single_use_contact
CASE026,CDR6142,single_use_contact
CASE026,CDR6143,single_use_contact
CASE026,CDR6144,single_use_contact
CASE026,CDR6145,single_use_contact
CASE026,CDR6146,single_use_contact
CASE026,CDR6147,single_use_contact
CASE026,CDR6148,odd_hour_contact|single_use_contact
CASE026,CDR6149,single_use_contact
CASE026,CDR6150,single_use_contact
CASE026,CDR6151,single_use_contact
CASE026,CDR6152,single_use_contact
CASE026,CDR6153,odd_hour_contact|single_use_contact
CASE026,CDR6154,odd_hour_contact|single_use_contact
CASE026,CDR6155,single_use_contact
CASE026,CDR6156,single_use_contact
CASE026,CDR6157,single_use_contact
CASE026,CDR6158,single_use_contact
CASE026,CDR6159,single_use_contact
CASE026,CDR6160,single_use_contact
CASE026,CDR6161,single_use_contact
CASE026,CDR6162,single_use_contact
CASE026,CDR6163,single_use_contact
CASE026,CDR6164,single_use_contact
CASE026,CDR6165,single_use_contact
CASE026,CDR6166,odd_hour_contact|single_use_contact
CASE026,CDR6167,odd_hour_contact|single_use_contact
CASE026,CDR6168,single_use_contact
CASE026,CDR6169,single_use_contact
CASE026,CDR6170,single_use_contact
CASE026,CDR6171,single_use_contact
CASE026,CDR6172,odd_hour_contact|single_use_contact
CASE026,CDR6173,odd_hour_contact|single_use_contact
CASE026,CDR6174,single_use_contact
CASE026,CDR6175,single_use_contact
CASE026,CDR6176,single_use_contact
CASE026,CDR6177,single_use_contact
CASE026,CDR6178,odd_hour_contact|single_use_contact
CASE026,CDR6179,single_use_contact
CASE026,CDR6180,single_use_contact
CASE026,CDR6181,single_use_contact
CASE026,CDR6182,single_use_contact
CASE026,CDR6183,odd_hour_contact|single_use_contact
CASE026,CDR6184,single_use_contact
CASE026,CDR6185,single_use_contact
CASE026,CDR6186,single_use_contact
CASE026,CDR6187,single_use_contact
CASE026,CDR6188,single_use_contact
CASE026,CDR6189,odd_hour_contact|single_use_contact
CASE026,CDR6190,single_use_contact
CASE026,CDR6191,single_use_contact
CASE026,CDR6192,single_use_contact
CASE026,CDR6193,single_use_contact
CASE026,CDR6194,odd_hour_contact|single_use_contact
CASE026,CDR6195,single_use_contact
CASE026,CDR6196,single_use_contact
CASE026,CDR6197,single_use_contact
CASE026,CDR6198,single_use_contact
CASE026,CDR6199,odd_hour_contact|single_use_contact
CASE026,CDR6200,single_use_contact
CASE026,CDR6201,odd_hour_contact|single_use_contact
CASE026,CDR6202,single_use_contact
CASE026,CDR6203,single_use_contact
CASE026,CDR6204,single_use_contact
CASE026,CDR6205,single_use_contact
CASE026,CDR6206,single_use_contact
CASE026,CDR6207,single_use_contact
CASE027,CDR6208,burst_calling
CASE027,CDR6209,odd_hour_contact|burst_calling
CASE027,CDR6210,burst_calling
CASE027,CDR6211,burst_calling
CASE027,CDR6212,burst_calling
CASE027,CDR6213,burst_calling
CASE027,CDR6214,burst_calling
CASE027,CDR6215,odd_hour_contact|burst_calling
CASE027,CDR6216,burst_calling
CASE027,CDR6217,odd_hour_contact|burst_calling
CASE027,CDR6218,burst_calling
CASE027,CDR6223,odd_hour_contact
CASE027,CDR6224,odd_hour_contact
CASE027,CDR6227,odd_hour_contact
CASE027,CDR6233,burst_calling
CASE027,CDR6234,burst_calling
CASE027,CDR6235,burst_calling
CASE027,CDR6236,burst_calling
CASE027,CDR6237,burst_calling
CASE027,CDR6241,odd_hour_contact
CASE027,CDR6242,odd_hour_contact
CASE027,CDR6245,burst_calling
CASE027,CDR6246,burst_calling
CASE027,CDR6247,burst_calling
CASE027,CDR6248,burst_calling
CASE027,CDR6249,odd_hour_contact|burst_calling
CASE027,CDR6250,burst_calling
CASE027,CDR6257,odd_hour_contact
CASE027,CDR6260,odd_hour_contact
CASE027,CDR6261,odd_hour_contact
CASE027,CDR6263,odd_hour_contact
CASE027,CDR6265,burst_calling
CASE027,CDR6266,odd_hour_contact|burst_calling
CASE027,CDR6267,burst_calling
CASE027,CDR6268,burst_calling
CASE027,CDR6269,burst_calling
CASE027,CDR6270,burst_calling
CASE027,CDR6272,odd_hour_contact
CASE027,CDR6273,odd_hour_contact
CASE027,CDR6275,odd_hour_contact|burst_calling
CASE027,CDR6276,burst_calling
CASE027,CDR6277,burst_calling
CASE027,CDR6278,burst_calling
CASE027,CDR6279,odd_hour_contact|burst_calling
CASE027,CDR6280,burst_calling
CASE027,CDR6281,burst_calling
CASE027,CDR6282,burst_calling
CASE027,CDR6283,odd_hour_contact|burst_calling
CASE027,CDR6284,odd_hour_contact|burst_calling
CASE027,CDR6285,burst_calling
CASE027,CDR6292,burst_calling
CASE027,CDR6293,burst_calling
CASE027,CDR6294,burst_calling
CASE027,CDR6295,burst_calling
CASE027,CDR6296,burst_calling
CASE027,CDR6297,burst_calling
CASE027,CDR6298,odd_hour_contact|burst_calling
CASE027,CDR6299,burst_calling
CASE027,CDR6300,burst_calling
CASE027,CDR6301,burst_calling
CASE027,CDR6302,burst_calling
CASE027,CDR6306,odd_hour_contact
CASE027,CDR6307,odd_hour_contact|burst_calling
CASE027,CDR6308,burst_calling
CASE027,CDR6309,burst_calling
CASE027,CDR6310,burst_calling
CASE027,CDR6311,burst_calling
CASE027,CDR6312,burst_calling
CASE027,CDR6313,burst_calling
CASE027,CDR6314,odd_hour_contact|burst_calling
CASE027,CDR6315,burst_calling
CASE027,CDR6316,burst_calling
CASE027,CDR6320,odd_hour_contact
CASE027,CDR6321,burst_calling
CASE027,CDR6322,burst_calling
CASE027,CDR6323,burst_calling
CASE027,CDR6324,burst_calling
CASE027,CDR6325,burst_calling
CASE027,CDR6334,single_use_contact
CASE027,CDR6335,single_use_contact
CASE027,CDR6336,odd_hour_contact|single_use_contact
CASE027,CDR6337,single_use_contact
CASE027,CDR6338,odd_hour_contact|single_use_contact
CASE027,CDR6339,single_use_contact
CASE027,CDR6340,single_use_contact
CASE027,CDR6341,single_use_contact
CASE027,CDR6342,single_use_contact
CASE027,CDR6343,single_use_contact
CASE027,CDR6344,odd_hour_contact|single_use_contact
CASE027,CDR6345,single_use_contact
CASE027,CDR6346,single_use_contact
CASE027,CDR6347,odd_hour_contact|single_use_contact
CASE027,CDR6348,single_use_contact
CASE027,CDR6349,single_use_contact
CASE027,CDR6350,single_use_contact
CASE027,CDR6351,single_use_contact
CASE027,CDR6352,single_use_contact
CASE027,CDR6353,odd_hour_contact|single_use_contact
CASE027,CDR6354,odd_hour_contact|single_use_contact
CASE027,CDR6355,single_use_contact
CASE027,CDR6356,single_use_contact
CASE027,CDR6357,single_use_contact
CASE027,CDR6358,odd_hour_contact|single_use_contact
CASE027,CDR6359,single_use_contact
CASE027,CDR6360,single_use_contact
CASE027,CDR6361,single_use_contact
CASE027,CDR6362,odd_hour_contact|single_use_contact
CASE027,CDR6363,odd_hour_contact|single_use_contact
CASE027,CDR6364,single_use_contact
CASE027,CDR6365,single_use_contact
CASE027,CDR6366,single_use_contact
CASE027,CDR6367,single_use_contact
CASE027,CDR6368,single_use_contact
CASE027,CDR6369,single_use_contact
CASE027,CDR6370,single_use_contact
CASE027,CDR6371,single_use_contact
CASE027,CDR6372,single_use_contact
CASE027,CDR6373,single_use_contact
CASE027,CDR6374,odd_hour_contact|single_use_contact
CASE027,CDR6375,odd_hour_contact|single_use_contact
CASE027,CDR6376,burst_calling
CASE027,CDR6377,single_use_contact
CASE027,CDR6378,single_use_contact
CASE027,CDR6379,odd_hour_contact|single_use_contact
CASE027,CDR6380,odd_hour_contact|single_use_contact
CASE027,CDR6381,single_use_contact
CASE027,CDR6382,single_use_contact
CASE027,CDR6383,single_use_contact
CASE027,CDR6384,single_use_contact
CASE027,CDR6385,single_use_contact
CASE027,CDR6386,odd_hour_contact|single_use_contact
CASE027,CDR6387,odd_hour_contact|single_use_contact
CASE027,CDR6388,single_use_contact
CASE027,CDR6389,single_use_contact
CASE027,CDR6390,single_use_contact
CASE027,CDR6391,single_use_contact
CASE027,CDR6392,single_use_contact
CASE027,CDR6393,odd_hour_contact|single_use_contact
CASE027,CDR6394,single_use_contact
CASE027,CDR6395,single_use_contact
CASE027,CDR6396,odd_hour_contact|single_use_contact
CASE027,CDR6397,single_use_contact
CASE027,CDR6398,odd_hour_contact|single_use_contact
CASE027,CDR6399,odd_hour_contact|single_use_contact
CASE027,CDR6400,odd_hour_contact|single_use_contact
CASE027,CDR6401,odd_hour_contact|single_use_contact
CASE027,CDR6402,single_use_contact
CASE027,CDR6403,single_use_contact
CASE027,CDR6404,single_use_contact
CASE027,CDR6405,single_use_contact
CASE027,CDR6406,single_use_contact
CASE027,CDR6407,single_use_contact
CASE027,CDR6408,single_use_contact
CASE027,CDR6409,single_use_contact
CASE027,CDR6410,odd_hour_contact|single_use_contact
CASE027,CDR6411,single_use_contact
CASE027,CDR6412,odd_hour_contact|single_use_contact
CASE027,CDR6413,odd_hour_contact|single_use_contact
CASE027,CDR6414,single_use_contact
CASE027,CDR6415,single_use_contact
CASE027,CDR6416,odd_hour_contact|single_use_contact
CASE027,CDR6417,single_use_contact
CASE027,CDR6418,single_use_contact
CASE027,CDR6419,single_use_contact
CASE027,CDR6420,single_use_contact
CASE027,CDR6421,odd_hour_contact|single_use_contact
CASE027,CDR6422,single_use_contact
CASE027,CDR6423,single_use_contact
CASE028,CDR6426,burst_calling
CASE028,CDR6427,odd_hour_contact|burst_calling
CASE028,CDR6428,burst_calling
CASE028,CDR6429,odd_hour_contact|burst_calling
CASE028,CDR6430,burst_calling
CASE028,CDR6431,burst_calling
CASE028,CDR6434,odd_hour_contact
CASE028,CDR6437,odd_hour_contact
CASE028,CDR6439,burst_calling
CASE028,CDR6440,burst_calling
CASE028,CDR6441,burst_calling
CASE028,CDR6442,burst_calling
CASE028,CDR6443,burst_calling
CASE028,CDR6444,burst_calling
CASE028,CDR6445,odd_hour_contact
CASE028,CDR6450,odd_hour_contact
CASE028,CDR6452,burst_calling
CASE028,CDR6453,burst_calling
CASE028,CDR6454,burst_calling
CASE028,CDR6455,burst_calling
CASE028,CDR6456,burst_calling
CASE028,CDR6460,burst_calling
CASE028,CDR6461,burst_calling
CASE028,CDR6462,burst_calling
CASE028,CDR6463,burst_calling
CASE028,CDR6464,odd_hour_contact|burst_calling
CASE028,CDR6465,odd_hour_contact|burst_calling
CASE028,CDR6466,burst_calling
CASE028,CDR6467,burst_calling
CASE028,CDR6468,burst_calling
CASE028,CDR6469,burst_calling
CASE028,CDR6470,odd_hour_contact|single_use_contact
CASE028,CDR6471,single_use_contact
CASE028,CDR6472,odd_hour_contact|single_use_contact
CASE028,CDR6473,single_use_contact
CASE028,CDR6474,odd_hour_contact|single_use_contact
CASE028,CDR6475,single_use_contact
CASE028,CDR6476,odd_hour_contact|single_use_contact
CASE028,CDR6477,single_use_contact
CASE028,CDR6478,single_use_contact
CASE028,CDR6479,single_use_contact
CASE028,CDR6480,odd_hour_contact|single_use_contact
CASE028,CDR6481,odd_hour_contact|single_use_contact
CASE028,CDR6482,single_use_contact
CASE028,CDR6483,odd_hour_contact|single_use_contact
CASE028,CDR6484,single_use_contact
CASE028,CDR6485,single_use_contact
CASE028,CDR6486,odd_hour_contact|single_use_contact
CASE028,CDR6487,single_use_contact
CASE028,CDR6488,odd_hour_contact|single_use_contact
CASE028,CDR6489,single_use_contact
CASE028,CDR6490,single_use_contact
CASE028,CDR6491,odd_hour_contact|single_use_contact
CASE028,CDR6492,odd_hour_contact|single_use_contact
CASE028,CDR6493,single_use_contact
CASE028,CDR6494,single_use_contact
CASE028,CDR6495,odd_hour_contact|single_use_contact
CASE028,CDR6496,single_use_contact
CASE028,CDR6497,single_use_contact
CASE028,CDR6498,single_use_contact
CASE028,CDR6499,single_use_contact
CASE028,CDR6500,single_use_contact
CASE028,CDR6501,single_use_contact
CASE028,CDR6502,single_use_contact
CASE028,CDR6503,single_use_contact
CASE028,CDR6504,single_use_contact
CASE028,CDR6505,single_use_contact
CASE028,CDR6506,single_use_contact
CASE028,CDR6507,single_use_contact
CASE028,CDR6508,odd_hour_contact|single_use_contact
CASE028,CDR6509,odd_hour_contact|single_use_contact
CASE028,CDR6510,single_use_contact
CASE028,CDR6511,single_use_contact
CASE028,CDR6512,single_use_contact
CASE028,CDR6513,odd_hour_contact|single_use_contact
CASE028,CDR6514,single_use_contact
CASE028,CDR6516,single_use_contact
CASE028,CDR6517,single_use_contact
CASE028,CDR6518,single_use_contact
CASE028,CDR6519,odd_hour_contact|single_use_contact
CASE028,CDR6520,single_use_contact
CASE028,CDR6521,single_use_contact
CASE028,CDR6522,odd_hour_contact|single_use_contact
CASE028,CDR6523,single_use_contact
CASE028,CDR6524,single_use_contact
CASE028,CDR6525,single_use_contact
CASE028,CDR6526,single_use_contact
CASE028,CDR6527,single_use_contact
CASE028,CDR6528,single_use_contact
CASE028,CDR6529,odd_hour_contact|single_use_contact
CASE028,CDR6530,single_use_contact
CASE028,CDR6531,single_use_contact
CASE028,CDR6532,odd_hour_contact|single_use_contact
CASE028,CDR6533,single_use_contact
CASE028,CDR6534,odd_hour_contact|single_use_contact
CASE028,CDR6535,single_use_contact
CASE028,CDR6536,odd_hour_contact|single_use_contact
CASE028,CDR6537,single_use_contact
CASE028,CDR6538,single_use_contact
CASE028,CDR6539,odd_hour_contact|single_use_contact
CASE028,CDR6540,single_use_contact
CASE028,CDR6541,single_use_contact
CASE028,CDR6542,single_use_contact
CASE028,CDR6543,single_use_contact
CASE028,CDR6544,single_use_contact
CASE028,CDR6545,single_use_contact
CASE028,CDR6546,single_use_contact
CASE028,CDR6547,single_use_contact
CASE028,CDR6548,single_use_contact
CASE028,CDR6549,single_use_contact
CASE028,CDR6550,single_use_contact
CASE028,CDR6552,odd_hour_contact|single_use_contact
CASE028,CDR6553,single_use_contact
CASE028,CDR6554,single_use_contact
CASE028,CDR6555,odd_hour_contact|single_use_contact
CASE028,CDR6556,single_use_contact
CASE028,CDR6557,single_use_contact
CASE028,CDR6558,single_use_contact
CASE028,CDR6559,odd_hour_contact|single_use_contact
CASE029,CDR6570,odd_hour_contact
CASE029,CDR6571,odd_hour_contact
CASE029,CDR6572,odd_hour_contact
CASE029,CDR6577,burst_calling
CASE029,CDR6578,burst_calling
CASE029,CDR6579,burst_calling
CASE029,CDR6580,burst_calling
CASE029,CDR6581,burst_calling
CASE029,CDR6584,single_use_contact
CASE029,CDR6585,odd_hour_contact|single_use_contact
CASE029,CDR6586,single_use_contact
CASE029,CDR6587,single_use_contact
CASE029,CDR6588,single_use_contact
CASE029,CDR6589,single_use_contact
CASE029,CDR6590,odd_hour_contact|single_use_contact
CASE029,CDR6591,odd_hour_contact|single_use_contact
CASE029,CDR6592,single_use_contact
CASE029,CDR6593,single_use_contact
CASE029,CDR6594,single_use_contact
CASE029,CDR6595,single_use_contact
CASE029,CDR6596,odd_hour_contact|single_use_contact
CASE029,CDR6597,single_use_contact
CASE029,CDR6598,single_use_contact
CASE029,CDR6599,single_use_contact
CASE029,CDR6600,single_use_contact
CASE029,CDR6601,single_use_contact
CASE029,CDR6602,single_use_contact
CASE029,CDR6603,single_use_contact
CASE029,CDR6604,single_use_contact
CASE029,CDR6605,single_use_contact
CASE029,CDR6606,single_use_contact
CASE029,CDR6607,single_use_contact
CASE029,CDR6608,single_use_contact
CASE029,CDR6609,single_use_contact
CASE029,CDR6610,single_use_contact
CASE029,CDR6611,single_use_contact
CASE029,CDR6612,single_use_contact
CASE029,CDR6613,single_use_contact
CASE029,CDR6614,single_use_contact
CASE029,CDR6615,single_use_contact
CASE029,CDR6616,single_use_contact
CASE029,CDR6617,single_use_contact
CASE029,CDR6618,single_use_contact
CASE029,CDR6619,single_use_contact
CASE029,CDR6620,odd_hour_contact|single_use_contact
CASE029,CDR6621,single_use_contact
CASE029,CDR6622,single_use_contact
CASE029,CDR6623,single_use_contact
CASE029,CDR6624,single_use_contact
CASE029,CDR6625,single_use_contact
CASE029,CDR6626,single_use_contact
CASE029,CDR6627,single_use_contact
CASE029,CDR6628,single_use_contact
CASE029,CDR6629,single_use_contact
CASE029,CDR6630,single_use_contact
CASE029,CDR6631,single_use_contact
CASE029,CDR6632,single_use_contact
CASE029,CDR6633,single_use_contact
CASE029,CDR6634,single_use_contact
CASE029,CDR6635,single_use_contact
CASE029,CDR6636,single_use_contact
CASE029,CDR6637,odd_hour_contact|single_use_contact
CASE029,CDR6638,single_use_contact
CASE029,CDR6639,single_use_contact
CASE029,CDR6640,odd_hour_contact|single_use_contact
CASE029,CDR6641,single_use_contact
CASE029,CDR6642,single_use_contact
CASE029,CDR6643,single_use_contact
CASE029,CDR6644,single_use_contact
CASE029,CDR6645,single_use_contact
CASE029,CDR6646,odd_hour_contact|single_use_contact
CASE029,CDR6647,single_use_contact
CASE029,CDR6648,single_use_contact
CASE029,CDR6649,single_use_contact
CASE029,CDR6650,single_use_contact
CASE029,CDR6651,single_use_contact
CASE029,CDR6652,single_use_contact
CASE029,CDR6653,single_use_contact
CASE029,CDR6655,single_use_contact
CASE029,CDR6656,single_use_contact
CASE029,CDR6657,single_use_contact
CASE029,CDR6658,single_use_contact
CASE029,CDR6659,single_use_contact
CASE029,CDR6660,single_use_contact
CASE029,CDR6661,single_use_contact
CASE029,CDR6662,single_use_contact
CASE029,CDR6663,odd_hour_contact|single_use_contact
CASE029,CDR6664,single_use_contact
CASE029,CDR6665,odd_hour_contact|single_use_contact
CASE029,CDR6666,single_use_contact
CASE029,CDR6667,single_use_contact
CASE029,CDR6668,single_use_contact
CASE029,CDR6669,single_use_contact
CASE029,CDR6670,single_use_contact
CASE029,CDR6671,odd_hour_contact|single_use_contact
CASE029,CDR6672,single_use_contact
CASE029,CDR6673,single_use_contact
CASE030,CDR6676,odd_hour_contact
CASE030,CDR6680,odd_hour_contact
CASE030,CDR6682,odd_hour_contact
CASE030,CDR6684,burst_calling
CASE030,CDR6685,burst_calling
CASE030,CDR6686,burst_calling
CASE030,CDR6687,burst_calling
CASE030,CDR6688,odd_hour_contact|burst_calling
CASE030,CDR6689,burst_calling
CASE030,CDR6690,burst_calling
CASE030,CDR6691,burst_calling
CASE030,CDR6692,burst_calling
CASE030,CDR6693,odd_hour_contact|burst_calling
CASE030,CDR6694,burst_calling
CASE030,CDR6695,burst_calling
CASE030,CDR6704,odd_hour_contact
CASE030,CDR6709,odd_hour_contact
CASE030,CDR6713,odd_hour_contact
CASE030,CDR6715,burst_calling
CASE030,CDR6716,odd_hour_contact|burst_calling
CASE030,CDR6717,burst_calling
CASE030,CDR6718,burst_calling
CASE030,CDR6719,odd_hour_contact|burst_calling
CASE030,CDR6720,odd_hour_contact
CASE030,CDR6725,odd_hour_contact|burst_calling
CASE030,CDR6726,burst_calling
CASE030,CDR6727,burst_calling
CASE030,CDR6728,odd_hour_contact|burst_calling
CASE030,CDR6729,burst_calling
CASE030,CDR6733,single_use_contact
CASE030,CDR6734,single_use_contact
CASE030,CDR6735,single_use_contact
CASE030,CDR6736,single_use_contact
CASE030,CDR6737,single_use_contact
CASE030,CDR6738,odd_hour_contact|single_use_contact
CASE030,CDR6739,single_use_contact
CASE030,CDR6740,single_use_contact
CASE030,CDR6741,single_use_contact
CASE030,CDR6742,single_use_contact
CASE030,CDR6743,odd_hour_contact|single_use_contact
CASE030,CDR6744,odd_hour_contact|single_use_contact
CASE030,CDR6745,single_use_contact
CASE030,CDR6746,odd_hour_contact|single_use_contact
CASE030,CDR6747,odd_hour_contact|single_use_contact
CASE030,CDR6748,odd_hour_contact|single_use_contact
CASE030,CDR6749,single_use_contact
CASE030,CDR6750,single_use_contact
CASE030,CDR6751,single_use_contact
CASE030,CDR6752,single_use_contact
CASE030,CDR6753,single_use_contact
CASE030,CDR6754,single_use_contact
CASE030,CDR6755,odd_hour_contact
CASE030,CDR6756,single_use_contact
CASE030,CDR6757,single_use_contact
CASE030,CDR6758,single_use_contact
CASE030,CDR6759,single_use_contact
CASE030,CDR6760,single_use_contact
CASE030,CDR6761,odd_hour_contact|single_use_contact
CASE030,CDR6762,single_use_contact
CASE030,CDR6763,odd_hour_contact|single_use_contact
CASE030,CDR6764,odd_hour_contact|single_use_contact
CASE030,CDR6765,single_use_contact
CASE030,CDR6766,single_use_contact
CASE030,CDR6767,single_use_contact
CASE030,CDR6768,single_use_contact
CASE030,CDR6769,odd_hour_contact|single_use_contact
CASE030,CDR6770,single_use_contact
CASE030,CDR6771,single_use_contact
CASE030,CDR6772,single_use_contact
CASE030,CDR6773,single_use_contact
CASE030,CDR6774,single_use_contact
CASE030,CDR6775,single_use_contact
CASE030,CDR6776,single_use_contact
CASE030,CDR6777,single_use_contact
CASE030,CDR6778,single_use_contact
CASE030,CDR6779,single_use_contact
CASE030,CDR6780,odd_hour_contact|single_use_contact
CASE030,CDR6781,single_use_contact
CASE030,CDR6782,single_use_contact
CASE030,CDR6783,single_use_contact
CASE030,CDR6784,single_use_contact
CASE030,CDR6785,odd_hour_contact|single_use_contact
CASE030,CDR6786,odd_hour_contact|single_use_contact
CASE030,CDR6787,single_use_contact
CASE030,CDR6788,single_use_contact
CASE030,CDR6789,single_use_contact
CASE030,CDR6790,single_use_contact
CASE030,CDR6791,single_use_contact
CASE030,CDR6792,single_use_contact
CASE030,CDR6793,single_use_contact
CASE030,CDR6794,single_use_contact
CASE030,CDR6795,single_use_contact
CASE030,CDR6796,single_use_contact
CASE030,CDR6797,single_use_contact
CASE030,CDR6798,odd_hour_contact
CASE030,CDR6799,single_use_contact
CASE030,CDR6800,single_use_contact
CASE030,CDR6801,odd_hour_contact|single_use_contact
CASE030,CDR6802,single_use_contact
CASE030,CDR6803,single_use_contact
CASE030,CDR6804,odd_hour_contact|single_use_contact
CASE030,CDR6805,single_use_contact
CASE030,CDR6806,single_use_contact
CASE030,CDR6807,odd_hour_contact|single_use_contact
CASE030,CDR6808,single_use_contact
CASE030,CDR6809,single_use_contact
CASE030,CDR6810,single_use_contact
CASE030,CDR6811,odd_hour_contact|single_use_contact
CASE030,CDR6812,single_use_contact
CASE030,CDR6813,single_use_contact
CASE030,CDR6814,odd_hour_contact|single_use_contact
CASE030,CDR6815,single_use_contact
CASE030,CDR6816,single_use_contact
CASE030,CDR6817,single_use_contact
CASE030,CDR6818,single_use_contact
CASE030,CDR6819,single_use_contact
CASE030,CDR6820,odd_hour_contact|single_use_contact
CASE030,CDR6821,single_use_contact
CASE030,CDR6822,single_use_contact
CASE031,CDR6825,odd_hour_contact|burst_calling
CASE031,CDR6826,odd_hour_contact|burst_calling
CASE031,CDR6827,burst_calling
CASE031,CDR6828,burst_calling
CASE031,CDR6829,burst_calling
CASE031,CDR6832,odd_hour_contact|burst_calling
CASE031,CDR6833,burst_calling
CASE031,CDR6834,burst_calling
CASE031,CDR6835,odd_hour_contact|burst_calling
CASE031,CDR6836,burst_calling
CASE031,CDR6837,burst_calling
CASE031,CDR6849,burst_calling
CASE031,CDR6850,burst_calling
CASE031,CDR6851,burst_calling
CASE031,CDR6852,burst_calling
CASE031,CDR6853,burst_calling
CASE031,CDR6854,odd_hour_contact
CASE031,CDR6858,odd_hour_contact
CASE031,CDR6861,odd_hour_contact
CASE031,CDR6863,odd_hour_contact
CASE031,CDR6864,odd_hour_contact
CASE031,CDR6866,burst_calling
CASE031,CDR6867,burst_calling
CASE031,CDR6868,burst_calling
CASE031,CDR6869,burst_calling
CASE031,CDR6870,odd_hour_contact|burst_calling
CASE031,CDR6871,odd_hour_contact|burst_calling
CASE031,CDR6875,odd_hour_contact
CASE031,CDR6877,odd_hour_contact|burst_calling
CASE031,CDR6878,burst_calling
CASE031,CDR6879,odd_hour_contact|burst_calling
CASE031,CDR6880,burst_calling
CASE031,CDR6881,burst_calling
CASE031,CDR6882,burst_calling
CASE031,CDR6884,odd_hour_contact
CASE031,CDR6891,burst_calling
CASE031,CDR6892,burst_calling
CASE031,CDR6893,burst_calling
CASE031,CDR6894,burst_calling
CASE031,CDR6895,burst_calling
CASE031,CDR6896,burst_calling
CASE031,CDR6897,burst_calling
CASE031,CDR6898,burst_calling
CASE031,CDR6899,burst_calling
CASE031,CDR6900,burst_calling
CASE031,CDR6901,odd_hour_contact
CASE031,CDR6907,burst_calling
CASE031,CDR6908,odd_hour_contact|burst_calling
CASE031,CDR6909,odd_hour_contact|burst_calling
CASE031,CDR6910,burst_calling
CASE031,CDR6911,burst_calling
CASE031,CDR6916,odd_hour_contact
CASE031,CDR6918,odd_hour_contact
CASE031,CDR6921,burst_calling
CASE031,CDR6922,burst_calling
CASE031,CDR6923,odd_hour_contact|burst_calling
CASE031,CDR6924,burst_calling
CASE031,CDR6925,burst_calling
CASE031,CDR6926,odd_hour_contact|burst_calling
CASE031,CDR6927,burst_calling
CASE031,CDR6928,burst_calling
CASE031,CDR6929,burst_calling
CASE031,CDR6930,burst_calling
CASE031,CDR6931,burst_calling
CASE031,CDR6932,odd_hour_contact|burst_calling
CASE031,CDR6933,odd_hour_contact|burst_calling
CASE031,CDR6934,burst_calling
CASE031,CDR6935,odd_hour_contact|burst_calling
CASE031,CDR6936,odd_hour_contact|burst_calling
CASE031,CDR6937,odd_hour_contact|burst_calling
CASE031,CDR6938,burst_calling
CASE031,CDR6945,odd_hour_contact
CASE031,CDR6947,burst_calling
CASE031,CDR6948,burst_calling
CASE031,CDR6949,burst_calling
CASE031,CDR6950,burst_calling
CASE031,CDR6951,burst_calling
CASE031,CDR6952,odd_hour_contact|burst_calling
CASE031,CDR6954,odd_hour_contact
CASE031,CDR6957,burst_calling
CASE031,CDR6958,burst_calling
CASE031,CDR6959,burst_calling
CASE031,CDR6960,burst_calling
CASE031,CDR6961,burst_calling
CASE031,CDR6962,burst_calling
CASE031,CDR6963,burst_calling
CASE031,CDR6964,burst_calling
CASE031,CDR6965,odd_hour_contact|burst_calling
CASE031,CDR6966,burst_calling
CASE031,CDR6967,burst_calling
CASE031,CDR6968,burst_calling
CASE031,CDR6969,odd_hour_contact
CASE031,CDR6971,single_use_contact
CASE031,CDR6972,single_use_contact
CASE031,CDR6973,single_use_contact
CASE031,CDR6974,single_use_contact
CASE031,CDR6975,odd_hour_contact|single_use_contact
CASE031,CDR6976,single_use_contact
CASE031,CDR6977,single_use_contact
CASE031,CDR6978,single_use_contact
CASE031,CDR6979,odd_hour_contact|single_use_contact
CASE031,CDR6980,single_use_contact
CASE031,CDR6981,odd_hour_contact|single_use_contact
CASE031,CDR6982,single_use_contact
CASE031,CDR6983,single_use_contact
CASE031,CDR6984,single_use_contact
CASE031,CDR6985,single_use_contact
CASE031,CDR6986,single_use_contact
CASE031,CDR6987,single_use_contact
CASE031,CDR6988,single_use_contact
CASE031,CDR6989,single_use_contact
CASE031,CDR6990,single_use_contact
CASE031,CDR6991,single_use_contact
CASE031,CDR6992,single_use_contact
CASE031,CDR6993,single_use_contact
CASE031,CDR6994,odd_hour_contact|single_use_contact
CASE031,CDR6995,odd_hour_contact|single_use_contact
CASE031,CDR6996,single_use_contact
CASE031,CDR6997,single_use_contact
CASE031,CDR6998,single_use_contact
CASE031,CDR6999,single_use_contact
CASE031,CDR7000,single_use_contact
CASE031,CDR7001,single_use_contact
CASE031,CDR7002,single_use_contact
CASE031,CDR7003,single_use_contact
CASE031,CDR7004,single_use_contact
CASE031,CDR7005,odd_hour_contact|single_use_contact
CASE031,CDR7006,single_use_contact
CASE031,CDR7007,single_use_contact
CASE031,CDR7008,single_use_contact
CASE031,CDR7009,single_use_contact
CASE031,CDR7010,single_use_contact
CASE031,CDR7011,odd_hour_contact|single_use_contact
CASE031,CDR7012,single_use_contact
CASE031,CDR7013,single_use_contact
CASE031,CDR7014,single_use_contact
CASE031,CDR7015,single_use_contact
CASE031,CDR7016,single_use_contact
CASE031,CDR7017,single_use_contact
CASE031,CDR7018,single_use_contact
CASE031,CDR7019,single_use_contact
CASE031,CDR7020,odd_hour_contact|single_use_contact
CASE031,CDR7021,odd_hour_contact|single_use_contact
CASE031,CDR7022,odd_hour_contact|single_use_contact
CASE031,CDR7023,single_use_contact
CASE031,CDR7024,single_use_contact
CASE031,CDR7025,odd_hour_contact|single_use_contact
CASE031,CDR7026,single_use_contact
CASE031,CDR7027,single_use_contact
CASE031,CDR7028,single_use_contact
CASE031,CDR7029,single_use_contact
CASE031,CDR7030,single_use_contact
CASE031,CDR7031,single_use_contact
CASE031,CDR7032,single_use_contact
CASE031,CDR7033,single_use_contact
CASE031,CDR7034,odd_hour_contact|single_use_contact
CASE031,CDR7035,single_use_contact
CASE031,CDR7036,single_use_contact
CASE031,CDR7037,single_use_contact
CASE031,CDR7038,single_use_contact
CASE031,CDR7039,single_use_contact
CASE031,CDR7040,single_use_contact
CASE031,CDR7041,odd_hour_contact|single_use_contact
CASE031,CDR7042,single_use_contact
CASE031,CDR7043,single_use_contact
CASE031,CDR7044,single_use_contact
CASE031,CDR7045,single_use_contact
CASE031,CDR7046,single_use_contact
CASE031,CDR7047,single_use_contact
CASE031,CDR7048,single_use_contact
CASE031,CDR7049,single_use_contact
CASE031,CDR7050,single_use_contact
CASE031,CDR7051,single_use_contact
CASE031,CDR7052,single_use_contact
CASE031,CDR7053,single_use_contact
CASE031,CDR7054,single_use_contact
CASE031,CDR7055,single_use_contact
CASE031,CDR7056,single_use_contact
CASE031,CDR7057,single_use_contact
CASE031,CDR7058,single_use_contact
CASE031,CDR7059,single_use_contact
CASE031,CDR7060,single_use_contact
CASE032,CDR7065,odd_hour_contact|burst_calling
CASE032,CDR7066,burst_calling
CASE032,CDR7067,odd_hour_contact|burst_calling
CASE032,CDR7068,burst_calling
CASE032,CDR7069,burst_calling
CASE032,CDR7070,burst_calling
CASE032,CDR7071,odd_hour_contact
CASE032,CDR7076,odd_hour_contact
CASE032,CDR7079,burst_calling
CASE032,CDR7080,burst_calling
CASE032,CDR7081,burst_calling
CASE032,CDR7082,burst_calling
CASE032,CDR7083,burst_calling
CASE032,CDR7084,odd_hour_contact
CASE032,CDR7086,odd_hour_contact
CASE032,CDR7093,burst_calling
CASE032,CDR7094,burst_calling
CASE032,CDR7095,burst_calling
CASE032,CDR7096,burst_calling
CASE032,CDR7097,burst_calling
CASE032,CDR7099,odd_hour_contact
CASE032,CDR7101,odd_hour_contact
CASE032,CDR7105,odd_hour_contact
CASE032,CDR7106,single_use_contact
CASE032,CDR7107,single_use_contact
CASE032,CDR7108,single_use_contact
CASE032,CDR7109,single_use_contact
CASE032,CDR7110,single_use_contact
CASE032,CDR7111,single_use_contact
CASE032,CDR7112,odd_hour_contact|single_use_contact
CASE032,CDR7113,odd_hour_contact|single_use_contact
CASE032,CDR7114,single_use_contact
CASE032,CDR7115,single_use_contact
CASE032,CDR7116,single_use_contact
CASE032,CDR7117,single_use_contact
CASE032,CDR7118,odd_hour_contact|single_use_contact
CASE032,CDR7119,odd_hour_contact|single_use_contact
CASE032,CDR7120,single_use_contact
CASE032,CDR7121,odd_hour_contact|single_use_contact
CASE032,CDR7122,single_use_contact
CASE032,CDR7123,single_use_contact
CASE032,CDR7124,odd_hour_contact|single_use_contact
CASE032,CDR7125,single_use_contact
CASE032,CDR7126,single_use_contact
CASE032,CDR7127,single_use_contact
CASE032,CDR7128,single_use_contact
CASE032,CDR7129,single_use_contact
CASE032,CDR7130,single_use_contact
CASE032,CDR7131,single_use_contact
CASE032,CDR7132,odd_hour_contact|single_use_contact
CASE032,CDR7133,single_use_contact
CASE032,CDR7134,single_use_contact
CASE032,CDR7135,single_use_contact
CASE032,CDR7136,odd_hour_contact|single_use_contact
CASE032,CDR7137,single_use_contact
CASE032,CDR7138,single_use_contact
CASE032,CDR7139,single_use_contact
CASE032,CDR7140,odd_hour_contact|single_use_contact
CASE032,CDR7141,odd_hour_contact|single_use_contact
CASE032,CDR7142,odd_hour_contact|single_use_contact
CASE032,CDR7143,single_use_contact
CASE032,CDR7144,single_use_contact
CASE032,CDR7145,single_use_contact
CASE032,CDR7146,single_use_contact
CASE032,CDR7147,single_use_contact
CASE032,CDR7148,single_use_contact
CASE032,CDR7149,single_use_contact
CASE032,CDR7150,single_use_contact
CASE032,CDR7151,odd_hour_contact|single_use_contact
CASE032,CDR7152,single_use_contact
CASE032,CDR7153,single_use_contact
CASE032,CDR7154,single_use_contact
CASE032,CDR7155,single_use_contact
CASE032,CDR7156,single_use_contact
CASE032,CDR7157,single_use_contact
CASE032,CDR7158,single_use_contact
CASE032,CDR7159,single_use_contact
CASE032,CDR7160,odd_hour_contact|single_use_contact
CASE032,CDR7161,single_use_contact
CASE032,CDR7162,single_use_contact
CASE032,CDR7163,single_use_contact
CASE032,CDR7164,single_use_contact
CASE032,CDR7165,odd_hour_contact|single_use_contact
CASE032,CDR7166,single_use_contact
CASE032,CDR7167,single_use_contact
CASE032,CDR7168,single_use_contact
CASE032,CDR7169,single_use_contact
CASE032,CDR7170,single_use_contact
CASE032,CDR7171,single_use_contact
CASE032,CDR7172,single_use_contact
CASE032,CDR7173,single_use_contact
CASE032,CDR7174,single_use_contact
CASE032,CDR7175,single_use_contact
CASE032,CDR7176,single_use_contact
CASE032,CDR7177,single_use_contact
CASE032,CDR7178,single_use_contact
CASE032,CDR7179,single_use_contact
CASE032,CDR7180,odd_hour_contact|single_use_contact
CASE032,CDR7181,single_use_contact
CASE032,CDR7182,single_use_contact
CASE032,CDR7183,single_use_contact
CASE032,CDR7184,single_use_contact
CASE032,CDR7185,single_use_contact
CASE032,CDR7186,odd_hour_contact|single_use_contact
CASE032,CDR7187,single_use_contact
CASE032,CDR7188,single_use_contact
CASE032,CDR7189,single_use_contact
CASE032,CDR7190,single_use_contact
CASE032,CDR7191,odd_hour_contact|single_use_contact
CASE032,CDR7192,odd_hour_contact|single_use_contact
CASE032,CDR7193,single_use_contact
CASE032,CDR7194,single_use_contact
CASE032,CDR7195,single_use_contact
CASE033,CDR7199,odd_hour_contact
CASE033,CDR7201,odd_hour_contact
CASE033,CDR7203,odd_hour_contact
CASE033,CDR7206,odd_hour_contact
CASE033,CDR7207,burst_calling
CASE033,CDR7208,burst_calling
CASE033,CDR7209,burst_calling
CASE033,CDR7210,odd_hour_contact|burst_calling
CASE033,CDR7211,burst_calling
CASE033,CDR7212,burst_calling
CASE033,CDR7213,odd_hour_contact|burst_calling
CASE033,CDR7214,burst_calling
CASE033,CDR7215,burst_calling
CASE033,CDR7216,burst_calling
CASE033,CDR7217,burst_calling
CASE033,CDR7218,burst_calling
CASE033,CDR7222,burst_calling
CASE033,CDR7223,burst_calling
CASE033,CDR7224,burst_calling
CASE033,CDR7225,burst_calling
CASE033,CDR7226,burst_calling
CASE033,CDR7227,burst_calling
CASE033,CDR7230,odd_hour_contact
CASE033,CDR7231,burst_calling
CASE033,CDR7232,burst_calling
CASE033,CDR7233,odd_hour_contact|burst_calling
CASE033,CDR7234,burst_calling
CASE033,CDR7235,burst_calling
CASE033,CDR7236,burst_calling
CASE033,CDR7237,burst_calling
CASE033,CDR7238,odd_hour_contact|burst_calling
CASE033,CDR7239,odd_hour_contact|burst_calling
CASE033,CDR7240,burst_calling
CASE033,CDR7241,burst_calling
CASE033,CDR7242,burst_calling
CASE033,CDR7245,odd_hour_contact
CASE033,CDR7247,odd_hour_contact
CASE033,CDR7248,odd_hour_contact
CASE033,CDR7249,single_use_contact
CASE033,CDR7250,single_use_contact
CASE033,CDR7251,single_use_contact
CASE033,CDR7252,odd_hour_contact|single_use_contact
CASE033,CDR7253,odd_hour_contact
CASE033,CDR7254,single_use_contact
CASE033,CDR7255,single_use_contact
CASE033,CDR7256,odd_hour_contact|single_use_contact
CASE033,CDR7257,odd_hour_contact|single_use_contact
CASE033,CDR7258,single_use_contact
CASE033,CDR7259,single_use_contact
CASE033,CDR7260,single_use_contact
CASE033,CDR7261,single_use_contact
CASE033,CDR7262,single_use_contact
CASE033,CDR7263,odd_hour_contact|single_use_contact
CASE033,CDR7264,odd_hour_contact|single_use_contact
CASE033,CDR7265,single_use_contact
CASE033,CDR7266,single_use_contact
CASE033,CDR7267,single_use_contact
CASE033,CDR7268,odd_hour_contact|single_use_contact
CASE033,CDR7269,single_use_contact
CASE033,CDR7270,single_use_contact
CASE033,CDR7271,single_use_contact
CASE033,CDR7272,single_use_contact
CASE033,CDR7273,single_use_contact
CASE033,CDR7274,single_use_contact
CASE033,CDR7275,single_use_contact
CASE033,CDR7276,single_use_contact
CASE033,CDR7277,odd_hour_contact|single_use_contact
CASE033,CDR7278,single_use_contact
CASE033,CDR7279,single_use_contact
CASE033,CDR7280,odd_hour_contact|single_use_contact
CASE033,CDR7281,single_use_contact
CASE033,CDR7282,single_use_contact
CASE033,CDR7283,single_use_contact
CASE033,CDR7284,odd_hour_contact|single_use_contact
CASE033,CDR7285,single_use_contact
CASE033,CDR7286,single_use_contact
CASE033,CDR7287,single_use_contact
CASE033,CDR7288,odd_hour_contact|single_use_contact
CASE033,CDR7289,single_use_contact
CASE033,CDR7290,single_use_contact
CASE033,CDR7291,odd_hour_contact|single_use_contact
CASE033,CDR7292,single_use_contact
CASE033,CDR7293,single_use_contact
CASE033,CDR7294,single_use_contact
CASE033,CDR7295,odd_hour_contact|single_use_contact
CASE033,CDR7296,odd_hour_contact|single_use_contact
CASE033,CDR7297,single_use_contact
CASE033,CDR7298,single_use_contact
CASE033,CDR7299,odd_hour_contact|single_use_contact
CASE033,CDR7300,single_use_contact
CASE033,CDR7301,single_use_contact
CASE033,CDR7302,odd_hour_contact|single_use_contact
CASE033,CDR7303,odd_hour_contact|single_use_contact
CASE033,CDR7305,odd_hour_contact|single_use_contact
CASE033,CDR7306,single_use_contact
CASE033,CDR7307,single_use_contact
CASE033,CDR7308,single_use_contact
CASE033,CDR7309,single_use_contact
CASE033,CDR7310,single_use_contact
CASE033,CDR7311,single_use_contact
CASE033,CDR7312,single_use_contact
CASE033,CDR7313,odd_hour_contact|single_use_contact
CASE033,CDR7314,odd_hour_contact|single_use_contact
CASE033,CDR7315,single_use_contact
CASE033,CDR7316,single_use_contact
CASE033,CDR7317,odd_hour_contact|single_use_contact
CASE033,CDR7318,single_use_contact
CASE033,CDR7319,single_use_contact
CASE033,CDR7320,single_use_contact
CASE033,CDR7321,odd_hour_contact|single_use_contact
CASE033,CDR7322,single_use_contact
CASE033,CDR7323,single_use_contact
CASE033,CDR7324,single_use_contact
CASE033,CDR7325,single_use_contact
CASE033,CDR7326,single_use_contact
CASE033,CDR7327,single_use_contact
CASE033,CDR7328,odd_hour_contact|single_use_contact
CASE033,CDR7329,single_use_contact
CASE033,CDR7330,single_use_contact
CASE033,CDR7331,odd_hour_contact|single_use_contact
CASE033,CDR7332,odd_hour_contact|single_use_contact
CASE033,CDR7333,single_use_contact
CASE033,CDR7334,odd_hour_contact|single_use_contact
CASE033,CDR7335,single_use_contact
CASE033,CDR7336,single_use_contact
CASE033,CDR7337,single_use_contact
CASE033,CDR7338,single_use_contact
CASE034,CDR7342,odd_hour_contact
CASE034,CDR7343,odd_hour_contact
CASE034,CDR7346,single_use_contact
CASE034,CDR7347,single_use_contact
CASE034,CDR7348,single_use_contact
CASE034,CDR7349,single_use_contact
CASE034,CDR7350,single_use_contact
CASE034,CDR7351,odd_hour_contact|single_use_contact
CASE034,CDR7352,single_use_contact
CASE034,CDR7353,single_use_contact
CASE034,CDR7354,single_use_contact
CASE034,CDR7355,odd_hour_contact|single_use_contact
CASE034,CDR7356,single_use_contact
CASE034,CDR7357,odd_hour_contact|single_use_contact
CASE034,CDR7358,odd_hour_contact|single_use_contact
CASE034,CDR7359,odd_hour_contact|single_use_contact
CASE034,CDR7360,odd_hour_contact|single_use_contact
CASE034,CDR7361,single_use_contact
CASE034,CDR7362,single_use_contact
CASE034,CDR7363,single_use_contact
CASE034,CDR7364,single_use_contact
CASE034,CDR7365,odd_hour_contact
CASE034,CDR7366,single_use_contact
CASE034,CDR7367,single_use_contact
CASE034,CDR7368,single_use_contact
CASE034,CDR7369,single_use_contact
CASE034,CDR7370,single_use_contact
CASE034,CDR7371,single_use_contact
CASE034,CDR7372,odd_hour_contact|single_use_contact
CASE034,CDR7373,single_use_contact
CASE034,CDR7374,single_use_contact
CASE034,CDR7375,single_use_contact
CASE034,CDR7376,odd_hour_contact|single_use_contact
CASE034,CDR7377,odd_hour_contact|single_use_contact
CASE034,CDR7378,single_use_contact
CASE034,CDR7379,single_use_contact
CASE034,CDR7380,single_use_contact
CASE034,CDR7381,single_use_contact
CASE034,CDR7382,odd_hour_contact|single_use_contact
CASE034,CDR7383,single_use_contact
CASE034,CDR7384,single_use_contact
CASE034,CDR7385,single_use_contact
CASE034,CDR7386,single_use_contact
CASE034,CDR7387,single_use_contact
CASE034,CDR7388,single_use_contact
CASE034,CDR7389,single_use_contact
CASE034,CDR7390,odd_hour_contact|single_use_contact
CASE034,CDR7391,single_use_contact
CASE034,CDR7392,single_use_contact
CASE034,CDR7393,single_use_contact
CASE034,CDR7394,odd_hour_contact|single_use_contact
CASE034,CDR7395,single_use_contact
CASE034,CDR7396,odd_hour_contact|single_use_contact
CASE034,CDR7397,odd_hour_contact|single_use_contact
CASE034,CDR7398,single_use_contact
CASE034,CDR7399,odd_hour_contact|single_use_contact
CASE034,CDR7400,single_use_contact
CASE034,CDR7401,odd_hour_contact|single_use_contact
CASE034,CDR7402,single_use_contact
CASE034,CDR7403,single_use_contact
CASE034,CDR7404,single_use_contact
CASE034,CDR7405,single_use_contact
CASE034,CDR7406,single_use_contact
CASE034,CDR7407,single_use_contact
CASE034,CDR7408,single_use_contact
CASE034,CDR7409,single_use_contact
CASE034,CDR7410,single_use_contact
CASE034,CDR7411,single_use_contact
CASE034,CDR7412,single_use_contact
CASE034,CDR7413,single_use_contact
CASE034,CDR7414,single_use_contact
CASE034,CDR7415,single_use_contact
CASE034,CDR7416,single_use_contact
CASE034,CDR7417,single_use_contact
CASE034,CDR7418,odd_hour_contact|single_use_contact
CASE034,CDR7419,odd_hour_contact|single_use_contact
CASE034,CDR7420,single_use_contact
CASE034,CDR7421,single_use_contact
CASE034,CDR7422,single_use_contact
CASE034,CDR7423,single_use_contact
CASE034,CDR7424,single_use_contact
CASE034,CDR7425,single_use_contact
CASE034,CDR7426,single_use_contact
CASE034,CDR7427,single_use_contact
CASE034,CDR7428,odd_hour_contact|single_use_contact
CASE034,CDR7429,single_use_contact
CASE034,CDR7430,single_use_contact
CASE034,CDR7432,single_use_contact
CASE034,CDR7433,single_use_contact
CASE034,CDR7434,single_use_contact
CASE034,CDR7435,single_use_contact
CASE035,CDR7436,odd_hour_contact
CASE035,CDR7441,odd_hour_contact
CASE035,CDR7444,odd_hour_contact
CASE035,CDR7450,burst_calling
CASE035,CDR7451,burst_calling
CASE035,CDR7452,burst_calling
CASE035,CDR7453,burst_calling
CASE035,CDR7454,odd_hour_contact|burst_calling
CASE035,CDR7456,odd_hour_contact
CASE035,CDR7457,burst_calling
CASE035,CDR7458,burst_calling
CASE035,CDR7459,burst_calling
CASE035,CDR7460,burst_calling
CASE035,CDR7461,odd_hour_contact|burst_calling
CASE035,CDR7465,odd_hour_contact
CASE035,CDR7466,odd_hour_contact
CASE035,CDR7469,odd_hour_contact|burst_calling
CASE035,CDR7470,burst_calling
CASE035,CDR7471,burst_calling
CASE035,CDR7472,burst_calling
CASE035,CDR7473,burst_calling
CASE035,CDR7474,burst_calling
CASE035,CDR7475,burst_calling
CASE035,CDR7476,burst_calling
CASE035,CDR7477,burst_calling
CASE035,CDR7478,burst_calling
CASE035,CDR7479,burst_calling
CASE035,CDR7480,burst_calling
CASE035,CDR7481,burst_calling
CASE035,CDR7482,odd_hour_contact|burst_calling
CASE035,CDR7483,burst_calling
CASE035,CDR7484,odd_hour_contact|burst_calling
CASE035,CDR7491,burst_calling
CASE035,CDR7492,burst_calling
CASE035,CDR7493,burst_calling
CASE035,CDR7494,burst_calling
CASE035,CDR7495,burst_calling
CASE035,CDR7496,burst_calling
CASE035,CDR7497,burst_calling
CASE035,CDR7498,burst_calling
CASE035,CDR7499,burst_calling
CASE035,CDR7500,burst_calling
CASE035,CDR7501,burst_calling
CASE035,CDR7502,burst_calling
CASE035,CDR7503,burst_calling
CASE035,CDR7504,burst_calling
CASE035,CDR7505,burst_calling
CASE035,CDR7506,burst_calling
CASE035,CDR7507,burst_calling
CASE035,CDR7508,odd_hour_contact
CASE035,CDR7511,odd_hour_contact
CASE035,CDR7512,odd_hour_contact
CASE035,CDR7513,odd_hour_contact
CASE035,CDR7514,burst_calling
CASE035,CDR7515,burst_calling
CASE035,CDR7516,burst_calling
CASE035,CDR7517,odd_hour_contact|burst_calling
CASE035,CDR7518,burst_calling
CASE035,CDR7525,odd_hour_contact
CASE035,CDR7528,odd_hour_contact
CASE035,CDR7529,burst_calling
CASE035,CDR7530,burst_calling
CASE035,CDR7531,burst_calling
CASE035,CDR7532,burst_calling
CASE035,CDR7533,odd_hour_contact|burst_calling
CASE035,CDR7537,odd_hour_contact
CASE035,CDR7538,odd_hour_contact
CASE035,CDR7539,odd_hour_contact
CASE035,CDR7546,burst_calling
CASE035,CDR7547,odd_hour_contact|burst_calling
CASE035,CDR7548,odd_hour_contact|burst_calling
CASE035,CDR7549,burst_calling
CASE035,CDR7550,burst_calling
CASE035,CDR7551,odd_hour_contact|burst_calling
CASE035,CDR7558,odd_hour_contact
CASE035,CDR7563,burst_calling
CASE035,CDR7564,burst_calling
CASE035,CDR7565,odd_hour_contact|burst_calling
CASE035,CDR7566,burst_calling
CASE035,CDR7567,odd_hour_contact|burst_calling
CASE035,CDR7568,odd_hour_contact
CASE035,CDR7578,burst_calling
CASE035,CDR7579,burst_calling
CASE035,CDR7580,odd_hour_contact|burst_calling
CASE035,CDR7581,burst_calling
CASE035,CDR7582,burst_calling
CASE035,CDR7584,odd_hour_contact
CASE035,CDR7587,burst_calling
CASE035,CDR7588,burst_calling
CASE035,CDR7589,odd_hour_contact|burst_calling
CASE035,CDR7590,burst_calling
CASE035,CDR7591,odd_hour_contact|burst_calling
CASE035,CDR7592,burst_calling
CASE035,CDR7596,odd_hour_contact
CASE035,CDR7597,burst_calling
CASE035,CDR7598,burst_calling
CASE035,CDR7599,burst_calling
CASE035,CDR7600,burst_calling
CASE035,CDR7601,burst_calling
CASE035,CDR7602,burst_calling
CASE035,CDR7604,odd_hour_contact
CASE035,CDR7609,odd_hour_contact
CASE035,CDR7610,odd_hour_contact
CASE035,CDR7611,odd_hour_contact|burst_calling
CASE035,CDR7612,burst_calling
CASE035,CDR7613,burst_calling
CASE035,CDR7614,burst_calling
CASE035,CDR7615,burst_calling
CASE035,CDR7621,odd_hour_contact|burst_calling
CASE035,CDR7622,burst_calling
CASE035,CDR7623,burst_calling
CASE035,CDR7624,burst_calling
CASE035,CDR7625,burst_calling
CASE035,CDR7627,odd_hour_contact
CASE035,CDR7628,odd_hour_contact
CASE035,CDR7630,odd_hour_contact|burst_calling
CASE035,CDR7631,burst_calling
CASE035,CDR7632,burst_calling
CASE035,CDR7633,burst_calling
CASE035,CDR7634,burst_calling
CASE035,CDR7635,single_use_contact
CASE035,CDR7636,single_use_contact
CASE035,CDR7637,single_use_contact
CASE035,CDR7638,single_use_contact
CASE035,CDR7639,single_use_contact
CASE035,CDR7640,single_use_contact
CASE035,CDR7641,single_use_contact
CASE035,CDR7642,odd_hour_contact|single_use_contact
CASE035,CDR7643,single_use_contact
CASE035,CDR7644,single_use_contact
CASE035,CDR7645,single_use_contact
CASE035,CDR7646,single_use_contact
CASE035,CDR7647,single_use_contact
CASE035,CDR7648,single_use_contact
CASE035,CDR7649,odd_hour_contact|single_use_contact
CASE035,CDR7650,single_use_contact
CASE035,CDR7651,single_use_contact
CASE035,CDR7652,single_use_contact
CASE035,CDR7653,single_use_contact
CASE035,CDR7654,single_use_contact
CASE035,CDR7655,odd_hour_contact|single_use_contact
CASE035,CDR7656,single_use_contact
CASE035,CDR7657,single_use_contact
CASE035,CDR7658,single_use_contact
CASE035,CDR7659,odd_hour_contact|single_use_contact
CASE035,CDR7660,single_use_contact
CASE035,CDR7661,single_use_contact
CASE035,CDR7662,single_use_contact
CASE035,CDR7663,odd_hour_contact|single_use_contact
CASE035,CDR7664,odd_hour_contact|single_use_contact
CASE035,CDR7665,single_use_contact
CASE035,CDR7666,single_use_contact
CASE035,CDR7667,single_use_contact
CASE035,CDR7668,odd_hour_contact|single_use_contact
CASE035,CDR7669,odd_hour_contact|single_use_contact
CASE035,CDR7670,single_use_contact
CASE035,CDR7671,odd_hour_contact|single_use_contact
CASE035,CDR7672,single_use_contact
CASE035,CDR7673,single_use_contact
CASE035,CDR7674,single_use_contact
CASE035,CDR7675,single_use_contact
CASE035,CDR7676,single_use_contact
CASE035,CDR7677,single_use_contact
CASE035,CDR7678,single_use_contact
CASE035,CDR7679,single_use_contact
CASE035,CDR7680,single_use_contact
CASE035,CDR7681,single_use_contact
CASE035,CDR7682,single_use_contact
CASE035,CDR7683,odd_hour_contact|single_use_contact
CASE035,CDR7684,odd_hour_contact|single_use_contact
CASE035,CDR7685,single_use_contact
CASE035,CDR7686,single_use_contact
CASE035,CDR7687,odd_hour_contact|single_use_contact
CASE035,CDR7688,odd_hour_contact|single_use_contact
CASE035,CDR7689,single_use_contact
CASE035,CDR7690,single_use_contact
CASE035,CDR7691,single_use_contact
CASE035,CDR7692,single_use_contact
CASE035,CDR7693,single_use_contact
CASE035,CDR7694,single_use_contact
CASE035,CDR7695,single_use_contact
CASE035,CDR7696,odd_hour_contact|single_use_contact
CASE035,CDR7697,single_use_contact
CASE035,CDR7698,single_use_contact
CASE035,CDR7699,odd_hour_contact|single_use_contact
CASE035,CDR7700,single_use_contact
CASE035,CDR7701,single_use_contact
CASE035,CDR7702,odd_hour_contact|single_use_contact
CASE035,CDR7703,single_use_contact
CASE035,CDR7704,single_use_contact
CASE035,CDR7705,single_use_contact
CASE035,CDR7706,single_use_contact
CASE035,CDR7707,single_use_contact
CASE035,CDR7708,single_use_contact
CASE035,CDR7709,single_use_contact
CASE035,CDR7710,odd_hour_contact|single_use_contact
CASE035,CDR7711,single_use_contact
CASE035,CDR7712,odd_hour_contact|single_use_contact
CASE035,CDR7713,odd_hour_contact|single_use_contact
CASE035,CDR7714,odd_hour_contact|single_use_contact
CASE035,CDR7715,single_use_contact
CASE035,CDR7716,single_use_contact
CASE035,CDR7717,single_use_contact
CASE035,CDR7718,single_use_contact
CASE035,CDR7719,single_use_contact
CASE035,CDR7720,single_use_contact
CASE035,CDR7721,single_use_contact
CASE035,CDR7722,single_use_contact
CASE035,CDR7723,single_use_contact
CASE035,CDR7724,single_use_contact
CASE036,CDR7728,burst_calling
CASE036,CDR7729,burst_calling
CASE036,CDR7730,burst_calling
CASE036,CDR7731,burst_calling
CASE036,CDR7732,burst_calling
CASE036,CDR7733,odd_hour_contact|burst_calling
CASE036,CDR7734,burst_calling
CASE036,CDR7735,burst_calling
CASE036,CDR7736,odd_hour_contact|burst_calling
CASE036,CDR7737,burst_calling
CASE036,CDR7738,burst_calling
CASE036,CDR7742,odd_hour_contact|burst_calling
CASE036,CDR7743,odd_hour_contact|burst_calling
CASE036,CDR7744,burst_calling
CASE036,CDR7745,burst_calling
CASE036,CDR7746,burst_calling
CASE036,CDR7747,burst_calling
CASE036,CDR7751,odd_hour_contact
CASE036,CDR7754,single_use_contact
CASE036,CDR7755,single_use_contact
CASE036,CDR7756,single_use_contact
CASE036,CDR7757,odd_hour_contact|single_use_contact
CASE036,CDR7758,odd_hour_contact|single_use_contact
CASE036,CDR7759,odd_hour_contact
CASE036,CDR7760,odd_hour_contact|single_use_contact
CASE036,CDR7761,single_use_contact
CASE036,CDR7762,single_use_contact
CASE036,CDR7763,single_use_contact
CASE036,CDR7764,single_use_contact
CASE036,CDR7765,odd_hour_contact|single_use_contact
CASE036,CDR7766,single_use_contact
CASE036,CDR7767,single_use_contact
CASE036,CDR7768,single_use_contact
CASE036,CDR7769,odd_hour_contact|single_use_contact
CASE036,CDR7770,odd_hour_contact|single_use_contact
CASE036,CDR7771,single_use_contact
CASE036,CDR7772,single_use_contact
CASE036,CDR7773,single_use_contact
CASE036,CDR7774,single_use_contact
CASE036,CDR7775,single_use_contact
CASE036,CDR7776,single_use_contact
CASE036,CDR7777,single_use_contact
CASE036,CDR7778,single_use_contact
CASE036,CDR7779,odd_hour_contact|single_use_contact
CASE036,CDR7780,single_use_contact
CASE036,CDR7781,odd_hour_contact|single_use_contact
CASE036,CDR7782,single_use_contact
CASE036,CDR7783,single_use_contact
CASE036,CDR7784,single_use_contact
CASE036,CDR7785,single_use_contact
CASE036,CDR7786,single_use_contact
CASE036,CDR7787,single_use_contact
CASE036,CDR7788,single_use_contact
CASE036,CDR7789,single_use_contact
CASE036,CDR7790,single_use_contact
CASE036,CDR7791,single_use_contact
CASE036,CDR7792,single_use_contact
CASE036,CDR7793,single_use_contact
CASE036,CDR7794,single_use_contact
CASE036,CDR7795,single_use_contact
CASE036,CDR7796,single_use_contact
CASE036,CDR7797,single_use_contact
CASE036,CDR7798,odd_hour_contact|single_use_contact
CASE036,CDR7799,single_use_contact
CASE036,CDR7800,odd_hour_contact|single_use_contact
CASE036,CDR7801,odd_hour_contact|single_use_contact
CASE036,CDR7802,single_use_contact
CASE036,CDR7803,single_use_contact
CASE036,CDR7804,single_use_contact
CASE036,CDR7805,single_use_contact
CASE036,CDR7806,single_use_contact
CASE036,CDR7807,single_use_contact
CASE036,CDR7808,single_use_contact
CASE036,CDR7809,single_use_contact
CASE036,CDR7810,single_use_contact
CASE036,CDR7811,single_use_contact
CASE036,CDR7812,single_use_contact
CASE036,CDR7813,single_use_contact
CASE036,CDR7814,single_use_contact
CASE036,CDR7815,single_use_contact
CASE036,CDR7816,single_use_contact
CASE036,CDR7817,single_use_contact
CASE036,CDR7818,single_use_contact
CASE036,CDR7819,single_use_contact
CASE036,CDR7820,odd_hour_contact|single_use_contact
CASE036,CDR7821,single_use_contact
CASE036,CDR7822,single_use_contact
CASE036,CDR7823,single_use_contact
CASE036,CDR7824,single_use_contact
CASE036,CDR7825,single_use_contact
CASE036,CDR7826,single_use_contact
CASE036,CDR7827,single_use_contact
CASE036,CDR7828,single_use_contact
CASE036,CDR7829,single_use_contact
CASE036,CDR7830,single_use_contact
CASE036,CDR7831,single_use_contact
CASE036,CDR7832,single_use_contact
CASE036,CDR7833,single_use_contact
CASE036,CDR7834,single_use_contact
CASE036,CDR7835,single_use_contact
CASE036,CDR7836,odd_hour_contact|single_use_contact
CASE036,CDR7838,single_use_contact
CASE036,CDR7839,odd_hour_contact|single_use_contact
CASE036,CDR7840,single_use_contact
CASE036,CDR7841,single_use_contact
CASE036,CDR7842,odd_hour_contact|single_use_contact
CASE036,CDR7843,single_use_contact
CASE037,CDR7846,odd_hour_contact
CASE037,CDR7847,burst_calling
CASE037,CDR7848,odd_hour_contact|burst_calling
CASE037,CDR7849,odd_hour_contact|burst_calling
CASE037,CDR7850,odd_hour_contact|burst_calling
CASE037,CDR7851,burst_calling
CASE037,CDR7852,burst_calling
CASE037,CDR7860,burst_calling
CASE037,CDR7861,burst_calling
CASE037,CDR7862,burst_calling
CASE037,CDR7863,burst_calling
CASE037,CDR7864,burst_calling
CASE037,CDR7865,burst_calling
CASE037,CDR7866,burst_calling
CASE037,CDR7867,burst_calling
CASE037,CDR7868,odd_hour_contact|burst_calling
CASE037,CDR7869,burst_calling
CASE037,CDR7870,burst_calling
CASE037,CDR7871,burst_calling
CASE037,CDR7872,burst_calling
CASE037,CDR7873,burst_calling
CASE037,CDR7874,burst_calling
CASE037,CDR7875,burst_calling
CASE037,CDR7876,burst_calling
CASE037,CDR7877,burst_calling
CASE037,CDR7878,odd_hour_contact|burst_calling
CASE037,CDR7879,burst_calling
CASE037,CDR7880,burst_calling
CASE037,CDR7881,burst_calling
CASE037,CDR7882,burst_calling
CASE037,CDR7883,burst_calling
CASE037,CDR7893,burst_calling
CASE037,CDR7894,odd_hour_contact|burst_calling
CASE037,CDR7895,odd_hour_contact|burst_calling
CASE037,CDR7896,burst_calling
CASE037,CDR7897,burst_calling
CASE037,CDR7902,odd_hour_contact
CASE037,CDR7905,odd_hour_contact
CASE037,CDR7906,odd_hour_contact
CASE037,CDR7907,single_use_contact
CASE037,CDR7908,single_use_contact
CASE037,CDR7909,single_use_contact
CASE037,CDR7910,single_use_contact
CASE037,CDR7911,odd_hour_contact|single_use_contact
CASE037,CDR7912,single_use_contact
CASE037,CDR7913,odd_hour_contact|single_use_contact
CASE037,CDR7914,single_use_contact
CASE037,CDR7915,odd_hour_contact|single_use_contact
CASE037,CDR7916,odd_hour_contact|single_use_contact
CASE037,CDR7917,single_use_contact
CASE037,CDR7918,single_use_contact
CASE037,CDR7919,single_use_contact
CASE037,CDR7920,single_use_contact
CASE037,CDR7921,odd_hour_contact|single_use_contact
CASE037,CDR7922,odd_hour_contact|single_use_contact
CASE037,CDR7923,odd_hour_contact|single_use_contact
CASE037,CDR7924,single_use_contact
CASE037,CDR7925,single_use_contact
CASE037,CDR7926,single_use_contact
CASE037,CDR7927,single_use_contact
CASE037,CDR7928,single_use_contact
CASE037,CDR7929,single_use_contact
CASE037,CDR7930,single_use_contact
CASE037,CDR7931,single_use_contact
CASE037,CDR7932,single_use_contact
CASE037,CDR7933,single_use_contact
CASE037,CDR7935,single_use_contact
CASE037,CDR7936,single_use_contact
CASE037,CDR7937,single_use_contact
CASE037,CDR7938,single_use_contact
CASE037,CDR7939,single_use_contact
CASE037,CDR7940,odd_hour_contact|single_use_contact
CASE037,CDR7941,odd_hour_contact|single_use_contact
CASE037,CDR7942,single_use_contact
CASE037,CDR7943,odd_hour_contact|single_use_contact
CASE037,CDR7944,single_use_contact
CASE037,CDR7945,single_use_contact
CASE037,CDR7946,single_use_contact
CASE037,CDR7947,single_use_contact
CASE037,CDR7949,single_use_contact
CASE037,CDR7950,odd_hour_contact|single_use_contact
CASE037,CDR7951,single_use_contact
CASE037,CDR7952,odd_hour_contact|single_use_contact
CASE037,CDR7953,odd_hour_contact|single_use_contact
CASE037,CDR7954,single_use_contact
CASE037,CDR7955,single_use_contact
CASE037,CDR7956,single_use_contact
CASE037,CDR7957,single_use_contact
CASE037,CDR7958,single_use_contact
CASE037,CDR7959,single_use_contact
CASE037,CDR7960,single_use_contact
CASE037,CDR7961,odd_hour_contact|single_use_contact
CASE037,CDR7962,single_use_contact
CASE037,CDR7963,single_use_contact
CASE037,CDR7964,single_use_contact
CASE037,CDR7965,single_use_contact
CASE037,CDR7966,odd_hour_contact|single_use_contact
CASE037,CDR7967,odd_hour_contact|single_use_contact
CASE037,CDR7968,single_use_contact
CASE037,CDR7969,single_use_contact
CASE037,CDR7970,single_use_contact
CASE037,CDR7971,single_use_contact
CASE037,CDR7972,single_use_contact
CASE037,CDR7973,single_use_contact
CASE037,CDR7974,odd_hour_contact|single_use_contact
CASE037,CDR7975,single_use_contact
CASE037,CDR7976,single_use_contact
CASE037,CDR7977,single_use_contact
CASE037,CDR7978,single_use_contact
CASE037,CDR7979,odd_hour_contact|single_use_contact
CASE037,CDR7980,odd_hour_contact|single_use_contact
CASE037,CDR7981,odd_hour_contact|single_use_contact
CASE037,CDR7982,single_use_contact
CASE037,CDR7983,single_use_contact
CASE037,CDR7984,single_use_contact
CASE037,CDR7985,single_use_contact
CASE037,CDR7986,single_use_contact
CASE037,CDR7987,single_use_contact
CASE037,CDR7988,single_use_contact
CASE037,CDR7989,single_use_contact
CASE037,CDR7990,single_use_contact
CASE037,CDR7991,single_use_contact
CASE037,CDR7992,single_use_contact
CASE037,CDR7993,single_use_contact
CASE037,CDR7994,single_use_contact
CASE037,CDR7995,single_use_contact
CASE037,CDR7996,single_use_contact
CASE038,CDR8002,odd_hour_contact
CASE038,CDR8008,burst_calling
CASE038,CDR8009,burst_calling
CASE038,CDR8010,odd_hour_contact|burst_calling
CASE038,CDR8011,burst_calling
CASE038,CDR8012,burst_calling
CASE038,CDR8013,burst_calling
CASE038,CDR8014,burst_calling
CASE038,CDR8015,burst_calling
CASE038,CDR8016,burst_calling
CASE038,CDR8017,burst_calling
CASE038,CDR8018,burst_calling
CASE038,CDR8019,odd_hour_contact|burst_calling
CASE038,CDR8020,burst_calling
CASE038,CDR8021,burst_calling
CASE038,CDR8022,burst_calling
CASE038,CDR8023,burst_calling
CASE038,CDR8024,odd_hour_contact|burst_calling
CASE038,CDR8025,odd_hour_contact
CASE038,CDR8026,odd_hour_contact
CASE038,CDR8028,single_use_contact
CASE038,CDR8029,single_use_contact
CASE038,CDR8030,odd_hour_contact|single_use_contact
CASE038,CDR8031,single_use_contact
CASE038,CDR8032,single_use_contact
CASE038,CDR8033,odd_hour_contact|single_use_contact
CASE038,CDR8034,single_use_contact
CASE038,CDR8035,single_use_contact
CASE038,CDR8036,single_use_contact
CASE038,CDR8037,odd_hour_contact|single_use_contact
CASE038,CDR8038,single_use_contact
CASE038,CDR8039,single_use_contact
CASE038,CDR8040,single_use_contact
CASE038,CDR8041,single_use_contact
CASE038,CDR8042,single_use_contact
CASE038,CDR8043,single_use_contact
CASE038,CDR8044,single_use_contact
CASE038,CDR8045,single_use_contact
CASE038,CDR8046,single_use_contact
CASE038,CDR8047,odd_hour_contact|single_use_contact
CASE038,CDR8048,single_use_contact
CASE038,CDR8049,single_use_contact
CASE038,CDR8050,single_use_contact
CASE038,CDR8051,odd_hour_contact|single_use_contact
CASE038,CDR8052,odd_hour_contact|single_use_contact
CASE038,CDR8053,single_use_contact
CASE038,CDR8054,single_use_contact
CASE038,CDR8055,odd_hour_contact|single_use_contact
CASE038,CDR8056,single_use_contact
CASE038,CDR8057,single_use_contact
CASE038,CDR8058,single_use_contact
CASE038,CDR8059,odd_hour_contact|single_use_contact
CASE038,CDR8060,single_use_contact
CASE038,CDR8061,single_use_contact
CASE038,CDR8062,single_use_contact
CASE038,CDR8063,single_use_contact
CASE038,CDR8064,single_use_contact
CASE038,CDR8065,single_use_contact
CASE038,CDR8066,single_use_contact
CASE038,CDR8067,single_use_contact
CASE038,CDR8068,odd_hour_contact|single_use_contact
CASE038,CDR8069,single_use_contact
CASE038,CDR8070,single_use_contact
CASE038,CDR8071,single_use_contact
CASE038,CDR8072,odd_hour_contact|single_use_contact
CASE038,CDR8073,single_use_contact
CASE038,CDR8074,odd_hour_contact|single_use_contact
CASE038,CDR8075,single_use_contact
CASE038,CDR8076,single_use_contact
CASE038,CDR8077,odd_hour_contact|single_use_contact
CASE038,CDR8078,single_use_contact
CASE038,CDR8079,single_use_contact
CASE038,CDR8080,single_use_contact
CASE038,CDR8081,single_use_contact
CASE038,CDR8082,single_use_contact
CASE038,CDR8083,single_use_contact
CASE038,CDR8084,single_use_contact
CASE038,CDR8085,single_use_contact
CASE038,CDR8086,single_use_contact
CASE038,CDR8087,single_use_contact
CASE038,CDR8088,single_use_contact
CASE038,CDR8089,single_use_contact
CASE038,CDR8090,single_use_contact
CASE038,CDR8091,single_use_contact
CASE038,CDR8092,odd_hour_contact|single_use_contact
CASE038,CDR8093,single_use_contact
CASE038,CDR8094,single_use_contact
CASE038,CDR8095,odd_hour_contact|single_use_contact
CASE038,CDR8096,single_use_contact
CASE038,CDR8097,odd_hour_contact|single_use_contact
CASE038,CDR8098,single_use_contact
CASE038,CDR8099,single_use_contact
CASE038,CDR8100,single_use_contact
CASE038,CDR8101,single_use_contact
CASE038,CDR8102,odd_hour_contact|single_use_contact
CASE038,CDR8103,single_use_contact
CASE038,CDR8104,single_use_contact
CASE038,CDR8105,single_use_contact
CASE038,CDR8106,single_use_contact
CASE038,CDR8107,single_use_contact
CASE038,CDR8108,odd_hour_contact|single_use_contact
CASE038,CDR8109,odd_hour_contact|single_use_contact
CASE038,CDR8110,single_use_contact
CASE038,CDR8111,single_use_contact
CASE038,CDR8112,single_use_contact
CASE038,CDR8113,single_use_contact
CASE038,CDR8114,odd_hour_contact|single_use_contact
CASE038,CDR8115,odd_hour_contact|single_use_contact
CASE038,CDR8116,single_use_contact
CASE038,CDR8117,single_use_contact
CASE039,CDR8118,burst_calling
CASE039,CDR8119,burst_calling
CASE039,CDR8120,odd_hour_contact|burst_calling
CASE039,CDR8121,burst_calling
CASE039,CDR8122,burst_calling
CASE039,CDR8123,odd_hour_contact|burst_calling
CASE039,CDR8124,burst_calling
CASE039,CDR8125,burst_calling
CASE039,CDR8126,odd_hour_contact|burst_calling
CASE039,CDR8127,burst_calling
CASE039,CDR8128,burst_calling
CASE039,CDR8130,odd_hour_contact
CASE039,CDR8131,odd_hour_contact
CASE039,CDR8138,odd_hour_contact|burst_calling
CASE039,CDR8139,burst_calling
CASE039,CDR8140,burst_calling
CASE039,CDR8141,burst_calling
CASE039,CDR8142,burst_calling
CASE039,CDR8143,burst_calling
CASE039,CDR8144,burst_calling
CASE039,CDR8145,burst_calling
CASE039,CDR8146,burst_calling
CASE039,CDR8147,burst_calling
CASE039,CDR8148,burst_calling
CASE039,CDR8149,burst_calling
CASE039,CDR8150,burst_calling
CASE039,CDR8151,odd_hour_contact|burst_calling
CASE039,CDR8152,burst_calling
CASE039,CDR8153,burst_calling
CASE039,CDR8154,burst_calling
CASE039,CDR8155,burst_calling
CASE039,CDR8156,burst_calling
CASE039,CDR8157,odd_hour_contact|burst_calling
CASE039,CDR8158,burst_calling
CASE039,CDR8159,burst_calling
CASE039,CDR8160,odd_hour_contact|burst_calling
CASE039,CDR8161,burst_calling
CASE039,CDR8162,odd_hour_contact|burst_calling
CASE039,CDR8163,burst_calling
CASE039,CDR8164,burst_calling
CASE039,CDR8165,burst_calling
CASE039,CDR8166,burst_calling
CASE039,CDR8167,burst_calling
CASE039,CDR8168,burst_calling
CASE039,CDR8169,burst_calling
CASE039,CDR8170,burst_calling
CASE039,CDR8171,burst_calling
CASE039,CDR8172,burst_calling
CASE039,CDR8173,burst_calling
CASE039,CDR8174,burst_calling
CASE039,CDR8175,burst_calling
CASE039,CDR8176,burst_calling
CASE039,CDR8177,burst_calling
CASE039,CDR8178,burst_calling
CASE039,CDR8183,burst_calling
CASE039,CDR8184,odd_hour_contact|burst_calling
CASE039,CDR8185,burst_calling
CASE039,CDR8186,burst_calling
CASE039,CDR8187,burst_calling
CASE039,CDR8188,odd_hour_contact
CASE039,CDR8195,odd_hour_contact
CASE039,CDR8211,burst_calling
CASE039,CDR8212,burst_calling
CASE039,CDR8213,odd_hour_contact|burst_calling
CASE039,CDR8214,odd_hour_contact|burst_calling
CASE039,CDR8215,burst_calling
CASE039,CDR8216,odd_hour_contact|burst_calling
CASE039,CDR8222,burst_calling
CASE039,CDR8223,odd_hour_contact|burst_calling
CASE039,CDR8224,burst_calling
CASE039,CDR8225,odd_hour_contact|burst_calling
CASE039,CDR8226,odd_hour_contact|burst_calling
CASE039,CDR8227,odd_hour_contact
CASE039,CDR8233,odd_hour_contact
CASE039,CDR8238,burst_calling
CASE039,CDR8239,burst_calling
CASE039,CDR8240,burst_calling
CASE039,CDR8241,burst_calling
CASE039,CDR8242,burst_calling
CASE039,CDR8245,odd_hour_contact
CASE039,CDR8247,burst_calling
CASE039,CDR8248,burst_calling
CASE039,CDR8249,burst_calling
CASE039,CDR8250,burst_calling
CASE039,CDR8251,burst_calling
CASE039,CDR8252,burst_calling
CASE039,CDR8253,burst_calling
CASE039,CDR8254,burst_calling
CASE039,CDR8255,burst_calling
CASE039,CDR8256,odd_hour_contact|burst_calling
CASE039,CDR8257,odd_hour_contact|burst_calling
CASE039,CDR8259,odd_hour_contact
CASE039,CDR8260,burst_calling
CASE039,CDR8261,burst_calling
CASE039,CDR8262,burst_calling
CASE039,CDR8263,burst_calling
CASE039,CDR8264,burst_calling
CASE039,CDR8265,burst_calling
CASE039,CDR8272,odd_hour_contact
CASE039,CDR8274,burst_calling
CASE039,CDR8275,burst_calling
CASE039,CDR8276,burst_calling
CASE039,CDR8277,burst_calling
CASE039,CDR8278,burst_calling
CASE039,CDR8283,odd_hour_contact|burst_calling
CASE039,CDR8284,burst_calling
CASE039,CDR8285,burst_calling
CASE039,CDR8286,burst_calling
CASE039,CDR8287,burst_calling
CASE039,CDR8291,burst_calling
CASE039,CDR8292,odd_hour_contact|burst_calling
CASE039,CDR8293,odd_hour_contact|burst_calling
CASE039,CDR8294,burst_calling
CASE039,CDR8295,odd_hour_contact|burst_calling
CASE039,CDR8296,burst_calling
CASE039,CDR8297,burst_calling
CASE039,CDR8298,burst_calling
CASE039,CDR8299,burst_calling
CASE039,CDR8300,burst_calling
CASE039,CDR8301,burst_calling
CASE039,CDR8302,burst_calling
CASE039,CDR8304,odd_hour_contact
CASE039,CDR8306,burst_calling
CASE039,CDR8307,burst_calling
CASE039,CDR8308,odd_hour_contact|burst_calling
CASE039,CDR8309,burst_calling
CASE039,CDR8310,odd_hour_contact|burst_calling
CASE039,CDR8314,burst_calling
CASE039,CDR8315,odd_hour_contact|burst_calling
CASE039,CDR8316,burst_calling
CASE039,CDR8317,burst_calling
CASE039,CDR8318,odd_hour_contact|burst_calling
CASE039,CDR8319,burst_calling
CASE039,CDR8320,burst_calling
CASE039,CDR8321,burst_calling
CASE039,CDR8322,burst_calling
CASE039,CDR8323,burst_calling
CASE039,CDR8324,burst_calling
CASE039,CDR8325,odd_hour_contact
CASE039,CDR8326,odd_hour_contact
CASE039,CDR8327,odd_hour_contact
CASE039,CDR8328,odd_hour_contact
CASE039,CDR8332,odd_hour_contact
CASE039,CDR8334,odd_hour_contact
CASE039,CDR8335,odd_hour_contact
CASE039,CDR8342,burst_calling
CASE039,CDR8343,odd_hour_contact|burst_calling
CASE039,CDR8344,burst_calling
CASE039,CDR8345,odd_hour_contact|burst_calling
CASE039,CDR8346,burst_calling
CASE039,CDR8347,odd_hour_contact|burst_calling
CASE039,CDR8348,burst_calling
CASE039,CDR8349,burst_calling
CASE039,CDR8350,burst_calling
CASE039,CDR8351,burst_calling
CASE039,CDR8352,burst_calling
CASE039,CDR8353,odd_hour_contact|burst_calling
CASE039,CDR8354,burst_calling
CASE039,CDR8355,burst_calling
CASE039,CDR8356,burst_calling
CASE039,CDR8357,burst_calling
CASE039,CDR8358,burst_calling
CASE039,CDR8360,odd_hour_contact
CASE039,CDR8361,odd_hour_contact
CASE039,CDR8371,burst_calling
CASE039,CDR8372,burst_calling
CASE039,CDR8373,burst_calling
CASE039,CDR8374,burst_calling
CASE039,CDR8375,odd_hour_contact|burst_calling
CASE039,CDR8376,burst_calling
CASE039,CDR8382,odd_hour_contact
CASE039,CDR8384,burst_calling
CASE039,CDR8385,burst_calling
CASE039,CDR8386,burst_calling
CASE039,CDR8387,burst_calling
CASE039,CDR8388,burst_calling
CASE039,CDR8389,burst_calling
CASE039,CDR8390,odd_hour_contact|burst_calling
CASE039,CDR8391,burst_calling
CASE039,CDR8392,burst_calling
CASE039,CDR8393,burst_calling
CASE039,CDR8394,burst_calling
CASE039,CDR8395,burst_calling
CASE039,CDR8396,burst_calling
CASE039,CDR8397,burst_calling
CASE039,CDR8398,odd_hour_contact|burst_calling
CASE039,CDR8399,odd_hour_contact|burst_calling
CASE039,CDR8400,burst_calling
CASE039,CDR8401,burst_calling
CASE039,CDR8402,burst_calling
CASE039,CDR8403,odd_hour_contact|burst_calling
CASE039,CDR8404,burst_calling
CASE039,CDR8408,burst_calling
CASE039,CDR8409,odd_hour_contact|burst_calling
CASE039,CDR8410,odd_hour_contact|burst_calling
CASE039,CDR8411,burst_calling
CASE039,CDR8412,burst_calling
CASE039,CDR8413,burst_calling
CASE039,CDR8417,burst_calling
CASE039,CDR8418,burst_calling
CASE039,CDR8419,odd_hour_contact|burst_calling
CASE039,CDR8420,burst_calling
CASE039,CDR8421,odd_hour_contact|burst_calling
CASE039,CDR8422,burst_calling
CASE039,CDR8431,odd_hour_contact|burst_calling
CASE039,CDR8432,burst_calling
CASE039,CDR8433,burst_calling
CASE039,CDR8434,burst_calling
CASE039,CDR8435,burst_calling
CASE039,CDR8436,burst_calling
CASE039,CDR8437,burst_calling
CASE039,CDR8438,burst_calling
CASE039,CDR8439,burst_calling
CASE039,CDR8440,burst_calling
CASE039,CDR8441,burst_calling
CASE039,CDR8442,burst_calling
CASE039,CDR8443,burst_calling
CASE039,CDR8444,burst_calling
CASE039,CDR8445,burst_calling
CASE039,CDR8448,burst_calling
CASE039,CDR8449,burst_calling
CASE039,CDR8450,burst_calling
CASE039,CDR8451,odd_hour_contact|burst_calling
CASE039,CDR8452,burst_calling
CASE039,CDR8453,burst_calling
CASE039,CDR8455,odd_hour_contact
CASE039,CDR8456,burst_calling
CASE039,CDR8457,odd_hour_contact|burst_calling
CASE039,CDR8458,odd_hour_contact|burst_calling
CASE039,CDR8459,burst_calling
CASE039,CDR8460,burst_calling
CASE039,CDR8461,odd_hour_contact|burst_calling
CASE039,CDR8462,burst_calling
CASE039,CDR8463,burst_calling
CASE039,CDR8464,burst_calling
CASE039,CDR8465,burst_calling
CASE039,CDR8466,burst_calling
CASE039,CDR8475,odd_hour_contact
CASE039,CDR8477,burst_calling
CASE039,CDR8478,burst_calling
CASE039,CDR8479,burst_calling
CASE039,CDR8480,burst_calling
CASE039,CDR8481,burst_calling
CASE039,CDR8482,burst_calling
CASE039,CDR8483,burst_calling
CASE039,CDR8484,odd_hour_contact|burst_calling
CASE039,CDR8485,burst_calling
CASE039,CDR8486,burst_calling
CASE039,CDR8487,odd_hour_contact
CASE039,CDR8490,odd_hour_contact
CASE039,CDR8493,odd_hour_contact|burst_calling
CASE039,CDR8494,burst_calling
CASE039,CDR8495,burst_calling
CASE039,CDR8496,odd_hour_contact|burst_calling
CASE039,CDR8497,odd_hour_contact|burst_calling
CASE039,CDR8498,odd_hour_contact
CASE039,CDR8500,odd_hour_contact
CASE039,CDR8501,odd_hour_contact
CASE039,CDR8504,odd_hour_contact
CASE039,CDR8505,burst_calling
CASE039,CDR8506,odd_hour_contact|burst_calling
CASE039,CDR8507,burst_calling
CASE039,CDR8508,odd_hour_contact|burst_calling
CASE039,CDR8509,burst_calling
CASE039,CDR8510,burst_calling
CASE039,CDR8521,odd_hour_contact
CASE039,CDR8523,odd_hour_contact
CASE039,CDR8532,odd_hour_contact
CASE039,CDR8533,burst_calling
CASE039,CDR8534,burst_calling
CASE039,CDR8535,odd_hour_contact|burst_calling
CASE039,CDR8536,burst_calling
CASE039,CDR8537,burst_calling
CASE039,CDR8538,single_use_contact
CASE039,CDR8539,odd_hour_contact|single_use_contact
CASE039,CDR8540,single_use_contact
CASE039,CDR8541,single_use_contact
CASE039,CDR8542,single_use_contact
CASE039,CDR8543,single_use_contact
CASE039,CDR8544,single_use_contact
CASE039,CDR8545,single_use_contact
CASE039,CDR8546,single_use_contact
CASE039,CDR8547,single_use_contact
CASE039,CDR8548,single_use_contact
CASE039,CDR8549,single_use_contact
CASE039,CDR8550,odd_hour_contact|single_use_contact
CASE039,CDR8551,single_use_contact
CASE039,CDR8552,single_use_contact
CASE039,CDR8553,single_use_contact
CASE039,CDR8554,single_use_contact
CASE039,CDR8555,single_use_contact
CASE039,CDR8556,single_use_contact
CASE039,CDR8557,single_use_contact
CASE039,CDR8558,odd_hour_contact|single_use_contact
CASE039,CDR8559,single_use_contact
CASE039,CDR8560,single_use_contact
CASE039,CDR8561,single_use_contact
CASE039,CDR8562,single_use_contact
CASE039,CDR8563,single_use_contact
CASE039,CDR8564,single_use_contact
CASE039,CDR8565,odd_hour_contact|single_use_contact
CASE039,CDR8566,single_use_contact
CASE039,CDR8567,odd_hour_contact|single_use_contact
CASE039,CDR8568,single_use_contact
CASE039,CDR8569,single_use_contact
CASE039,CDR8570,single_use_contact
CASE039,CDR8571,odd_hour_contact|single_use_contact
CASE039,CDR8572,single_use_contact
CASE039,CDR8573,single_use_contact
CASE039,CDR8574,single_use_contact
CASE039,CDR8575,single_use_contact
CASE039,CDR8576,odd_hour_contact|single_use_contact
CASE039,CDR8577,single_use_contact
CASE039,CDR8578,single_use_contact
CASE039,CDR8579,odd_hour_contact|single_use_contact
CASE039,CDR8580,odd_hour_contact|single_use_contact
CASE039,CDR8581,odd_hour_contact|single_use_contact
CASE039,CDR8582,single_use_contact
CASE039,CDR8583,single_use_contact
CASE039,CDR8584,single_use_contact
CASE039,CDR8585,single_use_contact
CASE039,CDR8586,single_use_contact
CASE039,CDR8587,single_use_contact
CASE039,CDR8588,single_use_contact
CASE039,CDR8589,odd_hour_contact|single_use_contact
CASE039,CDR8590,single_use_contact
CASE039,CDR8591,single_use_contact
CASE039,CDR8592,odd_hour_contact|single_use_contact
CASE039,CDR8593,single_use_contact
CASE039,CDR8594,single_use_contact
CASE039,CDR8595,single_use_contact
CASE039,CDR8596,single_use_contact
CASE039,CDR8597,single_use_contact
CASE039,CDR8598,single_use_contact
CASE039,CDR8599,single_use_contact
CASE039,CDR8600,single_use_contact
CASE039,CDR8601,single_use_contact
CASE039,CDR8602,single_use_contact
CASE039,CDR8603,single_use_contact
CASE039,CDR8604,single_use_contact
CASE039,CDR8605,single_use_contact
CASE039,CDR8606,single_use_contact
CASE039,CDR8607,single_use_contact
CASE039,CDR8608,single_use_contact
CASE039,CDR8609,single_use_contact
CASE039,CDR8610,single_use_contact
CASE039,CDR8611,single_use_contact
CASE039,CDR8612,single_use_contact
CASE039,CDR8613,single_use_contact
CASE039,CDR8614,single_use_contact
CASE039,CDR8615,single_use_contact
CASE039,CDR8616,single_use_contact
CASE039,CDR8617,single_use_contact
CASE039,CDR8618,single_use_contact
CASE039,CDR8619,single_use_contact
CASE039,CDR8620,odd_hour_contact|single_use_contact
CASE039,CDR8621,single_use_contact
CASE039,CDR8622,single_use_contact
CASE039,CDR8623,odd_hour_contact|single_use_contact
CASE039,CDR8624,single_use_contact
CASE039,CDR8625,odd_hour_contact|single_use_contact
CASE039,CDR8626,single_use_contact
CASE039,CDR8627,single_use_contact
CASE040,CDR8631,odd_hour_contact
CASE040,CDR8632,odd_hour_contact
CASE040,CDR8633,odd_hour_contact
CASE040,CDR8635,single_use_contact
CASE040,CDR8636,single_use_contact
CASE040,CDR8637,single_use_contact
CASE040,CDR8638,single_use_contact
CASE040,CDR8639,single_use_contact
CASE040,CDR8640,single_use_contact
CASE040,CDR8641,single_use_contact
CASE040,CDR8642,single_use_contact
CASE040,CDR8643,odd_hour_contact|single_use_contact
CASE040,CDR8644,single_use_contact
CASE040,CDR8645,single_use_contact
CASE040,CDR8646,odd_hour_contact|single_use_contact
CASE040,CDR8647,odd_hour_contact|single_use_contact
CASE040,CDR8648,odd_hour_contact|single_use_contact
CASE040,CDR8649,single_use_contact
CASE040,CDR8650,single_use_contact
CASE040,CDR8651,single_use_contact
CASE040,CDR8652,single_use_contact
CASE040,CDR8653,odd_hour_contact|single_use_contact
CASE040,CDR8654,single_use_contact
CASE040,CDR8655,single_use_contact
CASE040,CDR8656,single_use_contact
CASE040,CDR8657,single_use_contact
CASE040,CDR8658,single_use_contact
CASE040,CDR8659,odd_hour_contact|single_use_contact
CASE040,CDR8660,single_use_contact
CASE040,CDR8661,odd_hour_contact|single_use_contact
CASE040,CDR8662,odd_hour_contact|single_use_contact
CASE040,CDR8663,single_use_contact
CASE040,CDR8664,single_use_contact
CASE040,CDR8665,single_use_contact
CASE040,CDR8666,single_use_contact
CASE040,CDR8667,single_use_contact
CASE040,CDR8668,single_use_contact
CASE040,CDR8669,single_use_contact
CASE040,CDR8670,single_use_contact
CASE040,CDR8671,odd_hour_contact|single_use_contact
CASE040,CDR8672,single_use_contact
CASE040,CDR8673,odd_hour_contact|single_use_contact
CASE040,CDR8674,odd_hour_contact|single_use_contact
CASE040,CDR8675,single_use_contact
CASE040,CDR8676,single_use_contact
CASE040,CDR8677,single_use_contact
CASE040,CDR8678,odd_hour_contact|single_use_contact
CASE040,CDR8679,single_use_contact
CASE040,CDR8680,odd_hour_contact|single_use_contact
CASE040,CDR8681,single_use_contact
CASE040,CDR8682,single_use_contact
CASE040,CDR8683,single_use_contact
CASE040,CDR8684,odd_hour_contact|single_use_contact
CASE040,CDR8685,single_use_contact
CASE040,CDR8686,single_use_contact
CASE040,CDR8687,single_use_contact
CASE040,CDR8688,single_use_contact
CASE040,CDR8689,odd_hour_contact|single_use_contact
CASE040,CDR8690,single_use_contact
CASE040,CDR8691,single_use_contact
CASE040,CDR8692,single_use_contact
CASE040,CDR8693,single_use_contact
CASE040,CDR8694,single_use_contact
CASE040,CDR8695,single_use_contact
CASE040,CDR8696,single_use_contact
CASE040,CDR8697,single_use_contact
CASE040,CDR8698,single_use_contact
CASE040,CDR8699,odd_hour_contact|single_use_contact
CASE040,CDR8700,single_use_contact
CASE040,CDR8701,single_use_contact
CASE040,CDR8702,single_use_contact
CASE040,CDR8703,single_use_contact
CASE040,CDR8704,single_use_contact
CASE040,CDR8705,single_use_contact
CASE040,CDR8706,single_use_contact
CASE040,CDR8707,single_use_contact
CASE040,CDR8708,single_use_contact
CASE040,CDR8709,odd_hour_contact|single_use_contact
CASE040,CDR8710,single_use_contact
CASE040,CDR8711,single_use_contact
CASE040,CDR8712,odd_hour_contact|single_use_contact
CASE040,CDR8713,single_use_contact
CASE040,CDR8714,single_use_contact
CASE040,CDR8715,single_use_contact
CASE040,CDR8716,odd_hour_contact|single_use_contact
CASE040,CDR8717,single_use_contact
CASE040,CDR8718,single_use_contact
CASE040,CDR8719,single_use_contact
CASE040,CDR8720,odd_hour_contact|single_use_contact
CASE040,CDR8721,odd_hour_contact|single_use_contact
CASE040,CDR8722,single_use_contact
CASE040,CDR8723,single_use_contact
CASE040,CDR8724,odd_hour_contact|single_use_contact
CASE041,CDR8729,odd_hour_contact
CASE041,CDR8731,odd_hour_contact
CASE041,CDR8735,odd_hour_contact
CASE041,CDR8736,burst_calling
CASE041,CDR8737,burst_calling
CASE041,CDR8738,burst_calling
CASE041,CDR8739,burst_calling
CASE041,CDR8740,burst_calling
CASE041,CDR8741,burst_calling
CASE041,CDR8742,odd_hour_contact
CASE041,CDR8744,odd_hour_contact|burst_calling
CASE041,CDR8745,burst_calling
CASE041,CDR8746,burst_calling
CASE041,CDR8747,burst_calling
CASE041,CDR8748,burst_calling
CASE041,CDR8749,burst_calling
CASE041,CDR8756,burst_calling
CASE041,CDR8757,burst_calling
CASE041,CDR8758,burst_calling
CASE041,CDR8759,burst_calling
CASE041,CDR8760,burst_calling
CASE041,CDR8762,odd_hour_contact
CASE041,CDR8764,burst_calling
CASE041,CDR8765,burst_calling
CASE041,CDR8766,burst_calling
CASE041,CDR8767,odd_hour_contact|burst_calling
CASE041,CDR8768,burst_calling
CASE041,CDR8769,burst_calling
CASE041,CDR8770,odd_hour_contact|burst_calling
CASE041,CDR8771,burst_calling
CASE041,CDR8772,odd_hour_contact|burst_calling
CASE041,CDR8773,burst_calling
CASE041,CDR8774,odd_hour_contact|burst_calling
CASE041,CDR8778,odd_hour_contact
CASE041,CDR8782,odd_hour_contact|burst_calling
CASE041,CDR8783,burst_calling
CASE041,CDR8784,burst_calling
CASE041,CDR8785,odd_hour_contact|burst_calling
CASE041,CDR8786,burst_calling
CASE041,CDR8787,odd_hour_contact
CASE041,CDR8789,burst_calling
CASE041,CDR8790,burst_calling
CASE041,CDR8791,burst_calling
CASE041,CDR8792,burst_calling
CASE041,CDR8793,burst_calling
CASE041,CDR8794,burst_calling
CASE041,CDR8796,odd_hour_contact
CASE041,CDR8798,odd_hour_contact|burst_calling
CASE041,CDR8799,burst_calling
CASE041,CDR8800,burst_calling
CASE041,CDR8801,burst_calling
CASE041,CDR8802,odd_hour_contact|burst_calling
CASE041,CDR8803,burst_calling
CASE041,CDR8810,odd_hour_contact
CASE041,CDR8811,odd_hour_contact
CASE041,CDR8813,odd_hour_contact
CASE041,CDR8816,burst_calling
CASE041,CDR8817,burst_calling
CASE041,CDR8818,burst_calling
CASE041,CDR8819,burst_calling
CASE041,CDR8820,burst_calling
CASE041,CDR8823,odd_hour_contact|burst_calling
CASE041,CDR8824,burst_calling
CASE041,CDR8825,burst_calling
CASE041,CDR8826,burst_calling
CASE041,CDR8827,burst_calling
CASE041,CDR8828,burst_calling
CASE041,CDR8829,burst_calling
CASE041,CDR8830,burst_calling
CASE041,CDR8831,burst_calling
CASE041,CDR8832,burst_calling
CASE041,CDR8833,odd_hour_contact|burst_calling
CASE041,CDR8834,burst_calling
CASE041,CDR8835,odd_hour_contact|burst_calling
CASE041,CDR8836,burst_calling
CASE041,CDR8837,burst_calling
CASE041,CDR8838,burst_calling
CASE041,CDR8842,burst_calling
CASE041,CDR8843,burst_calling
CASE041,CDR8844,burst_calling
CASE041,CDR8845,burst_calling
CASE041,CDR8846,burst_calling
CASE041,CDR8847,odd_hour_contact
CASE041,CDR8849,odd_hour_contact
CASE041,CDR8851,odd_hour_contact
CASE041,CDR8855,burst_calling
CASE041,CDR8856,burst_calling
CASE041,CDR8857,burst_calling
CASE041,CDR8858,burst_calling
CASE041,CDR8859,burst_calling
CASE041,CDR8860,burst_calling
CASE041,CDR8861,burst_calling
CASE041,CDR8862,burst_calling
CASE041,CDR8863,burst_calling
CASE041,CDR8864,burst_calling
CASE041,CDR8865,odd_hour_contact
CASE041,CDR8866,odd_hour_contact
CASE041,CDR8867,burst_calling
CASE041,CDR8868,burst_calling
CASE041,CDR8869,burst_calling
CASE041,CDR8870,odd_hour_contact|burst_calling
CASE041,CDR8871,burst_calling
CASE041,CDR8880,odd_hour_contact
CASE041,CDR8882,burst_calling
CASE041,CDR8883,burst_calling
CASE041,CDR8884,burst_calling
CASE041,CDR8885,burst_calling
CASE041,CDR8886,burst_calling
CASE041,CDR8891,burst_calling
CASE041,CDR8892,odd_hour_contact|burst_calling
CASE041,CDR8893,burst_calling
CASE041,CDR8894,burst_calling
CASE041,CDR8895,burst_calling
CASE041,CDR8896,odd_hour_contact|burst_calling
CASE041,CDR8897,burst_calling
CASE041,CDR8898,burst_calling
CASE041,CDR8899,burst_calling
CASE041,CDR8900,odd_hour_contact|burst_calling
CASE041,CDR8901,burst_calling
CASE041,CDR8902,burst_calling
CASE041,CDR8903,burst_calling
CASE041,CDR8904,burst_calling
CASE041,CDR8905,odd_hour_contact|burst_calling
CASE041,CDR8906,burst_calling
CASE041,CDR8907,burst_calling
CASE041,CDR8909,odd_hour_contact
CASE041,CDR8914,odd_hour_contact|burst_calling
CASE041,CDR8915,burst_calling
CASE041,CDR8916,odd_hour_contact|burst_calling
CASE041,CDR8917,burst_calling
CASE041,CDR8918,burst_calling
CASE041,CDR8919,odd_hour_contact|burst_calling
CASE041,CDR8920,burst_calling
CASE041,CDR8921,odd_hour_contact|burst_calling
CASE041,CDR8922,odd_hour_contact|burst_calling
CASE041,CDR8923,burst_calling
CASE041,CDR8924,burst_calling
CASE041,CDR8925,burst_calling
CASE041,CDR8926,single_use_contact
CASE041,CDR8927,single_use_contact
CASE041,CDR8928,single_use_contact
CASE041,CDR8929,single_use_contact
CASE041,CDR8930,single_use_contact
CASE041,CDR8931,single_use_contact
CASE041,CDR8932,single_use_contact
CASE041,CDR8933,single_use_contact
CASE041,CDR8934,single_use_contact
CASE041,CDR8935,single_use_contact
CASE041,CDR8936,single_use_contact
CASE041,CDR8937,single_use_contact
CASE041,CDR8938,single_use_contact
CASE041,CDR8939,single_use_contact
CASE041,CDR8940,single_use_contact
CASE041,CDR8941,single_use_contact
CASE041,CDR8942,single_use_contact
CASE041,CDR8943,single_use_contact
CASE041,CDR8944,single_use_contact
CASE041,CDR8945,odd_hour_contact|single_use_contact
CASE041,CDR8946,single_use_contact
CASE041,CDR8947,single_use_contact
CASE041,CDR8948,single_use_contact
CASE041,CDR8949,odd_hour_contact|single_use_contact
CASE041,CDR8950,single_use_contact
CASE041,CDR8951,single_use_contact
CASE041,CDR8952,single_use_contact
CASE041,CDR8953,single_use_contact
CASE041,CDR8954,single_use_contact
CASE041,CDR8955,single_use_contact
CASE041,CDR8956,single_use_contact
CASE041,CDR8957,single_use_contact
CASE041,CDR8958,single_use_contact
CASE041,CDR8959,single_use_contact
CASE041,CDR8960,single_use_contact
CASE041,CDR8961,single_use_contact
CASE041,CDR8962,single_use_contact
CASE041,CDR8963,odd_hour_contact|single_use_contact
CASE041,CDR8964,single_use_contact
CASE041,CDR8965,single_use_contact
CASE041,CDR8966,odd_hour_contact|single_use_contact
CASE041,CDR8967,single_use_contact
CASE041,CDR8968,odd_hour_contact|single_use_contact
CASE041,CDR8969,single_use_contact
CASE041,CDR8970,odd_hour_contact|single_use_contact
CASE041,CDR8971,odd_hour_contact|single_use_contact
CASE041,CDR8972,single_use_contact
CASE041,CDR8973,single_use_contact
CASE041,CDR8974,single_use_contact
CASE041,CDR8975,single_use_contact
CASE041,CDR8976,odd_hour_contact|single_use_contact
CASE041,CDR8977,single_use_contact
CASE041,CDR8978,odd_hour_contact|single_use_contact
CASE041,CDR8979,single_use_contact
CASE041,CDR8980,single_use_contact
CASE041,CDR8981,single_use_contact
CASE041,CDR8982,single_use_contact
CASE041,CDR8983,odd_hour_contact|single_use_contact
CASE041,CDR8984,single_use_contact
CASE041,CDR8985,odd_hour_contact|single_use_contact
CASE041,CDR8986,single_use_contact
CASE041,CDR8987,single_use_contact
CASE041,CDR8988,single_use_contact
CASE041,CDR8989,single_use_contact
CASE041,CDR8990,odd_hour_contact|single_use_contact
CASE041,CDR8991,single_use_contact
CASE041,CDR8992,odd_hour_contact|single_use_contact
CASE041,CDR8993,single_use_contact
CASE041,CDR8994,single_use_contact
CASE041,CDR8995,single_use_contact
CASE041,CDR8996,single_use_contact
CASE041,CDR8997,odd_hour_contact|single_use_contact
CASE041,CDR8998,single_use_contact
CASE041,CDR8999,single_use_contact
CASE041,CDR9000,single_use_contact
CASE041,CDR9001,single_use_contact
CASE041,CDR9002,odd_hour_contact|single_use_contact
CASE041,CDR9003,single_use_contact
CASE041,CDR9004,single_use_contact
CASE041,CDR9005,single_use_contact
CASE041,CDR9006,single_use_contact
CASE041,CDR9007,odd_hour_contact|single_use_contact
CASE041,CDR9008,single_use_contact
CASE041,CDR9009,single_use_contact
CASE041,CDR9010,odd_hour_contact|single_use_contact
CASE041,CDR9011,single_use_contact
CASE041,CDR9012,single_use_contact
CASE041,CDR9013,single_use_contact
CASE041,CDR9014,odd_hour_contact|single_use_contact
CASE041,CDR9015,single_use_contact
CASE042,CDR9016,odd_hour_contact|burst_calling
CASE042,CDR9017,odd_hour_contact|burst_calling
CASE042,CDR9018,odd_hour_contact|burst_calling
CASE042,CDR9019,burst_calling
CASE042,CDR9020,burst_calling
CASE042,CDR9021,burst_calling
CASE042,CDR9022,burst_calling
CASE042,CDR9023,odd_hour_contact|burst_calling
CASE042,CDR9024,burst_calling
CASE042,CDR9025,burst_calling
CASE042,CDR9026,burst_calling
CASE042,CDR9027,burst_calling
CASE042,CDR9028,burst_calling
CASE042,CDR9029,burst_calling
CASE042,CDR9030,burst_calling
CASE042,CDR9031,burst_calling
CASE042,CDR9032,odd_hour_contact|burst_calling
CASE042,CDR9033,odd_hour_contact
CASE042,CDR9040,burst_calling
CASE042,CDR9041,burst_calling
CASE042,CDR9042,burst_calling
CASE042,CDR9043,odd_hour_contact|burst_calling
CASE042,CDR9044,burst_calling
CASE042,CDR9045,burst_calling
CASE042,CDR9046,burst_calling
CASE042,CDR9047,burst_calling
CASE042,CDR9048,burst_calling
CASE042,CDR9049,odd_hour_contact|burst_calling
CASE042,CDR9050,burst_calling
CASE042,CDR9051,burst_calling
CASE042,CDR9052,odd_hour_contact|burst_calling
CASE042,CDR9053,odd_hour_contact|burst_calling
CASE042,CDR9054,odd_hour_contact|burst_calling
CASE042,CDR9055,odd_hour_contact|burst_calling
CASE042,CDR9056,burst_calling
CASE042,CDR9057,odd_hour_contact|burst_calling
CASE042,CDR9060,burst_calling
CASE042,CDR9061,burst_calling
CASE042,CDR9062,burst_calling
CASE042,CDR9063,burst_calling
CASE042,CDR9064,odd_hour_contact|burst_calling
CASE042,CDR9068,burst_calling
CASE042,CDR9069,burst_calling
CASE042,CDR9070,burst_calling
CASE042,CDR9071,burst_calling
CASE042,CDR9072,burst_calling
CASE042,CDR9073,burst_calling
CASE042,CDR9080,burst_calling
CASE042,CDR9081,burst_calling
CASE042,CDR9082,burst_calling
CASE042,CDR9083,odd_hour_contact|burst_calling
CASE042,CDR9084,burst_calling
CASE042,CDR9087,odd_hour_contact
CASE042,CDR9090,single_use_contact
CASE042,CDR9091,single_use_contact
CASE042,CDR9092,single_use_contact
CASE042,CDR9093,single_use_contact
CASE042,CDR9094,single_use_contact
CASE042,CDR9095,odd_hour_contact|single_use_contact
CASE042,CDR9096,single_use_contact
CASE042,CDR9097,single_use_contact
CASE042,CDR9098,single_use_contact
CASE042,CDR9099,single_use_contact
CASE042,CDR9100,single_use_contact
CASE042,CDR9101,single_use_contact
CASE042,CDR9102,odd_hour_contact|single_use_contact
CASE042,CDR9103,single_use_contact
CASE042,CDR9104,single_use_contact
CASE042,CDR9105,single_use_contact
CASE042,CDR9106,single_use_contact
CASE042,CDR9107,single_use_contact
CASE042,CDR9108,single_use_contact
CASE042,CDR9109,single_use_contact
CASE042,CDR9110,single_use_contact
CASE042,CDR9111,single_use_contact
CASE042,CDR9112,single_use_contact
CASE042,CDR9113,single_use_contact
CASE042,CDR9114,single_use_contact
CASE042,CDR9115,single_use_contact
CASE042,CDR9116,single_use_contact
CASE042,CDR9117,single_use_contact
CASE042,CDR9118,single_use_contact
CASE042,CDR9119,single_use_contact
CASE042,CDR9120,odd_hour_contact
CASE042,CDR9121,single_use_contact
CASE042,CDR9122,single_use_contact
CASE042,CDR9123,single_use_contact
CASE042,CDR9124,single_use_contact
CASE042,CDR9125,single_use_contact
CASE042,CDR9126,single_use_contact
CASE042,CDR9127,single_use_contact
CASE042,CDR9128,single_use_contact
CASE042,CDR9129,single_use_contact
CASE042,CDR9130,single_use_contact
CASE042,CDR9131,single_use_contact
CASE042,CDR9132,single_use_contact
CASE042,CDR9133,single_use_contact
CASE042,CDR9134,single_use_contact
CASE042,CDR9135,single_use_contact
CASE042,CDR9136,single_use_contact
CASE042,CDR9137,odd_hour_contact|single_use_contact
CASE042,CDR9138,single_use_contact
CASE042,CDR9139,single_use_contact
CASE042,CDR9140,single_use_contact
CASE042,CDR9141,single_use_contact
CASE042,CDR9142,odd_hour_contact|single_use_contact
CASE042,CDR9143,single_use_contact
CASE042,CDR9144,single_use_contact
CASE042,CDR9145,odd_hour_contact|single_use_contact
CASE042,CDR9146,single_use_contact
CASE042,CDR9147,single_use_contact
CASE042,CDR9148,single_use_contact
CASE042,CDR9149,odd_hour_contact|single_use_contact
CASE042,CDR9150,single_use_contact
CASE042,CDR9151,single_use_contact
CASE042,CDR9152,single_use_contact
CASE042,CDR9153,odd_hour_contact|single_use_contact
CASE042,CDR9154,single_use_contact
CASE042,CDR9155,odd_hour_contact|single_use_contact
CASE042,CDR9157,single_use_contact
CASE042,CDR9158,single_use_contact
CASE042,CDR9159,single_use_contact
CASE042,CDR9160,single_use_contact
CASE042,CDR9161,single_use_contact
CASE042,CDR9162,single_use_contact
CASE042,CDR9163,single_use_contact
CASE042,CDR9164,single_use_contact
CASE042,CDR9165,single_use_contact
CASE042,CDR9166,single_use_contact
CASE042,CDR9167,single_use_contact
CASE042,CDR9168,single_use_contact
CASE042,CDR9169,single_use_contact
CASE042,CDR9170,single_use_contact
CASE042,CDR9171,single_use_contact
CASE042,CDR9172,single_use_contact
CASE042,CDR9173,single_use_contact
CASE042,CDR9174,single_use_contact
CASE042,CDR9175,single_use_contact
CASE042,CDR9176,single_use_contact
CASE042,CDR9177,single_use_contact
CASE042,CDR9178,single_use_contact
CASE042,CDR9179,odd_hour_contact|single_use_contact
CASE043,CDR9180,burst_calling
CASE043,CDR9181,odd_hour_contact|burst_calling
CASE043,CDR9182,burst_calling
CASE043,CDR9183,burst_calling
CASE043,CDR9184,odd_hour_contact|burst_calling
CASE043,CDR9188,odd_hour_contact
CASE043,CDR9189,odd_hour_contact
CASE043,CDR9192,burst_calling
CASE043,CDR9193,burst_calling
CASE043,CDR9194,burst_calling
CASE043,CDR9195,burst_calling
CASE043,CDR9196,burst_calling
CASE043,CDR9197,single_use_contact
CASE043,CDR9198,odd_hour_contact|single_use_contact
CASE043,CDR9199,single_use_contact
CASE043,CDR9200,single_use_contact
CASE043,CDR9201,single_use_contact
CASE043,CDR9202,single_use_contact
CASE043,CDR9203,odd_hour_contact|single_use_contact
CASE043,CDR9204,single_use_contact
CASE043,CDR9205,single_use_contact
CASE043,CDR9206,single_use_contact
CASE043,CDR9207,single_use_contact
CASE043,CDR9208,single_use_contact
CASE043,CDR9209,single_use_contact
CASE043,CDR9210,single_use_contact
CASE043,CDR9211,single_use_contact
CASE043,CDR9212,single_use_contact
CASE043,CDR9213,odd_hour_contact|single_use_contact
CASE043,CDR9214,single_use_contact
CASE043,CDR9215,single_use_contact
CASE043,CDR9216,single_use_contact
CASE043,CDR9217,single_use_contact
CASE043,CDR9218,odd_hour_contact|single_use_contact
CASE043,CDR9219,single_use_contact
CASE043,CDR9220,single_use_contact
CASE043,CDR9221,single_use_contact
CASE043,CDR9222,single_use_contact
CASE043,CDR9223,single_use_contact
CASE043,CDR9224,single_use_contact
CASE043,CDR9225,single_use_contact
CASE043,CDR9226,single_use_contact
CASE043,CDR9227,single_use_contact
CASE043,CDR9228,single_use_contact
CASE043,CDR9229,single_use_contact
CASE043,CDR9230,single_use_contact
CASE043,CDR9231,single_use_contact
CASE043,CDR9232,single_use_contact
CASE043,CDR9233,odd_hour_contact|single_use_contact
CASE043,CDR9235,single_use_contact
CASE043,CDR9236,odd_hour_contact|single_use_contact
CASE043,CDR9237,odd_hour_contact|single_use_contact
CASE043,CDR9238,single_use_contact
CASE043,CDR9239,single_use_contact
CASE043,CDR9240,single_use_contact
CASE043,CDR9241,single_use_contact
CASE043,CDR9242,single_use_contact
CASE043,CDR9243,single_use_contact
CASE043,CDR9244,single_use_contact
CASE043,CDR9245,single_use_contact
CASE043,CDR9246,single_use_contact
CASE043,CDR9247,single_use_contact
CASE043,CDR9248,single_use_contact
CASE043,CDR9249,single_use_contact
CASE043,CDR9250,single_use_contact
CASE043,CDR9251,odd_hour_contact|single_use_contact
CASE043,CDR9252,single_use_contact
CASE043,CDR9253,single_use_contact
CASE043,CDR9254,single_use_contact
CASE043,CDR9255,single_use_contact
CASE043,CDR9256,odd_hour_contact|single_use_contact
CASE043,CDR9257,odd_hour_contact|single_use_contact
CASE043,CDR9259,single_use_contact
CASE043,CDR9260,single_use_contact
CASE043,CDR9261,odd_hour_contact|single_use_contact
CASE043,CDR9263,single_use_contact
CASE043,CDR9264,single_use_contact
CASE043,CDR9265,odd_hour_contact|single_use_contact
CASE043,CDR9266,single_use_contact
CASE043,CDR9267,single_use_contact
CASE043,CDR9268,single_use_contact
CASE043,CDR9269,single_use_contact
CASE043,CDR9270,single_use_contact
CASE043,CDR9271,single_use_contact
CASE043,CDR9272,single_use_contact
CASE043,CDR9273,single_use_contact
CASE043,CDR9274,odd_hour_contact|single_use_contact
CASE043,CDR9276,single_use_contact
CASE043,CDR9277,single_use_contact
CASE043,CDR9278,single_use_contact
CASE043,CDR9279,single_use_contact
CASE043,CDR9280,single_use_contact
CASE043,CDR9281,single_use_contact
CASE043,CDR9282,single_use_contact
CASE043,CDR9283,single_use_contact
CASE043,CDR9284,single_use_contact
CASE043,CDR9285,single_use_contact
CASE043,CDR9286,single_use_contact
CASE044,CDR9289,odd_hour_contact
CASE044,CDR9293,burst_calling
CASE044,CDR9294,burst_calling
CASE044,CDR9295,burst_calling
CASE044,CDR9296,burst_calling
CASE044,CDR9297,burst_calling
CASE044,CDR9298,burst_calling
CASE044,CDR9303,burst_calling
CASE044,CDR9304,burst_calling
CASE044,CDR9305,burst_calling
CASE044,CDR9306,burst_calling
CASE044,CDR9307,burst_calling
CASE044,CDR9309,odd_hour_contact
CASE044,CDR9316,odd_hour_contact
CASE044,CDR9317,odd_hour_contact
CASE044,CDR9320,odd_hour_contact
CASE044,CDR9325,odd_hour_contact|burst_calling
CASE044,CDR9326,burst_calling
CASE044,CDR9327,burst_calling
CASE044,CDR9328,burst_calling
CASE044,CDR9329,odd_hour_contact|burst_calling
CASE044,CDR9330,burst_calling
CASE044,CDR9333,odd_hour_contact
CASE044,CDR9336,burst_calling
CASE044,CDR9337,burst_calling
CASE044,CDR9338,burst_calling
CASE044,CDR9339,burst_calling
CASE044,CDR9340,burst_calling
CASE044,CDR9341,odd_hour_contact|burst_calling
CASE044,CDR9346,single_use_contact
CASE044,CDR9347,odd_hour_contact|single_use_contact
CASE044,CDR9348,single_use_contact
CASE044,CDR9349,single_use_contact
CASE044,CDR9350,single_use_contact
CASE044,CDR9351,single_use_contact
CASE044,CDR9352,single_use_contact
CASE044,CDR9353,single_use_contact
CASE044,CDR9354,single_use_contact
CASE044,CDR9355,single_use_contact
CASE044,CDR9356,single_use_contact
CASE044,CDR9357,odd_hour_contact|single_use_contact
CASE044,CDR9358,single_use_contact
CASE044,CDR9359,odd_hour_contact|single_use_contact
CASE044,CDR9360,single_use_contact
CASE044,CDR9361,single_use_contact
CASE044,CDR9362,single_use_contact
CASE044,CDR9363,single_use_contact
CASE044,CDR9364,odd_hour_contact|single_use_contact
CASE044,CDR9365,odd_hour_contact|single_use_contact
CASE044,CDR9366,single_use_contact
CASE044,CDR9367,single_use_contact
CASE044,CDR9368,single_use_contact
CASE044,CDR9369,odd_hour_contact|single_use_contact
CASE044,CDR9370,single_use_contact
CASE044,CDR9371,odd_hour_contact|single_use_contact
CASE044,CDR9372,single_use_contact
CASE044,CDR9373,single_use_contact
CASE044,CDR9374,single_use_contact
CASE044,CDR9375,single_use_contact
CASE044,CDR9376,odd_hour_contact|single_use_contact
CASE044,CDR9377,single_use_contact
CASE044,CDR9378,single_use_contact
CASE044,CDR9379,single_use_contact
CASE044,CDR9380,single_use_contact
CASE044,CDR9381,single_use_contact
CASE044,CDR9382,single_use_contact
CASE044,CDR9383,single_use_contact
CASE044,CDR9384,single_use_contact
CASE044,CDR9385,single_use_contact
CASE044,CDR9386,single_use_contact
CASE044,CDR9387,single_use_contact
CASE044,CDR9388,single_use_contact
CASE044,CDR9389,single_use_contact
CASE044,CDR9390,odd_hour_contact|single_use_contact
CASE044,CDR9391,single_use_contact
CASE044,CDR9392,odd_hour_contact|single_use_contact
CASE044,CDR9393,odd_hour_contact|single_use_contact
CASE044,CDR9394,single_use_contact
CASE044,CDR9395,single_use_contact
CASE044,CDR9396,single_use_contact
CASE044,CDR9397,single_use_contact
CASE044,CDR9398,single_use_contact
CASE044,CDR9399,single_use_contact
CASE044,CDR9400,single_use_contact
CASE044,CDR9401,single_use_contact
CASE044,CDR9402,odd_hour_contact|single_use_contact
CASE044,CDR9403,odd_hour_contact|single_use_contact
CASE044,CDR9404,single_use_contact
CASE044,CDR9405,odd_hour_contact|single_use_contact
CASE044,CDR9406,single_use_contact
CASE044,CDR9407,odd_hour_contact|single_use_contact
CASE044,CDR9408,single_use_contact
CASE044,CDR9409,single_use_contact
CASE044,CDR9411,single_use_contact
CASE044,CDR9412,single_use_contact
CASE044,CDR9413,single_use_contact
CASE044,CDR9414,single_use_contact
CASE044,CDR9415,odd_hour_contact|single_use_contact
CASE044,CDR9416,odd_hour_contact|single_use_contact
CASE044,CDR9417,single_use_contact
CASE044,CDR9418,single_use_contact
CASE044,CDR9419,single_use_contact
CASE044,CDR9420,single_use_contact
CASE044,CDR9421,single_use_contact
CASE044,CDR9422,single_use_contact
CASE044,CDR9423,single_use_contact
CASE044,CDR9424,single_use_contact
CASE044,CDR9425,single_use_contact
CASE044,CDR9426,single_use_contact
CASE044,CDR9427,single_use_contact
CASE044,CDR9428,odd_hour_contact|single_use_contact
CASE044,CDR9429,single_use_contact
CASE044,CDR9430,single_use_contact
CASE044,CDR9431,odd_hour_contact|single_use_contact
CASE044,CDR9432,single_use_contact
CASE044,CDR9433,odd_hour_contact|single_use_contact
CASE044,CDR9434,single_use_contact
CASE045,CDR9436,odd_hour_contact
CASE045,CDR9437,odd_hour_contact
CASE045,CDR9438,odd_hour_contact
CASE045,CDR9440,burst_calling
CASE045,CDR9441,odd_hour_contact|burst_calling
CASE045,CDR9442,odd_hour_contact|burst_calling
CASE045,CDR9443,burst_calling
CASE045,CDR9444,burst_calling
CASE045,CDR9445,burst_calling
CASE045,CDR9446,odd_hour_contact|burst_calling
CASE045,CDR9447,burst_calling
CASE045,CDR9448,burst_calling
CASE045,CDR9449,burst_calling
CASE045,CDR9450,burst_calling
CASE045,CDR9453,odd_hour_contact
CASE045,CDR9454,burst_calling
CASE045,CDR9455,burst_calling
CASE045,CDR9456,odd_hour_contact|burst_calling
CASE045,CDR9457,burst_calling
CASE045,CDR9458,burst_calling
CASE045,CDR9459,burst_calling
CASE045,CDR9460,burst_calling
CASE045,CDR9461,burst_calling
CASE045,CDR9462,odd_hour_contact|burst_calling
CASE045,CDR9463,burst_calling
CASE045,CDR9464,odd_hour_contact|burst_calling
CASE045,CDR9465,odd_hour_contact|burst_calling
CASE045,CDR9466,burst_calling
CASE045,CDR9467,burst_calling
CASE045,CDR9468,burst_calling
CASE045,CDR9469,burst_calling
CASE045,CDR9470,burst_calling
CASE045,CDR9488,odd_hour_contact|single_use_contact
CASE045,CDR9489,odd_hour_contact|single_use_contact
CASE045,CDR9490,single_use_contact
CASE045,CDR9491,single_use_contact
CASE045,CDR9492,odd_hour_contact|single_use_contact
CASE045,CDR9493,single_use_contact
CASE045,CDR9495,single_use_contact
CASE045,CDR9496,single_use_contact
CASE045,CDR9497,odd_hour_contact|single_use_contact
CASE045,CDR9498,single_use_contact
CASE045,CDR9499,single_use_contact
CASE045,CDR9501,single_use_contact
CASE045,CDR9502,single_use_contact
CASE045,CDR9503,odd_hour_contact|single_use_contact
CASE045,CDR9504,single_use_contact
CASE045,CDR9505,single_use_contact
CASE045,CDR9506,single_use_contact
CASE045,CDR9507,single_use_contact
CASE045,CDR9508,single_use_contact
CASE045,CDR9509,single_use_contact
CASE045,CDR9510,single_use_contact
CASE045,CDR9511,single_use_contact
CASE045,CDR9512,single_use_contact
CASE045,CDR9513,single_use_contact
CASE045,CDR9514,single_use_contact
CASE045,CDR9515,odd_hour_contact|single_use_contact
CASE045,CDR9516,single_use_contact
CASE045,CDR9517,odd_hour_contact|single_use_contact
CASE045,CDR9518,single_use_contact
CASE045,CDR9519,single_use_contact
CASE045,CDR9520,single_use_contact
CASE045,CDR9521,single_use_contact
CASE045,CDR9522,odd_hour_contact|single_use_contact
CASE045,CDR9523,odd_hour_contact|single_use_contact
CASE045,CDR9524,single_use_contact
CASE045,CDR9525,single_use_contact
CASE045,CDR9526,single_use_contact
CASE045,CDR9527,odd_hour_contact|single_use_contact
CASE045,CDR9528,single_use_contact
CASE045,CDR9529,single_use_contact
CASE045,CDR9530,single_use_contact
CASE045,CDR9531,single_use_contact
CASE045,CDR9532,odd_hour_contact|single_use_contact
CASE045,CDR9533,single_use_contact
CASE045,CDR9534,single_use_contact
CASE045,CDR9535,odd_hour_contact|single_use_contact
CASE045,CDR9536,odd_hour_contact|single_use_contact
CASE045,CDR9537,single_use_contact
CASE045,CDR9538,single_use_contact
CASE045,CDR9539,odd_hour_contact|single_use_contact
CASE045,CDR9540,single_use_contact
CASE045,CDR9541,odd_hour_contact|single_use_contact
CASE045,CDR9542,single_use_contact
CASE045,CDR9543,single_use_contact
CASE045,CDR9544,single_use_contact
CASE045,CDR9545,single_use_contact
CASE045,CDR9546,odd_hour_contact|single_use_contact
CASE045,CDR9547,single_use_contact
CASE045,CDR9548,odd_hour_contact|single_use_contact
CASE045,CDR9549,single_use_contact
CASE045,CDR9550,single_use_contact
CASE045,CDR9551,single_use_contact
CASE045,CDR9552,single_use_contact
CASE045,CDR9553,single_use_contact
CASE045,CDR9554,single_use_contact
CASE045,CDR9555,single_use_contact
CASE045,CDR9556,single_use_contact
CASE045,CDR9557,single_use_contact
CASE045,CDR9558,single_use_contact
CASE045,CDR9559,single_use_contact
CASE045,CDR9560,single_use_contact
CASE045,CDR9561,single_use_contact
CASE045,CDR9562,odd_hour_contact|single_use_contact
CASE045,CDR9563,odd_hour_contact|single_use_contact
CASE045,CDR9564,single_use_contact
CASE045,CDR9565,single_use_contact
CASE045,CDR9566,single_use_contact
CASE045,CDR9567,single_use_contact
CASE045,CDR9568,single_use_contact
CASE045,CDR9569,single_use_contact
CASE045,CDR9570,single_use_contact
CASE045,CDR9571,single_use_contact
CASE045,CDR9572,single_use_contact
CASE045,CDR9573,single_use_contact
CASE045,CDR9574,single_use_contact
CASE045,CDR9575,single_use_contact
CASE045,CDR9576,odd_hour_contact|single_use_contact
CASE045,CDR9577,single_use_contact
CASE046,CDR9578,odd_hour_contact
CASE046,CDR9581,burst_calling
CASE046,CDR9582,burst_calling
CASE046,CDR9583,burst_calling
CASE046,CDR9584,burst_calling
CASE046,CDR9585,burst_calling
CASE046,CDR9586,odd_hour_contact|burst_calling
CASE046,CDR9587,single_use_contact
CASE046,CDR9588,single_use_contact
CASE046,CDR9589,odd_hour_contact|single_use_contact
CASE046,CDR9590,single_use_contact
CASE046,CDR9591,single_use_contact
CASE046,CDR9592,odd_hour_contact|single_use_contact
CASE046,CDR9593,single_use_contact
CASE046,CDR9594,single_use_contact
CASE046,CDR9595,single_use_contact
CASE046,CDR9596,single_use_contact
CASE046,CDR9597,single_use_contact
CASE046,CDR9598,single_use_contact
CASE046,CDR9599,single_use_contact
CASE046,CDR9600,single_use_contact
CASE046,CDR9601,odd_hour_contact|single_use_contact
CASE046,CDR9602,single_use_contact
CASE046,CDR9603,single_use_contact
CASE046,CDR9604,single_use_contact
CASE046,CDR9605,odd_hour_contact
CASE046,CDR9607,single_use_contact
CASE046,CDR9608,single_use_contact
CASE046,CDR9609,single_use_contact
CASE046,CDR9611,single_use_contact
CASE046,CDR9612,odd_hour_contact|single_use_contact
CASE046,CDR9614,odd_hour_contact
CASE046,CDR9615,odd_hour_contact|single_use_contact
CASE046,CDR9616,single_use_contact
CASE046,CDR9617,single_use_contact
CASE046,CDR9618,single_use_contact
CASE046,CDR9619,odd_hour_contact|single_use_contact
CASE046,CDR9620,single_use_contact
CASE046,CDR9621,single_use_contact
CASE046,CDR9623,single_use_contact
CASE046,CDR9624,single_use_contact
CASE046,CDR9625,single_use_contact
CASE046,CDR9626,single_use_contact
CASE046,CDR9627,odd_hour_contact|single_use_contact
CASE046,CDR9628,single_use_contact
CASE046,CDR9629,odd_hour_contact|single_use_contact
CASE046,CDR9630,single_use_contact
CASE046,CDR9631,single_use_contact
CASE046,CDR9632,single_use_contact
CASE046,CDR9633,single_use_contact
CASE046,CDR9634,odd_hour_contact|single_use_contact
CASE046,CDR9635,single_use_contact
CASE046,CDR9636,single_use_contact
CASE046,CDR9637,single_use_contact
CASE046,CDR9638,single_use_contact
CASE046,CDR9639,single_use_contact
CASE046,CDR9640,single_use_contact
CASE046,CDR9641,single_use_contact
CASE046,CDR9642,odd_hour_contact|single_use_contact
CASE046,CDR9643,single_use_contact
CASE046,CDR9644,odd_hour_contact|single_use_contact
CASE046,CDR9645,odd_hour_contact|single_use_contact
CASE046,CDR9646,single_use_contact
CASE046,CDR9647,odd_hour_contact|single_use_contact
CASE046,CDR9648,single_use_contact
CASE046,CDR9649,single_use_contact
CASE046,CDR9650,single_use_contact
CASE046,CDR9651,single_use_contact
CASE046,CDR9652,single_use_contact
CASE046,CDR9653,odd_hour_contact|single_use_contact
CASE046,CDR9654,odd_hour_contact|single_use_contact
CASE046,CDR9655,single_use_contact
CASE046,CDR9656,odd_hour_contact|single_use_contact
CASE046,CDR9657,single_use_contact
CASE046,CDR9658,single_use_contact
CASE046,CDR9659,odd_hour_contact|single_use_contact
CASE046,CDR9660,single_use_contact
CASE046,CDR9661,single_use_contact
CASE046,CDR9662,single_use_contact
CASE046,CDR9663,single_use_contact
CASE046,CDR9664,odd_hour_contact|single_use_contact
CASE046,CDR9665,odd_hour_contact|single_use_contact
CASE046,CDR9666,single_use_contact
CASE046,CDR9667,single_use_contact
CASE046,CDR9668,single_use_contact
CASE046,CDR9669,single_use_contact
CASE046,CDR9670,odd_hour_contact|single_use_contact
CASE046,CDR9671,single_use_contact
CASE046,CDR9672,single_use_contact
CASE046,CDR9673,single_use_contact
CASE046,CDR9674,single_use_contact
CASE046,CDR9675,single_use_contact
CASE046,CDR9676,single_use_contact
CASE047,CDR9680,burst_calling
CASE047,CDR9681,odd_hour_contact|burst_calling
CASE047,CDR9682,burst_calling
CASE047,CDR9683,burst_calling
CASE047,CDR9684,burst_calling
CASE047,CDR9685,burst_calling
CASE047,CDR9686,burst_calling
CASE047,CDR9687,burst_calling
CASE047,CDR9688,odd_hour_contact|burst_calling
CASE047,CDR9689,burst_calling
CASE047,CDR9690,burst_calling
CASE047,CDR9691,single_use_contact
CASE047,CDR9692,single_use_contact
CASE047,CDR9693,single_use_contact
CASE047,CDR9694,single_use_contact
CASE047,CDR9695,single_use_contact
CASE047,CDR9696,single_use_contact
CASE047,CDR9697,single_use_contact
CASE047,CDR9698,single_use_contact
CASE047,CDR9699,odd_hour_contact|single_use_contact
CASE047,CDR9700,single_use_contact
CASE047,CDR9701,single_use_contact
CASE047,CDR9702,odd_hour_contact|single_use_contact
CASE047,CDR9703,single_use_contact
CASE047,CDR9704,single_use_contact
CASE047,CDR9705,single_use_contact
CASE047,CDR9706,single_use_contact
CASE047,CDR9707,single_use_contact
CASE047,CDR9708,single_use_contact
CASE047,CDR9709,single_use_contact
CASE047,CDR9710,odd_hour_contact|single_use_contact
CASE047,CDR9711,single_use_contact
CASE047,CDR9712,single_use_contact
CASE047,CDR9713,odd_hour_contact|single_use_contact
CASE047,CDR9714,single_use_contact
CASE047,CDR9715,single_use_contact
CASE047,CDR9716,single_use_contact
CASE047,CDR9717,single_use_contact
CASE047,CDR9718,single_use_contact
CASE047,CDR9719,single_use_contact
CASE047,CDR9720,single_use_contact
CASE047,CDR9721,single_use_contact
CASE047,CDR9722,single_use_contact
CASE047,CDR9723,single_use_contact
CASE047,CDR9724,single_use_contact
CASE047,CDR9725,single_use_contact
CASE047,CDR9726,single_use_contact
CASE047,CDR9727,single_use_contact
CASE047,CDR9728,single_use_contact
CASE047,CDR9729,single_use_contact
CASE047,CDR9730,single_use_contact
CASE047,CDR9731,single_use_contact
CASE047,CDR9732,single_use_contact
CASE047,CDR9733,odd_hour_contact|single_use_contact
CASE047,CDR9734,single_use_contact
CASE047,CDR9735,odd_hour_contact|single_use_contact
CASE047,CDR9736,single_use_contact
CASE047,CDR9737,odd_hour_contact|single_use_contact
CASE047,CDR9738,single_use_contact
CASE047,CDR9739,single_use_contact
CASE047,CDR9740,odd_hour_contact|single_use_contact
CASE047,CDR9741,single_use_contact
CASE047,CDR9742,single_use_contact
CASE047,CDR9743,single_use_contact
CASE047,CDR9744,single_use_contact
CASE047,CDR9745,single_use_contact
CASE047,CDR9746,single_use_contact
CASE047,CDR9747,single_use_contact
CASE047,CDR9748,single_use_contact
CASE047,CDR9749,single_use_contact
CASE047,CDR9750,single_use_contact
CASE047,CDR9751,single_use_contact
CASE047,CDR9752,odd_hour_contact|single_use_contact
CASE047,CDR9753,single_use_contact
CASE047,CDR9754,single_use_contact
CASE047,CDR9755,single_use_contact
CASE047,CDR9756,single_use_contact
CASE047,CDR9757,single_use_contact
CASE047,CDR9758,single_use_contact
CASE047,CDR9759,odd_hour_contact|single_use_contact
CASE047,CDR9760,single_use_contact
CASE047,CDR9761,single_use_contact
CASE047,CDR9762,single_use_contact
CASE047,CDR9763,single_use_contact
CASE047,CDR9764,single_use_contact
CASE047,CDR9765,single_use_contact
CASE047,CDR9766,single_use_contact
CASE047,CDR9767,single_use_contact
CASE047,CDR9768,single_use_contact
CASE047,CDR9769,single_use_contact
CASE047,CDR9770,single_use_contact
CASE047,CDR9771,odd_hour_contact|single_use_contact
CASE047,CDR9772,single_use_contact
CASE047,CDR9773,single_use_contact
CASE047,CDR9774,single_use_contact
CASE047,CDR9775,single_use_contact
CASE047,CDR9776,single_use_contact
CASE047,CDR9777,single_use_contact
CASE047,CDR9778,single_use_contact
CASE047,CDR9779,single_use_contact
CASE047,CDR9780,odd_hour_contact|single_use_contact
CASE048,CDR9784,burst_calling
CASE048,CDR9785,burst_calling
CASE048,CDR9786,odd_hour_contact|burst_calling
CASE048,CDR9787,odd_hour_contact|burst_calling
CASE048,CDR9788,burst_calling
CASE048,CDR9793,odd_hour_contact
CASE048,CDR9797,burst_calling
CASE048,CDR9798,odd_hour_contact|burst_calling
CASE048,CDR9799,burst_calling
CASE048,CDR9800,odd_hour_contact|burst_calling
CASE048,CDR9801,burst_calling
CASE048,CDR9810,odd_hour_contact
CASE048,CDR9816,burst_calling
CASE048,CDR9817,burst_calling
CASE048,CDR9818,burst_calling
CASE048,CDR9819,burst_calling
CASE048,CDR9820,burst_calling
CASE048,CDR9821,burst_calling
CASE048,CDR9824,burst_calling
CASE048,CDR9825,odd_hour_contact|burst_calling
CASE048,CDR9826,burst_calling
CASE048,CDR9827,odd_hour_contact|burst_calling
CASE048,CDR9828,burst_calling
CASE048,CDR9829,burst_calling
CASE048,CDR9840,odd_hour_contact|burst_calling
CASE048,CDR9841,burst_calling
CASE048,CDR9842,burst_calling
CASE048,CDR9843,burst_calling
CASE048,CDR9844,burst_calling
CASE048,CDR9845,burst_calling
CASE048,CDR9846,burst_calling
CASE048,CDR9847,burst_calling
CASE048,CDR9848,burst_calling
CASE048,CDR9849,burst_calling
CASE048,CDR9850,burst_calling
CASE048,CDR9857,odd_hour_contact
CASE048,CDR9858,odd_hour_contact
CASE048,CDR9860,odd_hour_contact
CASE048,CDR9870,single_use_contact
CASE048,CDR9871,single_use_contact
CASE048,CDR9872,single_use_contact
CASE048,CDR9873,odd_hour_contact|single_use_contact
CASE048,CDR9874,single_use_contact
CASE048,CDR9875,odd_hour_contact|single_use_contact
CASE048,CDR9876,single_use_contact
CASE048,CDR9877,single_use_contact
CASE048,CDR9878,single_use_contact
CASE048,CDR9879,single_use_contact
CASE048,CDR9880,single_use_contact
CASE048,CDR9881,odd_hour_contact|single_use_contact
CASE048,CDR9882,single_use_contact
CASE048,CDR9883,single_use_contact
CASE048,CDR9884,single_use_contact
CASE048,CDR9885,single_use_contact
CASE048,CDR9886,single_use_contact
CASE048,CDR9887,single_use_contact
CASE048,CDR9888,single_use_contact
CASE048,CDR9889,single_use_contact
CASE048,CDR9890,single_use_contact
CASE048,CDR9891,single_use_contact
CASE048,CDR9892,single_use_contact
CASE048,CDR9893,single_use_contact
CASE048,CDR9894,single_use_contact
CASE048,CDR9895,single_use_contact
CASE048,CDR9896,single_use_contact
CASE048,CDR9897,single_use_contact
CASE048,CDR9898,single_use_contact
CASE048,CDR9899,single_use_contact
CASE048,CDR9900,odd_hour_contact|single_use_contact
CASE048,CDR9901,single_use_contact
CASE048,CDR9902,single_use_contact
CASE048,CDR9903,odd_hour_contact|single_use_contact
CASE048,CDR9904,single_use_contact
CASE048,CDR9905,single_use_contact
CASE048,CDR9906,single_use_contact
CASE048,CDR9907,single_use_contact
CASE048,CDR9908,single_use_contact
CASE048,CDR9909,single_use_contact
CASE048,CDR9910,odd_hour_contact|single_use_contact
CASE048,CDR9911,single_use_contact
CASE048,CDR9912,single_use_contact
CASE048,CDR9913,single_use_contact
CASE048,CDR9914,single_use_contact
CASE048,CDR9915,single_use_contact
CASE048,CDR9916,single_use_contact
CASE048,CDR9917,single_use_contact
CASE048,CDR9918,single_use_contact
CASE048,CDR9919,single_use_contact
CASE048,CDR9920,single_use_contact
CASE048,CDR9921,odd_hour_contact|single_use_contact
CASE048,CDR9922,single_use_contact
CASE048,CDR9923,single_use_contact
CASE048,CDR9924,single_use_contact
CASE048,CDR9925,single_use_contact
CASE048,CDR9926,single_use_contact
CASE048,CDR9927,single_use_contact
CASE048,CDR9928,single_use_contact
CASE048,CDR9929,single_use_contact
CASE048,CDR9930,single_use_contact
CASE048,CDR9931,single_use_contact
CASE048,CDR9932,single_use_contact
CASE048,CDR9933,single_use_contact
CASE048,CDR9934,odd_hour_contact|single_use_contact
CASE048,CDR9935,single_use_contact
CASE048,CDR9936,single_use_contact
CASE048,CDR9937,single_use_contact
CASE048,CDR9938,single_use_contact
CASE048,CDR9939,single_use_contact
CASE048,CDR9940,single_use_contact
CASE048,CDR9941,single_use_contact
CASE048,CDR9942,odd_hour_contact|single_use_contact
CASE048,CDR9943,single_use_contact
CASE048,CDR9944,single_use_contact
CASE048,CDR9945,single_use_contact
CASE048,CDR9946,single_use_contact
CASE048,CDR9947,odd_hour_contact|single_use_contact
CASE048,CDR9948,single_use_contact
CASE048,CDR9949,single_use_contact
CASE048,CDR9950,odd_hour_contact|single_use_contact
CASE048,CDR9951,single_use_contact
CASE048,CDR9952,single_use_contact
CASE048,CDR9953,odd_hour_contact|single_use_contact
CASE048,CDR9954,single_use_contact
CASE048,CDR9955,single_use_contact
CASE048,CDR9956,single_use_contact
CASE048,CDR9957,single_use_contact
CASE048,CDR9958,single_use_contact
CASE048,CDR9959,single_use_contact
CASE049,CDR9962,odd_hour_contact|burst_calling
CASE049,CDR9963,burst_calling
CASE049,CDR9964,burst_calling
CASE049,CDR9965,burst_calling
CASE049,CDR9966,odd_hour_contact|burst_calling
CASE049,CDR9967,burst_calling
CASE049,CDR9973,odd_hour_contact
CASE049,CDR9977,burst_calling
CASE049,CDR9978,burst_calling
CASE049,CDR9979,odd_hour_contact|burst_calling
CASE049,CDR9980,burst_calling
CASE049,CDR9981,burst_calling
CASE049,CDR9982,odd_hour_contact|burst_calling
CASE049,CDR9983,burst_calling
CASE049,CDR9984,burst_calling
CASE049,CDR9985,odd_hour_contact|burst_calling
CASE049,CDR9986,burst_calling
CASE049,CDR9987,burst_calling
CASE049,CDR9988,burst_calling
CASE049,CDR9992,odd_hour_contact|burst_calling
CASE049,CDR9993,burst_calling
CASE049,CDR9994,burst_calling
CASE049,CDR9995,burst_calling
CASE049,CDR9996,burst_calling
CASE049,CDR9997,burst_calling
CASE049,CDR9998,burst_calling
CASE049,CDR9999,odd_hour_contact|burst_calling
CASE049,CDR10000,burst_calling
CASE049,CDR10001,burst_calling
CASE049,CDR10002,burst_calling
CASE049,CDR10004,odd_hour_contact
CASE049,CDR10006,odd_hour_contact
CASE049,CDR10007,odd_hour_contact
CASE049,CDR10010,odd_hour_contact|single_use_contact
CASE049,CDR10011,single_use_contact
CASE049,CDR10012,single_use_contact
CASE049,CDR10013,odd_hour_contact|single_use_contact
CASE049,CDR10014,odd_hour_contact|single_use_contact
CASE049,CDR10015,single_use_contact
CASE049,CDR10016,single_use_contact
CASE049,CDR10018,single_use_contact
CASE049,CDR10019,single_use_contact
CASE049,CDR10020,single_use_contact
CASE049,CDR10021,single_use_contact
CASE049,CDR10022,single_use_contact
CASE049,CDR10023,single_use_contact
CASE049,CDR10024,single_use_contact
CASE049,CDR10025,odd_hour_contact|single_use_contact
CASE049,CDR10026,single_use_contact
CASE049,CDR10027,single_use_contact
CASE049,CDR10028,single_use_contact
CASE049,CDR10029,single_use_contact
CASE049,CDR10030,single_use_contact
CASE049,CDR10031,single_use_contact
CASE049,CDR10032,single_use_contact
CASE049,CDR10033,single_use_contact
CASE049,CDR10034,single_use_contact
CASE049,CDR10035,single_use_contact
CASE049,CDR10036,single_use_contact
CASE049,CDR10037,odd_hour_contact|single_use_contact
CASE049,CDR10038,single_use_contact
CASE049,CDR10039,single_use_contact
CASE049,CDR10040,single_use_contact
CASE049,CDR10041,single_use_contact
CASE049,CDR10042,single_use_contact
CASE049,CDR10043,single_use_contact
CASE049,CDR10044,single_use_contact
CASE049,CDR10045,single_use_contact
CASE049,CDR10046,single_use_contact
CASE049,CDR10047,odd_hour_contact|single_use_contact
CASE049,CDR10048,single_use_contact
CASE049,CDR10049,single_use_contact
CASE049,CDR10050,single_use_contact
CASE049,CDR10051,single_use_contact
CASE049,CDR10052,single_use_contact
CASE049,CDR10053,single_use_contact
CASE049,CDR10054,single_use_contact
CASE049,CDR10055,single_use_contact
CASE049,CDR10056,odd_hour_contact|single_use_contact
CASE049,CDR10057,single_use_contact
CASE049,CDR10058,single_use_contact
CASE049,CDR10059,single_use_contact
CASE049,CDR10060,single_use_contact
CASE049,CDR10061,single_use_contact
CASE049,CDR10062,single_use_contact
CASE049,CDR10063,odd_hour_contact|single_use_contact
CASE049,CDR10064,single_use_contact
CASE049,CDR10065,odd_hour_contact|single_use_contact
CASE049,CDR10066,single_use_contact
CASE049,CDR10067,odd_hour_contact
CASE049,CDR10068,odd_hour_contact|single_use_contact
CASE049,CDR10069,single_use_contact
CASE049,CDR10070,single_use_contact
CASE049,CDR10071,single_use_contact
CASE049,CDR10072,single_use_contact
CASE049,CDR10073,odd_hour_contact|single_use_contact
CASE049,CDR10074,single_use_contact
CASE049,CDR10075,odd_hour_contact|single_use_contact
CASE049,CDR10076,single_use_contact
CASE049,CDR10077,single_use_contact
CASE049,CDR10078,single_use_contact
CASE049,CDR10079,single_use_contact
CASE049,CDR10080,single_use_contact
CASE049,CDR10081,odd_hour_contact|single_use_contact
CASE049,CDR10082,odd_hour_contact|single_use_contact
CASE049,CDR10083,single_use_contact
CASE049,CDR10084,single_use_contact
CASE049,CDR10085,single_use_contact
CASE049,CDR10086,single_use_contact
CASE049,CDR10087,single_use_contact
CASE049,CDR10088,single_use_contact
CASE049,CDR10089,single_use_contact
CASE049,CDR10090,odd_hour_contact|single_use_contact
CASE049,CDR10091,single_use_contact
CASE049,CDR10092,single_use_contact
CASE049,CDR10093,single_use_contact
CASE049,CDR10094,single_use_contact
CASE049,CDR10095,single_use_contact
CASE049,CDR10096,single_use_contact
CASE049,CDR10097,single_use_contact
CASE049,CDR10098,single_use_contact
CASE049,CDR10099,single_use_contact
CASE050,CDR10100,burst_calling
CASE050,CDR10101,odd_hour_contact|burst_calling
CASE050,CDR10102,burst_calling
CASE050,CDR10103,burst_calling
CASE050,CDR10104,burst_calling
CASE050,CDR10105,burst_calling
CASE050,CDR10106,burst_calling
CASE050,CDR10107,burst_calling
CASE050,CDR10108,odd_hour_contact|burst_calling
CASE050,CDR10109,burst_calling
CASE050,CDR10110,odd_hour_contact|burst_calling
CASE050,CDR10111,burst_calling
CASE050,CDR10113,odd_hour_contact
CASE050,CDR10116,odd_hour_contact
CASE050,CDR10118,odd_hour_contact
CASE050,CDR10122,odd_hour_contact
CASE050,CDR10123,odd_hour_contact
CASE050,CDR10125,odd_hour_contact
CASE050,CDR10131,odd_hour_contact|burst_calling
CASE050,CDR10132,burst_calling
CASE050,CDR10133,odd_hour_contact|burst_calling
CASE050,CDR10134,burst_calling
CASE050,CDR10135,odd_hour_contact|burst_calling
CASE050,CDR10136,odd_hour_contact|burst_calling
CASE050,CDR10137,burst_calling
CASE050,CDR10138,burst_calling
CASE050,CDR10139,odd_hour_contact|burst_calling
CASE050,CDR10140,odd_hour_contact|burst_calling
CASE050,CDR10141,burst_calling
CASE050,CDR10142,burst_calling
CASE050,CDR10143,burst_calling
CASE050,CDR10144,burst_calling
CASE050,CDR10145,burst_calling
CASE050,CDR10146,burst_calling
CASE050,CDR10147,burst_calling
CASE050,CDR10148,burst_calling
CASE050,CDR10149,burst_calling
CASE050,CDR10150,burst_calling
CASE050,CDR10151,burst_calling
CASE050,CDR10152,burst_calling
CASE050,CDR10156,burst_calling
CASE050,CDR10157,burst_calling
CASE050,CDR10158,burst_calling
CASE050,CDR10159,burst_calling
CASE050,CDR10160,burst_calling
CASE050,CDR10161,burst_calling
CASE050,CDR10162,odd_hour_contact|burst_calling
CASE050,CDR10163,burst_calling
CASE050,CDR10164,burst_calling
CASE050,CDR10165,burst_calling
CASE050,CDR10166,burst_calling
CASE050,CDR10167,odd_hour_contact|burst_calling
CASE050,CDR10168,odd_hour_contact
CASE050,CDR10169,odd_hour_contact
CASE050,CDR10175,odd_hour_contact
CASE050,CDR10176,burst_calling
CASE050,CDR10177,burst_calling
CASE050,CDR10178,odd_hour_contact|burst_calling
CASE050,CDR10179,burst_calling
CASE050,CDR10180,burst_calling
CASE050,CDR10181,burst_calling
CASE050,CDR10182,odd_hour_contact
CASE050,CDR10186,odd_hour_contact
CASE050,CDR10188,odd_hour_contact
CASE050,CDR10189,burst_calling
CASE050,CDR10190,burst_calling
CASE050,CDR10191,burst_calling
CASE050,CDR10192,burst_calling
CASE050,CDR10193,odd_hour_contact|burst_calling
CASE050,CDR10194,burst_calling
CASE050,CDR10195,burst_calling
CASE050,CDR10196,burst_calling
CASE050,CDR10197,odd_hour_contact|burst_calling
CASE050,CDR10198,burst_calling
CASE050,CDR10199,burst_calling
CASE050,CDR10201,odd_hour_contact
CASE050,CDR10206,odd_hour_contact
CASE050,CDR10209,burst_calling
CASE050,CDR10210,burst_calling
CASE050,CDR10211,odd_hour_contact|burst_calling
CASE050,CDR10212,burst_calling
CASE050,CDR10213,burst_calling
CASE050,CDR10214,burst_calling
CASE050,CDR10215,odd_hour_contact|burst_calling
CASE050,CDR10216,burst_calling
CASE050,CDR10217,burst_calling
CASE050,CDR10218,odd_hour_contact|burst_calling
CASE050,CDR10219,burst_calling
CASE050,CDR10220,odd_hour_contact|burst_calling
CASE050,CDR10223,odd_hour_contact
CASE050,CDR10229,odd_hour_contact|burst_calling
CASE050,CDR10230,burst_calling
CASE050,CDR10231,burst_calling
CASE050,CDR10232,odd_hour_contact|burst_calling
CASE050,CDR10233,odd_hour_contact|burst_calling
CASE050,CDR10234,burst_calling
CASE050,CDR10235,burst_calling
CASE050,CDR10236,burst_calling
CASE050,CDR10237,burst_calling
CASE050,CDR10238,burst_calling
CASE050,CDR10239,burst_calling
CASE050,CDR10240,burst_calling
CASE050,CDR10241,odd_hour_contact|burst_calling
CASE050,CDR10242,burst_calling
CASE050,CDR10243,burst_calling
CASE050,CDR10244,odd_hour_contact|burst_calling
CASE050,CDR10249,burst_calling
CASE050,CDR10250,burst_calling
CASE050,CDR10251,burst_calling
CASE050,CDR10252,burst_calling
CASE050,CDR10253,burst_calling
CASE050,CDR10254,odd_hour_contact|burst_calling
CASE050,CDR10255,burst_calling
CASE050,CDR10256,burst_calling
CASE050,CDR10257,odd_hour_contact|burst_calling
CASE050,CDR10258,burst_calling
CASE050,CDR10259,odd_hour_contact
CASE050,CDR10264,burst_calling
CASE050,CDR10265,burst_calling
CASE050,CDR10266,burst_calling
CASE050,CDR10267,burst_calling
CASE050,CDR10268,odd_hour_contact|burst_calling
CASE050,CDR10269,burst_calling
CASE050,CDR10270,burst_calling
CASE050,CDR10271,odd_hour_contact|burst_calling
CASE050,CDR10272,odd_hour_contact|burst_calling
CASE050,CDR10273,odd_hour_contact|burst_calling
CASE050,CDR10274,burst_calling
CASE050,CDR10276,odd_hour_contact
CASE050,CDR10278,single_use_contact
CASE050,CDR10279,single_use_contact
CASE050,CDR10280,single_use_contact
CASE050,CDR10281,single_use_contact
CASE050,CDR10282,single_use_contact
CASE050,CDR10283,single_use_contact
CASE050,CDR10284,single_use_contact
CASE050,CDR10285,single_use_contact
CASE050,CDR10286,single_use_contact
CASE050,CDR10287,single_use_contact
CASE050,CDR10288,odd_hour_contact|single_use_contact
CASE050,CDR10289,single_use_contact
CASE050,CDR10290,odd_hour_contact|single_use_contact
CASE050,CDR10291,single_use_contact
CASE050,CDR10292,single_use_contact
CASE050,CDR10293,single_use_contact
CASE050,CDR10294,odd_hour_contact|single_use_contact
CASE050,CDR10295,single_use_contact
CASE050,CDR10296,single_use_contact
CASE050,CDR10297,odd_hour_contact|single_use_contact
CASE050,CDR10298,single_use_contact
CASE050,CDR10299,single_use_contact
CASE050,CDR10300,single_use_contact
CASE050,CDR10301,single_use_contact
CASE050,CDR10302,single_use_contact
CASE050,CDR10303,single_use_contact
CASE050,CDR10304,single_use_contact
CASE050,CDR10305,single_use_contact
CASE050,CDR10306,single_use_contact
CASE050,CDR10307,odd_hour_contact|single_use_contact
CASE050,CDR10308,single_use_contact
CASE050,CDR10309,single_use_contact
CASE050,CDR10310,single_use_contact
CASE050,CDR10311,single_use_contact
CASE050,CDR10312,single_use_contact
CASE050,CDR10313,odd_hour_contact|single_use_contact
CASE050,CDR10314,single_use_contact
CASE050,CDR10315,odd_hour_contact|single_use_contact
CASE050,CDR10316,odd_hour_contact|single_use_contact
CASE050,CDR10317,odd_hour_contact|single_use_contact
CASE050,CDR10318,single_use_contact
CASE050,CDR10319,single_use_contact
CASE050,CDR10320,single_use_contact
CASE050,CDR10321,odd_hour_contact|single_use_contact
CASE050,CDR10322,single_use_contact
CASE050,CDR10323,single_use_contact
CASE050,CDR10324,single_use_contact
CASE050,CDR10325,single_use_contact
CASE050,CDR10326,single_use_contact
CASE050,CDR10327,single_use_contact
CASE050,CDR10328,single_use_contact
CASE050,CDR10329,single_use_contact
CASE050,CDR10330,single_use_contact
CASE050,CDR10331,single_use_contact
CASE050,CDR10332,single_use_contact
CASE050,CDR10333,single_use_contact
CASE050,CDR10334,odd_hour_contact|single_use_contact
CASE050,CDR10335,single_use_contact
CASE050,CDR10336,single_use_contact
CASE050,CDR10337,single_use_contact
CASE050,CDR10338,single_use_contact
CASE050,CDR10339,single_use_contact
CASE050,CDR10340,single_use_contact
CASE050,CDR10341,single_use_contact
CASE050,CDR10342,single_use_contact
CASE050,CDR10343,single_use_contact
CASE050,CDR10344,single_use_contact
CASE050,CDR10345,single_use_contact
CASE050,CDR10346,single_use_contact
CASE050,CDR10347,single_use_contact
CASE050,CDR10348,single_use_contact
CASE050,CDR10349,single_use_contact
CASE050,CDR10350,odd_hour_contact|single_use_contact
CASE050,CDR10351,single_use_contact
CASE050,CDR10352,single_use_contact
CASE050,CDR10353,single_use_contact
CASE050,CDR10354,single_use_contact
CASE050,CDR10355,single_use_contact
CASE050,CDR10356,single_use_contact
CASE050,CDR10357,single_use_contact
CASE050,CDR10358,odd_hour_contact|single_use_contact
CASE050,CDR10359,odd_hour_contact|single_use_contact
CASE050,CDR10360,single_use_contact
CASE050,CDR10361,single_use_contact
CASE050,CDR10362,single_use_contact
CASE050,CDR10363,odd_hour_contact|single_use_contact
CASE050,CDR10364,single_use_contact
CASE050,CDR10365,odd_hour_contact|single_use_contact
CASE050,CDR10366,odd_hour_contact|single_use_contact
CASE050,CDR10367,single_use_contact
CASE051,CDR10368,burst_calling
CASE051,CDR10369,burst_calling
CASE051,CDR10370,burst_calling
CASE051,CDR10371,odd_hour_contact|burst_calling
CASE051,CDR10372,burst_calling
CASE051,CDR10373,burst_calling
CASE051,CDR10374,burst_calling
CASE051,CDR10375,burst_calling
CASE051,CDR10376,burst_calling
CASE051,CDR10377,burst_calling
CASE051,CDR10378,odd_hour_contact|burst_calling
CASE051,CDR10379,burst_calling
CASE051,CDR10380,single_use_contact
CASE051,CDR10381,single_use_contact
CASE051,CDR10382,single_use_contact
CASE051,CDR10383,single_use_contact
CASE051,CDR10384,single_use_contact
CASE051,CDR10385,single_use_contact
CASE051,CDR10386,single_use_contact
CASE051,CDR10387,single_use_contact
CASE051,CDR10388,odd_hour_contact|single_use_contact
CASE051,CDR10389,single_use_contact
CASE051,CDR10390,single_use_contact
CASE051,CDR10391,odd_hour_contact|single_use_contact
CASE051,CDR10392,single_use_contact
CASE051,CDR10393,single_use_contact
CASE051,CDR10394,single_use_contact
CASE051,CDR10395,single_use_contact
CASE051,CDR10396,single_use_contact
CASE051,CDR10397,single_use_contact
CASE051,CDR10398,single_use_contact
CASE051,CDR10399,single_use_contact
CASE051,CDR10400,single_use_contact
CASE051,CDR10401,single_use_contact
CASE051,CDR10402,odd_hour_contact|single_use_contact
CASE051,CDR10403,single_use_contact
CASE051,CDR10404,odd_hour_contact|single_use_contact
CASE051,CDR10405,odd_hour_contact|single_use_contact
CASE051,CDR10406,single_use_contact
CASE051,CDR10407,odd_hour_contact|single_use_contact
CASE051,CDR10408,single_use_contact
CASE051,CDR10410,single_use_contact
CASE051,CDR10411,single_use_contact
CASE051,CDR10413,single_use_contact
CASE051,CDR10414,odd_hour_contact|single_use_contact
CASE051,CDR10415,single_use_contact
CASE051,CDR10416,single_use_contact
CASE051,CDR10417,single_use_contact
CASE051,CDR10418,single_use_contact
CASE051,CDR10419,single_use_contact
CASE051,CDR10420,single_use_contact
CASE051,CDR10421,odd_hour_contact|single_use_contact
CASE051,CDR10422,single_use_contact
CASE051,CDR10423,odd_hour_contact|single_use_contact
CASE051,CDR10424,single_use_contact
CASE051,CDR10425,single_use_contact
CASE051,CDR10426,single_use_contact
CASE051,CDR10427,single_use_contact
CASE051,CDR10428,single_use_contact
CASE051,CDR10429,single_use_contact
CASE051,CDR10430,single_use_contact
CASE051,CDR10432,single_use_contact
CASE051,CDR10433,single_use_contact
CASE051,CDR10434,odd_hour_contact|single_use_contact
CASE051,CDR10435,odd_hour_contact|single_use_contact
CASE051,CDR10436,odd_hour_contact|single_use_contact
CASE051,CDR10437,single_use_contact
CASE051,CDR10438,single_use_contact
CASE051,CDR10439,single_use_contact
CASE051,CDR10440,single_use_contact
CASE051,CDR10441,single_use_contact
CASE051,CDR10442,single_use_contact
CASE051,CDR10443,single_use_contact
CASE051,CDR10444,single_use_contact
CASE051,CDR10445,single_use_contact
CASE051,CDR10446,odd_hour_contact|single_use_contact
CASE051,CDR10447,single_use_contact
CASE051,CDR10448,odd_hour_contact|single_use_contact
CASE051,CDR10449,single_use_contact
CASE051,CDR10450,single_use_contact
CASE051,CDR10451,odd_hour_contact|single_use_contact
CASE051,CDR10452,single_use_contact
CASE051,CDR10453,single_use_contact
CASE051,CDR10454,single_use_contact
CASE051,CDR10455,single_use_contact
CASE051,CDR10456,single_use_contact
CASE051,CDR10457,single_use_contact
CASE051,CDR10458,odd_hour_contact|single_use_contact
CASE051,CDR10459,single_use_contact
CASE051,CDR10460,single_use_contact
CASE051,CDR10461,single_use_contact
CASE051,CDR10462,single_use_contact
CASE051,CDR10463,single_use_contact
CASE051,CDR10464,odd_hour_contact
CASE051,CDR10465,single_use_contact
CASE051,CDR10466,single_use_contact
CASE051,CDR10467,odd_hour_contact|single_use_contact
CASE051,CDR10468,single_use_contact
CASE051,CDR10469,single_use_contact
CASE052,CDR10470,odd_hour_contact|burst_calling
CASE052,CDR10471,burst_calling
CASE052,CDR10472,burst_calling
CASE052,CDR10473,burst_calling
CASE052,CDR10474,burst_calling
CASE052,CDR10475,burst_calling
CASE052,CDR10476,burst_calling
CASE052,CDR10477,burst_calling
CASE052,CDR10478,burst_calling
CASE052,CDR10479,burst_calling
CASE052,CDR10480,odd_hour_contact|burst_calling
CASE052,CDR10481,single_use_contact
CASE052,CDR10482,odd_hour_contact
CASE052,CDR10483,single_use_contact
CASE052,CDR10484,single_use_contact
CASE052,CDR10485,single_use_contact
CASE052,CDR10486,single_use_contact
CASE052,CDR10487,single_use_contact
CASE052,CDR10488,odd_hour_contact|single_use_contact
CASE052,CDR10489,single_use_contact
CASE052,CDR10490,single_use_contact
CASE052,CDR10491,single_use_contact
CASE052,CDR10492,single_use_contact
CASE052,CDR10493,single_use_contact
CASE052,CDR10494,odd_hour_contact|single_use_contact
CASE052,CDR10495,single_use_contact
CASE052,CDR10496,single_use_contact
CASE052,CDR10497,odd_hour_contact|single_use_contact
CASE052,CDR10498,single_use_contact
CASE052,CDR10499,single_use_contact
CASE052,CDR10500,single_use_contact
CASE052,CDR10501,single_use_contact
CASE052,CDR10502,single_use_contact
CASE052,CDR10503,single_use_contact
CASE052,CDR10504,single_use_contact
CASE052,CDR10505,single_use_contact
CASE052,CDR10506,single_use_contact
CASE052,CDR10507,single_use_contact
CASE052,CDR10508,single_use_contact
CASE052,CDR10509,single_use_contact
CASE052,CDR10510,single_use_contact
CASE052,CDR10512,single_use_contact
CASE052,CDR10513,single_use_contact
CASE052,CDR10514,single_use_contact
CASE052,CDR10515,single_use_contact
CASE052,CDR10516,single_use_contact
CASE052,CDR10517,single_use_contact
CASE052,CDR10518,single_use_contact
CASE052,CDR10519,single_use_contact
CASE052,CDR10520,single_use_contact
CASE052,CDR10521,odd_hour_contact|single_use_contact
CASE052,CDR10522,single_use_contact
CASE052,CDR10523,single_use_contact
CASE052,CDR10524,single_use_contact
CASE052,CDR10525,odd_hour_contact|single_use_contact
CASE052,CDR10526,single_use_contact
CASE052,CDR10527,single_use_contact
CASE052,CDR10528,single_use_contact
CASE052,CDR10529,single_use_contact
CASE052,CDR10530,single_use_contact
CASE052,CDR10531,single_use_contact
CASE052,CDR10532,single_use_contact
CASE052,CDR10533,single_use_contact
CASE052,CDR10535,single_use_contact
CASE052,CDR10536,single_use_contact
CASE052,CDR10537,single_use_contact
CASE052,CDR10538,odd_hour_contact|single_use_contact
CASE052,CDR10539,single_use_contact
CASE052,CDR10540,odd_hour_contact|single_use_contact
CASE052,CDR10541,single_use_contact
CASE052,CDR10542,single_use_contact
CASE052,CDR10544,single_use_contact
CASE052,CDR10545,single_use_contact
CASE052,CDR10546,odd_hour_contact|single_use_contact
CASE052,CDR10547,single_use_contact
CASE052,CDR10548,single_use_contact
CASE052,CDR10549,single_use_contact
CASE052,CDR10550,single_use_contact
CASE052,CDR10551,single_use_contact
CASE052,CDR10552,single_use_contact
CASE052,CDR10553,single_use_contact
CASE052,CDR10554,single_use_contact
CASE052,CDR10555,single_use_contact
CASE052,CDR10556,single_use_contact
CASE052,CDR10557,odd_hour_contact|single_use_contact
CASE052,CDR10558,odd_hour_contact|single_use_contact
CASE052,CDR10559,odd_hour_contact|single_use_contact
CASE052,CDR10560,single_use_contact
CASE052,CDR10561,single_use_contact
CASE052,CDR10562,single_use_contact
CASE052,CDR10563,single_use_contact
CASE052,CDR10564,single_use_contact
CASE052,CDR10565,single_use_contact
CASE052,CDR10566,single_use_contact
CASE052,CDR10567,single_use_contact
CASE052,CDR10568,odd_hour_contact|single_use_contact
CASE052,CDR10569,single_use_contact
CASE052,CDR10570,odd_hour_contact|single_use_contact
CASE053,CDR10571,burst_calling
CASE053,CDR10572,burst_calling
CASE053,CDR10573,burst_calling
CASE053,CDR10574,burst_calling
CASE053,CDR10575,burst_calling
CASE053,CDR10579,burst_calling
CASE053,CDR10580,burst_calling
CASE053,CDR10581,burst_calling
CASE053,CDR10582,odd_hour_contact|burst_calling
CASE053,CDR10583,burst_calling
CASE053,CDR10595,odd_hour_contact
CASE053,CDR10605,odd_hour_contact|burst_calling
CASE053,CDR10606,odd_hour_contact|burst_calling
CASE053,CDR10607,burst_calling
CASE053,CDR10608,burst_calling
CASE053,CDR10609,burst_calling
CASE053,CDR10610,single_use_contact
CASE053,CDR10611,odd_hour_contact|single_use_contact
CASE053,CDR10612,single_use_contact
CASE053,CDR10613,single_use_contact
CASE053,CDR10614,single_use_contact
CASE053,CDR10615,single_use_contact
CASE053,CDR10616,single_use_contact
CASE053,CDR10617,single_use_contact
CASE053,CDR10618,single_use_contact
CASE053,CDR10619,single_use_contact
CASE053,CDR10620,single_use_contact
CASE053,CDR10621,odd_hour_contact|single_use_contact
CASE053,CDR10622,single_use_contact
CASE053,CDR10623,single_use_contact
CASE053,CDR10624,single_use_contact
CASE053,CDR10625,single_use_contact
CASE053,CDR10626,single_use_contact
CASE053,CDR10627,odd_hour_contact|single_use_contact
CASE053,CDR10628,single_use_contact
CASE053,CDR10629,single_use_contact
CASE053,CDR10630,single_use_contact
CASE053,CDR10631,single_use_contact
CASE053,CDR10632,odd_hour_contact|single_use_contact
CASE053,CDR10633,odd_hour_contact|single_use_contact
CASE053,CDR10634,single_use_contact
CASE053,CDR10635,single_use_contact
CASE053,CDR10636,single_use_contact
CASE053,CDR10637,single_use_contact
CASE053,CDR10638,single_use_contact
CASE053,CDR10639,single_use_contact
CASE053,CDR10640,single_use_contact
CASE053,CDR10641,single_use_contact
CASE053,CDR10642,odd_hour_contact|single_use_contact
CASE053,CDR10643,single_use_contact
CASE053,CDR10644,single_use_contact
CASE053,CDR10645,single_use_contact
CASE053,CDR10646,single_use_contact
CASE053,CDR10647,single_use_contact
CASE053,CDR10648,single_use_contact
CASE053,CDR10649,odd_hour_contact|single_use_contact
CASE053,CDR10650,single_use_contact
CASE053,CDR10651,single_use_contact
CASE053,CDR10652,single_use_contact
CASE053,CDR10653,single_use_contact
CASE053,CDR10654,single_use_contact
CASE053,CDR10655,single_use_contact
CASE053,CDR10656,odd_hour_contact|single_use_contact
CASE053,CDR10657,single_use_contact
CASE053,CDR10658,single_use_contact
CASE053,CDR10659,single_use_contact
CASE053,CDR10660,single_use_contact
CASE053,CDR10661,single_use_contact
CASE053,CDR10662,odd_hour_contact|single_use_contact
CASE053,CDR10663,single_use_contact
CASE053,CDR10664,single_use_contact
CASE053,CDR10665,single_use_contact
CASE053,CDR10666,single_use_contact
CASE053,CDR10667,single_use_contact
CASE053,CDR10668,odd_hour_contact|single_use_contact
CASE053,CDR10669,single_use_contact
CASE053,CDR10670,single_use_contact
CASE053,CDR10671,single_use_contact
CASE053,CDR10672,single_use_contact
CASE053,CDR10673,single_use_contact
CASE053,CDR10674,single_use_contact
CASE053,CDR10675,odd_hour_contact|single_use_contact
CASE053,CDR10676,single_use_contact
CASE053,CDR10677,odd_hour_contact|single_use_contact
CASE053,CDR10678,single_use_contact
CASE053,CDR10679,odd_hour_contact|single_use_contact
CASE053,CDR10680,single_use_contact
CASE053,CDR10681,single_use_contact
CASE053,CDR10682,single_use_contact
CASE053,CDR10683,single_use_contact
CASE053,CDR10684,single_use_contact
CASE053,CDR10685,odd_hour_contact|single_use_contact
CASE053,CDR10686,single_use_contact
CASE053,CDR10687,single_use_contact
CASE053,CDR10688,single_use_contact
CASE053,CDR10689,single_use_contact
CASE053,CDR10690,single_use_contact
CASE053,CDR10691,single_use_contact
CASE053,CDR10692,odd_hour_contact|single_use_contact
CASE053,CDR10693,single_use_contact
CASE053,CDR10694,odd_hour_contact|single_use_contact
CASE053,CDR10695,single_use_contact
CASE053,CDR10696,single_use_contact
CASE053,CDR10697,single_use_contact
CASE053,CDR10698,single_use_contact
CASE053,CDR10699,single_use_contact
CASE054,CDR10700,odd_hour_contact
CASE054,CDR10701,odd_hour_contact
CASE054,CDR10702,odd_hour_contact
CASE054,CDR10704,burst_calling
CASE054,CDR10705,burst_calling
CASE054,CDR10706,odd_hour_contact|burst_calling
CASE054,CDR10707,burst_calling
CASE054,CDR10708,burst_calling
CASE054,CDR10711,odd_hour_contact
CASE054,CDR10713,odd_hour_contact|single_use_contact
CASE054,CDR10714,odd_hour_contact|single_use_contact
CASE054,CDR10715,single_use_contact
CASE054,CDR10716,odd_hour_contact|single_use_contact
CASE054,CDR10717,single_use_contact
CASE054,CDR10718,single_use_contact
CASE054,CDR10719,odd_hour_contact|single_use_contact
CASE054,CDR10720,odd_hour_contact|single_use_contact
CASE054,CDR10721,odd_hour_contact|single_use_contact
CASE054,CDR10722,single_use_contact
CASE054,CDR10723,odd_hour_contact|single_use_contact
CASE054,CDR10724,single_use_contact
CASE054,CDR10725,odd_hour_contact|single_use_contact
CASE054,CDR10726,single_use_contact
CASE054,CDR10727,single_use_contact
CASE054,CDR10728,single_use_contact
CASE054,CDR10729,single_use_contact
CASE054,CDR10730,single_use_contact
CASE054,CDR10731,odd_hour_contact|single_use_contact
CASE054,CDR10732,single_use_contact
CASE054,CDR10733,single_use_contact
CASE054,CDR10734,single_use_contact
CASE054,CDR10735,single_use_contact
CASE054,CDR10736,single_use_contact
CASE054,CDR10737,single_use_contact
CASE054,CDR10738,single_use_contact
CASE054,CDR10739,single_use_contact
CASE054,CDR10740,single_use_contact
CASE054,CDR10741,single_use_contact
CASE054,CDR10742,single_use_contact
CASE054,CDR10743,single_use_contact
CASE054,CDR10744,single_use_contact
CASE054,CDR10745,single_use_contact
CASE054,CDR10746,single_use_contact
CASE054,CDR10747,odd_hour_contact|single_use_contact
CASE054,CDR10748,single_use_contact
CASE054,CDR10749,single_use_contact
CASE054,CDR10750,odd_hour_contact|single_use_contact
CASE054,CDR10751,single_use_contact
CASE054,CDR10752,single_use_contact
CASE054,CDR10753,odd_hour_contact|single_use_contact
CASE054,CDR10754,single_use_contact
CASE054,CDR10755,single_use_contact
CASE054,CDR10756,odd_hour_contact|single_use_contact
CASE054,CDR10757,single_use_contact
CASE054,CDR10758,single_use_contact
CASE054,CDR10759,single_use_contact
CASE054,CDR10760,single_use_contact
CASE054,CDR10761,single_use_contact
CASE054,CDR10762,odd_hour_contact|single_use_contact
CASE054,CDR10763,single_use_contact
CASE054,CDR10764,single_use_contact
CASE054,CDR10765,single_use_contact
CASE054,CDR10766,single_use_contact
CASE054,CDR10767,odd_hour_contact|single_use_contact
CASE054,CDR10768,single_use_contact
CASE054,CDR10769,odd_hour_contact|single_use_contact
CASE054,CDR10770,single_use_contact
CASE054,CDR10771,single_use_contact
CASE054,CDR10772,odd_hour_contact|single_use_contact
CASE054,CDR10773,single_use_contact
CASE054,CDR10774,odd_hour_contact|single_use_contact
CASE054,CDR10775,single_use_contact
CASE054,CDR10776,single_use_contact
CASE054,CDR10777,single_use_contact
CASE054,CDR10778,single_use_contact
CASE054,CDR10779,single_use_contact
CASE054,CDR10780,single_use_contact
CASE054,CDR10781,single_use_contact
CASE054,CDR10782,single_use_contact
CASE054,CDR10783,odd_hour_contact|single_use_contact
CASE054,CDR10784,single_use_contact
CASE054,CDR10785,single_use_contact
CASE054,CDR10786,single_use_contact
CASE054,CDR10787,single_use_contact
CASE054,CDR10788,single_use_contact
CASE054,CDR10789,odd_hour_contact|single_use_contact
CASE054,CDR10790,odd_hour_contact|single_use_contact
CASE054,CDR10791,single_use_contact
CASE054,CDR10792,single_use_contact
CASE054,CDR10793,odd_hour_contact|single_use_contact
CASE054,CDR10794,single_use_contact
CASE054,CDR10795,single_use_contact
CASE054,CDR10796,single_use_contact
CASE054,CDR10797,odd_hour_contact|single_use_contact
CASE054,CDR10798,single_use_contact
CASE054,CDR10799,odd_hour_contact|single_use_contact
CASE054,CDR10800,odd_hour_contact|single_use_contact
CASE054,CDR10801,odd_hour_contact|single_use_contact
CASE054,CDR10802,odd_hour_contact|single_use_contact
CASE055,CDR10803,burst_calling
CASE055,CDR10804,burst_calling
CASE055,CDR10805,burst_calling
CASE055,CDR10806,burst_calling
CASE055,CDR10807,burst_calling
CASE055,CDR10808,burst_calling
CASE055,CDR10812,burst_calling
CASE055,CDR10813,burst_calling
CASE055,CDR10814,burst_calling
CASE055,CDR10815,burst_calling
CASE055,CDR10816,burst_calling
CASE055,CDR10821,odd_hour_contact
CASE055,CDR10822,burst_calling
CASE055,CDR10823,burst_calling
CASE055,CDR10824,burst_calling
CASE055,CDR10825,burst_calling
CASE055,CDR10826,burst_calling
CASE055,CDR10827,burst_calling
CASE055,CDR10828,burst_calling
CASE055,CDR10829,burst_calling
CASE055,CDR10830,burst_calling
CASE055,CDR10831,odd_hour_contact|burst_calling
CASE055,CDR10832,burst_calling
CASE055,CDR10833,burst_calling
CASE055,CDR10834,burst_calling
CASE055,CDR10835,odd_hour_contact|burst_calling
CASE055,CDR10836,odd_hour_contact|burst_calling
CASE055,CDR10837,odd_hour_contact|burst_calling
CASE055,CDR10838,burst_calling
CASE055,CDR10839,burst_calling
CASE055,CDR10840,single_use_contact
CASE055,CDR10841,single_use_contact
CASE055,CDR10842,single_use_contact
CASE055,CDR10843,single_use_contact
CASE055,CDR10844,odd_hour_contact|single_use_contact
CASE055,CDR10845,single_use_contact
CASE055,CDR10846,single_use_contact
CASE055,CDR10847,single_use_contact
CASE055,CDR10848,single_use_contact
CASE055,CDR10849,single_use_contact
CASE055,CDR10850,single_use_contact
CASE055,CDR10851,odd_hour_contact|single_use_contact
CASE055,CDR10852,odd_hour_contact|single_use_contact
CASE055,CDR10853,single_use_contact
CASE055,CDR10854,single_use_contact
CASE055,CDR10855,single_use_contact
CASE055,CDR10856,odd_hour_contact|single_use_contact
CASE055,CDR10857,single_use_contact
CASE055,CDR10858,single_use_contact
CASE055,CDR10859,single_use_contact
CASE055,CDR10860,single_use_contact
CASE055,CDR10861,single_use_contact
CASE055,CDR10862,odd_hour_contact|single_use_contact
CASE055,CDR10863,single_use_contact
CASE055,CDR10864,odd_hour_contact|single_use_contact
CASE055,CDR10865,single_use_contact
CASE055,CDR10866,single_use_contact
CASE055,CDR10867,single_use_contact
CASE055,CDR10868,single_use_contact
CASE055,CDR10869,single_use_contact
CASE055,CDR10870,odd_hour_contact|single_use_contact
CASE055,CDR10871,single_use_contact
CASE055,CDR10872,single_use_contact
CASE055,CDR10873,single_use_contact
CASE055,CDR10874,single_use_contact
CASE055,CDR10875,odd_hour_contact|single_use_contact
CASE055,CDR10876,odd_hour_contact|single_use_contact
CASE055,CDR10877,single_use_contact
CASE055,CDR10878,odd_hour_contact|single_use_contact
CASE055,CDR10879,single_use_contact
CASE055,CDR10880,odd_hour_contact|single_use_contact
CASE055,CDR10881,single_use_contact
CASE055,CDR10882,single_use_contact
CASE055,CDR10883,single_use_contact
CASE055,CDR10884,odd_hour_contact|single_use_contact
CASE055,CDR10885,single_use_contact
CASE055,CDR10886,odd_hour_contact|single_use_contact
CASE055,CDR10887,single_use_contact
CASE055,CDR10888,single_use_contact
CASE055,CDR10889,single_use_contact
CASE055,CDR10890,single_use_contact
CASE055,CDR10891,odd_hour_contact|single_use_contact
CASE055,CDR10892,single_use_contact
CASE055,CDR10893,single_use_contact
CASE055,CDR10894,single_use_contact
CASE055,CDR10895,single_use_contact
CASE055,CDR10896,odd_hour_contact|single_use_contact
CASE055,CDR10897,single_use_contact
CASE055,CDR10898,single_use_contact
CASE055,CDR10899,single_use_contact
CASE055,CDR10900,single_use_contact
CASE055,CDR10901,single_use_contact
CASE055,CDR10902,single_use_contact
CASE055,CDR10903,single_use_contact
CASE055,CDR10904,single_use_contact
CASE055,CDR10905,single_use_contact
CASE055,CDR10906,single_use_contact
CASE055,CDR10907,single_use_contact
CASE055,CDR10908,odd_hour_contact|single_use_contact
CASE055,CDR10909,odd_hour_contact|single_use_contact
CASE055,CDR10910,odd_hour_contact|single_use_contact
CASE055,CDR10911,single_use_contact
CASE055,CDR10912,single_use_contact
CASE055,CDR10913,single_use_contact
CASE055,CDR10914,single_use_contact
CASE055,CDR10915,single_use_contact
CASE055,CDR10916,single_use_contact
CASE055,CDR10917,single_use_contact
CASE055,CDR10918,odd_hour_contact|single_use_contact
CASE055,CDR10919,single_use_contact
CASE055,CDR10920,single_use_contact
CASE055,CDR10921,single_use_contact
CASE055,CDR10922,single_use_contact
CASE055,CDR10923,single_use_contact
CASE055,CDR10924,single_use_contact
CASE055,CDR10925,odd_hour_contact|single_use_contact
CASE055,CDR10926,single_use_contact
CASE055,CDR10927,single_use_contact
CASE055,CDR10928,single_use_contact
CASE055,CDR10929,single_use_contact
CASE056,CDR10931,odd_hour_contact
CASE056,CDR10936,odd_hour_contact|burst_calling
CASE056,CDR10937,burst_calling
CASE056,CDR10938,burst_calling
CASE056,CDR10939,burst_calling
CASE056,CDR10940,burst_calling
CASE056,CDR10941,odd_hour_contact|burst_calling
CASE056,CDR10942,odd_hour_contact
CASE056,CDR10948,odd_hour_contact
CASE056,CDR10949,odd_hour_contact
CASE056,CDR10951,burst_calling
CASE056,CDR10952,burst_calling
CASE056,CDR10953,burst_calling
CASE056,CDR10954,burst_calling
CASE056,CDR10955,burst_calling
CASE056,CDR10956,burst_calling
CASE056,CDR10958,odd_hour_contact
CASE056,CDR10960,odd_hour_contact
CASE056,CDR10961,burst_calling
CASE056,CDR10962,burst_calling
CASE056,CDR10963,burst_calling
CASE056,CDR10964,burst_calling
CASE056,CDR10965,burst_calling
CASE056,CDR10966,burst_calling
CASE056,CDR10967,burst_calling
CASE056,CDR10968,odd_hour_contact|burst_calling
CASE056,CDR10969,burst_calling
CASE056,CDR10970,burst_calling
CASE056,CDR10971,odd_hour_contact|burst_calling
CASE056,CDR10972,burst_calling
CASE056,CDR10973,burst_calling
CASE056,CDR10974,burst_calling
CASE056,CDR10975,burst_calling
CASE056,CDR10978,odd_hour_contact
CASE056,CDR10980,odd_hour_contact
CASE056,CDR10981,odd_hour_contact
CASE056,CDR10994,odd_hour_contact
CASE056,CDR10995,burst_calling
CASE056,CDR10996,burst_calling
CASE056,CDR10997,burst_calling
CASE056,CDR10998,burst_calling
CASE056,CDR10999,burst_calling
CASE056,CDR11004,odd_hour_contact|burst_calling
CASE056,CDR11005,burst_calling
CASE056,CDR11006,odd_hour_contact|burst_calling
CASE056,CDR11007,burst_calling
CASE056,CDR11008,odd_hour_contact|burst_calling
CASE056,CDR11009,odd_hour_contact|burst_calling
CASE056,CDR11010,burst_calling
CASE056,CDR11011,burst_calling
CASE056,CDR11012,odd_hour_contact|burst_calling
CASE056,CDR11013,burst_calling
CASE056,CDR11014,burst_calling
CASE056,CDR11015,burst_calling
CASE056,CDR11016,burst_calling
CASE056,CDR11017,burst_calling
CASE056,CDR11018,burst_calling
CASE056,CDR11019,burst_calling
CASE056,CDR11020,burst_calling
CASE056,CDR11022,odd_hour_contact
CASE056,CDR11026,odd_hour_contact
CASE056,CDR11029,odd_hour_contact
CASE056,CDR11030,odd_hour_contact
CASE056,CDR11031,burst_calling
CASE056,CDR11032,burst_calling
CASE056,CDR11033,burst_calling
CASE056,CDR11034,burst_calling
CASE056,CDR11035,burst_calling
CASE056,CDR11036,burst_calling
CASE056,CDR11037,burst_calling
CASE056,CDR11038,odd_hour_contact|burst_calling
CASE056,CDR11039,burst_calling
CASE056,CDR11040,burst_calling
CASE056,CDR11041,burst_calling
CASE056,CDR11042,burst_calling
CASE056,CDR11043,odd_hour_contact|burst_calling
CASE056,CDR11044,burst_calling
CASE056,CDR11045,burst_calling
CASE056,CDR11046,odd_hour_contact|burst_calling
CASE056,CDR11047,burst_calling
CASE056,CDR11048,burst_calling
CASE056,CDR11051,odd_hour_contact
CASE056,CDR11057,odd_hour_contact|burst_calling
CASE056,CDR11058,burst_calling
CASE056,CDR11059,burst_calling
CASE056,CDR11060,odd_hour_contact|burst_calling
CASE056,CDR11061,odd_hour_contact|burst_calling
CASE056,CDR11062,burst_calling
CASE056,CDR11063,burst_calling
CASE056,CDR11064,burst_calling
CASE056,CDR11065,odd_hour_contact|burst_calling
CASE056,CDR11066,burst_calling
CASE056,CDR11067,burst_calling
CASE056,CDR11068,odd_hour_contact
CASE056,CDR11071,odd_hour_contact
CASE056,CDR11072,odd_hour_contact
CASE056,CDR11076,burst_calling
CASE056,CDR11077,odd_hour_contact|burst_calling
CASE056,CDR11078,burst_calling
CASE056,CDR11079,burst_calling
CASE056,CDR11080,burst_calling
CASE056,CDR11081,odd_hour_contact
CASE056,CDR11086,odd_hour_contact
CASE056,CDR11088,burst_calling
CASE056,CDR11089,burst_calling
CASE056,CDR11090,burst_calling
CASE056,CDR11091,odd_hour_contact|burst_calling
CASE056,CDR11092,odd_hour_contact|burst_calling
CASE056,CDR11094,odd_hour_contact
CASE056,CDR11101,burst_calling
CASE056,CDR11102,burst_calling
CASE056,CDR11103,burst_calling
CASE056,CDR11104,burst_calling
CASE056,CDR11105,burst_calling
CASE056,CDR11106,odd_hour_contact|burst_calling
CASE056,CDR11120,burst_calling
CASE056,CDR11121,burst_calling
CASE056,CDR11122,burst_calling
CASE056,CDR11123,odd_hour_contact|burst_calling
CASE056,CDR11124,burst_calling
CASE056,CDR11125,burst_calling
CASE056,CDR11130,odd_hour_contact|burst_calling
CASE056,CDR11131,odd_hour_contact|burst_calling
CASE056,CDR11132,odd_hour_contact|burst_calling
CASE056,CDR11133,burst_calling
CASE056,CDR11134,odd_hour_contact|burst_calling
CASE056,CDR11135,burst_calling
CASE056,CDR11138,odd_hour_contact
CASE056,CDR11142,odd_hour_contact
CASE056,CDR11145,odd_hour_contact
CASE056,CDR11147,burst_calling
CASE056,CDR11148,burst_calling
CASE056,CDR11149,burst_calling
CASE056,CDR11150,odd_hour_contact|burst_calling
CASE056,CDR11151,burst_calling
CASE056,CDR11152,odd_hour_contact
CASE056,CDR11154,single_use_contact
CASE056,CDR11155,single_use_contact
CASE056,CDR11156,single_use_contact
CASE056,CDR11157,single_use_contact
CASE056,CDR11158,single_use_contact
CASE056,CDR11159,single_use_contact
CASE056,CDR11160,single_use_contact
CASE056,CDR11161,odd_hour_contact|single_use_contact
CASE056,CDR11162,single_use_contact
CASE056,CDR11163,odd_hour_contact|single_use_contact
CASE056,CDR11164,single_use_contact
CASE056,CDR11165,single_use_contact
CASE056,CDR11166,single_use_contact
CASE056,CDR11167,single_use_contact
CASE056,CDR11168,single_use_contact
CASE056,CDR11169,single_use_contact
CASE056,CDR11170,single_use_contact
CASE056,CDR11171,single_use_contact
CASE056,CDR11172,single_use_contact
CASE056,CDR11173,odd_hour_contact|single_use_contact
CASE056,CDR11174,single_use_contact
CASE056,CDR11175,single_use_contact
CASE056,CDR11176,single_use_contact
CASE056,CDR11177,odd_hour_contact|single_use_contact
CASE056,CDR11178,single_use_contact
CASE056,CDR11179,single_use_contact
CASE056,CDR11180,odd_hour_contact|single_use_contact
CASE056,CDR11181,single_use_contact
CASE056,CDR11182,single_use_contact
CASE056,CDR11183,single_use_contact
CASE056,CDR11184,odd_hour_contact|single_use_contact
CASE056,CDR11185,single_use_contact
CASE056,CDR11186,single_use_contact
CASE056,CDR11187,odd_hour_contact|single_use_contact
CASE056,CDR11188,single_use_contact
CASE056,CDR11189,odd_hour_contact|single_use_contact
CASE056,CDR11190,single_use_contact
CASE056,CDR11191,single_use_contact
CASE056,CDR11192,single_use_contact
CASE056,CDR11193,single_use_contact
CASE056,CDR11194,single_use_contact
CASE056,CDR11195,odd_hour_contact|single_use_contact
CASE056,CDR11196,odd_hour_contact|single_use_contact
CASE056,CDR11197,single_use_contact
CASE056,CDR11198,odd_hour_contact|single_use_contact
CASE056,CDR11199,single_use_contact
CASE056,CDR11200,single_use_contact
CASE056,CDR11201,single_use_contact
CASE056,CDR11202,single_use_contact
CASE056,CDR11203,single_use_contact
CASE056,CDR11204,single_use_contact
CASE056,CDR11205,single_use_contact
CASE056,CDR11206,odd_hour_contact|single_use_contact
CASE056,CDR11207,single_use_contact
CASE056,CDR11208,single_use_contact
CASE056,CDR11209,single_use_contact
CASE056,CDR11210,single_use_contact
CASE056,CDR11211,single_use_contact
CASE056,CDR11212,single_use_contact
CASE056,CDR11213,odd_hour_contact|single_use_contact
CASE056,CDR11214,single_use_contact
CASE056,CDR11215,single_use_contact
CASE056,CDR11216,single_use_contact
CASE056,CDR11217,single_use_contact
CASE056,CDR11218,single_use_contact
CASE056,CDR11219,single_use_contact
CASE056,CDR11220,odd_hour_contact|single_use_contact
CASE056,CDR11221,single_use_contact
CASE056,CDR11222,odd_hour_contact|single_use_contact
CASE056,CDR11223,single_use_contact
CASE056,CDR11224,odd_hour_contact|single_use_contact
CASE056,CDR11225,single_use_contact
CASE056,CDR11226,single_use_contact
CASE056,CDR11227,odd_hour_contact|single_use_contact
CASE056,CDR11228,odd_hour_contact|single_use_contact
CASE056,CDR11229,single_use_contact
CASE056,CDR11230,single_use_contact
CASE056,CDR11231,single_use_contact
CASE056,CDR11232,single_use_contact
CASE056,CDR11233,odd_hour_contact|single_use_contact
CASE056,CDR11234,odd_hour_contact|single_use_contact
CASE056,CDR11235,single_use_contact
CASE056,CDR11236,odd_hour_contact|single_use_contact
CASE056,CDR11237,single_use_contact
CASE056,CDR11238,single_use_contact
CASE056,CDR11239,single_use_contact
CASE056,CDR11240,single_use_contact
CASE056,CDR11241,single_use_contact
CASE056,CDR11242,single_use_contact
CASE056,CDR11243,single_use_contact
CASE057,CDR11249,odd_hour_contact
CASE057,CDR11251,single_use_contact
CASE057,CDR11252,single_use_contact
CASE057,CDR11253,single_use_contact
CASE057,CDR11254,single_use_contact
CASE057,CDR11255,single_use_contact
CASE057,CDR11256,single_use_contact
CASE057,CDR11257,single_use_contact
CASE057,CDR11258,single_use_contact
CASE057,CDR11259,single_use_contact
CASE057,CDR11260,single_use_contact
CASE057,CDR11261,single_use_contact
CASE057,CDR11262,single_use_contact
CASE057,CDR11263,single_use_contact
CASE057,CDR11264,single_use_contact
CASE057,CDR11265,single_use_contact
CASE057,CDR11266,single_use_contact
CASE057,CDR11267,single_use_contact
CASE057,CDR11268,single_use_contact
CASE057,CDR11269,single_use_contact
CASE057,CDR11270,single_use_contact
CASE057,CDR11271,single_use_contact
CASE057,CDR11272,single_use_contact
CASE057,CDR11273,single_use_contact
CASE057,CDR11274,single_use_contact
CASE057,CDR11275,single_use_contact
CASE057,CDR11276,single_use_contact
CASE057,CDR11277,odd_hour_contact|single_use_contact
CASE057,CDR11278,odd_hour_contact|single_use_contact
CASE057,CDR11279,odd_hour_contact|single_use_contact
CASE057,CDR11280,odd_hour_contact|single_use_contact
CASE057,CDR11281,single_use_contact
CASE057,CDR11282,odd_hour_contact|single_use_contact
CASE057,CDR11283,single_use_contact
CASE057,CDR11284,single_use_contact
CASE057,CDR11285,single_use_contact
CASE057,CDR11286,single_use_contact
CASE057,CDR11287,odd_hour_contact|single_use_contact
CASE057,CDR11288,single_use_contact
CASE057,CDR11289,single_use_contact
CASE057,CDR11290,single_use_contact
CASE057,CDR11291,single_use_contact
CASE057,CDR11292,single_use_contact
CASE057,CDR11293,single_use_contact
CASE057,CDR11294,single_use_contact
CASE057,CDR11295,single_use_contact
CASE057,CDR11296,single_use_contact
CASE057,CDR11297,single_use_contact
CASE057,CDR11298,single_use_contact
CASE057,CDR11299,single_use_contact
CASE057,CDR11300,odd_hour_contact|single_use_contact
CASE057,CDR11301,single_use_contact
CASE057,CDR11302,single_use_contact
CASE057,CDR11303,single_use_contact
CASE057,CDR11304,single_use_contact
CASE057,CDR11305,single_use_contact
CASE057,CDR11306,single_use_contact
CASE057,CDR11307,single_use_contact
CASE057,CDR11308,single_use_contact
CASE057,CDR11309,single_use_contact
CASE057,CDR11310,single_use_contact
CASE057,CDR11311,single_use_contact
CASE057,CDR11312,single_use_contact
CASE057,CDR11313,single_use_contact
CASE057,CDR11314,single_use_contact
CASE057,CDR11315,single_use_contact
CASE057,CDR11316,odd_hour_contact|single_use_contact
CASE057,CDR11317,single_use_contact
CASE057,CDR11318,single_use_contact
CASE057,CDR11319,single_use_contact
CASE057,CDR11320,single_use_contact
CASE057,CDR11321,single_use_contact
CASE057,CDR11322,single_use_contact
CASE057,CDR11323,single_use_contact
CASE057,CDR11324,odd_hour_contact|single_use_contact
CASE057,CDR11325,single_use_contact
CASE057,CDR11326,odd_hour_contact|single_use_contact
CASE057,CDR11327,single_use_contact
CASE057,CDR11328,single_use_contact
CASE057,CDR11329,single_use_contact
CASE057,CDR11330,single_use_contact
CASE057,CDR11331,single_use_contact
CASE057,CDR11332,single_use_contact
CASE057,CDR11333,single_use_contact
CASE057,CDR11334,odd_hour_contact|single_use_contact
CASE057,CDR11335,odd_hour_contact|single_use_contact
CASE057,CDR11336,single_use_contact
CASE057,CDR11337,odd_hour_contact|single_use_contact
CASE057,CDR11338,odd_hour_contact|single_use_contact
CASE057,CDR11339,single_use_contact
CASE057,CDR11340,single_use_contact
CASE058,CDR11344,odd_hour_contact
CASE058,CDR11346,odd_hour_contact
CASE058,CDR11350,odd_hour_contact
CASE058,CDR11355,odd_hour_contact
CASE058,CDR11358,burst_calling
CASE058,CDR11359,burst_calling
CASE058,CDR11360,odd_hour_contact|burst_calling
CASE058,CDR11361,odd_hour_contact|burst_calling
CASE058,CDR11362,odd_hour_contact|burst_calling
CASE058,CDR11363,burst_calling
CASE058,CDR11366,odd_hour_contact
CASE058,CDR11370,odd_hour_contact
CASE058,CDR11372,odd_hour_contact
CASE058,CDR11374,odd_hour_contact
CASE058,CDR11379,odd_hour_contact
CASE058,CDR11380,odd_hour_contact|burst_calling
CASE058,CDR11381,odd_hour_contact|burst_calling
CASE058,CDR11382,odd_hour_contact|burst_calling
CASE058,CDR11383,burst_calling
CASE058,CDR11384,burst_calling
CASE058,CDR11385,burst_calling
CASE058,CDR11386,odd_hour_contact|burst_calling
CASE058,CDR11387,burst_calling
CASE058,CDR11388,odd_hour_contact|burst_calling
CASE058,CDR11389,odd_hour_contact|burst_calling
CASE058,CDR11390,odd_hour_contact|burst_calling
CASE058,CDR11391,burst_calling
CASE058,CDR11392,single_use_contact
CASE058,CDR11393,single_use_contact
CASE058,CDR11394,single_use_contact
CASE058,CDR11395,single_use_contact
CASE058,CDR11396,single_use_contact
CASE058,CDR11397,single_use_contact
CASE058,CDR11398,single_use_contact
CASE058,CDR11399,single_use_contact
CASE058,CDR11400,odd_hour_contact|single_use_contact
CASE058,CDR11401,single_use_contact
CASE058,CDR11402,single_use_contact
CASE058,CDR11403,single_use_contact
CASE058,CDR11404,odd_hour_contact|single_use_contact
CASE058,CDR11405,single_use_contact
CASE058,CDR11406,single_use_contact
CASE058,CDR11407,single_use_contact
CASE058,CDR11408,odd_hour_contact|single_use_contact
CASE058,CDR11409,single_use_contact
CASE058,CDR11410,single_use_contact
CASE058,CDR11411,odd_hour_contact|single_use_contact
CASE058,CDR11412,single_use_contact
CASE058,CDR11413,single_use_contact
CASE058,CDR11414,single_use_contact
CASE058,CDR11415,odd_hour_contact|single_use_contact
CASE058,CDR11416,single_use_contact
CASE058,CDR11417,single_use_contact
CASE058,CDR11418,single_use_contact
CASE058,CDR11419,single_use_contact
CASE058,CDR11420,single_use_contact
CASE058,CDR11421,single_use_contact
CASE058,CDR11422,single_use_contact
CASE058,CDR11423,single_use_contact
CASE058,CDR11424,single_use_contact
CASE058,CDR11425,single_use_contact
CASE058,CDR11426,single_use_contact
CASE058,CDR11427,single_use_contact
CASE058,CDR11428,single_use_contact
CASE058,CDR11429,single_use_contact
CASE058,CDR11430,single_use_contact
CASE058,CDR11431,single_use_contact
CASE058,CDR11432,odd_hour_contact|single_use_contact
CASE058,CDR11433,single_use_contact
CASE058,CDR11434,odd_hour_contact|single_use_contact
CASE058,CDR11435,odd_hour_contact|single_use_contact
CASE058,CDR11436,single_use_contact
CASE058,CDR11437,single_use_contact
CASE058,CDR11438,odd_hour_contact|single_use_contact
CASE058,CDR11439,single_use_contact
CASE058,CDR11440,odd_hour_contact|single_use_contact
CASE058,CDR11441,single_use_contact
CASE058,CDR11442,single_use_contact
CASE058,CDR11443,odd_hour_contact|single_use_contact
CASE058,CDR11444,single_use_contact
CASE058,CDR11445,single_use_contact
CASE058,CDR11446,single_use_contact
CASE058,CDR11447,odd_hour_contact|single_use_contact
CASE058,CDR11448,single_use_contact
CASE058,CDR11449,odd_hour_contact|single_use_contact
CASE058,CDR11450,single_use_contact
CASE058,CDR11451,single_use_contact
CASE058,CDR11452,single_use_contact
CASE058,CDR11453,single_use_contact
CASE058,CDR11454,single_use_contact
CASE058,CDR11455,odd_hour_contact|single_use_contact
CASE058,CDR11456,single_use_contact
CASE058,CDR11457,single_use_contact
CASE058,CDR11458,single_use_contact
CASE058,CDR11459,single_use_contact
CASE058,CDR11460,single_use_contact
CASE058,CDR11461,odd_hour_contact|single_use_contact
CASE058,CDR11462,single_use_contact
CASE058,CDR11463,single_use_contact
CASE058,CDR11464,single_use_contact
CASE058,CDR11465,odd_hour_contact|single_use_contact
CASE058,CDR11466,odd_hour_contact|single_use_contact
CASE058,CDR11467,odd_hour_contact|single_use_contact
CASE058,CDR11468,single_use_contact
CASE058,CDR11469,single_use_contact
CASE058,CDR11470,single_use_contact
CASE058,CDR11471,single_use_contact
CASE058,CDR11472,single_use_contact
CASE058,CDR11473,single_use_contact
CASE058,CDR11474,single_use_contact
CASE058,CDR11475,single_use_contact
CASE058,CDR11476,single_use_contact
CASE058,CDR11477,odd_hour_contact|single_use_contact
CASE058,CDR11478,odd_hour_contact|single_use_contact
CASE058,CDR11479,odd_hour_contact|single_use_contact
CASE058,CDR11480,single_use_contact
CASE058,CDR11481,single_use_contact
CASE059,CDR11482,burst_calling
CASE059,CDR11483,burst_calling
CASE059,CDR11484,burst_calling
CASE059,CDR11485,burst_calling
CASE059,CDR11486,odd_hour_contact|burst_calling
CASE059,CDR11487,odd_hour_contact
CASE059,CDR11488,odd_hour_contact
CASE059,CDR11493,odd_hour_contact
CASE059,CDR11496,odd_hour_contact
CASE059,CDR11497,burst_calling
CASE059,CDR11498,burst_calling
CASE059,CDR11499,odd_hour_contact|burst_calling
CASE059,CDR11500,burst_calling
CASE059,CDR11501,odd_hour_contact|burst_calling
CASE059,CDR11502,burst_calling
CASE059,CDR11503,odd_hour_contact
CASE059,CDR11505,burst_calling
CASE059,CDR11506,burst_calling
CASE059,CDR11507,burst_calling
CASE059,CDR11508,burst_calling
CASE059,CDR11509,burst_calling
CASE059,CDR11510,burst_calling
CASE059,CDR11511,burst_calling
CASE059,CDR11512,burst_calling
CASE059,CDR11513,odd_hour_contact|burst_calling
CASE059,CDR11514,burst_calling
CASE059,CDR11515,burst_calling
CASE059,CDR11524,odd_hour_contact
CASE059,CDR11532,odd_hour_contact
CASE059,CDR11533,odd_hour_contact
CASE059,CDR11536,burst_calling
CASE059,CDR11537,burst_calling
CASE059,CDR11538,burst_calling
CASE059,CDR11539,burst_calling
CASE059,CDR11540,burst_calling
CASE059,CDR11541,odd_hour_contact|burst_calling
CASE059,CDR11542,odd_hour_contact
CASE059,CDR11543,odd_hour_contact
CASE059,CDR11545,odd_hour_contact|burst_calling
CASE059,CDR11546,odd_hour_contact|burst_calling
CASE059,CDR11547,burst_calling
CASE059,CDR11548,odd_hour_contact|burst_calling
CASE059,CDR11549,burst_calling
CASE059,CDR11550,burst_calling
CASE059,CDR11551,burst_calling
CASE059,CDR11552,burst_calling
CASE059,CDR11553,burst_calling
CASE059,CDR11554,burst_calling
CASE059,CDR11555,burst_calling
CASE059,CDR11556,odd_hour_contact
CASE059,CDR11558,odd_hour_contact
CASE059,CDR11559,odd_hour_contact
CASE059,CDR11564,burst_calling
CASE059,CDR11565,burst_calling
CASE059,CDR11566,burst_calling
CASE059,CDR11567,burst_calling
CASE059,CDR11571,odd_hour_contact
CASE059,CDR11578,odd_hour_contact
CASE059,CDR11579,burst_calling
CASE059,CDR11580,burst_calling
CASE059,CDR11581,burst_calling
CASE059,CDR11582,burst_calling
CASE059,CDR11583,burst_calling
CASE059,CDR11584,burst_calling
CASE059,CDR11585,burst_calling
CASE059,CDR11586,odd_hour_contact|burst_calling
CASE059,CDR11587,burst_calling
CASE059,CDR11588,odd_hour_contact|burst_calling
CASE059,CDR11589,burst_calling
CASE059,CDR11592,odd_hour_contact
CASE059,CDR11597,odd_hour_contact|burst_calling
CASE059,CDR11598,burst_calling
CASE059,CDR11599,burst_calling
CASE059,CDR11600,burst_calling
CASE059,CDR11601,burst_calling
CASE059,CDR11602,odd_hour_contact|burst_calling
CASE059,CDR11603,odd_hour_contact|burst_calling
CASE059,CDR11604,burst_calling
CASE059,CDR11605,burst_calling
CASE059,CDR11606,burst_calling
CASE059,CDR11607,burst_calling
CASE059,CDR11608,burst_calling
CASE059,CDR11609,burst_calling
CASE059,CDR11610,burst_calling
CASE059,CDR11611,odd_hour_contact|burst_calling
CASE059,CDR11612,burst_calling
CASE059,CDR11613,burst_calling
CASE059,CDR11614,burst_calling
CASE059,CDR11615,burst_calling
CASE059,CDR11616,burst_calling
CASE059,CDR11617,burst_calling
CASE059,CDR11618,burst_calling
CASE059,CDR11619,burst_calling
CASE059,CDR11620,burst_calling
CASE059,CDR11621,burst_calling
CASE059,CDR11622,burst_calling
CASE059,CDR11623,burst_calling
CASE059,CDR11624,burst_calling
CASE059,CDR11625,burst_calling
CASE059,CDR11627,odd_hour_contact
CASE059,CDR11642,odd_hour_contact
CASE059,CDR11644,odd_hour_contact
CASE059,CDR11648,odd_hour_contact
CASE059,CDR11652,burst_calling
CASE059,CDR11653,odd_hour_contact|burst_calling
CASE059,CDR11654,burst_calling
CASE059,CDR11655,burst_calling
CASE059,CDR11656,burst_calling
CASE059,CDR11657,burst_calling
CASE059,CDR11658,burst_calling
CASE059,CDR11659,burst_calling
CASE059,CDR11660,burst_calling
CASE059,CDR11661,burst_calling
CASE059,CDR11662,burst_calling
CASE059,CDR11668,odd_hour_contact
CASE059,CDR11669,single_use_contact
CASE059,CDR11670,single_use_contact
CASE059,CDR11671,single_use_contact
CASE059,CDR11672,odd_hour_contact|single_use_contact
CASE059,CDR11673,single_use_contact
CASE059,CDR11674,odd_hour_contact|single_use_contact
CASE059,CDR11675,single_use_contact
CASE059,CDR11676,single_use_contact
CASE059,CDR11677,odd_hour_contact|single_use_contact
CASE059,CDR11678,odd_hour_contact|single_use_contact
CASE059,CDR11679,odd_hour_contact|single_use_contact
CASE059,CDR11680,single_use_contact
CASE059,CDR11681,odd_hour_contact|single_use_contact
CASE059,CDR11682,single_use_contact
CASE059,CDR11683,odd_hour_contact|single_use_contact
CASE059,CDR11684,single_use_contact
CASE059,CDR11685,single_use_contact
CASE059,CDR11686,single_use_contact
CASE059,CDR11687,odd_hour_contact|single_use_contact
CASE059,CDR11688,odd_hour_contact|single_use_contact
CASE059,CDR11689,single_use_contact
CASE059,CDR11690,single_use_contact
CASE059,CDR11691,odd_hour_contact|single_use_contact
CASE059,CDR11692,single_use_contact
CASE059,CDR11693,odd_hour_contact|single_use_contact
CASE059,CDR11694,single_use_contact
CASE059,CDR11695,single_use_contact
CASE059,CDR11696,single_use_contact
CASE059,CDR11697,single_use_contact
CASE059,CDR11698,single_use_contact
CASE059,CDR11699,single_use_contact
CASE059,CDR11700,single_use_contact
CASE059,CDR11701,single_use_contact
CASE059,CDR11702,single_use_contact
CASE059,CDR11703,single_use_contact
CASE059,CDR11704,odd_hour_contact|single_use_contact
CASE059,CDR11705,single_use_contact
CASE059,CDR11706,single_use_contact
CASE059,CDR11707,odd_hour_contact|single_use_contact
CASE059,CDR11708,odd_hour_contact|single_use_contact
CASE059,CDR11709,odd_hour_contact|single_use_contact
CASE059,CDR11710,single_use_contact
CASE059,CDR11711,odd_hour_contact|single_use_contact
CASE059,CDR11712,single_use_contact
CASE059,CDR11713,single_use_contact
CASE059,CDR11714,odd_hour_contact|single_use_contact
CASE059,CDR11715,odd_hour_contact|single_use_contact
CASE059,CDR11716,odd_hour_contact|single_use_contact
CASE059,CDR11717,single_use_contact
CASE059,CDR11718,single_use_contact
CASE059,CDR11719,single_use_contact
CASE059,CDR11720,single_use_contact
CASE059,CDR11721,single_use_contact
CASE059,CDR11722,single_use_contact
CASE059,CDR11723,odd_hour_contact|burst_calling
CASE059,CDR11724,single_use_contact
CASE059,CDR11725,single_use_contact
CASE059,CDR11726,single_use_contact
CASE059,CDR11727,odd_hour_contact|single_use_contact
CASE059,CDR11728,single_use_contact
CASE059,CDR11729,single_use_contact
CASE059,CDR11730,single_use_contact
CASE059,CDR11731,single_use_contact
CASE059,CDR11732,single_use_contact
CASE059,CDR11733,single_use_contact
CASE059,CDR11734,odd_hour_contact|single_use_contact
CASE059,CDR11735,single_use_contact
CASE059,CDR11736,single_use_contact
CASE059,CDR11737,single_use_contact
CASE059,CDR11738,single_use_contact
CASE059,CDR11739,single_use_contact
CASE059,CDR11740,single_use_contact
CASE059,CDR11741,single_use_contact
CASE059,CDR11742,single_use_contact
CASE059,CDR11743,odd_hour_contact|single_use_contact
CASE059,CDR11744,odd_hour_contact|single_use_contact
CASE059,CDR11745,odd_hour_contact|single_use_contact
CASE059,CDR11746,single_use_contact
CASE059,CDR11747,single_use_contact
CASE059,CDR11748,single_use_contact
CASE059,CDR11749,single_use_contact
CASE059,CDR11750,odd_hour_contact|single_use_contact
CASE059,CDR11751,odd_hour_contact|single_use_contact
CASE059,CDR11752,single_use_contact
CASE059,CDR11753,single_use_contact
CASE059,CDR11754,single_use_contact
CASE059,CDR11755,single_use_contact
CASE059,CDR11756,odd_hour_contact|single_use_contact
CASE059,CDR11757,single_use_contact
CASE059,CDR11758,odd_hour_contact|single_use_contact
CASE060,CDR11765,odd_hour_contact
CASE060,CDR11768,odd_hour_contact
CASE060,CDR11771,burst_calling
CASE060,CDR11772,burst_calling
CASE060,CDR11773,burst_calling
CASE060,CDR11774,burst_calling
CASE060,CDR11775,burst_calling
CASE060,CDR11776,burst_calling
CASE060,CDR11777,burst_calling
CASE060,CDR11778,odd_hour_contact|burst_calling
CASE060,CDR11779,burst_calling
CASE060,CDR11780,odd_hour_contact|burst_calling
CASE060,CDR11783,odd_hour_contact|burst_calling
CASE060,CDR11784,burst_calling
CASE060,CDR11785,burst_calling
CASE060,CDR11786,odd_hour_contact|burst_calling
CASE060,CDR11787,odd_hour_contact|burst_calling
CASE060,CDR11788,burst_calling
CASE060,CDR11791,odd_hour_contact
CASE060,CDR11793,odd_hour_contact
CASE060,CDR11794,odd_hour_contact
CASE060,CDR11796,odd_hour_contact
CASE060,CDR11800,burst_calling
CASE060,CDR11801,burst_calling
CASE060,CDR11802,burst_calling
CASE060,CDR11803,burst_calling
CASE060,CDR11804,odd_hour_contact|burst_calling
CASE060,CDR11808,odd_hour_contact|burst_calling
CASE060,CDR11809,odd_hour_contact|burst_calling
CASE060,CDR11810,burst_calling
CASE060,CDR11811,burst_calling
CASE060,CDR11812,burst_calling
CASE060,CDR11813,burst_calling
CASE060,CDR11814,odd_hour_contact|burst_calling
CASE060,CDR11815,burst_calling
CASE060,CDR11816,burst_calling
CASE060,CDR11817,burst_calling
CASE060,CDR11820,odd_hour_contact
CASE060,CDR11823,odd_hour_contact
CASE060,CDR11824,burst_calling
CASE060,CDR11825,burst_calling
CASE060,CDR11826,burst_calling
CASE060,CDR11827,odd_hour_contact|burst_calling
CASE060,CDR11828,burst_calling
CASE060,CDR11829,odd_hour_contact|burst_calling
CASE060,CDR11834,burst_calling
CASE060,CDR11835,burst_calling
CASE060,CDR11836,odd_hour_contact|burst_calling
CASE060,CDR11837,odd_hour_contact|burst_calling
CASE060,CDR11838,odd_hour_contact|burst_calling
CASE060,CDR11839,burst_calling
CASE060,CDR11840,burst_calling
CASE060,CDR11841,burst_calling
CASE060,CDR11842,burst_calling
CASE060,CDR11843,burst_calling
CASE060,CDR11844,odd_hour_contact|burst_calling
CASE060,CDR11847,burst_calling
CASE060,CDR11848,burst_calling
CASE060,CDR11849,burst_calling
CASE060,CDR11850,burst_calling
CASE060,CDR11851,burst_calling
CASE060,CDR11852,burst_calling
CASE060,CDR11853,burst_calling
CASE060,CDR11854,burst_calling
CASE060,CDR11855,burst_calling
CASE060,CDR11856,burst_calling
CASE060,CDR11857,odd_hour_contact|burst_calling
CASE060,CDR11863,odd_hour_contact
CASE060,CDR11864,burst_calling
CASE060,CDR11865,odd_hour_contact|burst_calling
CASE060,CDR11866,burst_calling
CASE060,CDR11867,burst_calling
CASE060,CDR11868,burst_calling
CASE060,CDR11869,burst_calling
CASE060,CDR11870,burst_calling
CASE060,CDR11871,burst_calling
CASE060,CDR11872,burst_calling
CASE060,CDR11873,burst_calling
CASE060,CDR11874,burst_calling
CASE060,CDR11875,burst_calling
CASE060,CDR11877,odd_hour_contact
CASE060,CDR11878,odd_hour_contact
CASE060,CDR11879,odd_hour_contact
CASE060,CDR11883,odd_hour_contact
CASE060,CDR11884,odd_hour_contact
CASE060,CDR11887,odd_hour_contact
CASE060,CDR11892,odd_hour_contact|burst_calling
CASE060,CDR11893,burst_calling
CASE060,CDR11894,burst_calling
CASE060,CDR11895,odd_hour_contact|burst_calling
CASE060,CDR11896,burst_calling
CASE060,CDR11897,burst_calling
CASE060,CDR11898,odd_hour_contact
CASE060,CDR11900,odd_hour_contact
CASE060,CDR11906,odd_hour_contact|burst_calling
CASE060,CDR11907,burst_calling
CASE060,CDR11908,burst_calling
CASE060,CDR11909,burst_calling
CASE060,CDR11910,odd_hour_contact|burst_calling
CASE060,CDR11911,burst_calling
CASE060,CDR11912,odd_hour_contact|single_use_contact
CASE060,CDR11913,single_use_contact
CASE060,CDR11914,single_use_contact
CASE060,CDR11915,odd_hour_contact|single_use_contact
CASE060,CDR11916,odd_hour_contact|single_use_contact
CASE060,CDR11917,single_use_contact
CASE060,CDR11918,single_use_contact
CASE060,CDR11919,odd_hour_contact|single_use_contact
CASE060,CDR11920,single_use_contact
CASE060,CDR11921,single_use_contact
CASE060,CDR11922,single_use_contact
CASE060,CDR11923,single_use_contact
CASE060,CDR11924,odd_hour_contact|single_use_contact
CASE060,CDR11925,odd_hour_contact|single_use_contact
CASE060,CDR11926,single_use_contact
CASE060,CDR11927,single_use_contact
CASE060,CDR11928,single_use_contact
CASE060,CDR11929,single_use_contact
CASE060,CDR11930,single_use_contact
CASE060,CDR11931,single_use_contact
CASE060,CDR11932,single_use_contact
CASE060,CDR11933,single_use_contact
CASE060,CDR11934,single_use_contact
CASE060,CDR11935,single_use_contact
CASE060,CDR11936,single_use_contact
CASE060,CDR11937,single_use_contact
CASE060,CDR11938,odd_hour_contact|single_use_contact
CASE060,CDR11939,single_use_contact
CASE060,CDR11940,single_use_contact
CASE060,CDR11941,single_use_contact
CASE060,CDR11942,single_use_contact
CASE060,CDR11943,single_use_contact
CASE060,CDR11944,odd_hour_contact|single_use_contact
CASE060,CDR11945,single_use_contact
CASE060,CDR11946,single_use_contact
CASE060,CDR11947,single_use_contact
CASE060,CDR11948,single_use_contact
CASE060,CDR11949,single_use_contact
CASE060,CDR11950,single_use_contact
CASE060,CDR11951,single_use_contact
CASE060,CDR11952,odd_hour_contact|single_use_contact
CASE060,CDR11953,single_use_contact
CASE060,CDR11954,odd_hour_contact|single_use_contact
CASE060,CDR11955,odd_hour_contact|single_use_contact
CASE060,CDR11956,single_use_contact
CASE060,CDR11957,single_use_contact
CASE060,CDR11958,single_use_contact
CASE060,CDR11959,odd_hour_contact|single_use_contact
CASE060,CDR11960,single_use_contact
CASE060,CDR11961,single_use_contact
CASE060,CDR11962,single_use_contact
CASE060,CDR11963,single_use_contact
CASE060,CDR11964,single_use_contact
CASE060,CDR11965,single_use_contact
CASE060,CDR11966,single_use_contact
CASE060,CDR11967,single_use_contact
CASE060,CDR11968,odd_hour_contact|single_use_contact
CASE060,CDR11969,single_use_contact
CASE060,CDR11970,single_use_contact
CASE060,CDR11971,single_use_contact
CASE060,CDR11972,single_use_contact
CASE060,CDR11973,odd_hour_contact|single_use_contact
CASE060,CDR11974,single_use_contact
CASE060,CDR11975,single_use_contact
CASE060,CDR11976,odd_hour_contact|single_use_contact
CASE060,CDR11977,single_use_contact
CASE060,CDR11978,odd_hour_contact|single_use_contact
CASE060,CDR11979,single_use_contact
CASE060,CDR11980,single_use_contact
CASE060,CDR11981,single_use_contact
CASE060,CDR11982,single_use_contact
CASE060,CDR11983,single_use_contact
CASE060,CDR11984,single_use_contact
CASE060,CDR11985,single_use_contact
CASE060,CDR11986,single_use_contact
CASE060,CDR11987,odd_hour_contact|single_use_contact
CASE060,CDR11988,single_use_contact
CASE060,CDR11989,single_use_contact
CASE060,CDR11990,single_use_contact
CASE060,CDR11991,single_use_contact
CASE060,CDR11992,odd_hour_contact|single_use_contact
CASE060,CDR11993,single_use_contact
CASE060,CDR11994,single_use_contact
CASE060,CDR11995,odd_hour_contact|single_use_contact
CASE060,CDR11996,odd_hour_contact|single_use_contact
CASE060,CDR11997,single_use_contact
CASE060,CDR11998,single_use_contact
CASE060,CDR11999,odd_hour_contact|single_use_contact
CASE060,CDR12000,single_use_contact
CASE060,CDR12001,single_use_contact
CASE061,CDR12003,odd_hour_contact
CASE061,CDR12004,burst_calling
CASE061,CDR12005,odd_hour_contact|burst_calling
CASE061,CDR12006,odd_hour_contact|burst_calling
CASE061,CDR12007,burst_calling
CASE061,CDR12008,burst_calling
CASE061,CDR12009,odd_hour_contact
CASE061,CDR12015,burst_calling
CASE061,CDR12016,burst_calling
CASE061,CDR12017,burst_calling
CASE061,CDR12018,odd_hour_contact|burst_calling
CASE061,CDR12019,burst_calling
CASE061,CDR12022,burst_calling
CASE061,CDR12023,burst_calling
CASE061,CDR12024,burst_calling
CASE061,CDR12025,burst_calling
CASE061,CDR12026,odd_hour_contact|burst_calling
CASE061,CDR12027,burst_calling
CASE061,CDR12034,burst_calling
CASE061,CDR12035,burst_calling
CASE061,CDR12036,odd_hour_contact|burst_calling
CASE061,CDR12037,odd_hour_contact|burst_calling
CASE061,CDR12038,burst_calling
CASE061,CDR12039,burst_calling
CASE061,CDR12042,odd_hour_contact
CASE061,CDR12044,odd_hour_contact
CASE061,CDR12045,odd_hour_contact
CASE061,CDR12047,burst_calling
CASE061,CDR12048,burst_calling
CASE061,CDR12049,odd_hour_contact|burst_calling
CASE061,CDR12050,odd_hour_contact|burst_calling
CASE061,CDR12051,odd_hour_contact|burst_calling
CASE061,CDR12052,odd_hour_contact|burst_calling
CASE061,CDR12055,odd_hour_contact
CASE061,CDR12056,odd_hour_contact|burst_calling
CASE061,CDR12057,burst_calling
CASE061,CDR12058,burst_calling
CASE061,CDR12059,odd_hour_contact|burst_calling
CASE061,CDR12060,burst_calling
CASE061,CDR12061,odd_hour_contact
CASE061,CDR12064,odd_hour_contact
CASE061,CDR12068,burst_calling
CASE061,CDR12069,odd_hour_contact|burst_calling
CASE061,CDR12070,burst_calling
CASE061,CDR12071,burst_calling
CASE061,CDR12072,burst_calling
CASE061,CDR12074,odd_hour_contact
CASE061,CDR12077,odd_hour_contact
CASE061,CDR12079,burst_calling
CASE061,CDR12080,odd_hour_contact|burst_calling
CASE061,CDR12081,burst_calling
CASE061,CDR12082,burst_calling
CASE061,CDR12083,burst_calling
CASE061,CDR12084,burst_calling
CASE061,CDR12085,odd_hour_contact
CASE061,CDR12090,odd_hour_contact
CASE061,CDR12093,odd_hour_contact
CASE061,CDR12094,burst_calling
CASE061,CDR12095,burst_calling
CASE061,CDR12096,odd_hour_contact|burst_calling
CASE061,CDR12097,odd_hour_contact|burst_calling
CASE061,CDR12098,odd_hour_contact|burst_calling
CASE061,CDR12099,burst_calling
CASE061,CDR12100,odd_hour_contact|burst_calling
CASE061,CDR12101,burst_calling
CASE061,CDR12102,burst_calling
CASE061,CDR12103,odd_hour_contact|burst_calling
CASE061,CDR12104,burst_calling
CASE061,CDR12105,burst_calling
CASE061,CDR12106,burst_calling
CASE061,CDR12107,burst_calling
CASE061,CDR12108,burst_calling
CASE061,CDR12109,burst_calling
CASE061,CDR12110,burst_calling
CASE061,CDR12111,burst_calling
CASE061,CDR12112,burst_calling
CASE061,CDR12113,odd_hour_contact|burst_calling
CASE061,CDR12114,odd_hour_contact|burst_calling
CASE061,CDR12120,odd_hour_contact|burst_calling
CASE061,CDR12121,burst_calling
CASE061,CDR12122,burst_calling
CASE061,CDR12123,burst_calling
CASE061,CDR12124,burst_calling
CASE061,CDR12125,odd_hour_contact|burst_calling
CASE061,CDR12126,odd_hour_contact|burst_calling
CASE061,CDR12127,burst_calling
CASE061,CDR12128,burst_calling
CASE061,CDR12129,burst_calling
CASE061,CDR12130,burst_calling
CASE061,CDR12131,burst_calling
CASE061,CDR12144,burst_calling
CASE061,CDR12145,burst_calling
CASE061,CDR12146,odd_hour_contact|burst_calling
CASE061,CDR12147,burst_calling
CASE061,CDR12148,burst_calling
CASE061,CDR12149,burst_calling
CASE061,CDR12155,odd_hour_contact
CASE061,CDR12158,odd_hour_contact
CASE061,CDR12163,burst_calling
CASE061,CDR12164,burst_calling
CASE061,CDR12165,burst_calling
CASE061,CDR12166,odd_hour_contact|burst_calling
CASE061,CDR12167,burst_calling
CASE061,CDR12168,burst_calling
CASE061,CDR12175,odd_hour_contact|burst_calling
CASE061,CDR12176,odd_hour_contact|burst_calling
CASE061,CDR12177,odd_hour_contact|burst_calling
CASE061,CDR12178,burst_calling
CASE061,CDR12179,burst_calling
CASE061,CDR12180,burst_calling
CASE061,CDR12181,burst_calling
CASE061,CDR12182,burst_calling
CASE061,CDR12183,burst_calling
CASE061,CDR12184,odd_hour_contact|burst_calling
CASE061,CDR12185,burst_calling
CASE061,CDR12186,burst_calling
CASE061,CDR12187,odd_hour_contact
CASE061,CDR12193,burst_calling
CASE061,CDR12194,burst_calling
CASE061,CDR12195,burst_calling
CASE061,CDR12196,odd_hour_contact|burst_calling
CASE061,CDR12197,burst_calling
CASE061,CDR12198,burst_calling
CASE061,CDR12199,odd_hour_contact
CASE061,CDR12201,odd_hour_contact
CASE061,CDR12205,odd_hour_contact
CASE061,CDR12206,odd_hour_contact
CASE061,CDR12212,burst_calling
CASE061,CDR12213,burst_calling
CASE061,CDR12214,burst_calling
CASE061,CDR12215,burst_calling
CASE061,CDR12216,burst_calling
CASE061,CDR12218,odd_hour_contact
CASE061,CDR12221,odd_hour_contact
CASE061,CDR12223,burst_calling
CASE061,CDR12224,odd_hour_contact|burst_calling
CASE061,CDR12225,burst_calling
CASE061,CDR12226,burst_calling
CASE061,CDR12227,odd_hour_contact|burst_calling
CASE061,CDR12228,burst_calling
CASE061,CDR12229,burst_calling
CASE061,CDR12230,burst_calling
CASE061,CDR12231,burst_calling
CASE061,CDR12232,burst_calling
CASE061,CDR12233,odd_hour_contact|burst_calling
CASE061,CDR12234,burst_calling
CASE061,CDR12235,odd_hour_contact|burst_calling
CASE061,CDR12236,burst_calling
CASE061,CDR12237,burst_calling
CASE061,CDR12238,burst_calling
CASE061,CDR12239,burst_calling
CASE061,CDR12240,burst_calling
CASE061,CDR12241,burst_calling
CASE061,CDR12242,burst_calling
CASE061,CDR12243,burst_calling
CASE061,CDR12244,burst_calling
CASE061,CDR12245,burst_calling
CASE061,CDR12246,burst_calling
CASE061,CDR12247,odd_hour_contact|burst_calling
CASE061,CDR12248,burst_calling
CASE061,CDR12249,burst_calling
CASE061,CDR12250,burst_calling
CASE061,CDR12251,burst_calling
CASE061,CDR12252,burst_calling
CASE061,CDR12253,odd_hour_contact|burst_calling
CASE061,CDR12254,burst_calling
CASE061,CDR12255,burst_calling
CASE061,CDR12256,odd_hour_contact|burst_calling
CASE061,CDR12257,odd_hour_contact|burst_calling
CASE061,CDR12258,odd_hour_contact|burst_calling
CASE061,CDR12259,burst_calling
CASE061,CDR12260,burst_calling
CASE061,CDR12261,burst_calling
CASE061,CDR12262,odd_hour_contact|burst_calling
CASE061,CDR12263,burst_calling
CASE061,CDR12264,burst_calling
CASE061,CDR12265,burst_calling
CASE061,CDR12266,odd_hour_contact|burst_calling
CASE061,CDR12267,odd_hour_contact|burst_calling
CASE061,CDR12268,odd_hour_contact|burst_calling
CASE061,CDR12269,burst_calling
CASE061,CDR12270,odd_hour_contact|burst_calling
CASE061,CDR12271,odd_hour_contact|burst_calling
CASE061,CDR12272,burst_calling
CASE061,CDR12277,odd_hour_contact
CASE061,CDR12279,odd_hour_contact|burst_calling
CASE061,CDR12280,burst_calling
CASE061,CDR12281,burst_calling
CASE061,CDR12282,burst_calling
CASE061,CDR12283,burst_calling
CASE061,CDR12284,burst_calling
CASE061,CDR12285,odd_hour_contact|burst_calling
CASE061,CDR12286,odd_hour_contact|burst_calling
CASE061,CDR12287,odd_hour_contact|burst_calling
CASE061,CDR12288,burst_calling
CASE061,CDR12289,burst_calling
CASE061,CDR12290,burst_calling
CASE061,CDR12291,odd_hour_contact|burst_calling
CASE061,CDR12292,odd_hour_contact|burst_calling
CASE061,CDR12293,burst_calling
CASE061,CDR12294,burst_calling
CASE061,CDR12295,burst_calling
CASE061,CDR12298,single_use_contact
CASE061,CDR12299,odd_hour_contact|single_use_contact
CASE061,CDR12300,single_use_contact
CASE061,CDR12301,single_use_contact
CASE061,CDR12302,odd_hour_contact|single_use_contact
CASE061,CDR12303,single_use_contact
CASE061,CDR12304,single_use_contact
CASE061,CDR12305,single_use_contact
CASE061,CDR12306,single_use_contact
CASE061,CDR12307,single_use_contact
CASE061,CDR12308,single_use_contact
CASE061,CDR12309,single_use_contact
CASE061,CDR12310,single_use_contact
CASE061,CDR12311,single_use_contact
CASE061,CDR12312,single_use_contact
CASE061,CDR12313,single_use_contact
CASE061,CDR12314,odd_hour_contact|single_use_contact
CASE061,CDR12315,single_use_contact
CASE061,CDR12316,single_use_contact
CASE061,CDR12317,single_use_contact
CASE061,CDR12318,single_use_contact
CASE061,CDR12319,single_use_contact
CASE061,CDR12320,odd_hour_contact|single_use_contact
CASE061,CDR12321,single_use_contact
CASE061,CDR12322,odd_hour_contact|single_use_contact
CASE061,CDR12323,single_use_contact
CASE061,CDR12324,single_use_contact
CASE061,CDR12325,single_use_contact
CASE061,CDR12326,odd_hour_contact|single_use_contact
CASE061,CDR12327,single_use_contact
CASE061,CDR12328,single_use_contact
CASE061,CDR12329,single_use_contact
CASE061,CDR12330,single_use_contact
CASE061,CDR12331,single_use_contact
CASE061,CDR12332,single_use_contact
CASE061,CDR12333,single_use_contact
CASE061,CDR12334,single_use_contact
CASE061,CDR12335,single_use_contact
CASE061,CDR12336,single_use_contact
CASE061,CDR12337,odd_hour_contact|single_use_contact
CASE061,CDR12338,single_use_contact
CASE061,CDR12339,odd_hour_contact|single_use_contact
CASE061,CDR12340,single_use_contact
CASE061,CDR12341,odd_hour_contact|single_use_contact
CASE061,CDR12342,single_use_contact
CASE061,CDR12343,single_use_contact
CASE061,CDR12344,odd_hour_contact|single_use_contact
CASE061,CDR12345,single_use_contact
CASE061,CDR12346,single_use_contact
CASE061,CDR12347,odd_hour_contact|single_use_contact
CASE061,CDR12348,single_use_contact
CASE061,CDR12349,single_use_contact
CASE061,CDR12350,single_use_contact
CASE061,CDR12351,odd_hour_contact|single_use_contact
CASE061,CDR12352,single_use_contact
CASE061,CDR12353,single_use_contact
CASE061,CDR12354,odd_hour_contact|single_use_contact
CASE061,CDR12355,single_use_contact
CASE061,CDR12356,single_use_contact
CASE061,CDR12357,odd_hour_contact|single_use_contact
CASE061,CDR12358,single_use_contact
CASE061,CDR12359,single_use_contact
CASE061,CDR12360,single_use_contact
CASE061,CDR12361,odd_hour_contact|single_use_contact
CASE061,CDR12362,single_use_contact
CASE061,CDR12363,single_use_contact
CASE061,CDR12364,single_use_contact
CASE061,CDR12365,odd_hour_contact|single_use_contact
CASE061,CDR12366,single_use_contact
CASE061,CDR12367,odd_hour_contact|single_use_contact
CASE061,CDR12368,single_use_contact
CASE061,CDR12369,single_use_contact
CASE061,CDR12370,single_use_contact
CASE061,CDR12371,single_use_contact
CASE061,CDR12372,single_use_contact
CASE061,CDR12373,single_use_contact
CASE061,CDR12374,odd_hour_contact|single_use_contact
CASE061,CDR12375,odd_hour_contact|single_use_contact
CASE061,CDR12376,single_use_contact
CASE061,CDR12377,single_use_contact
CASE061,CDR12378,single_use_contact
CASE061,CDR12379,single_use_contact
CASE061,CDR12380,single_use_contact
CASE061,CDR12381,single_use_contact
CASE061,CDR12382,single_use_contact
CASE061,CDR12383,single_use_contact
CASE061,CDR12384,single_use_contact
CASE061,CDR12385,single_use_contact
CASE061,CDR12386,odd_hour_contact|single_use_contact
CASE061,CDR12387,single_use_contact
CASE062,CDR12388,odd_hour_contact|burst_calling
CASE062,CDR12389,burst_calling
CASE062,CDR12390,odd_hour_contact|burst_calling
CASE062,CDR12391,odd_hour_contact|burst_calling
CASE062,CDR12392,burst_calling
CASE062,CDR12395,burst_calling
CASE062,CDR12396,burst_calling
CASE062,CDR12397,odd_hour_contact|burst_calling
CASE062,CDR12398,burst_calling
CASE062,CDR12399,burst_calling
CASE062,CDR12408,odd_hour_contact
CASE062,CDR12411,burst_calling
CASE062,CDR12412,burst_calling
CASE062,CDR12413,burst_calling
CASE062,CDR12414,burst_calling
CASE062,CDR12415,burst_calling
CASE062,CDR12416,burst_calling
CASE062,CDR12417,odd_hour_contact
CASE062,CDR12419,burst_calling
CASE062,CDR12420,burst_calling
CASE062,CDR12421,burst_calling
CASE062,CDR12422,burst_calling
CASE062,CDR12423,burst_calling
CASE062,CDR12424,burst_calling
CASE062,CDR12428,odd_hour_contact
CASE062,CDR12429,burst_calling
CASE062,CDR12430,burst_calling
CASE062,CDR12431,burst_calling
CASE062,CDR12432,burst_calling
CASE062,CDR12433,burst_calling
CASE062,CDR12434,odd_hour_contact
CASE062,CDR12435,odd_hour_contact
CASE062,CDR12436,burst_calling
CASE062,CDR12437,burst_calling
CASE062,CDR12438,burst_calling
CASE062,CDR12439,burst_calling
CASE062,CDR12440,burst_calling
CASE062,CDR12441,burst_calling
CASE062,CDR12442,burst_calling
CASE062,CDR12443,burst_calling
CASE062,CDR12444,burst_calling
CASE062,CDR12445,burst_calling
CASE062,CDR12446,burst_calling
CASE062,CDR12447,burst_calling
CASE062,CDR12448,burst_calling
CASE062,CDR12449,burst_calling
CASE062,CDR12450,burst_calling
CASE062,CDR12451,odd_hour_contact|burst_calling
CASE062,CDR12452,burst_calling
CASE062,CDR12454,odd_hour_contact
CASE062,CDR12456,odd_hour_contact
CASE062,CDR12461,burst_calling
CASE062,CDR12462,burst_calling
CASE062,CDR12463,burst_calling
CASE062,CDR12464,burst_calling
CASE062,CDR12465,burst_calling
CASE062,CDR12468,burst_calling
CASE062,CDR12469,odd_hour_contact|burst_calling
CASE062,CDR12470,burst_calling
CASE062,CDR12471,burst_calling
CASE062,CDR12472,burst_calling
CASE062,CDR12473,burst_calling
CASE062,CDR12477,burst_calling
CASE062,CDR12478,burst_calling
CASE062,CDR12479,burst_calling
CASE062,CDR12480,burst_calling
CASE062,CDR12481,burst_calling
CASE062,CDR12482,burst_calling
CASE062,CDR12483,odd_hour_contact|burst_calling
CASE062,CDR12484,burst_calling
CASE062,CDR12485,burst_calling
CASE062,CDR12486,odd_hour_contact|burst_calling
CASE062,CDR12487,burst_calling
CASE062,CDR12491,odd_hour_contact
CASE062,CDR12492,burst_calling
CASE062,CDR12493,burst_calling
CASE062,CDR12494,burst_calling
CASE062,CDR12495,burst_calling
CASE062,CDR12496,burst_calling
CASE062,CDR12497,burst_calling
CASE062,CDR12498,burst_calling
CASE062,CDR12499,burst_calling
CASE062,CDR12500,odd_hour_contact|burst_calling
CASE062,CDR12501,burst_calling
CASE062,CDR12502,burst_calling
CASE062,CDR12503,burst_calling
CASE062,CDR12511,odd_hour_contact
CASE062,CDR12512,odd_hour_contact
CASE062,CDR12513,odd_hour_contact
CASE062,CDR12518,burst_calling
CASE062,CDR12519,burst_calling
CASE062,CDR12520,burst_calling
CASE062,CDR12521,burst_calling
CASE062,CDR12522,burst_calling
CASE062,CDR12523,odd_hour_contact|burst_calling
CASE062,CDR12524,odd_hour_contact
CASE062,CDR12529,odd_hour_contact
CASE062,CDR12531,burst_calling
CASE062,CDR12532,burst_calling
CASE062,CDR12533,burst_calling
CASE062,CDR12534,burst_calling
CASE062,CDR12535,burst_calling
CASE062,CDR12536,odd_hour_contact
CASE062,CDR12539,burst_calling
CASE062,CDR12540,burst_calling
CASE062,CDR12541,burst_calling
CASE062,CDR12542,burst_calling
CASE062,CDR12543,burst_calling
CASE062,CDR12547,burst_calling
CASE062,CDR12548,burst_calling
CASE062,CDR12549,odd_hour_contact|burst_calling
CASE062,CDR12550,burst_calling
CASE062,CDR12551,odd_hour_contact|burst_calling
CASE062,CDR12552,burst_calling
CASE062,CDR12553,burst_calling
CASE062,CDR12554,burst_calling
CASE062,CDR12555,burst_calling
CASE062,CDR12556,burst_calling
CASE062,CDR12557,burst_calling
CASE062,CDR12558,odd_hour_contact
CASE062,CDR12561,odd_hour_contact
CASE062,CDR12562,burst_calling
CASE062,CDR12563,burst_calling
CASE062,CDR12564,burst_calling
CASE062,CDR12565,odd_hour_contact|burst_calling
CASE062,CDR12566,burst_calling
CASE062,CDR12567,burst_calling
CASE062,CDR12568,single_use_contact
CASE062,CDR12569,single_use_contact
CASE062,CDR12570,single_use_contact
CASE062,CDR12571,single_use_contact
CASE062,CDR12572,single_use_contact
CASE062,CDR12573,single_use_contact
CASE062,CDR12574,single_use_contact
CASE062,CDR12575,single_use_contact
CASE062,CDR12576,single_use_contact
CASE062,CDR12577,single_use_contact
CASE062,CDR12578,single_use_contact
CASE062,CDR12579,single_use_contact
CASE062,CDR12580,single_use_contact
CASE062,CDR12581,single_use_contact
CASE062,CDR12582,odd_hour_contact|single_use_contact
CASE062,CDR12583,single_use_contact
CASE062,CDR12584,single_use_contact
CASE062,CDR12585,single_use_contact
CASE062,CDR12586,single_use_contact
CASE062,CDR12587,single_use_contact
CASE062,CDR12588,odd_hour_contact|single_use_contact
CASE062,CDR12589,single_use_contact
CASE062,CDR12590,odd_hour_contact|single_use_contact
CASE062,CDR12591,single_use_contact
CASE062,CDR12592,single_use_contact
CASE062,CDR12593,single_use_contact
CASE062,CDR12594,single_use_contact
CASE062,CDR12595,single_use_contact
CASE062,CDR12596,single_use_contact
CASE062,CDR12597,single_use_contact
CASE062,CDR12598,odd_hour_contact|single_use_contact
CASE062,CDR12599,single_use_contact
CASE062,CDR12600,single_use_contact
CASE062,CDR12601,single_use_contact
CASE062,CDR12602,single_use_contact
CASE062,CDR12603,single_use_contact
CASE062,CDR12604,single_use_contact
CASE062,CDR12605,single_use_contact
CASE062,CDR12606,odd_hour_contact|single_use_contact
CASE062,CDR12607,odd_hour_contact|single_use_contact
CASE062,CDR12608,odd_hour_contact|single_use_contact
CASE062,CDR12609,odd_hour_contact|single_use_contact
CASE062,CDR12610,single_use_contact
CASE062,CDR12611,single_use_contact
CASE062,CDR12612,odd_hour_contact|single_use_contact
CASE062,CDR12613,odd_hour_contact|single_use_contact
CASE062,CDR12614,single_use_contact
CASE062,CDR12615,single_use_contact
CASE062,CDR12616,single_use_contact
CASE062,CDR12617,single_use_contact
CASE062,CDR12618,single_use_contact
CASE062,CDR12619,single_use_contact
CASE062,CDR12620,single_use_contact
CASE062,CDR12621,single_use_contact
CASE062,CDR12622,single_use_contact
CASE062,CDR12623,single_use_contact
CASE062,CDR12624,odd_hour_contact|single_use_contact
CASE062,CDR12625,single_use_contact
CASE062,CDR12626,single_use_contact
CASE062,CDR12627,single_use_contact
CASE062,CDR12628,odd_hour_contact|single_use_contact
CASE062,CDR12629,single_use_contact
CASE062,CDR12630,single_use_contact
CASE062,CDR12631,single_use_contact
CASE062,CDR12632,single_use_contact
CASE062,CDR12633,single_use_contact
CASE062,CDR12634,single_use_contact
CASE062,CDR12635,single_use_contact
CASE062,CDR12636,single_use_contact
CASE062,CDR12637,single_use_contact
CASE062,CDR12638,single_use_contact
CASE062,CDR12639,single_use_contact
CASE062,CDR12640,single_use_contact
CASE062,CDR12641,single_use_contact
CASE062,CDR12642,odd_hour_contact|single_use_contact
CASE062,CDR12643,odd_hour_contact|single_use_contact
CASE062,CDR12644,single_use_contact
CASE062,CDR12645,single_use_contact
CASE062,CDR12646,single_use_contact
CASE062,CDR12647,single_use_contact
CASE062,CDR12648,odd_hour_contact|single_use_contact
CASE062,CDR12649,odd_hour_contact|single_use_contact
CASE062,CDR12650,single_use_contact
CASE062,CDR12651,single_use_contact
CASE062,CDR12652,single_use_contact
CASE062,CDR12653,single_use_contact
CASE062,CDR12654,single_use_contact
CASE062,CDR12655,single_use_contact
CASE062,CDR12656,single_use_contact
CASE062,CDR12657,single_use_contact
CASE063,CDR12661,burst_calling
CASE063,CDR12662,burst_calling
CASE063,CDR12663,burst_calling
CASE063,CDR12664,burst_calling
CASE063,CDR12665,burst_calling
CASE063,CDR12667,odd_hour_contact
CASE063,CDR12677,odd_hour_contact|burst_calling
CASE063,CDR12678,burst_calling
CASE063,CDR12679,burst_calling
CASE063,CDR12680,burst_calling
CASE063,CDR12681,burst_calling
CASE063,CDR12684,burst_calling
CASE063,CDR12685,burst_calling
CASE063,CDR12686,burst_calling
CASE063,CDR12687,odd_hour_contact|burst_calling
CASE063,CDR12688,odd_hour_contact|burst_calling
CASE063,CDR12689,odd_hour_contact
CASE063,CDR12690,odd_hour_contact
CASE063,CDR12691,odd_hour_contact
CASE063,CDR12693,odd_hour_contact
CASE063,CDR12703,odd_hour_contact
CASE063,CDR12704,burst_calling
CASE063,CDR12705,burst_calling
CASE063,CDR12706,burst_calling
CASE063,CDR12707,burst_calling
CASE063,CDR12708,burst_calling
CASE063,CDR12709,burst_calling
CASE063,CDR12710,burst_calling
CASE063,CDR12711,burst_calling
CASE063,CDR12712,burst_calling
CASE063,CDR12713,odd_hour_contact|burst_calling
CASE063,CDR12714,burst_calling
CASE063,CDR12715,odd_hour_contact
CASE063,CDR12718,odd_hour_contact
CASE063,CDR12719,odd_hour_contact
CASE063,CDR12721,burst_calling
CASE063,CDR12722,burst_calling
CASE063,CDR12723,burst_calling
CASE063,CDR12724,burst_calling
CASE063,CDR12725,burst_calling
CASE063,CDR12734,burst_calling
CASE063,CDR12735,odd_hour_contact|burst_calling
CASE063,CDR12736,burst_calling
CASE063,CDR12737,burst_calling
CASE063,CDR12738,burst_calling
CASE063,CDR12739,burst_calling
CASE063,CDR12740,burst_calling
CASE063,CDR12741,burst_calling
CASE063,CDR12742,burst_calling
CASE063,CDR12743,odd_hour_contact|burst_calling
CASE063,CDR12744,burst_calling
CASE063,CDR12745,burst_calling
CASE063,CDR12746,burst_calling
CASE063,CDR12747,burst_calling
CASE063,CDR12748,burst_calling
CASE063,CDR12749,burst_calling
CASE063,CDR12750,odd_hour_contact|burst_calling
CASE063,CDR12751,burst_calling
CASE063,CDR12752,burst_calling
CASE063,CDR12753,burst_calling
CASE063,CDR12754,burst_calling
CASE063,CDR12755,burst_calling
CASE063,CDR12756,burst_calling
CASE063,CDR12757,burst_calling
CASE063,CDR12758,burst_calling
CASE063,CDR12759,burst_calling
CASE063,CDR12760,burst_calling
CASE063,CDR12767,burst_calling
CASE063,CDR12768,odd_hour_contact|burst_calling
CASE063,CDR12769,burst_calling
CASE063,CDR12770,burst_calling
CASE063,CDR12771,burst_calling
CASE063,CDR12772,odd_hour_contact|burst_calling
CASE063,CDR12773,odd_hour_contact|burst_calling
CASE063,CDR12774,burst_calling
CASE063,CDR12775,burst_calling
CASE063,CDR12776,odd_hour_contact|burst_calling
CASE063,CDR12779,odd_hour_contact
CASE063,CDR12783,odd_hour_contact
CASE063,CDR12785,burst_calling
CASE063,CDR12786,burst_calling
CASE063,CDR12787,burst_calling
CASE063,CDR12788,odd_hour_contact|burst_calling
CASE063,CDR12789,burst_calling
CASE063,CDR12790,burst_calling
CASE063,CDR12793,odd_hour_contact
CASE063,CDR12794,burst_calling
CASE063,CDR12795,burst_calling
CASE063,CDR12796,burst_calling
CASE063,CDR12797,burst_calling
CASE063,CDR12798,odd_hour_contact|burst_calling
CASE063,CDR12803,odd_hour_contact|burst_calling
CASE063,CDR12804,odd_hour_contact|burst_calling
CASE063,CDR12805,burst_calling
CASE063,CDR12806,burst_calling
CASE063,CDR12807,burst_calling
CASE063,CDR12808,odd_hour_contact
CASE063,CDR12811,burst_calling
CASE063,CDR12812,burst_calling
CASE063,CDR12813,odd_hour_contact|burst_calling
CASE063,CDR12814,burst_calling
CASE063,CDR12815,burst_calling
CASE063,CDR12816,burst_calling
CASE063,CDR12817,odd_hour_contact
CASE063,CDR12820,odd_hour_contact
CASE063,CDR12824,odd_hour_contact
CASE063,CDR12826,odd_hour_contact
CASE063,CDR12832,odd_hour_contact|burst_calling
CASE063,CDR12833,burst_calling
CASE063,CDR12834,odd_hour_contact|burst_calling
CASE063,CDR12835,burst_calling
CASE063,CDR12836,burst_calling
CASE063,CDR12837,odd_hour_contact|burst_calling
CASE063,CDR12838,odd_hour_contact
CASE063,CDR12840,odd_hour_contact
CASE063,CDR12843,odd_hour_contact
CASE063,CDR12844,burst_calling
CASE063,CDR12845,burst_calling
CASE063,CDR12846,burst_calling
CASE063,CDR12847,burst_calling
CASE063,CDR12848,burst_calling
CASE063,CDR12849,odd_hour_contact|burst_calling
CASE063,CDR12850,odd_hour_contact|burst_calling
CASE063,CDR12851,burst_calling
CASE063,CDR12852,burst_calling
CASE063,CDR12853,burst_calling
CASE063,CDR12854,burst_calling
CASE063,CDR12855,burst_calling
CASE063,CDR12856,burst_calling
CASE063,CDR12857,burst_calling
CASE063,CDR12858,burst_calling
CASE063,CDR12859,burst_calling
CASE063,CDR12860,odd_hour_contact|burst_calling
CASE063,CDR12865,burst_calling
CASE063,CDR12866,burst_calling
CASE063,CDR12867,burst_calling
CASE063,CDR12868,odd_hour_contact|burst_calling
CASE063,CDR12869,odd_hour_contact|burst_calling
CASE063,CDR12870,burst_calling
CASE063,CDR12873,burst_calling
CASE063,CDR12874,burst_calling
CASE063,CDR12875,burst_calling
CASE063,CDR12876,burst_calling
CASE063,CDR12877,burst_calling
CASE063,CDR12878,single_use_contact
CASE063,CDR12879,odd_hour_contact|single_use_contact
CASE063,CDR12880,odd_hour_contact|single_use_contact
CASE063,CDR12881,single_use_contact
CASE063,CDR12882,single_use_contact
CASE063,CDR12883,single_use_contact
CASE063,CDR12884,single_use_contact
CASE063,CDR12885,single_use_contact
CASE063,CDR12886,odd_hour_contact|single_use_contact
CASE063,CDR12887,single_use_contact
CASE063,CDR12888,single_use_contact
CASE063,CDR12889,single_use_contact
CASE063,CDR12890,odd_hour_contact|single_use_contact
CASE063,CDR12891,single_use_contact
CASE063,CDR12892,single_use_contact
CASE063,CDR12893,single_use_contact
CASE063,CDR12894,single_use_contact
CASE063,CDR12895,single_use_contact
CASE063,CDR12896,single_use_contact
CASE063,CDR12897,odd_hour_contact|single_use_contact
CASE063,CDR12898,odd_hour_contact|single_use_contact
CASE063,CDR12899,odd_hour_contact|single_use_contact
CASE063,CDR12900,odd_hour_contact|single_use_contact
CASE063,CDR12901,single_use_contact
CASE063,CDR12902,single_use_contact
CASE063,CDR12903,single_use_contact
CASE063,CDR12904,single_use_contact
CASE063,CDR12905,single_use_contact
CASE063,CDR12906,single_use_contact
CASE063,CDR12907,single_use_contact
CASE063,CDR12908,odd_hour_contact|single_use_contact
CASE063,CDR12909,single_use_contact
CASE063,CDR12910,single_use_contact
CASE063,CDR12911,single_use_contact
CASE063,CDR12912,single_use_contact
CASE063,CDR12913,single_use_contact
CASE063,CDR12914,single_use_contact
CASE063,CDR12915,odd_hour_contact|single_use_contact
CASE063,CDR12916,single_use_contact
CASE063,CDR12917,single_use_contact
CASE063,CDR12918,single_use_contact
CASE063,CDR12919,single_use_contact
CASE063,CDR12920,single_use_contact
CASE063,CDR12921,single_use_contact
CASE063,CDR12922,odd_hour_contact|single_use_contact
CASE063,CDR12923,single_use_contact
CASE063,CDR12924,odd_hour_contact|single_use_contact
CASE063,CDR12925,odd_hour_contact|single_use_contact
CASE063,CDR12926,single_use_contact
CASE063,CDR12927,single_use_contact
CASE063,CDR12928,single_use_contact
CASE063,CDR12929,single_use_contact
CASE063,CDR12930,single_use_contact
CASE063,CDR12931,single_use_contact
CASE063,CDR12932,single_use_contact
CASE063,CDR12933,single_use_contact
CASE063,CDR12934,odd_hour_contact|single_use_contact
CASE063,CDR12935,odd_hour_contact|single_use_contact
CASE063,CDR12936,single_use_contact
CASE063,CDR12937,single_use_contact
CASE063,CDR12938,odd_hour_contact|single_use_contact
CASE063,CDR12939,single_use_contact
CASE063,CDR12940,odd_hour_contact|single_use_contact
CASE063,CDR12941,odd_hour_contact|single_use_contact
CASE063,CDR12942,single_use_contact
CASE063,CDR12943,single_use_contact
CASE063,CDR12944,single_use_contact
CASE063,CDR12945,single_use_contact
CASE063,CDR12946,single_use_contact
CASE063,CDR12947,odd_hour_contact|single_use_contact
CASE063,CDR12948,single_use_contact
CASE063,CDR12949,single_use_contact
CASE063,CDR12950,single_use_contact
CASE063,CDR12951,odd_hour_contact|single_use_contact
CASE063,CDR12952,single_use_contact
CASE063,CDR12953,odd_hour_contact|single_use_contact
CASE063,CDR12954,single_use_contact
CASE063,CDR12955,single_use_contact
CASE063,CDR12956,single_use_contact
CASE063,CDR12957,odd_hour_contact|single_use_contact
CASE063,CDR12958,single_use_contact
CASE063,CDR12959,single_use_contact
CASE063,CDR12960,odd_hour_contact|single_use_contact
CASE063,CDR12961,single_use_contact
CASE063,CDR12962,single_use_contact
CASE063,CDR12963,single_use_contact
CASE063,CDR12964,single_use_contact
CASE063,CDR12965,single_use_contact
CASE063,CDR12966,odd_hour_contact|single_use_contact
CASE063,CDR12967,single_use_contact
CASE064,CDR12968,burst_calling
CASE064,CDR12969,burst_calling
CASE064,CDR12970,burst_calling
CASE064,CDR12971,burst_calling
CASE064,CDR12972,odd_hour_contact|burst_calling
CASE064,CDR12973,odd_hour_contact
CASE064,CDR12976,odd_hour_contact
CASE064,CDR12977,odd_hour_contact|burst_calling
CASE064,CDR12978,burst_calling
CASE064,CDR12979,burst_calling
CASE064,CDR12980,burst_calling
CASE064,CDR12984,odd_hour_contact
CASE064,CDR12986,odd_hour_contact|burst_calling
CASE064,CDR12987,burst_calling
CASE064,CDR12988,burst_calling
CASE064,CDR12989,burst_calling
CASE064,CDR12990,burst_calling
CASE064,CDR12991,odd_hour_contact|burst_calling
CASE064,CDR12992,single_use_contact
CASE064,CDR12993,single_use_contact
CASE064,CDR12994,odd_hour_contact|single_use_contact
CASE064,CDR12995,single_use_contact
CASE064,CDR12996,single_use_contact
CASE064,CDR12997,single_use_contact
CASE064,CDR12998,single_use_contact
CASE064,CDR12999,single_use_contact
CASE064,CDR13000,single_use_contact
CASE064,CDR13001,single_use_contact
CASE064,CDR13002,single_use_contact
CASE064,CDR13003,odd_hour_contact|single_use_contact
CASE064,CDR13004,single_use_contact
CASE064,CDR13005,single_use_contact
CASE064,CDR13006,single_use_contact
CASE064,CDR13007,single_use_contact
CASE064,CDR13008,odd_hour_contact|single_use_contact
CASE064,CDR13010,single_use_contact
CASE064,CDR13011,single_use_contact
CASE064,CDR13012,single_use_contact
CASE064,CDR13013,single_use_contact
CASE064,CDR13014,single_use_contact
CASE064,CDR13015,single_use_contact
CASE064,CDR13016,odd_hour_contact|single_use_contact
CASE064,CDR13017,single_use_contact
CASE064,CDR13018,single_use_contact
CASE064,CDR13019,single_use_contact
CASE064,CDR13020,single_use_contact
CASE064,CDR13021,single_use_contact
CASE064,CDR13022,single_use_contact
CASE064,CDR13023,single_use_contact
CASE064,CDR13024,burst_calling
CASE064,CDR13025,single_use_contact
CASE064,CDR13026,single_use_contact
CASE064,CDR13027,single_use_contact
CASE064,CDR13028,single_use_contact
CASE064,CDR13029,single_use_contact
CASE064,CDR13030,single_use_contact
CASE064,CDR13031,single_use_contact
CASE064,CDR13033,single_use_contact
CASE064,CDR13034,single_use_contact
CASE064,CDR13035,single_use_contact
CASE064,CDR13036,single_use_contact
CASE064,CDR13037,single_use_contact
CASE064,CDR13038,single_use_contact
CASE064,CDR13039,odd_hour_contact|single_use_contact
CASE064,CDR13040,odd_hour_contact|single_use_contact
CASE064,CDR13041,single_use_contact
CASE064,CDR13042,single_use_contact
CASE064,CDR13043,single_use_contact
CASE064,CDR13044,single_use_contact
CASE064,CDR13045,single_use_contact
CASE064,CDR13046,single_use_contact
CASE064,CDR13047,single_use_contact
CASE064,CDR13048,single_use_contact
CASE064,CDR13049,single_use_contact
CASE064,CDR13051,odd_hour_contact|single_use_contact
CASE064,CDR13052,single_use_contact
CASE064,CDR13053,single_use_contact
CASE064,CDR13054,single_use_contact
CASE064,CDR13055,single_use_contact
CASE064,CDR13056,single_use_contact
CASE064,CDR13057,single_use_contact
CASE064,CDR13058,single_use_contact
CASE064,CDR13059,single_use_contact
CASE064,CDR13060,single_use_contact
CASE064,CDR13061,single_use_contact
CASE064,CDR13062,single_use_contact
CASE064,CDR13063,single_use_contact
CASE064,CDR13064,single_use_contact
CASE064,CDR13065,single_use_contact
CASE064,CDR13066,single_use_contact
CASE064,CDR13067,single_use_contact
CASE064,CDR13068,odd_hour_contact|single_use_contact
CASE064,CDR13069,single_use_contact
CASE064,CDR13070,single_use_contact
CASE064,CDR13071,single_use_contact
CASE064,CDR13072,single_use_contact
CASE064,CDR13073,single_use_contact
CASE064,CDR13074,odd_hour_contact|single_use_contact
CASE064,CDR13075,single_use_contact
CASE064,CDR13076,odd_hour_contact
CASE064,CDR13077,single_use_contact
CASE064,CDR13078,odd_hour_contact|single_use_contact
CASE064,CDR13079,single_use_contact
CASE064,CDR13080,odd_hour_contact|single_use_contact
CASE064,CDR13081,single_use_contact
CASE065,CDR13085,odd_hour_contact|burst_calling
CASE065,CDR13086,burst_calling
CASE065,CDR13087,odd_hour_contact|burst_calling
CASE065,CDR13088,odd_hour_contact|burst_calling
CASE065,CDR13089,burst_calling
CASE065,CDR13090,burst_calling
CASE065,CDR13093,burst_calling
CASE065,CDR13094,burst_calling
CASE065,CDR13095,odd_hour_contact|burst_calling
CASE065,CDR13096,odd_hour_contact|burst_calling
CASE065,CDR13097,burst_calling
CASE065,CDR13098,burst_calling
CASE065,CDR13101,odd_hour_contact
CASE065,CDR13102,single_use_contact
CASE065,CDR13103,single_use_contact
CASE065,CDR13104,single_use_contact
CASE065,CDR13105,odd_hour_contact|single_use_contact
CASE065,CDR13106,single_use_contact
CASE065,CDR13107,single_use_contact
CASE065,CDR13108,single_use_contact
CASE065,CDR13109,odd_hour_contact|single_use_contact
CASE065,CDR13110,odd_hour_contact|single_use_contact
CASE065,CDR13111,single_use_contact
CASE065,CDR13112,odd_hour_contact|single_use_contact
CASE065,CDR13113,odd_hour_contact|single_use_contact
CASE065,CDR13114,single_use_contact
CASE065,CDR13115,single_use_contact
CASE065,CDR13116,single_use_contact
CASE065,CDR13117,single_use_contact
CASE065,CDR13118,single_use_contact
CASE065,CDR13119,single_use_contact
CASE065,CDR13120,single_use_contact
CASE065,CDR13121,single_use_contact
CASE065,CDR13122,single_use_contact
CASE065,CDR13123,single_use_contact
CASE065,CDR13124,odd_hour_contact|single_use_contact
CASE065,CDR13125,single_use_contact
CASE065,CDR13126,single_use_contact
CASE065,CDR13127,odd_hour_contact|single_use_contact
CASE065,CDR13128,single_use_contact
CASE065,CDR13129,single_use_contact
CASE065,CDR13130,single_use_contact
CASE065,CDR13131,single_use_contact
CASE065,CDR13132,single_use_contact
CASE065,CDR13133,single_use_contact
CASE065,CDR13134,single_use_contact
CASE065,CDR13135,odd_hour_contact|single_use_contact
CASE065,CDR13136,odd_hour_contact|single_use_contact
CASE065,CDR13137,single_use_contact
CASE065,CDR13138,single_use_contact
CASE065,CDR13139,single_use_contact
CASE065,CDR13140,single_use_contact
CASE065,CDR13141,single_use_contact
CASE065,CDR13142,single_use_contact
CASE065,CDR13143,single_use_contact
CASE065,CDR13144,single_use_contact
CASE065,CDR13145,single_use_contact
CASE065,CDR13146,single_use_contact
CASE065,CDR13147,single_use_contact
CASE065,CDR13148,single_use_contact
CASE065,CDR13149,single_use_contact
CASE065,CDR13150,single_use_contact
CASE065,CDR13151,odd_hour_contact|single_use_contact
CASE065,CDR13152,single_use_contact
CASE065,CDR13153,single_use_contact
CASE065,CDR13154,single_use_contact
CASE065,CDR13155,odd_hour_contact|single_use_contact
CASE065,CDR13156,single_use_contact
CASE065,CDR13157,single_use_contact
CASE065,CDR13158,odd_hour_contact|single_use_contact
CASE065,CDR13159,single_use_contact
CASE065,CDR13160,single_use_contact
CASE065,CDR13161,single_use_contact
CASE065,CDR13162,odd_hour_contact|single_use_contact
CASE065,CDR13163,odd_hour_contact|single_use_contact
CASE065,CDR13164,odd_hour_contact|single_use_contact
CASE065,CDR13165,single_use_contact
CASE065,CDR13166,single_use_contact
CASE065,CDR13167,odd_hour_contact|single_use_contact
CASE065,CDR13168,single_use_contact
CASE065,CDR13169,single_use_contact
CASE065,CDR13170,single_use_contact
CASE065,CDR13171,single_use_contact
CASE065,CDR13172,odd_hour_contact|single_use_contact
CASE065,CDR13173,single_use_contact
CASE065,CDR13174,single_use_contact
CASE065,CDR13175,single_use_contact
CASE065,CDR13176,single_use_contact
CASE065,CDR13177,single_use_contact
CASE065,CDR13178,single_use_contact
CASE065,CDR13179,odd_hour_contact|single_use_contact
CASE065,CDR13180,odd_hour_contact|single_use_contact
CASE065,CDR13181,single_use_contact
CASE065,CDR13182,single_use_contact
CASE065,CDR13183,odd_hour_contact|single_use_contact
CASE065,CDR13184,single_use_contact
CASE065,CDR13185,single_use_contact
CASE065,CDR13186,single_use_contact
CASE065,CDR13187,single_use_contact
CASE065,CDR13188,single_use_contact
CASE065,CDR13189,single_use_contact
CASE065,CDR13190,odd_hour_contact|single_use_contact
CASE065,CDR13191,single_use_contact
CASE066,CDR13192,burst_calling
CASE066,CDR13193,burst_calling
CASE066,CDR13194,burst_calling
CASE066,CDR13195,odd_hour_contact|burst_calling
CASE066,CDR13196,burst_calling
CASE066,CDR13197,burst_calling
CASE066,CDR13198,burst_calling
CASE066,CDR13199,burst_calling
CASE066,CDR13200,odd_hour_contact|burst_calling
CASE066,CDR13201,burst_calling
CASE066,CDR13202,burst_calling
CASE066,CDR13203,burst_calling
CASE066,CDR13206,burst_calling
CASE066,CDR13207,burst_calling
CASE066,CDR13208,burst_calling
CASE066,CDR13209,burst_calling
CASE066,CDR13210,burst_calling
CASE066,CDR13211,burst_calling
CASE066,CDR13212,burst_calling
CASE066,CDR13213,burst_calling
CASE066,CDR13214,burst_calling
CASE066,CDR13215,burst_calling
CASE066,CDR13216,burst_calling
CASE066,CDR13220,odd_hour_contact
CASE066,CDR13221,burst_calling
CASE066,CDR13222,odd_hour_contact|burst_calling
CASE066,CDR13223,burst_calling
CASE066,CDR13224,burst_calling
CASE066,CDR13225,burst_calling
CASE066,CDR13226,burst_calling
CASE066,CDR13228,odd_hour_contact
CASE066,CDR13229,odd_hour_contact|burst_calling
CASE066,CDR13230,burst_calling
CASE066,CDR13231,burst_calling
CASE066,CDR13232,burst_calling
CASE066,CDR13233,burst_calling
CASE066,CDR13240,odd_hour_contact
CASE066,CDR13244,burst_calling
CASE066,CDR13245,burst_calling
CASE066,CDR13246,odd_hour_contact|burst_calling
CASE066,CDR13247,odd_hour_contact|burst_calling
CASE066,CDR13248,burst_calling
CASE066,CDR13249,odd_hour_contact
CASE066,CDR13250,odd_hour_contact
CASE066,CDR13257,burst_calling
CASE066,CDR13258,burst_calling
CASE066,CDR13259,burst_calling
CASE066,CDR13260,odd_hour_contact|burst_calling
CASE066,CDR13261,burst_calling
CASE066,CDR13262,burst_calling
CASE066,CDR13266,burst_calling
CASE066,CDR13267,burst_calling
CASE066,CDR13268,burst_calling
CASE066,CDR13269,burst_calling
CASE066,CDR13270,burst_calling
CASE066,CDR13271,burst_calling
CASE066,CDR13277,odd_hour_contact
CASE066,CDR13290,odd_hour_contact|burst_calling
CASE066,CDR13291,burst_calling
CASE066,CDR13292,burst_calling
CASE066,CDR13293,burst_calling
CASE066,CDR13294,burst_calling
CASE066,CDR13295,burst_calling
CASE066,CDR13299,odd_hour_contact
CASE066,CDR13310,burst_calling
CASE066,CDR13311,burst_calling
CASE066,CDR13312,odd_hour_contact|burst_calling
CASE066,CDR13313,odd_hour_contact|burst_calling
CASE066,CDR13314,burst_calling
CASE066,CDR13327,burst_calling
CASE066,CDR13328,burst_calling
CASE066,CDR13329,burst_calling
CASE066,CDR13330,odd_hour_contact|burst_calling
CASE066,CDR13331,burst_calling
CASE066,CDR13332,burst_calling
CASE066,CDR13333,burst_calling
CASE066,CDR13334,odd_hour_contact|burst_calling
CASE066,CDR13335,odd_hour_contact|burst_calling
CASE066,CDR13336,burst_calling
CASE066,CDR13340,odd_hour_contact
CASE066,CDR13345,burst_calling
CASE066,CDR13346,burst_calling
CASE066,CDR13347,burst_calling
CASE066,CDR13348,burst_calling
CASE066,CDR13349,burst_calling
CASE066,CDR13350,burst_calling
CASE066,CDR13351,burst_calling
CASE066,CDR13352,burst_calling
CASE066,CDR13353,burst_calling
CASE066,CDR13354,burst_calling
CASE066,CDR13355,odd_hour_contact|burst_calling
CASE066,CDR13360,odd_hour_contact
CASE066,CDR13365,burst_calling
CASE066,CDR13366,burst_calling
CASE066,CDR13367,burst_calling
CASE066,CDR13368,burst_calling
CASE066,CDR13369,burst_calling
CASE066,CDR13370,odd_hour_contact
CASE066,CDR13373,odd_hour_contact
CASE066,CDR13381,odd_hour_contact
CASE066,CDR13384,burst_calling
CASE066,CDR13385,odd_hour_contact|burst_calling
CASE066,CDR13386,burst_calling
CASE066,CDR13387,odd_hour_contact|burst_calling
CASE066,CDR13388,burst_calling
CASE066,CDR13389,burst_calling
CASE066,CDR13390,burst_calling
CASE066,CDR13391,burst_calling
CASE066,CDR13392,odd_hour_contact|burst_calling
CASE066,CDR13393,burst_calling
CASE066,CDR13394,burst_calling
CASE066,CDR13399,odd_hour_contact
CASE066,CDR13403,burst_calling
CASE066,CDR13404,burst_calling
CASE066,CDR13405,burst_calling
CASE066,CDR13406,burst_calling
CASE066,CDR13407,burst_calling
CASE066,CDR13408,burst_calling
CASE066,CDR13409,burst_calling
CASE066,CDR13410,burst_calling
CASE066,CDR13411,burst_calling
CASE066,CDR13412,burst_calling
CASE066,CDR13413,burst_calling
CASE066,CDR13414,burst_calling
CASE066,CDR13415,odd_hour_contact|burst_calling
CASE066,CDR13416,odd_hour_contact|burst_calling
CASE066,CDR13417,burst_calling
CASE066,CDR13418,burst_calling
CASE066,CDR13419,odd_hour_contact|burst_calling
CASE066,CDR13423,burst_calling
CASE066,CDR13424,burst_calling
CASE066,CDR13425,burst_calling
CASE066,CDR13426,burst_calling
CASE066,CDR13427,burst_calling
CASE066,CDR13430,burst_calling
CASE066,CDR13431,burst_calling
CASE066,CDR13432,odd_hour_contact|burst_calling
CASE066,CDR13433,burst_calling
CASE066,CDR13434,burst_calling
CASE066,CDR13435,burst_calling
CASE066,CDR13436,burst_calling
CASE066,CDR13437,burst_calling
CASE066,CDR13438,burst_calling
CASE066,CDR13439,burst_calling
CASE066,CDR13440,burst_calling
CASE066,CDR13441,odd_hour_contact|burst_calling
CASE066,CDR13442,burst_calling
CASE066,CDR13443,burst_calling
CASE066,CDR13444,burst_calling
CASE066,CDR13445,odd_hour_contact|burst_calling
CASE066,CDR13446,burst_calling
CASE066,CDR13452,burst_calling
CASE066,CDR13453,burst_calling
CASE066,CDR13454,odd_hour_contact|burst_calling
CASE066,CDR13455,odd_hour_contact|burst_calling
CASE066,CDR13456,burst_calling
CASE066,CDR13457,odd_hour_contact|burst_calling
CASE066,CDR13458,burst_calling
CASE066,CDR13459,burst_calling
CASE066,CDR13460,burst_calling
CASE066,CDR13461,odd_hour_contact|burst_calling
CASE066,CDR13462,burst_calling
CASE066,CDR13463,burst_calling
CASE066,CDR13464,single_use_contact
CASE066,CDR13465,single_use_contact
CASE066,CDR13466,single_use_contact
CASE066,CDR13467,single_use_contact
CASE066,CDR13468,single_use_contact
CASE066,CDR13469,single_use_contact
CASE066,CDR13470,single_use_contact
CASE066,CDR13471,single_use_contact
CASE066,CDR13472,single_use_contact
CASE066,CDR13473,odd_hour_contact|single_use_contact
CASE066,CDR13474,single_use_contact
CASE066,CDR13475,single_use_contact
CASE066,CDR13476,single_use_contact
CASE066,CDR13477,single_use_contact
CASE066,CDR13478,single_use_contact
CASE066,CDR13479,single_use_contact
CASE066,CDR13480,single_use_contact
CASE066,CDR13481,odd_hour_contact|single_use_contact
CASE066,CDR13482,single_use_contact
CASE066,CDR13483,single_use_contact
CASE066,CDR13484,odd_hour_contact|single_use_contact
CASE066,CDR13485,single_use_contact
CASE066,CDR13486,single_use_contact
CASE066,CDR13487,single_use_contact
CASE066,CDR13488,single_use_contact
CASE066,CDR13489,odd_hour_contact|single_use_contact
CASE066,CDR13490,single_use_contact
CASE066,CDR13491,single_use_contact
CASE066,CDR13492,single_use_contact
CASE066,CDR13493,single_use_contact
CASE066,CDR13494,single_use_contact
CASE066,CDR13495,single_use_contact
CASE066,CDR13496,single_use_contact
CASE066,CDR13497,odd_hour_contact|single_use_contact
CASE066,CDR13498,odd_hour_contact|single_use_contact
CASE066,CDR13499,odd_hour_contact|single_use_contact
CASE066,CDR13500,odd_hour_contact|single_use_contact
CASE066,CDR13501,single_use_contact
CASE066,CDR13502,odd_hour_contact|single_use_contact
CASE066,CDR13503,single_use_contact
CASE066,CDR13504,single_use_contact
CASE066,CDR13505,single_use_contact
CASE066,CDR13506,single_use_contact
CASE066,CDR13507,single_use_contact
CASE066,CDR13508,single_use_contact
CASE066,CDR13509,single_use_contact
CASE066,CDR13510,single_use_contact
CASE066,CDR13511,single_use_contact
CASE066,CDR13512,single_use_contact
CASE066,CDR13513,single_use_contact
CASE066,CDR13514,single_use_contact
CASE066,CDR13515,single_use_contact
CASE066,CDR13516,odd_hour_contact|single_use_contact
CASE066,CDR13517,single_use_contact
CASE066,CDR13518,single_use_contact
CASE066,CDR13519,odd_hour_contact|single_use_contact
CASE066,CDR13520,single_use_contact
CASE066,CDR13521,single_use_contact
CASE066,CDR13522,single_use_contact
CASE066,CDR13523,single_use_contact
CASE066,CDR13524,single_use_contact
CASE066,CDR13525,single_use_contact
CASE066,CDR13526,single_use_contact
CASE066,CDR13527,odd_hour_contact|single_use_contact
CASE066,CDR13528,odd_hour_contact|single_use_contact
CASE066,CDR13529,odd_hour_contact|single_use_contact
CASE066,CDR13530,odd_hour_contact|single_use_contact
CASE066,CDR13531,odd_hour_contact|single_use_contact
CASE066,CDR13532,single_use_contact
CASE066,CDR13533,odd_hour_contact|single_use_contact
CASE066,CDR13534,single_use_contact
CASE066,CDR13535,single_use_contact
CASE066,CDR13536,single_use_contact
CASE066,CDR13537,single_use_contact
CASE066,CDR13538,single_use_contact
CASE066,CDR13539,single_use_contact
CASE066,CDR13540,single_use_contact
CASE066,CDR13541,single_use_contact
CASE066,CDR13542,single_use_contact
CASE066,CDR13543,single_use_contact
CASE066,CDR13544,single_use_contact
CASE066,CDR13545,single_use_contact
CASE066,CDR13546,single_use_contact
CASE066,CDR13547,odd_hour_contact|single_use_contact
CASE066,CDR13548,single_use_contact
CASE066,CDR13549,single_use_contact
CASE066,CDR13550,single_use_contact
CASE066,CDR13551,single_use_contact
CASE066,CDR13552,single_use_contact
CASE066,CDR13553,single_use_contact
CASE067,CDR13555,odd_hour_contact
CASE067,CDR13556,single_use_contact
CASE067,CDR13557,odd_hour_contact|single_use_contact
CASE067,CDR13558,single_use_contact
CASE067,CDR13559,odd_hour_contact|single_use_contact
CASE067,CDR13560,single_use_contact
CASE067,CDR13561,single_use_contact
CASE067,CDR13562,single_use_contact
CASE067,CDR13563,single_use_contact
CASE067,CDR13564,single_use_contact
CASE067,CDR13565,single_use_contact
CASE067,CDR13566,single_use_contact
CASE067,CDR13567,single_use_contact
CASE067,CDR13568,single_use_contact
CASE067,CDR13569,single_use_contact
CASE067,CDR13570,single_use_contact
CASE067,CDR13571,single_use_contact
CASE067,CDR13572,single_use_contact
CASE067,CDR13573,single_use_contact
CASE067,CDR13574,single_use_contact
CASE067,CDR13575,single_use_contact
CASE067,CDR13576,single_use_contact
CASE067,CDR13577,odd_hour_contact|single_use_contact
CASE067,CDR13578,single_use_contact
CASE067,CDR13579,single_use_contact
CASE067,CDR13580,single_use_contact
CASE067,CDR13581,odd_hour_contact|single_use_contact
CASE067,CDR13582,single_use_contact
CASE067,CDR13583,single_use_contact
CASE067,CDR13584,single_use_contact
CASE067,CDR13585,single_use_contact
CASE067,CDR13586,single_use_contact
CASE067,CDR13587,odd_hour_contact|single_use_contact
CASE067,CDR13588,single_use_contact
CASE067,CDR13589,single_use_contact
CASE067,CDR13590,single_use_contact
CASE067,CDR13591,single_use_contact
CASE067,CDR13592,single_use_contact
CASE067,CDR13593,odd_hour_contact|single_use_contact
CASE067,CDR13594,single_use_contact
CASE067,CDR13595,single_use_contact
CASE067,CDR13596,single_use_contact
CASE067,CDR13597,single_use_contact
CASE067,CDR13598,odd_hour_contact|single_use_contact
CASE067,CDR13599,single_use_contact
CASE067,CDR13600,single_use_contact
CASE067,CDR13601,odd_hour_contact|single_use_contact
CASE067,CDR13602,single_use_contact
CASE067,CDR13603,single_use_contact
CASE067,CDR13604,odd_hour_contact|single_use_contact
CASE067,CDR13605,single_use_contact
CASE067,CDR13606,odd_hour_contact|single_use_contact
CASE067,CDR13607,single_use_contact
CASE067,CDR13608,single_use_contact
CASE067,CDR13609,single_use_contact
CASE067,CDR13610,single_use_contact
CASE067,CDR13611,single_use_contact
CASE067,CDR13612,single_use_contact
CASE067,CDR13613,single_use_contact
CASE067,CDR13614,single_use_contact
CASE067,CDR13615,single_use_contact
CASE067,CDR13616,single_use_contact
CASE067,CDR13617,odd_hour_contact|single_use_contact
CASE067,CDR13618,single_use_contact
CASE067,CDR13619,single_use_contact
CASE067,CDR13620,single_use_contact
CASE067,CDR13621,single_use_contact
CASE067,CDR13622,single_use_contact
CASE067,CDR13623,single_use_contact
CASE067,CDR13624,odd_hour_contact|single_use_contact
CASE067,CDR13625,odd_hour_contact|single_use_contact
CASE067,CDR13626,single_use_contact
CASE067,CDR13627,single_use_contact
CASE067,CDR13628,single_use_contact
CASE067,CDR13629,single_use_contact
CASE067,CDR13630,single_use_contact
CASE067,CDR13631,single_use_contact
CASE067,CDR13632,single_use_contact
CASE067,CDR13633,single_use_contact
CASE067,CDR13634,odd_hour_contact|single_use_contact
CASE067,CDR13635,single_use_contact
CASE067,CDR13636,single_use_contact
CASE067,CDR13637,single_use_contact
CASE067,CDR13638,odd_hour_contact|single_use_contact
CASE067,CDR13639,single_use_contact
CASE067,CDR13640,single_use_contact
CASE067,CDR13641,single_use_contact
CASE067,CDR13642,single_use_contact
CASE067,CDR13643,single_use_contact
CASE067,CDR13644,single_use_contact
CASE067,CDR13645,odd_hour_contact|single_use_contact
CASE068,CDR13648,odd_hour_contact|burst_calling
CASE068,CDR13649,burst_calling
CASE068,CDR13650,burst_calling
CASE068,CDR13651,burst_calling
CASE068,CDR13652,burst_calling
CASE068,CDR13655,odd_hour_contact|burst_calling
CASE068,CDR13656,burst_calling
CASE068,CDR13657,burst_calling
CASE068,CDR13658,burst_calling
CASE068,CDR13659,burst_calling
CASE068,CDR13660,burst_calling
CASE068,CDR13661,burst_calling
CASE068,CDR13662,odd_hour_contact|burst_calling
CASE068,CDR13663,odd_hour_contact|burst_calling
CASE068,CDR13664,odd_hour_contact|burst_calling
CASE068,CDR13665,burst_calling
CASE068,CDR13671,odd_hour_contact
CASE068,CDR13673,burst_calling
CASE068,CDR13674,burst_calling
CASE068,CDR13675,burst_calling
CASE068,CDR13676,burst_calling
CASE068,CDR13677,odd_hour_contact|burst_calling
CASE068,CDR13678,burst_calling
CASE068,CDR13685,odd_hour_contact
CASE068,CDR13688,odd_hour_contact
CASE068,CDR13695,burst_calling
CASE068,CDR13696,burst_calling
CASE068,CDR13697,burst_calling
CASE068,CDR13698,burst_calling
CASE068,CDR13699,burst_calling
CASE068,CDR13700,odd_hour_contact
CASE068,CDR13704,odd_hour_contact
CASE068,CDR13708,odd_hour_contact
CASE068,CDR13709,odd_hour_contact
CASE068,CDR13714,burst_calling
CASE068,CDR13715,odd_hour_contact|burst_calling
CASE068,CDR13716,burst_calling
CASE068,CDR13717,odd_hour_contact|burst_calling
CASE068,CDR13718,burst_calling
CASE068,CDR13719,burst_calling
CASE068,CDR13720,burst_calling
CASE068,CDR13721,odd_hour_contact|burst_calling
CASE068,CDR13722,burst_calling
CASE068,CDR13723,burst_calling
CASE068,CDR13724,burst_calling
CASE068,CDR13725,burst_calling
CASE068,CDR13726,odd_hour_contact|burst_calling
CASE068,CDR13727,burst_calling
CASE068,CDR13728,burst_calling
CASE068,CDR13729,burst_calling
CASE068,CDR13730,odd_hour_contact|burst_calling
CASE068,CDR13731,burst_calling
CASE068,CDR13732,odd_hour_contact|burst_calling
CASE068,CDR13733,burst_calling
CASE068,CDR13734,odd_hour_contact|burst_calling
CASE068,CDR13735,burst_calling
CASE068,CDR13736,burst_calling
CASE068,CDR13737,burst_calling
CASE068,CDR13738,odd_hour_contact|burst_calling
CASE068,CDR13739,burst_calling
CASE068,CDR13740,burst_calling
CASE068,CDR13741,burst_calling
CASE068,CDR13742,burst_calling
CASE068,CDR13743,burst_calling
CASE068,CDR13744,burst_calling
CASE068,CDR13745,odd_hour_contact|burst_calling
CASE068,CDR13748,burst_calling
CASE068,CDR13749,burst_calling
CASE068,CDR13750,burst_calling
CASE068,CDR13751,burst_calling
CASE068,CDR13752,burst_calling
CASE068,CDR13753,odd_hour_contact|burst_calling
CASE068,CDR13754,burst_calling
CASE068,CDR13755,burst_calling
CASE068,CDR13756,burst_calling
CASE068,CDR13757,odd_hour_contact|burst_calling
CASE068,CDR13759,odd_hour_contact
CASE068,CDR13762,burst_calling
CASE068,CDR13763,burst_calling
CASE068,CDR13764,odd_hour_contact|burst_calling
CASE068,CDR13765,burst_calling
CASE068,CDR13766,burst_calling
CASE068,CDR13767,burst_calling
CASE068,CDR13770,single_use_contact
CASE068,CDR13771,single_use_contact
CASE068,CDR13772,single_use_contact
CASE068,CDR13773,single_use_contact
CASE068,CDR13774,single_use_contact
CASE068,CDR13775,odd_hour_contact|single_use_contact
CASE068,CDR13776,single_use_contact
CASE068,CDR13777,single_use_contact
CASE068,CDR13778,single_use_contact
CASE068,CDR13779,single_use_contact
CASE068,CDR13780,odd_hour_contact|single_use_contact
CASE068,CDR13781,odd_hour_contact|single_use_contact
CASE068,CDR13782,odd_hour_contact|single_use_contact
CASE068,CDR13783,single_use_contact
CASE068,CDR13784,single_use_contact
CASE068,CDR13785,single_use_contact
CASE068,CDR13786,odd_hour_contact|single_use_contact
CASE068,CDR13787,single_use_contact
CASE068,CDR13788,odd_hour_contact|single_use_contact
CASE068,CDR13789,single_use_contact
CASE068,CDR13790,single_use_contact
CASE068,CDR13791,single_use_contact
CASE068,CDR13792,single_use_contact
CASE068,CDR13793,single_use_contact
CASE068,CDR13794,single_use_contact
CASE068,CDR13795,single_use_contact
CASE068,CDR13796,single_use_contact
CASE068,CDR13797,odd_hour_contact|single_use_contact
CASE068,CDR13798,single_use_contact
CASE068,CDR13799,single_use_contact
CASE068,CDR13800,single_use_contact
CASE068,CDR13801,odd_hour_contact|single_use_contact
CASE068,CDR13802,single_use_contact
CASE068,CDR13803,odd_hour_contact|single_use_contact
CASE068,CDR13804,single_use_contact
CASE068,CDR13805,single_use_contact
CASE068,CDR13806,single_use_contact
CASE068,CDR13807,single_use_contact
CASE068,CDR13808,single_use_contact
CASE068,CDR13809,single_use_contact
CASE068,CDR13810,odd_hour_contact|single_use_contact
CASE068,CDR13811,single_use_contact
CASE068,CDR13812,odd_hour_contact|single_use_contact
CASE068,CDR13813,single_use_contact
CASE068,CDR13814,odd_hour_contact|single_use_contact
CASE068,CDR13815,single_use_contact
CASE068,CDR13816,single_use_contact
CASE068,CDR13817,single_use_contact
CASE068,CDR13818,single_use_contact
CASE068,CDR13819,single_use_contact
CASE068,CDR13820,single_use_contact
CASE068,CDR13821,single_use_contact
CASE068,CDR13822,single_use_contact
CASE068,CDR13823,single_use_contact
CASE068,CDR13824,single_use_contact
CASE068,CDR13825,odd_hour_contact|single_use_contact
CASE068,CDR13826,single_use_contact
CASE068,CDR13827,odd_hour_contact|single_use_contact
CASE068,CDR13828,single_use_contact
CASE068,CDR13829,odd_hour_contact
CASE068,CDR13830,single_use_contact
CASE068,CDR13831,single_use_contact
CASE068,CDR13832,single_use_contact
CASE068,CDR13833,single_use_contact
CASE068,CDR13834,single_use_contact
CASE068,CDR13835,single_use_contact
CASE068,CDR13836,single_use_contact
CASE068,CDR13837,single_use_contact
CASE068,CDR13838,single_use_contact
CASE068,CDR13839,single_use_contact
CASE068,CDR13840,single_use_contact
CASE068,CDR13841,single_use_contact
CASE068,CDR13842,single_use_contact
CASE068,CDR13843,single_use_contact
CASE068,CDR13844,single_use_contact
CASE068,CDR13845,single_use_contact
CASE068,CDR13846,single_use_contact
CASE068,CDR13847,single_use_contact
CASE068,CDR13848,single_use_contact
CASE068,CDR13849,odd_hour_contact|single_use_contact
CASE068,CDR13850,single_use_contact
CASE068,CDR13852,single_use_contact
CASE068,CDR13853,single_use_contact
CASE068,CDR13854,odd_hour_contact|single_use_contact
CASE068,CDR13855,single_use_contact
CASE068,CDR13856,odd_hour_contact|single_use_contact
CASE068,CDR13857,odd_hour_contact|single_use_contact
CASE068,CDR13858,single_use_contact
CASE068,CDR13859,single_use_contact
CASE069,CDR13860,burst_calling
CASE069,CDR13861,burst_calling
CASE069,CDR13862,burst_calling
CASE069,CDR13863,burst_calling
CASE069,CDR13864,burst_calling
CASE069,CDR13865,odd_hour_contact|burst_calling
CASE069,CDR13866,burst_calling
CASE069,CDR13867,odd_hour_contact|burst_calling
CASE069,CDR13868,burst_calling
CASE069,CDR13869,odd_hour_contact|burst_calling
CASE069,CDR13870,burst_calling
CASE069,CDR13871,odd_hour_contact|burst_calling
CASE069,CDR13872,burst_calling
CASE069,CDR13873,burst_calling
CASE069,CDR13874,burst_calling
CASE069,CDR13877,odd_hour_contact
CASE069,CDR13879,burst_calling
CASE069,CDR13880,burst_calling
CASE069,CDR13881,odd_hour_contact|burst_calling
CASE069,CDR13882,burst_calling
CASE069,CDR13883,burst_calling
CASE069,CDR13884,burst_calling
CASE069,CDR13885,burst_calling
CASE069,CDR13886,burst_calling
CASE069,CDR13887,burst_calling
CASE069,CDR13888,burst_calling
CASE069,CDR13889,burst_calling
CASE069,CDR13890,odd_hour_contact|burst_calling
CASE069,CDR13891,odd_hour_contact|burst_calling
CASE069,CDR13892,burst_calling
CASE069,CDR13893,burst_calling
CASE069,CDR13894,odd_hour_contact
CASE069,CDR13898,odd_hour_contact
CASE069,CDR13899,odd_hour_contact
CASE069,CDR13902,burst_calling
CASE069,CDR13903,burst_calling
CASE069,CDR13904,burst_calling
CASE069,CDR13905,burst_calling
CASE069,CDR13906,burst_calling
CASE069,CDR13907,burst_calling
CASE069,CDR13908,burst_calling
CASE069,CDR13909,burst_calling
CASE069,CDR13910,burst_calling
CASE069,CDR13911,burst_calling
CASE069,CDR13912,odd_hour_contact|burst_calling
CASE069,CDR13915,odd_hour_contact
CASE069,CDR13917,burst_calling
CASE069,CDR13918,burst_calling
CASE069,CDR13919,burst_calling
CASE069,CDR13920,burst_calling
CASE069,CDR13921,burst_calling
CASE069,CDR13922,odd_hour_contact|burst_calling
CASE069,CDR13923,odd_hour_contact
CASE069,CDR13924,odd_hour_contact
CASE069,CDR13926,odd_hour_contact
CASE069,CDR13929,odd_hour_contact
CASE069,CDR13930,single_use_contact
CASE069,CDR13931,single_use_contact
CASE069,CDR13932,single_use_contact
CASE069,CDR13933,single_use_contact
CASE069,CDR13934,odd_hour_contact|single_use_contact
CASE069,CDR13935,single_use_contact
CASE069,CDR13936,single_use_contact
CASE069,CDR13937,single_use_contact
CASE069,CDR13938,single_use_contact
CASE069,CDR13939,single_use_contact
CASE069,CDR13940,single_use_contact
CASE069,CDR13941,odd_hour_contact|single_use_contact
CASE069,CDR13942,single_use_contact
CASE069,CDR13943,single_use_contact
CASE069,CDR13944,single_use_contact
CASE069,CDR13945,single_use_contact
CASE069,CDR13946,single_use_contact
CASE069,CDR13947,single_use_contact
CASE069,CDR13948,single_use_contact
CASE069,CDR13949,single_use_contact
CASE069,CDR13950,single_use_contact
CASE069,CDR13951,odd_hour_contact|single_use_contact
CASE069,CDR13952,single_use_contact
CASE069,CDR13953,single_use_contact
CASE069,CDR13954,single_use_contact
CASE069,CDR13955,single_use_contact
CASE069,CDR13956,odd_hour_contact|single_use_contact
CASE069,CDR13957,odd_hour_contact|single_use_contact
CASE069,CDR13958,single_use_contact
CASE069,CDR13959,odd_hour_contact|single_use_contact
CASE069,CDR13960,single_use_contact
CASE069,CDR13961,single_use_contact
CASE069,CDR13962,single_use_contact
CASE069,CDR13963,odd_hour_contact|single_use_contact
CASE069,CDR13964,odd_hour_contact|single_use_contact
CASE069,CDR13965,single_use_contact
CASE069,CDR13966,single_use_contact
CASE069,CDR13967,single_use_contact
CASE069,CDR13968,single_use_contact
CASE069,CDR13969,single_use_contact
CASE069,CDR13970,single_use_contact
CASE069,CDR13971,single_use_contact
CASE069,CDR13972,odd_hour_contact|single_use_contact
CASE069,CDR13973,odd_hour_contact|single_use_contact
CASE069,CDR13974,single_use_contact
CASE069,CDR13975,single_use_contact
CASE069,CDR13976,single_use_contact
CASE069,CDR13977,odd_hour_contact|single_use_contact
CASE069,CDR13978,single_use_contact
CASE069,CDR13979,single_use_contact
CASE069,CDR13980,odd_hour_contact|single_use_contact
CASE069,CDR13981,single_use_contact
CASE069,CDR13982,odd_hour_contact|single_use_contact
CASE069,CDR13983,single_use_contact
CASE069,CDR13984,single_use_contact
CASE069,CDR13985,single_use_contact
CASE069,CDR13986,single_use_contact
CASE069,CDR13987,single_use_contact
CASE069,CDR13988,single_use_contact
CASE069,CDR13989,single_use_contact
CASE069,CDR13990,single_use_contact
CASE069,CDR13991,odd_hour_contact|single_use_contact
CASE069,CDR13992,single_use_contact
CASE069,CDR13993,single_use_contact
CASE069,CDR13994,single_use_contact
CASE069,CDR13995,single_use_contact
CASE069,CDR13996,odd_hour_contact|single_use_contact
CASE069,CDR13997,single_use_contact
CASE069,CDR13998,odd_hour_contact|single_use_contact
CASE069,CDR13999,single_use_contact
CASE069,CDR14000,single_use_contact
CASE069,CDR14001,single_use_contact
CASE069,CDR14002,odd_hour_contact|single_use_contact
CASE069,CDR14003,odd_hour_contact|single_use_contact
CASE069,CDR14004,single_use_contact
CASE069,CDR14005,single_use_contact
CASE069,CDR14006,single_use_contact
CASE069,CDR14007,odd_hour_contact|single_use_contact
CASE069,CDR14008,single_use_contact
CASE069,CDR14009,single_use_contact
CASE069,CDR14010,odd_hour_contact|single_use_contact
CASE069,CDR14011,single_use_contact
CASE069,CDR14012,single_use_contact
CASE069,CDR14013,single_use_contact
CASE069,CDR14014,single_use_contact
CASE069,CDR14015,single_use_contact
CASE069,CDR14016,single_use_contact
CASE069,CDR14017,single_use_contact
CASE069,CDR14018,single_use_contact
CASE069,CDR14019,single_use_contact
CASE070,CDR14020,odd_hour_contact
CASE070,CDR14022,odd_hour_contact
CASE070,CDR14024,burst_calling
CASE070,CDR14025,burst_calling
CASE070,CDR14026,burst_calling
CASE070,CDR14027,burst_calling
CASE070,CDR14028,burst_calling
CASE070,CDR14029,odd_hour_contact|burst_calling
CASE070,CDR14030,burst_calling
CASE070,CDR14031,burst_calling
CASE070,CDR14032,burst_calling
CASE070,CDR14033,odd_hour_contact|burst_calling
CASE070,CDR14034,burst_calling
CASE070,CDR14035,odd_hour_contact
CASE070,CDR14037,odd_hour_contact|burst_calling
CASE070,CDR14038,odd_hour_contact|burst_calling
CASE070,CDR14039,odd_hour_contact|burst_calling
CASE070,CDR14040,burst_calling
CASE070,CDR14041,burst_calling
CASE070,CDR14042,burst_calling
CASE070,CDR14043,burst_calling
CASE070,CDR14044,burst_calling
CASE070,CDR14045,burst_calling
CASE070,CDR14046,burst_calling
CASE070,CDR14047,burst_calling
CASE070,CDR14048,burst_calling
CASE070,CDR14049,odd_hour_contact|burst_calling
CASE070,CDR14050,burst_calling
CASE070,CDR14051,burst_calling
CASE070,CDR14052,odd_hour_contact|burst_calling
CASE070,CDR14053,odd_hour_contact
CASE070,CDR14055,burst_calling
CASE070,CDR14056,burst_calling
CASE070,CDR14057,odd_hour_contact|burst_calling
CASE070,CDR14058,odd_hour_contact|burst_calling
CASE070,CDR14059,burst_calling
CASE070,CDR14060,burst_calling
CASE070,CDR14062,odd_hour_contact
CASE070,CDR14065,odd_hour_contact
CASE070,CDR14066,odd_hour_contact
CASE070,CDR14072,burst_calling
CASE070,CDR14073,burst_calling
CASE070,CDR14074,odd_hour_contact|burst_calling
CASE070,CDR14075,burst_calling
CASE070,CDR14076,burst_calling
CASE070,CDR14080,burst_calling
CASE070,CDR14081,odd_hour_contact|burst_calling
CASE070,CDR14082,burst_calling
CASE070,CDR14083,burst_calling
CASE070,CDR14084,burst_calling
CASE070,CDR14085,odd_hour_contact
CASE070,CDR14089,odd_hour_contact
CASE070,CDR14092,odd_hour_contact
CASE070,CDR14096,burst_calling
CASE070,CDR14097,burst_calling
CASE070,CDR14098,odd_hour_contact|burst_calling
CASE070,CDR14099,burst_calling
CASE070,CDR14100,odd_hour_contact|burst_calling
CASE070,CDR14101,odd_hour_contact
CASE070,CDR14103,odd_hour_contact
CASE070,CDR14107,odd_hour_contact
CASE070,CDR14113,single_use_contact
CASE070,CDR14114,single_use_contact
CASE070,CDR14115,single_use_contact
CASE070,CDR14116,single_use_contact
CASE070,CDR14117,single_use_contact
CASE070,CDR14118,odd_hour_contact|single_use_contact
CASE070,CDR14119,single_use_contact
CASE070,CDR14120,single_use_contact
CASE070,CDR14121,single_use_contact
CASE070,CDR14122,single_use_contact
CASE070,CDR14123,single_use_contact
CASE070,CDR14124,odd_hour_contact|single_use_contact
CASE070,CDR14125,single_use_contact
CASE070,CDR14126,single_use_contact
CASE070,CDR14127,single_use_contact
CASE070,CDR14128,single_use_contact
CASE070,CDR14129,single_use_contact
CASE070,CDR14130,odd_hour_contact|single_use_contact
CASE070,CDR14131,single_use_contact
CASE070,CDR14132,odd_hour_contact|single_use_contact
CASE070,CDR14133,single_use_contact
CASE070,CDR14134,single_use_contact
CASE070,CDR14135,single_use_contact
CASE070,CDR14136,single_use_contact
CASE070,CDR14137,single_use_contact
CASE070,CDR14138,single_use_contact
CASE070,CDR14139,single_use_contact
CASE070,CDR14140,single_use_contact
CASE070,CDR14141,single_use_contact
CASE070,CDR14142,single_use_contact
CASE070,CDR14143,odd_hour_contact|single_use_contact
CASE070,CDR14144,single_use_contact
CASE070,CDR14145,single_use_contact
CASE070,CDR14146,single_use_contact
CASE070,CDR14147,single_use_contact
CASE070,CDR14148,single_use_contact
CASE070,CDR14149,single_use_contact
CASE070,CDR14150,single_use_contact
CASE070,CDR14151,single_use_contact
CASE070,CDR14152,single_use_contact
CASE070,CDR14153,single_use_contact
CASE070,CDR14154,single_use_contact
CASE070,CDR14155,odd_hour_contact|single_use_contact
CASE070,CDR14156,single_use_contact
CASE070,CDR14157,single_use_contact
CASE070,CDR14158,single_use_contact
CASE070,CDR14159,single_use_contact
CASE070,CDR14160,odd_hour_contact|single_use_contact
CASE070,CDR14161,single_use_contact
CASE070,CDR14162,single_use_contact
CASE070,CDR14163,single_use_contact
CASE070,CDR14164,single_use_contact
CASE070,CDR14165,single_use_contact
CASE070,CDR14166,odd_hour_contact|single_use_contact
CASE070,CDR14167,single_use_contact
CASE070,CDR14168,odd_hour_contact|single_use_contact
CASE070,CDR14169,single_use_contact
CASE070,CDR14170,odd_hour_contact|single_use_contact
CASE070,CDR14171,single_use_contact
CASE070,CDR14172,single_use_contact
CASE070,CDR14173,single_use_contact
CASE070,CDR14174,single_use_contact
CASE070,CDR14175,odd_hour_contact|single_use_contact
CASE070,CDR14176,single_use_contact
CASE070,CDR14177,single_use_contact
CASE070,CDR14178,odd_hour_contact|single_use_contact
CASE070,CDR14179,odd_hour_contact|single_use_contact
CASE070,CDR14180,single_use_contact
CASE070,CDR14181,odd_hour_contact|single_use_contact
CASE070,CDR14182,odd_hour_contact|single_use_contact
CASE070,CDR14183,single_use_contact
CASE070,CDR14184,single_use_contact
CASE070,CDR14185,single_use_contact
CASE070,CDR14186,single_use_contact
CASE070,CDR14187,single_use_contact
CASE070,CDR14188,odd_hour_contact|single_use_contact
CASE070,CDR14189,odd_hour_contact|single_use_contact
CASE070,CDR14190,single_use_contact
CASE070,CDR14191,single_use_contact
CASE070,CDR14192,odd_hour_contact|single_use_contact
CASE070,CDR14193,single_use_contact
CASE070,CDR14194,single_use_contact
CASE070,CDR14195,odd_hour_contact|single_use_contact
CASE070,CDR14196,odd_hour_contact|single_use_contact
CASE070,CDR14197,single_use_contact
CASE070,CDR14198,single_use_contact
CASE070,CDR14199,single_use_contact
CASE070,CDR14200,single_use_contact
CASE070,CDR14201,odd_hour_contact|single_use_contact
CASE070,CDR14202,single_use_contact
CASE071,CDR14203,odd_hour_contact|burst_calling
CASE071,CDR14204,burst_calling
CASE071,CDR14205,burst_calling
CASE071,CDR14206,odd_hour_contact|burst_calling
CASE071,CDR14207,burst_calling
CASE071,CDR14208,burst_calling
CASE071,CDR14210,odd_hour_contact
CASE071,CDR14212,burst_calling
CASE071,CDR14213,burst_calling
CASE071,CDR14214,burst_calling
CASE071,CDR14215,burst_calling
CASE071,CDR14216,odd_hour_contact|burst_calling
CASE071,CDR14219,odd_hour_contact
CASE071,CDR14221,odd_hour_contact|burst_calling
CASE071,CDR14222,odd_hour_contact|burst_calling
CASE071,CDR14223,burst_calling
CASE071,CDR14224,odd_hour_contact|burst_calling
CASE071,CDR14225,burst_calling
CASE071,CDR14226,odd_hour_contact|burst_calling
CASE071,CDR14230,odd_hour_contact|burst_calling
CASE071,CDR14231,burst_calling
CASE071,CDR14232,burst_calling
CASE071,CDR14233,odd_hour_contact|burst_calling
CASE071,CDR14234,burst_calling
CASE071,CDR14235,burst_calling
CASE071,CDR14236,burst_calling
CASE071,CDR14237,burst_calling
CASE071,CDR14238,burst_calling
CASE071,CDR14239,burst_calling
CASE071,CDR14240,burst_calling
CASE071,CDR14241,burst_calling
CASE071,CDR14242,burst_calling
CASE071,CDR14243,burst_calling
CASE071,CDR14244,burst_calling
CASE071,CDR14245,burst_calling
CASE071,CDR14249,odd_hour_contact
CASE071,CDR14250,burst_calling
CASE071,CDR14251,burst_calling
CASE071,CDR14252,burst_calling
CASE071,CDR14253,burst_calling
CASE071,CDR14254,burst_calling
CASE071,CDR14255,odd_hour_contact|burst_calling
CASE071,CDR14259,burst_calling
CASE071,CDR14260,odd_hour_contact|burst_calling
CASE071,CDR14261,burst_calling
CASE071,CDR14262,burst_calling
CASE071,CDR14263,odd_hour_contact|burst_calling
CASE071,CDR14266,odd_hour_contact
CASE071,CDR14267,burst_calling
CASE071,CDR14268,burst_calling
CASE071,CDR14269,burst_calling
CASE071,CDR14270,burst_calling
CASE071,CDR14271,odd_hour_contact|burst_calling
CASE071,CDR14272,odd_hour_contact
CASE071,CDR14280,odd_hour_contact
CASE071,CDR14287,odd_hour_contact
CASE071,CDR14289,burst_calling
CASE071,CDR14290,burst_calling
CASE071,CDR14291,burst_calling
CASE071,CDR14292,burst_calling
CASE071,CDR14293,burst_calling
CASE071,CDR14294,burst_calling
CASE071,CDR14295,burst_calling
CASE071,CDR14296,burst_calling
CASE071,CDR14297,burst_calling
CASE071,CDR14298,burst_calling
CASE071,CDR14301,odd_hour_contact
CASE071,CDR14309,odd_hour_contact
CASE071,CDR14314,burst_calling
CASE071,CDR14315,odd_hour_contact|burst_calling
CASE071,CDR14316,burst_calling
CASE071,CDR14317,burst_calling
CASE071,CDR14318,burst_calling
CASE071,CDR14319,odd_hour_contact|burst_calling
CASE071,CDR14327,odd_hour_contact
CASE071,CDR14328,odd_hour_contact
CASE071,CDR14329,odd_hour_contact
CASE071,CDR14330,burst_calling
CASE071,CDR14331,odd_hour_contact|burst_calling
CASE071,CDR14332,odd_hour_contact|burst_calling
CASE071,CDR14333,burst_calling
CASE071,CDR14334,burst_calling
CASE071,CDR14335,odd_hour_contact
CASE071,CDR14340,odd_hour_contact
CASE071,CDR14342,odd_hour_contact
CASE071,CDR14345,odd_hour_contact
CASE071,CDR14347,odd_hour_contact
CASE071,CDR14352,burst_calling
CASE071,CDR14353,burst_calling
CASE071,CDR14354,burst_calling
CASE071,CDR14355,burst_calling
CASE071,CDR14356,burst_calling
CASE071,CDR14357,burst_calling
CASE071,CDR14358,burst_calling
CASE071,CDR14359,burst_calling
CASE071,CDR14360,burst_calling
CASE071,CDR14361,burst_calling
CASE071,CDR14362,burst_calling
CASE071,CDR14363,burst_calling
CASE071,CDR14364,burst_calling
CASE071,CDR14365,burst_calling
CASE071,CDR14366,burst_calling
CASE071,CDR14367,burst_calling
CASE071,CDR14369,odd_hour_contact
CASE071,CDR14370,burst_calling
CASE071,CDR14371,burst_calling
CASE071,CDR14372,odd_hour_contact|burst_calling
CASE071,CDR14373,burst_calling
CASE071,CDR14374,burst_calling
CASE071,CDR14375,burst_calling
CASE071,CDR14376,single_use_contact
CASE071,CDR14377,single_use_contact
CASE071,CDR14378,single_use_contact
CASE071,CDR14379,single_use_contact
CASE071,CDR14380,single_use_contact
CASE071,CDR14381,single_use_contact
CASE071,CDR14382,odd_hour_contact|single_use_contact
CASE071,CDR14383,odd_hour_contact|single_use_contact
CASE071,CDR14384,odd_hour_contact|single_use_contact
CASE071,CDR14385,odd_hour_contact|single_use_contact
CASE071,CDR14386,single_use_contact
CASE071,CDR14387,single_use_contact
CASE071,CDR14388,single_use_contact
CASE071,CDR14389,single_use_contact
CASE071,CDR14390,single_use_contact
CASE071,CDR14391,single_use_contact
CASE071,CDR14392,single_use_contact
CASE071,CDR14393,single_use_contact
CASE071,CDR14394,single_use_contact
CASE071,CDR14395,odd_hour_contact|single_use_contact
CASE071,CDR14396,odd_hour_contact|single_use_contact
CASE071,CDR14397,single_use_contact
CASE071,CDR14398,single_use_contact
CASE071,CDR14399,odd_hour_contact|single_use_contact
CASE071,CDR14400,single_use_contact
CASE071,CDR14401,odd_hour_contact|single_use_contact
CASE071,CDR14402,single_use_contact
CASE071,CDR14403,single_use_contact
CASE071,CDR14404,single_use_contact
CASE071,CDR14405,odd_hour_contact|single_use_contact
CASE071,CDR14406,single_use_contact
CASE071,CDR14407,single_use_contact
CASE071,CDR14408,single_use_contact
CASE071,CDR14409,single_use_contact
CASE071,CDR14410,odd_hour_contact|single_use_contact
CASE071,CDR14411,single_use_contact
CASE071,CDR14412,single_use_contact
CASE071,CDR14413,single_use_contact
CASE071,CDR14414,single_use_contact
CASE071,CDR14415,single_use_contact
CASE071,CDR14416,single_use_contact
CASE071,CDR14417,single_use_contact
CASE071,CDR14418,single_use_contact
CASE071,CDR14419,single_use_contact
CASE071,CDR14420,odd_hour_contact|single_use_contact
CASE071,CDR14421,single_use_contact
CASE071,CDR14422,single_use_contact
CASE071,CDR14423,odd_hour_contact|single_use_contact
CASE071,CDR14424,single_use_contact
CASE071,CDR14425,single_use_contact
CASE071,CDR14426,odd_hour_contact|single_use_contact
CASE071,CDR14427,single_use_contact
CASE071,CDR14428,single_use_contact
CASE071,CDR14429,single_use_contact
CASE071,CDR14430,single_use_contact
CASE071,CDR14431,single_use_contact
CASE071,CDR14432,single_use_contact
CASE071,CDR14433,single_use_contact
CASE071,CDR14434,odd_hour_contact|single_use_contact
CASE071,CDR14435,single_use_contact
CASE071,CDR14436,single_use_contact
CASE071,CDR14437,single_use_contact
CASE071,CDR14438,single_use_contact
CASE071,CDR14439,single_use_contact
CASE071,CDR14440,single_use_contact
CASE071,CDR14441,single_use_contact
CASE071,CDR14442,odd_hour_contact|single_use_contact
CASE071,CDR14443,single_use_contact
CASE071,CDR14444,single_use_contact
CASE071,CDR14445,odd_hour_contact|single_use_contact
CASE071,CDR14446,single_use_contact
CASE071,CDR14447,single_use_contact
CASE071,CDR14448,single_use_contact
CASE071,CDR14449,odd_hour_contact|single_use_contact
CASE071,CDR14450,odd_hour_contact|single_use_contact
CASE071,CDR14451,single_use_contact
CASE071,CDR14452,odd_hour_contact|single_use_contact
CASE071,CDR14453,single_use_contact
CASE071,CDR14454,single_use_contact
CASE071,CDR14455,single_use_contact
CASE071,CDR14456,single_use_contact
CASE071,CDR14457,single_use_contact
CASE071,CDR14458,odd_hour_contact|single_use_contact
CASE071,CDR14459,single_use_contact
CASE071,CDR14460,single_use_contact
CASE071,CDR14461,single_use_contact
CASE071,CDR14462,single_use_contact
CASE071,CDR14463,single_use_contact
CASE071,CDR14464,single_use_contact
CASE071,CDR14465,single_use_contact
CASE072,CDR14466,odd_hour_contact|burst_calling
CASE072,CDR14467,burst_calling
CASE072,CDR14468,burst_calling
CASE072,CDR14469,burst_calling
CASE072,CDR14470,odd_hour_contact|burst_calling
CASE072,CDR14474,burst_calling
CASE072,CDR14475,burst_calling
CASE072,CDR14476,odd_hour_contact|burst_calling
CASE072,CDR14477,burst_calling
CASE072,CDR14478,odd_hour_contact|burst_calling
CASE072,CDR14479,burst_calling
CASE072,CDR14480,burst_calling
CASE072,CDR14481,odd_hour_contact|burst_calling
CASE072,CDR14482,burst_calling
CASE072,CDR14483,burst_calling
CASE072,CDR14484,odd_hour_contact|burst_calling
CASE072,CDR14488,odd_hour_contact
CASE072,CDR14489,odd_hour_contact
CASE072,CDR14490,odd_hour_contact
CASE072,CDR14493,odd_hour_contact
CASE072,CDR14494,burst_calling
CASE072,CDR14495,burst_calling
CASE072,CDR14496,burst_calling
CASE072,CDR14497,burst_calling
CASE072,CDR14498,burst_calling
CASE072,CDR14501,burst_calling
CASE072,CDR14502,burst_calling
CASE072,CDR14503,burst_calling
CASE072,CDR14504,odd_hour_contact|burst_calling
CASE072,CDR14505,burst_calling
CASE072,CDR14506,burst_calling
CASE072,CDR14507,burst_calling
CASE072,CDR14508,burst_calling
CASE072,CDR14509,burst_calling
CASE072,CDR14510,burst_calling
CASE072,CDR14511,odd_hour_contact|burst_calling
CASE072,CDR14512,burst_calling
CASE072,CDR14513,burst_calling
CASE072,CDR14514,burst_calling
CASE072,CDR14515,odd_hour_contact|burst_calling
CASE072,CDR14516,burst_calling
CASE072,CDR14517,burst_calling
CASE072,CDR14518,burst_calling
CASE072,CDR14519,burst_calling
CASE072,CDR14520,odd_hour_contact|burst_calling
CASE072,CDR14521,burst_calling
CASE072,CDR14526,burst_calling
CASE072,CDR14527,burst_calling
CASE072,CDR14528,burst_calling
CASE072,CDR14529,burst_calling
CASE072,CDR14530,odd_hour_contact|burst_calling
CASE072,CDR14531,odd_hour_contact|burst_calling
CASE072,CDR14536,burst_calling
CASE072,CDR14537,burst_calling
CASE072,CDR14538,odd_hour_contact|burst_calling
CASE072,CDR14539,burst_calling
CASE072,CDR14540,odd_hour_contact|burst_calling
CASE072,CDR14542,odd_hour_contact
CASE072,CDR14544,odd_hour_contact
CASE072,CDR14550,burst_calling
CASE072,CDR14551,odd_hour_contact|burst_calling
CASE072,CDR14552,burst_calling
CASE072,CDR14553,burst_calling
CASE072,CDR14554,burst_calling
CASE072,CDR14556,odd_hour_contact
CASE072,CDR14557,odd_hour_contact
CASE072,CDR14559,odd_hour_contact
CASE072,CDR14561,odd_hour_contact
CASE072,CDR14564,odd_hour_contact
CASE072,CDR14569,odd_hour_contact|burst_calling
CASE072,CDR14570,odd_hour_contact|burst_calling
CASE072,CDR14571,burst_calling
CASE072,CDR14572,burst_calling
CASE072,CDR14573,burst_calling
CASE072,CDR14574,odd_hour_contact|burst_calling
CASE072,CDR14577,odd_hour_contact|burst_calling
CASE072,CDR14578,burst_calling
CASE072,CDR14579,burst_calling
CASE072,CDR14580,burst_calling
CASE072,CDR14581,odd_hour_contact|burst_calling
CASE072,CDR14592,odd_hour_contact
CASE072,CDR14594,odd_hour_contact
CASE072,CDR14600,burst_calling
CASE072,CDR14601,odd_hour_contact|burst_calling
CASE072,CDR14602,burst_calling
CASE072,CDR14603,burst_calling
CASE072,CDR14604,burst_calling
CASE072,CDR14605,odd_hour_contact|burst_calling
CASE072,CDR14606,odd_hour_contact|burst_calling
CASE072,CDR14607,burst_calling
CASE072,CDR14608,burst_calling
CASE072,CDR14609,burst_calling
CASE072,CDR14610,burst_calling
CASE072,CDR14611,odd_hour_contact|burst_calling
CASE072,CDR14612,odd_hour_contact
CASE072,CDR14616,odd_hour_contact
CASE072,CDR14618,odd_hour_contact
CASE072,CDR14619,burst_calling
CASE072,CDR14620,burst_calling
CASE072,CDR14621,burst_calling
CASE072,CDR14622,burst_calling
CASE072,CDR14623,odd_hour_contact|burst_calling
CASE072,CDR14624,burst_calling
CASE072,CDR14625,odd_hour_contact|burst_calling
CASE072,CDR14626,burst_calling
CASE072,CDR14627,burst_calling
CASE072,CDR14628,burst_calling
CASE072,CDR14629,burst_calling
CASE072,CDR14630,odd_hour_contact|burst_calling
CASE072,CDR14633,burst_calling
CASE072,CDR14634,burst_calling
CASE072,CDR14635,burst_calling
CASE072,CDR14636,burst_calling
CASE072,CDR14637,burst_calling
CASE072,CDR14642,odd_hour_contact
CASE072,CDR14643,odd_hour_contact|burst_calling
CASE072,CDR14644,burst_calling
CASE072,CDR14645,burst_calling
CASE072,CDR14646,odd_hour_contact|burst_calling
CASE072,CDR14647,odd_hour_contact|burst_calling
CASE072,CDR14649,odd_hour_contact
CASE072,CDR14651,odd_hour_contact
CASE072,CDR14659,burst_calling
CASE072,CDR14660,odd_hour_contact|burst_calling
CASE072,CDR14661,odd_hour_contact|burst_calling
CASE072,CDR14662,burst_calling
CASE072,CDR14663,burst_calling
CASE072,CDR14664,burst_calling
CASE072,CDR14665,burst_calling
CASE072,CDR14666,burst_calling
CASE072,CDR14667,burst_calling
CASE072,CDR14668,burst_calling
CASE072,CDR14669,burst_calling
CASE072,CDR14670,burst_calling
CASE072,CDR14673,odd_hour_contact
CASE072,CDR14675,odd_hour_contact
CASE072,CDR14676,odd_hour_contact
CASE072,CDR14678,burst_calling
CASE072,CDR14679,odd_hour_contact|burst_calling
CASE072,CDR14680,burst_calling
CASE072,CDR14681,burst_calling
CASE072,CDR14682,burst_calling
CASE072,CDR14683,odd_hour_contact
CASE072,CDR14684,odd_hour_contact
CASE072,CDR14685,burst_calling
CASE072,CDR14686,burst_calling
CASE072,CDR14687,burst_calling
CASE072,CDR14688,odd_hour_contact|burst_calling
CASE072,CDR14689,burst_calling
CASE072,CDR14690,burst_calling
CASE072,CDR14691,burst_calling
CASE072,CDR14692,odd_hour_contact|burst_calling
CASE072,CDR14693,burst_calling
CASE072,CDR14694,odd_hour_contact|burst_calling
CASE072,CDR14695,odd_hour_contact|burst_calling
CASE072,CDR14696,burst_calling
CASE072,CDR14697,odd_hour_contact|burst_calling
CASE072,CDR14698,burst_calling
CASE072,CDR14699,burst_calling
CASE072,CDR14700,burst_calling
CASE072,CDR14704,odd_hour_contact
CASE072,CDR14707,odd_hour_contact|burst_calling
CASE072,CDR14708,burst_calling
CASE072,CDR14709,burst_calling
CASE072,CDR14710,odd_hour_contact|burst_calling
CASE072,CDR14711,odd_hour_contact|burst_calling
CASE072,CDR14716,odd_hour_contact
CASE072,CDR14717,odd_hour_contact
CASE072,CDR14720,odd_hour_contact
CASE072,CDR14721,odd_hour_contact
CASE072,CDR14723,burst_calling
CASE072,CDR14724,odd_hour_contact|burst_calling
CASE072,CDR14725,odd_hour_contact|burst_calling
CASE072,CDR14726,burst_calling
CASE072,CDR14727,odd_hour_contact|burst_calling
CASE072,CDR14728,odd_hour_contact|burst_calling
CASE072,CDR14729,odd_hour_contact|burst_calling
CASE072,CDR14730,odd_hour_contact|burst_calling
CASE072,CDR14731,odd_hour_contact|burst_calling
CASE072,CDR14732,burst_calling
CASE072,CDR14733,burst_calling
CASE072,CDR14739,odd_hour_contact
CASE072,CDR14741,single_use_contact
CASE072,CDR14742,single_use_contact
CASE072,CDR14743,single_use_contact
CASE072,CDR14744,single_use_contact
CASE072,CDR14745,single_use_contact
CASE072,CDR14746,single_use_contact
CASE072,CDR14747,single_use_contact
CASE072,CDR14748,single_use_contact
CASE072,CDR14749,single_use_contact
CASE072,CDR14750,single_use_contact
CASE072,CDR14751,single_use_contact
CASE072,CDR14752,odd_hour_contact|single_use_contact
CASE072,CDR14753,single_use_contact
CASE072,CDR14754,single_use_contact
CASE072,CDR14755,single_use_contact
CASE072,CDR14756,single_use_contact
CASE072,CDR14757,odd_hour_contact|single_use_contact
CASE072,CDR14758,odd_hour_contact|single_use_contact
CASE072,CDR14759,odd_hour_contact|single_use_contact
CASE072,CDR14760,single_use_contact
CASE072,CDR14761,single_use_contact
CASE072,CDR14762,odd_hour_contact|single_use_contact
CASE072,CDR14763,single_use_contact
CASE072,CDR14764,single_use_contact
CASE072,CDR14765,single_use_contact
CASE072,CDR14766,single_use_contact
CASE072,CDR14767,single_use_contact
CASE072,CDR14768,single_use_contact
CASE072,CDR14769,odd_hour_contact|single_use_contact
CASE072,CDR14770,single_use_contact
CASE072,CDR14771,single_use_contact
CASE072,CDR14772,single_use_contact
CASE072,CDR14773,single_use_contact
CASE072,CDR14774,single_use_contact
CASE072,CDR14775,single_use_contact
CASE072,CDR14776,single_use_contact
CASE072,CDR14777,single_use_contact
CASE072,CDR14778,single_use_contact
CASE072,CDR14779,odd_hour_contact|single_use_contact
CASE072,CDR14780,single_use_contact
CASE072,CDR14781,odd_hour_contact|single_use_contact
CASE072,CDR14782,odd_hour_contact|single_use_contact
CASE072,CDR14783,odd_hour_contact|single_use_contact
CASE072,CDR14784,single_use_contact
CASE072,CDR14785,single_use_contact
CASE072,CDR14786,odd_hour_contact|single_use_contact
CASE072,CDR14787,single_use_contact
CASE072,CDR14788,odd_hour_contact|single_use_contact
CASE072,CDR14789,single_use_contact
CASE072,CDR14790,single_use_contact
CASE072,CDR14791,single_use_contact
CASE072,CDR14792,single_use_contact
CASE072,CDR14793,single_use_contact
CASE072,CDR14794,single_use_contact
CASE072,CDR14795,odd_hour_contact|single_use_contact
CASE072,CDR14796,single_use_contact
CASE072,CDR14797,odd_hour_contact|single_use_contact
CASE072,CDR14798,single_use_contact
CASE072,CDR14799,single_use_contact
CASE072,CDR14800,single_use_contact
CASE072,CDR14801,single_use_contact
CASE072,CDR14802,single_use_contact
CASE072,CDR14803,single_use_contact
CASE072,CDR14804,single_use_contact
CASE072,CDR14805,single_use_contact
CASE072,CDR14806,odd_hour_contact|single_use_contact
CASE072,CDR14807,single_use_contact
CASE072,CDR14808,odd_hour_contact|single_use_contact
CASE072,CDR14809,single_use_contact
CASE072,CDR14810,single_use_contact
CASE072,CDR14811,single_use_contact
CASE072,CDR14812,single_use_contact
CASE072,CDR14813,single_use_contact
CASE072,CDR14814,single_use_contact
CASE072,CDR14815,single_use_contact
CASE072,CDR14816,single_use_contact
CASE072,CDR14817,odd_hour_contact|single_use_contact
CASE072,CDR14818,single_use_contact
CASE072,CDR14819,odd_hour_contact|single_use_contact
CASE072,CDR14820,odd_hour_contact|single_use_contact
CASE072,CDR14821,single_use_contact
CASE072,CDR14822,single_use_contact
CASE072,CDR14823,single_use_contact
CASE072,CDR14824,single_use_contact
CASE072,CDR14825,single_use_contact
CASE072,CDR14826,single_use_contact
CASE072,CDR14827,single_use_contact
CASE072,CDR14828,single_use_contact
CASE072,CDR14829,odd_hour_contact|single_use_contact
CASE072,CDR14830,single_use_contact
CASE073,CDR14831,burst_calling
CASE073,CDR14832,burst_calling
CASE073,CDR14833,odd_hour_contact|burst_calling
CASE073,CDR14834,burst_calling
CASE073,CDR14835,burst_calling
CASE073,CDR14836,burst_calling
CASE073,CDR14839,burst_calling
CASE073,CDR14840,burst_calling
CASE073,CDR14841,burst_calling
CASE073,CDR14842,odd_hour_contact|burst_calling
CASE073,CDR14843,burst_calling
CASE073,CDR14844,burst_calling
CASE073,CDR14845,burst_calling
CASE073,CDR14846,burst_calling
CASE073,CDR14847,odd_hour_contact|burst_calling
CASE073,CDR14848,burst_calling
CASE073,CDR14849,burst_calling
CASE073,CDR14850,odd_hour_contact|burst_calling
CASE073,CDR14855,burst_calling
CASE073,CDR14856,burst_calling
CASE073,CDR14857,burst_calling
CASE073,CDR14858,burst_calling
CASE073,CDR14859,burst_calling
CASE073,CDR14860,burst_calling
CASE073,CDR14861,burst_calling
CASE073,CDR14862,odd_hour_contact|burst_calling
CASE073,CDR14863,burst_calling
CASE073,CDR14864,odd_hour_contact|burst_calling
CASE073,CDR14865,burst_calling
CASE073,CDR14866,burst_calling
CASE073,CDR14867,burst_calling
CASE073,CDR14868,burst_calling
CASE073,CDR14869,burst_calling
CASE073,CDR14870,burst_calling
CASE073,CDR14871,burst_calling
CASE073,CDR14872,odd_hour_contact|burst_calling
CASE073,CDR14873,burst_calling
CASE073,CDR14874,burst_calling
CASE073,CDR14875,burst_calling
CASE073,CDR14876,burst_calling
CASE073,CDR14877,burst_calling
CASE073,CDR14878,burst_calling
CASE073,CDR14879,burst_calling
CASE073,CDR14880,burst_calling
CASE073,CDR14881,burst_calling
CASE073,CDR14882,burst_calling
CASE073,CDR14883,burst_calling
CASE073,CDR14884,burst_calling
CASE073,CDR14885,odd_hour_contact|burst_calling
CASE073,CDR14886,burst_calling
CASE073,CDR14887,burst_calling
CASE073,CDR14888,burst_calling
CASE073,CDR14889,burst_calling
CASE073,CDR14890,odd_hour_contact|burst_calling
CASE073,CDR14891,odd_hour_contact|burst_calling
CASE073,CDR14892,burst_calling
CASE073,CDR14895,odd_hour_contact
CASE073,CDR14897,odd_hour_contact|burst_calling
CASE073,CDR14898,burst_calling
CASE073,CDR14899,burst_calling
CASE073,CDR14900,burst_calling
CASE073,CDR14901,burst_calling
CASE073,CDR14902,burst_calling
CASE073,CDR14903,odd_hour_contact
CASE073,CDR14907,burst_calling
CASE073,CDR14908,burst_calling
CASE073,CDR14909,burst_calling
CASE073,CDR14910,burst_calling
CASE073,CDR14911,burst_calling
CASE073,CDR14912,burst_calling
CASE073,CDR14913,burst_calling
CASE073,CDR14914,odd_hour_contact|burst_calling
CASE073,CDR14915,burst_calling
CASE073,CDR14916,burst_calling
CASE073,CDR14917,burst_calling
CASE073,CDR14918,burst_calling
CASE073,CDR14919,odd_hour_contact|burst_calling
CASE073,CDR14920,burst_calling
CASE073,CDR14921,burst_calling
CASE073,CDR14922,burst_calling
CASE073,CDR14923,burst_calling
CASE073,CDR14924,burst_calling
CASE073,CDR14925,burst_calling
CASE073,CDR14926,burst_calling
CASE073,CDR14927,burst_calling
CASE073,CDR14928,burst_calling
CASE073,CDR14929,burst_calling
CASE073,CDR14930,burst_calling
CASE073,CDR14931,burst_calling
CASE073,CDR14932,burst_calling
CASE073,CDR14933,odd_hour_contact|burst_calling
CASE073,CDR14934,burst_calling
CASE073,CDR14935,odd_hour_contact|burst_calling
CASE073,CDR14936,burst_calling
CASE073,CDR14940,odd_hour_contact|burst_calling
CASE073,CDR14941,burst_calling
CASE073,CDR14942,burst_calling
CASE073,CDR14943,burst_calling
CASE073,CDR14944,burst_calling
CASE073,CDR14947,odd_hour_contact
CASE073,CDR14952,odd_hour_contact
CASE073,CDR14954,odd_hour_contact
CASE073,CDR14957,burst_calling
CASE073,CDR14958,burst_calling
CASE073,CDR14959,burst_calling
CASE073,CDR14960,burst_calling
CASE073,CDR14961,odd_hour_contact|burst_calling
CASE073,CDR14963,odd_hour_contact
CASE073,CDR14967,odd_hour_contact|burst_calling
CASE073,CDR14968,burst_calling
CASE073,CDR14969,burst_calling
CASE073,CDR14970,burst_calling
CASE073,CDR14971,burst_calling
CASE073,CDR14972,burst_calling
CASE073,CDR14983,odd_hour_contact
CASE073,CDR14984,odd_hour_contact
CASE073,CDR14985,odd_hour_contact|burst_calling
CASE073,CDR14986,odd_hour_contact|burst_calling
CASE073,CDR14987,odd_hour_contact|burst_calling
CASE073,CDR14988,odd_hour_contact|burst_calling
CASE073,CDR14989,burst_calling
CASE073,CDR14990,odd_hour_contact|burst_calling
CASE073,CDR14993,odd_hour_contact
CASE073,CDR14994,burst_calling
CASE073,CDR14995,burst_calling
CASE073,CDR14996,burst_calling
CASE073,CDR14997,burst_calling
CASE073,CDR14998,burst_calling
CASE073,CDR14999,odd_hour_contact|single_use_contact
CASE073,CDR15000,odd_hour_contact|single_use_contact
CASE073,CDR15001,single_use_contact
CASE073,CDR15002,single_use_contact
CASE073,CDR15003,odd_hour_contact|single_use_contact
CASE073,CDR15004,single_use_contact
CASE073,CDR15005,single_use_contact
CASE073,CDR15006,odd_hour_contact|single_use_contact
CASE073,CDR15007,single_use_contact
CASE073,CDR15008,single_use_contact
CASE073,CDR15009,single_use_contact
CASE073,CDR15010,single_use_contact
CASE073,CDR15011,single_use_contact
CASE073,CDR15012,single_use_contact
CASE073,CDR15013,single_use_contact
CASE073,CDR15014,single_use_contact
CASE073,CDR15015,single_use_contact
CASE073,CDR15016,single_use_contact
CASE073,CDR15017,odd_hour_contact|single_use_contact
CASE073,CDR15018,single_use_contact
CASE073,CDR15019,single_use_contact
CASE073,CDR15020,single_use_contact
CASE073,CDR15021,odd_hour_contact|single_use_contact
CASE073,CDR15022,single_use_contact
CASE073,CDR15023,single_use_contact
CASE073,CDR15024,single_use_contact
CASE073,CDR15025,single_use_contact
CASE073,CDR15026,single_use_contact
CASE073,CDR15027,single_use_contact
CASE073,CDR15028,single_use_contact
CASE073,CDR15029,single_use_contact
CASE073,CDR15030,odd_hour_contact|single_use_contact
CASE073,CDR15031,single_use_contact
CASE073,CDR15032,single_use_contact
CASE073,CDR15033,single_use_contact
CASE073,CDR15034,single_use_contact
CASE073,CDR15035,odd_hour_contact|single_use_contact
CASE073,CDR15036,single_use_contact
CASE073,CDR15037,single_use_contact
CASE073,CDR15038,single_use_contact
CASE073,CDR15040,single_use_contact
CASE073,CDR15041,single_use_contact
CASE073,CDR15042,single_use_contact
CASE073,CDR15043,odd_hour_contact|single_use_contact
CASE073,CDR15044,single_use_contact
CASE073,CDR15045,single_use_contact
CASE073,CDR15046,single_use_contact
CASE073,CDR15047,single_use_contact
CASE073,CDR15048,single_use_contact
CASE073,CDR15049,single_use_contact
CASE073,CDR15050,single_use_contact
CASE073,CDR15051,single_use_contact
CASE073,CDR15052,single_use_contact
CASE073,CDR15053,odd_hour_contact|single_use_contact
CASE073,CDR15054,single_use_contact
CASE073,CDR15055,single_use_contact
CASE073,CDR15056,single_use_contact
CASE073,CDR15057,single_use_contact
CASE073,CDR15058,single_use_contact
CASE073,CDR15059,single_use_contact
CASE073,CDR15060,single_use_contact
CASE073,CDR15061,single_use_contact
CASE073,CDR15062,single_use_contact
CASE073,CDR15063,single_use_contact
CASE073,CDR15064,single_use_contact
CASE073,CDR15065,single_use_contact
CASE073,CDR15066,single_use_contact
CASE073,CDR15067,single_use_contact
CASE073,CDR15068,odd_hour_contact|single_use_contact
CASE073,CDR15069,single_use_contact
CASE073,CDR15070,single_use_contact
CASE073,CDR15071,single_use_contact
CASE073,CDR15072,single_use_contact
CASE073,CDR15073,single_use_contact
CASE073,CDR15074,single_use_contact
CASE073,CDR15075,single_use_contact
CASE073,CDR15076,single_use_contact
CASE073,CDR15077,single_use_contact
CASE073,CDR15078,single_use_contact
CASE073,CDR15079,single_use_contact
CASE073,CDR15080,single_use_contact
CASE073,CDR15081,single_use_contact
CASE073,CDR15082,single_use_contact
CASE073,CDR15083,single_use_contact
CASE073,CDR15084,odd_hour_contact|single_use_contact
CASE073,CDR15085,single_use_contact
CASE073,CDR15086,single_use_contact
CASE073,CDR15087,single_use_contact
CASE073,CDR15088,single_use_contact
CASE074,CDR15092,odd_hour_contact
CASE074,CDR15093,burst_calling
CASE074,CDR15094,burst_calling
CASE074,CDR15095,odd_hour_contact|burst_calling
CASE074,CDR15096,burst_calling
CASE074,CDR15097,burst_calling
CASE074,CDR15098,burst_calling
CASE074,CDR15099,burst_calling
CASE074,CDR15100,burst_calling
CASE074,CDR15101,burst_calling
CASE074,CDR15102,burst_calling
CASE074,CDR15106,burst_calling
CASE074,CDR15107,burst_calling
CASE074,CDR15108,burst_calling
CASE074,CDR15109,burst_calling
CASE074,CDR15110,odd_hour_contact|burst_calling
CASE074,CDR15111,odd_hour_contact
CASE074,CDR15114,burst_calling
CASE074,CDR15115,burst_calling
CASE074,CDR15116,burst_calling
CASE074,CDR15117,burst_calling
CASE074,CDR15118,burst_calling
CASE074,CDR15119,odd_hour_contact|burst_calling
CASE074,CDR15125,burst_calling
CASE074,CDR15126,burst_calling
CASE074,CDR15127,burst_calling
CASE074,CDR15128,burst_calling
CASE074,CDR15129,burst_calling
CASE074,CDR15130,burst_calling
CASE074,CDR15135,burst_calling
CASE074,CDR15136,odd_hour_contact|burst_calling
CASE074,CDR15137,burst_calling
CASE074,CDR15138,odd_hour_contact|burst_calling
CASE074,CDR15139,burst_calling
CASE074,CDR15140,burst_calling
CASE074,CDR15142,odd_hour_contact
CASE074,CDR15146,odd_hour_contact|burst_calling
CASE074,CDR15147,odd_hour_contact|burst_calling
CASE074,CDR15148,burst_calling
CASE074,CDR15149,odd_hour_contact|burst_calling
CASE074,CDR15150,burst_calling
CASE074,CDR15151,burst_calling
CASE074,CDR15152,burst_calling
CASE074,CDR15153,burst_calling
CASE074,CDR15154,burst_calling
CASE074,CDR15155,burst_calling
CASE074,CDR15156,odd_hour_contact|burst_calling
CASE074,CDR15157,burst_calling
CASE074,CDR15161,odd_hour_contact
CASE074,CDR15162,odd_hour_contact
CASE074,CDR15164,burst_calling
CASE074,CDR15165,burst_calling
CASE074,CDR15166,burst_calling
CASE074,CDR15167,odd_hour_contact|burst_calling
CASE074,CDR15168,odd_hour_contact|burst_calling
CASE074,CDR15169,burst_calling
CASE074,CDR15170,burst_calling
CASE074,CDR15171,burst_calling
CASE074,CDR15172,odd_hour_contact|burst_calling
CASE074,CDR15173,burst_calling
CASE074,CDR15174,burst_calling
CASE074,CDR15175,burst_calling
CASE074,CDR15176,odd_hour_contact|burst_calling
CASE074,CDR15177,burst_calling
CASE074,CDR15178,burst_calling
CASE074,CDR15179,burst_calling
CASE074,CDR15180,burst_calling
CASE074,CDR15181,burst_calling
CASE074,CDR15184,burst_calling
CASE074,CDR15185,burst_calling
CASE074,CDR15186,burst_calling
CASE074,CDR15187,odd_hour_contact|burst_calling
CASE074,CDR15188,burst_calling
CASE074,CDR15189,odd_hour_contact|burst_calling
CASE074,CDR15190,burst_calling
CASE074,CDR15191,burst_calling
CASE074,CDR15192,odd_hour_contact|burst_calling
CASE074,CDR15193,burst_calling
CASE074,CDR15203,odd_hour_contact
CASE074,CDR15206,odd_hour_contact
CASE074,CDR15217,odd_hour_contact
CASE074,CDR15218,odd_hour_contact
CASE074,CDR15225,odd_hour_contact
CASE074,CDR15226,burst_calling
CASE074,CDR15227,burst_calling
CASE074,CDR15228,burst_calling
CASE074,CDR15229,burst_calling
CASE074,CDR15230,burst_calling
CASE074,CDR15231,burst_calling
CASE074,CDR15232,burst_calling
CASE074,CDR15233,burst_calling
CASE074,CDR15234,burst_calling
CASE074,CDR15235,burst_calling
CASE074,CDR15236,odd_hour_contact|burst_calling
CASE074,CDR15237,odd_hour_contact|burst_calling
CASE074,CDR15238,odd_hour_contact
CASE074,CDR15240,odd_hour_contact|burst_calling
CASE074,CDR15241,burst_calling
CASE074,CDR15242,burst_calling
CASE074,CDR15243,burst_calling
CASE074,CDR15244,burst_calling
CASE074,CDR15245,burst_calling
CASE074,CDR15246,odd_hour_contact
CASE074,CDR15250,odd_hour_contact|burst_calling
CASE074,CDR15251,odd_hour_contact|burst_calling
CASE074,CDR15252,burst_calling
CASE074,CDR15253,burst_calling
CASE074,CDR15254,burst_calling
CASE074,CDR15255,odd_hour_contact|burst_calling
CASE074,CDR15256,burst_calling
CASE074,CDR15257,burst_calling
CASE074,CDR15258,burst_calling
CASE074,CDR15259,burst_calling
CASE074,CDR15260,odd_hour_contact|burst_calling
CASE074,CDR15261,burst_calling
CASE074,CDR15269,burst_calling
CASE074,CDR15270,odd_hour_contact|burst_calling
CASE074,CDR15271,burst_calling
CASE074,CDR15272,burst_calling
CASE074,CDR15273,burst_calling
CASE074,CDR15274,burst_calling
CASE074,CDR15275,odd_hour_contact|burst_calling
CASE074,CDR15276,burst_calling
CASE074,CDR15277,odd_hour_contact|burst_calling
CASE074,CDR15278,odd_hour_contact|burst_calling
CASE074,CDR15279,burst_calling
CASE074,CDR15280,burst_calling
CASE074,CDR15281,burst_calling
CASE074,CDR15282,burst_calling
CASE074,CDR15283,burst_calling
CASE074,CDR15284,burst_calling
CASE074,CDR15285,burst_calling
CASE074,CDR15286,odd_hour_contact|burst_calling
CASE074,CDR15287,burst_calling
CASE074,CDR15288,odd_hour_contact|burst_calling
CASE074,CDR15289,odd_hour_contact|burst_calling
CASE074,CDR15290,burst_calling
CASE074,CDR15291,burst_calling
CASE074,CDR15292,burst_calling
CASE074,CDR15293,burst_calling
CASE074,CDR15294,burst_calling
CASE074,CDR15295,burst_calling
CASE074,CDR15296,burst_calling
CASE074,CDR15297,odd_hour_contact
CASE074,CDR15298,odd_hour_contact
CASE074,CDR15300,odd_hour_contact
CASE074,CDR15303,odd_hour_contact
CASE074,CDR15306,burst_calling
CASE074,CDR15307,burst_calling
CASE074,CDR15308,burst_calling
CASE074,CDR15309,odd_hour_contact|burst_calling
CASE074,CDR15310,burst_calling
CASE074,CDR15313,burst_calling
CASE074,CDR15314,burst_calling
CASE074,CDR15315,odd_hour_contact|burst_calling
CASE074,CDR15316,burst_calling
CASE074,CDR15317,burst_calling
CASE074,CDR15319,odd_hour_contact
CASE074,CDR15322,odd_hour_contact
CASE074,CDR15323,odd_hour_contact
CASE074,CDR15327,odd_hour_contact
CASE074,CDR15330,burst_calling
CASE074,CDR15331,burst_calling
CASE074,CDR15332,odd_hour_contact|burst_calling
CASE074,CDR15333,burst_calling
CASE074,CDR15334,burst_calling
CASE074,CDR15335,burst_calling
CASE074,CDR15336,odd_hour_contact|burst_calling
CASE074,CDR15337,odd_hour_contact|burst_calling
CASE074,CDR15338,burst_calling
CASE074,CDR15339,odd_hour_contact|burst_calling
CASE074,CDR15340,burst_calling
CASE074,CDR15341,odd_hour_contact|burst_calling
CASE074,CDR15342,burst_calling
CASE074,CDR15343,odd_hour_contact|burst_calling
CASE074,CDR15344,burst_calling
CASE074,CDR15345,burst_calling
CASE074,CDR15346,burst_calling
CASE074,CDR15347,odd_hour_contact
CASE074,CDR15353,burst_calling
CASE074,CDR15354,burst_calling
CASE074,CDR15355,burst_calling
CASE074,CDR15356,odd_hour_contact|burst_calling
CASE074,CDR15357,burst_calling
CASE074,CDR15362,burst_calling
CASE074,CDR15363,burst_calling
CASE074,CDR15364,burst_calling
CASE074,CDR15365,burst_calling
CASE074,CDR15366,odd_hour_contact|burst_calling
CASE074,CDR15368,odd_hour_contact
CASE074,CDR15371,odd_hour_contact
CASE074,CDR15373,odd_hour_contact|burst_calling
CASE074,CDR15374,burst_calling
CASE074,CDR15375,burst_calling
CASE074,CDR15376,burst_calling
CASE074,CDR15377,burst_calling
CASE074,CDR15378,burst_calling
CASE074,CDR15379,odd_hour_contact|burst_calling
CASE074,CDR15380,burst_calling
CASE074,CDR15381,odd_hour_contact|burst_calling
CASE074,CDR15382,odd_hour_contact|burst_calling
CASE074,CDR15383,odd_hour_contact|burst_calling
CASE074,CDR15384,burst_calling
CASE074,CDR15385,single_use_contact
CASE074,CDR15386,single_use_contact
CASE074,CDR15387,single_use_contact
CASE074,CDR15388,single_use_contact
CASE074,CDR15389,single_use_contact
CASE074,CDR15390,single_use_contact
CASE074,CDR15391,single_use_contact
CASE074,CDR15392,single_use_contact
CASE074,CDR15393,odd_hour_contact|single_use_contact
CASE074,CDR15394,odd_hour_contact|single_use_contact
CASE074,CDR15395,single_use_contact
CASE074,CDR15396,single_use_contact
CASE074,CDR15397,single_use_contact
CASE074,CDR15398,single_use_contact
CASE074,CDR15399,single_use_contact
CASE074,CDR15400,single_use_contact
CASE074,CDR15401,single_use_contact
CASE074,CDR15402,single_use_contact
CASE074,CDR15403,single_use_contact
CASE074,CDR15404,single_use_contact
CASE074,CDR15405,single_use_contact
CASE074,CDR15406,single_use_contact
CASE074,CDR15407,single_use_contact
CASE074,CDR15408,single_use_contact
CASE074,CDR15409,odd_hour_contact|single_use_contact
CASE074,CDR15410,single_use_contact
CASE074,CDR15411,single_use_contact
CASE074,CDR15412,single_use_contact
CASE074,CDR15413,single_use_contact
CASE074,CDR15414,single_use_contact
CASE074,CDR15415,single_use_contact
CASE074,CDR15416,single_use_contact
CASE074,CDR15417,single_use_contact
CASE074,CDR15418,single_use_contact
CASE074,CDR15419,single_use_contact
CASE074,CDR15420,single_use_contact
CASE074,CDR15421,single_use_contact
CASE074,CDR15422,single_use_contact
CASE074,CDR15423,single_use_contact
CASE074,CDR15424,single_use_contact
CASE074,CDR15425,odd_hour_contact|single_use_contact
CASE074,CDR15426,odd_hour_contact|single_use_contact
CASE074,CDR15427,single_use_contact
CASE074,CDR15428,single_use_contact
CASE074,CDR15429,single_use_contact
CASE074,CDR15430,single_use_contact
CASE074,CDR15431,single_use_contact
CASE074,CDR15432,odd_hour_contact|single_use_contact
CASE074,CDR15433,single_use_contact
CASE074,CDR15434,single_use_contact
CASE074,CDR15435,single_use_contact
CASE074,CDR15436,odd_hour_contact|single_use_contact
CASE074,CDR15437,odd_hour_contact|single_use_contact
CASE074,CDR15438,single_use_contact
CASE074,CDR15439,odd_hour_contact|single_use_contact
CASE074,CDR15440,single_use_contact
CASE074,CDR15441,odd_hour_contact|single_use_contact
CASE074,CDR15442,single_use_contact
CASE074,CDR15443,single_use_contact
CASE074,CDR15444,single_use_contact
CASE074,CDR15445,single_use_contact
CASE074,CDR15446,single_use_contact
CASE074,CDR15447,single_use_contact
CASE074,CDR15448,single_use_contact
CASE074,CDR15449,single_use_contact
CASE074,CDR15450,single_use_contact
CASE074,CDR15451,single_use_contact
CASE074,CDR15452,single_use_contact
CASE074,CDR15453,single_use_contact
CASE074,CDR15454,single_use_contact
CASE074,CDR15455,single_use_contact
CASE074,CDR15456,single_use_contact
CASE074,CDR15457,single_use_contact
CASE074,CDR15458,odd_hour_contact|single_use_contact
CASE074,CDR15459,single_use_contact
CASE074,CDR15460,odd_hour_contact|single_use_contact
CASE074,CDR15461,single_use_contact
CASE074,CDR15462,odd_hour_contact|single_use_contact
CASE074,CDR15463,single_use_contact
CASE074,CDR15464,single_use_contact
CASE074,CDR15465,odd_hour_contact|single_use_contact
CASE074,CDR15466,single_use_contact
CASE074,CDR15467,single_use_contact
CASE074,CDR15468,single_use_contact
CASE074,CDR15469,single_use_contact
CASE074,CDR15470,single_use_contact
CASE074,CDR15471,odd_hour_contact|single_use_contact
CASE074,CDR15472,single_use_contact
CASE074,CDR15473,single_use_contact
CASE074,CDR15474,single_use_contact
CASE075,CDR15484,odd_hour_contact|burst_calling
CASE075,CDR15485,burst_calling
CASE075,CDR15486,burst_calling
CASE075,CDR15487,odd_hour_contact|burst_calling
CASE075,CDR15488,burst_calling
CASE075,CDR15489,odd_hour_contact|burst_calling
CASE075,CDR15490,single_use_contact
CASE075,CDR15491,single_use_contact
CASE075,CDR15492,single_use_contact
CASE075,CDR15493,single_use_contact
CASE075,CDR15494,single_use_contact
CASE075,CDR15495,odd_hour_contact|single_use_contact
CASE075,CDR15496,single_use_contact
CASE075,CDR15497,single_use_contact
CASE075,CDR15498,single_use_contact
CASE075,CDR15499,single_use_contact
CASE075,CDR15500,single_use_contact
CASE075,CDR15501,single_use_contact
CASE075,CDR15502,single_use_contact
CASE075,CDR15503,odd_hour_contact|single_use_contact
CASE075,CDR15504,single_use_contact
CASE075,CDR15505,single_use_contact
CASE075,CDR15506,single_use_contact
CASE075,CDR15507,single_use_contact
CASE075,CDR15508,single_use_contact
CASE075,CDR15509,single_use_contact
CASE075,CDR15510,single_use_contact
CASE075,CDR15511,single_use_contact
CASE075,CDR15512,single_use_contact
CASE075,CDR15513,single_use_contact
CASE075,CDR15514,single_use_contact
CASE075,CDR15515,single_use_contact
CASE075,CDR15516,odd_hour_contact|single_use_contact
CASE075,CDR15517,single_use_contact
CASE075,CDR15518,single_use_contact
CASE075,CDR15519,single_use_contact
CASE075,CDR15520,single_use_contact
CASE075,CDR15521,single_use_contact
CASE075,CDR15522,single_use_contact
CASE075,CDR15523,single_use_contact
CASE075,CDR15524,single_use_contact
CASE075,CDR15525,odd_hour_contact|single_use_contact
CASE075,CDR15526,odd_hour_contact|single_use_contact
CASE075,CDR15527,single_use_contact
CASE075,CDR15528,single_use_contact
CASE075,CDR15529,single_use_contact
CASE075,CDR15530,odd_hour_contact|single_use_contact
CASE075,CDR15531,single_use_contact
CASE075,CDR15532,odd_hour_contact|single_use_contact
CASE075,CDR15533,single_use_contact
CASE075,CDR15534,single_use_contact
CASE075,CDR15535,single_use_contact
CASE075,CDR15536,single_use_contact
CASE075,CDR15537,single_use_contact
CASE075,CDR15538,single_use_contact
CASE075,CDR15539,single_use_contact
CASE075,CDR15540,single_use_contact
CASE075,CDR15541,single_use_contact
CASE075,CDR15542,single_use_contact
CASE075,CDR15543,single_use_contact
CASE075,CDR15544,single_use_contact
CASE075,CDR15545,single_use_contact
CASE075,CDR15546,single_use_contact
CASE075,CDR15547,single_use_contact
CASE075,CDR15548,odd_hour_contact|single_use_contact
CASE075,CDR15549,single_use_contact
CASE075,CDR15550,odd_hour_contact|single_use_contact
CASE075,CDR15551,single_use_contact
CASE075,CDR15552,single_use_contact
CASE075,CDR15553,odd_hour_contact|single_use_contact
CASE075,CDR15554,single_use_contact
CASE075,CDR15555,single_use_contact
CASE075,CDR15556,odd_hour_contact|single_use_contact
CASE075,CDR15557,single_use_contact
CASE075,CDR15558,single_use_contact
CASE075,CDR15559,single_use_contact
CASE075,CDR15560,single_use_contact
CASE075,CDR15561,single_use_contact
CASE075,CDR15562,odd_hour_contact|single_use_contact
CASE075,CDR15563,single_use_contact
CASE075,CDR15564,odd_hour_contact|single_use_contact
CASE075,CDR15565,single_use_contact
CASE075,CDR15566,single_use_contact
CASE075,CDR15567,odd_hour_contact|single_use_contact
CASE075,CDR15568,single_use_contact
CASE075,CDR15569,single_use_contact
CASE075,CDR15570,single_use_contact
CASE075,CDR15571,single_use_contact
CASE075,CDR15572,single_use_contact
CASE075,CDR15573,single_use_contact
CASE075,CDR15574,single_use_contact
CASE075,CDR15575,single_use_contact
CASE075,CDR15576,single_use_contact
CASE075,CDR15577,single_use_contact
CASE075,CDR15578,single_use_contact
CASE075,CDR15579,single_use_contact
CASE076,CDR15588,odd_hour_contact
CASE076,CDR15590,single_use_contact
CASE076,CDR15591,single_use_contact
CASE076,CDR15592,single_use_contact
CASE076,CDR15593,single_use_contact
CASE076,CDR15594,single_use_contact
CASE076,CDR15595,single_use_contact
CASE076,CDR15596,single_use_contact
CASE076,CDR15597,single_use_contact
CASE076,CDR15598,single_use_contact
CASE076,CDR15599,odd_hour_contact|single_use_contact
CASE076,CDR15600,single_use_contact
CASE076,CDR15601,single_use_contact
CASE076,CDR15602,single_use_contact
CASE076,CDR15603,single_use_contact
CASE076,CDR15604,odd_hour_contact|single_use_contact
CASE076,CDR15605,single_use_contact
CASE076,CDR15606,single_use_contact
CASE076,CDR15607,odd_hour_contact|single_use_contact
CASE076,CDR15608,single_use_contact
CASE076,CDR15609,single_use_contact
CASE076,CDR15610,odd_hour_contact|single_use_contact
CASE076,CDR15611,single_use_contact
CASE076,CDR15612,single_use_contact
CASE076,CDR15613,single_use_contact
CASE076,CDR15614,single_use_contact
CASE076,CDR15615,single_use_contact
CASE076,CDR15616,odd_hour_contact|single_use_contact
CASE076,CDR15617,single_use_contact
CASE076,CDR15618,single_use_contact
CASE076,CDR15619,single_use_contact
CASE076,CDR15620,single_use_contact
CASE076,CDR15621,odd_hour_contact|single_use_contact
CASE076,CDR15622,single_use_contact
CASE076,CDR15623,single_use_contact
CASE076,CDR15624,single_use_contact
CASE076,CDR15625,single_use_contact
CASE076,CDR15626,odd_hour_contact|single_use_contact
CASE076,CDR15627,single_use_contact
CASE076,CDR15628,single_use_contact
CASE076,CDR15629,single_use_contact
CASE076,CDR15630,single_use_contact
CASE076,CDR15631,single_use_contact
CASE076,CDR15632,odd_hour_contact|single_use_contact
CASE076,CDR15633,single_use_contact
CASE076,CDR15634,single_use_contact
CASE076,CDR15635,single_use_contact
CASE076,CDR15636,single_use_contact
CASE076,CDR15637,odd_hour_contact|single_use_contact
CASE076,CDR15638,single_use_contact
CASE076,CDR15639,single_use_contact
CASE076,CDR15640,single_use_contact
CASE076,CDR15641,single_use_contact
CASE076,CDR15642,single_use_contact
CASE076,CDR15643,odd_hour_contact|single_use_contact
CASE076,CDR15644,single_use_contact
CASE076,CDR15645,odd_hour_contact|single_use_contact
CASE076,CDR15646,single_use_contact
CASE076,CDR15647,single_use_contact
CASE076,CDR15648,odd_hour_contact|single_use_contact
CASE076,CDR15649,single_use_contact
CASE076,CDR15650,single_use_contact
CASE076,CDR15651,single_use_contact
CASE076,CDR15652,single_use_contact
CASE076,CDR15653,single_use_contact
CASE076,CDR15654,single_use_contact
CASE076,CDR15655,single_use_contact
CASE076,CDR15656,odd_hour_contact|single_use_contact
CASE076,CDR15657,odd_hour_contact|single_use_contact
CASE076,CDR15658,odd_hour_contact|single_use_contact
CASE076,CDR15659,single_use_contact
CASE076,CDR15660,single_use_contact
CASE076,CDR15661,single_use_contact
CASE076,CDR15662,single_use_contact
CASE076,CDR15663,single_use_contact
CASE076,CDR15664,single_use_contact
CASE076,CDR15665,odd_hour_contact|single_use_contact
CASE076,CDR15666,single_use_contact
CASE076,CDR15667,single_use_contact
CASE076,CDR15668,odd_hour_contact|single_use_contact
CASE076,CDR15669,single_use_contact
CASE076,CDR15670,odd_hour_contact|single_use_contact
CASE076,CDR15671,odd_hour_contact|single_use_contact
CASE076,CDR15672,single_use_contact
CASE076,CDR15673,single_use_contact
CASE076,CDR15674,single_use_contact
CASE076,CDR15675,single_use_contact
CASE076,CDR15676,odd_hour_contact|single_use_contact
CASE076,CDR15677,single_use_contact
CASE076,CDR15678,single_use_contact
CASE076,CDR15679,odd_hour_contact|single_use_contact
CASE077,CDR15681,odd_hour_contact
CASE077,CDR15683,odd_hour_contact
CASE077,CDR15688,burst_calling
CASE077,CDR15689,burst_calling
CASE077,CDR15690,odd_hour_contact|burst_calling
CASE077,CDR15691,burst_calling
CASE077,CDR15692,burst_calling
CASE077,CDR15697,odd_hour_contact
CASE077,CDR15701,odd_hour_contact
CASE077,CDR15703,burst_calling
CASE077,CDR15704,burst_calling
CASE077,CDR15705,burst_calling
CASE077,CDR15706,burst_calling
CASE077,CDR15707,burst_calling
CASE077,CDR15708,burst_calling
CASE077,CDR15709,odd_hour_contact|burst_calling
CASE077,CDR15710,odd_hour_contact|burst_calling
CASE077,CDR15711,burst_calling
CASE077,CDR15712,burst_calling
CASE077,CDR15713,burst_calling
CASE077,CDR15717,burst_calling
CASE077,CDR15718,burst_calling
CASE077,CDR15719,odd_hour_contact|burst_calling
CASE077,CDR15720,burst_calling
CASE077,CDR15721,burst_calling
CASE077,CDR15722,burst_calling
CASE077,CDR15723,burst_calling
CASE077,CDR15724,burst_calling
CASE077,CDR15725,burst_calling
CASE077,CDR15726,burst_calling
CASE077,CDR15727,odd_hour_contact
CASE077,CDR15729,odd_hour_contact
CASE077,CDR15730,burst_calling
CASE077,CDR15731,burst_calling
CASE077,CDR15732,burst_calling
CASE077,CDR15733,burst_calling
CASE077,CDR15734,burst_calling
CASE077,CDR15735,burst_calling
CASE077,CDR15736,burst_calling
CASE077,CDR15737,burst_calling
CASE077,CDR15738,burst_calling
CASE077,CDR15739,burst_calling
CASE077,CDR15740,odd_hour_contact
CASE077,CDR15758,odd_hour_contact|burst_calling
CASE077,CDR15759,odd_hour_contact|burst_calling
CASE077,CDR15760,burst_calling
CASE077,CDR15761,odd_hour_contact|burst_calling
CASE077,CDR15762,burst_calling
CASE077,CDR15763,burst_calling
CASE077,CDR15764,burst_calling
CASE077,CDR15765,burst_calling
CASE077,CDR15766,odd_hour_contact|burst_calling
CASE077,CDR15767,burst_calling
CASE077,CDR15770,odd_hour_contact
CASE077,CDR15771,odd_hour_contact
CASE077,CDR15777,odd_hour_contact
CASE077,CDR15779,burst_calling
CASE077,CDR15780,burst_calling
CASE077,CDR15781,burst_calling
CASE077,CDR15782,burst_calling
CASE077,CDR15783,odd_hour_contact|burst_calling
CASE077,CDR15784,burst_calling
CASE077,CDR15785,burst_calling
CASE077,CDR15786,burst_calling
CASE077,CDR15787,burst_calling
CASE077,CDR15788,burst_calling
CASE077,CDR15789,burst_calling
CASE077,CDR15790,burst_calling
CASE077,CDR15791,burst_calling
CASE077,CDR15792,burst_calling
CASE077,CDR15793,odd_hour_contact|burst_calling
CASE077,CDR15794,burst_calling
CASE077,CDR15795,odd_hour_contact
CASE077,CDR15797,burst_calling
CASE077,CDR15798,burst_calling
CASE077,CDR15799,odd_hour_contact|burst_calling
CASE077,CDR15800,burst_calling
CASE077,CDR15801,odd_hour_contact|burst_calling
CASE077,CDR15802,burst_calling
CASE077,CDR15810,burst_calling
CASE077,CDR15811,burst_calling
CASE077,CDR15812,burst_calling
CASE077,CDR15813,burst_calling
CASE077,CDR15814,burst_calling
CASE077,CDR15815,odd_hour_contact
CASE077,CDR15819,burst_calling
CASE077,CDR15820,burst_calling
CASE077,CDR15821,odd_hour_contact|burst_calling
CASE077,CDR15822,odd_hour_contact|burst_calling
CASE077,CDR15823,burst_calling
CASE077,CDR15829,odd_hour_contact
CASE077,CDR15831,odd_hour_contact
CASE077,CDR15839,burst_calling
CASE077,CDR15840,burst_calling
CASE077,CDR15841,burst_calling
CASE077,CDR15842,odd_hour_contact|burst_calling
CASE077,CDR15843,burst_calling
CASE077,CDR15844,odd_hour_contact|burst_calling
CASE077,CDR15845,burst_calling
CASE077,CDR15846,burst_calling
CASE077,CDR15847,burst_calling
CASE077,CDR15848,burst_calling
CASE077,CDR15849,burst_calling
CASE077,CDR15850,burst_calling
CASE077,CDR15851,odd_hour_contact|burst_calling
CASE077,CDR15852,burst_calling
CASE077,CDR15853,burst_calling
CASE077,CDR15854,burst_calling
CASE077,CDR15855,odd_hour_contact|burst_calling
CASE077,CDR15856,burst_calling
CASE077,CDR15857,burst_calling
CASE077,CDR15858,burst_calling
CASE077,CDR15859,burst_calling
CASE077,CDR15860,burst_calling
CASE077,CDR15861,burst_calling
CASE077,CDR15862,odd_hour_contact|burst_calling
CASE077,CDR15863,burst_calling
CASE077,CDR15864,burst_calling
CASE077,CDR15865,burst_calling
CASE077,CDR15866,odd_hour_contact|burst_calling
CASE077,CDR15867,burst_calling
CASE077,CDR15868,burst_calling
CASE077,CDR15869,burst_calling
CASE077,CDR15870,burst_calling
CASE077,CDR15871,burst_calling
CASE077,CDR15872,single_use_contact
CASE077,CDR15873,odd_hour_contact|single_use_contact
CASE077,CDR15874,single_use_contact
CASE077,CDR15875,single_use_contact
CASE077,CDR15876,odd_hour_contact|single_use_contact
CASE077,CDR15877,odd_hour_contact|single_use_contact
CASE077,CDR15878,single_use_contact
CASE077,CDR15879,single_use_contact
CASE077,CDR15880,single_use_contact
CASE077,CDR15881,single_use_contact
CASE077,CDR15882,single_use_contact
CASE077,CDR15883,single_use_contact
CASE077,CDR15884,odd_hour_contact|single_use_contact
CASE077,CDR15885,odd_hour_contact|single_use_contact
CASE077,CDR15886,single_use_contact
CASE077,CDR15887,single_use_contact
CASE077,CDR15888,single_use_contact
CASE077,CDR15889,odd_hour_contact|single_use_contact
CASE077,CDR15890,single_use_contact
CASE077,CDR15891,single_use_contact
CASE077,CDR15892,single_use_contact
CASE077,CDR15893,single_use_contact
CASE077,CDR15894,single_use_contact
CASE077,CDR15895,single_use_contact
CASE077,CDR15896,single_use_contact
CASE077,CDR15897,odd_hour_contact|single_use_contact
CASE077,CDR15898,single_use_contact
CASE077,CDR15899,single_use_contact
CASE077,CDR15900,single_use_contact
CASE077,CDR15901,single_use_contact
CASE077,CDR15902,single_use_contact
CASE077,CDR15903,single_use_contact
CASE077,CDR15904,single_use_contact
CASE077,CDR15905,odd_hour_contact|single_use_contact
CASE077,CDR15906,single_use_contact
CASE077,CDR15907,single_use_contact
CASE077,CDR15908,single_use_contact
CASE077,CDR15909,odd_hour_contact|single_use_contact
CASE077,CDR15910,single_use_contact
CASE077,CDR15911,single_use_contact
CASE077,CDR15912,single_use_contact
CASE077,CDR15913,odd_hour_contact|single_use_contact
CASE077,CDR15914,single_use_contact
CASE077,CDR15915,single_use_contact
CASE077,CDR15916,single_use_contact
CASE077,CDR15917,single_use_contact
CASE077,CDR15918,single_use_contact
CASE077,CDR15919,odd_hour_contact|single_use_contact
CASE077,CDR15920,single_use_contact
CASE077,CDR15921,single_use_contact
CASE077,CDR15922,single_use_contact
CASE077,CDR15923,single_use_contact
CASE077,CDR15924,single_use_contact
CASE077,CDR15925,odd_hour_contact|single_use_contact
CASE077,CDR15926,single_use_contact
CASE077,CDR15927,odd_hour_contact|single_use_contact
CASE077,CDR15928,single_use_contact
CASE077,CDR15929,odd_hour_contact|single_use_contact
CASE077,CDR15930,odd_hour_contact|single_use_contact
CASE077,CDR15931,single_use_contact
CASE077,CDR15932,single_use_contact
CASE077,CDR15933,single_use_contact
CASE077,CDR15934,single_use_contact
CASE077,CDR15935,odd_hour_contact|single_use_contact
CASE077,CDR15936,single_use_contact
CASE077,CDR15937,single_use_contact
CASE077,CDR15938,single_use_contact
CASE077,CDR15939,odd_hour_contact|single_use_contact
CASE077,CDR15940,single_use_contact
CASE077,CDR15941,odd_hour_contact|single_use_contact
CASE077,CDR15942,odd_hour_contact|single_use_contact
CASE077,CDR15943,odd_hour_contact|single_use_contact
CASE077,CDR15944,single_use_contact
CASE077,CDR15945,single_use_contact
CASE077,CDR15946,odd_hour_contact|single_use_contact
CASE077,CDR15947,single_use_contact
CASE077,CDR15948,single_use_contact
CASE077,CDR15949,single_use_contact
CASE077,CDR15950,single_use_contact
CASE077,CDR15951,single_use_contact
CASE077,CDR15952,single_use_contact
CASE077,CDR15953,odd_hour_contact|single_use_contact
CASE077,CDR15954,single_use_contact
CASE077,CDR15955,odd_hour_contact|single_use_contact
CASE077,CDR15956,single_use_contact
CASE077,CDR15957,odd_hour_contact|single_use_contact
CASE077,CDR15958,single_use_contact
CASE077,CDR15959,single_use_contact
CASE077,CDR15960,odd_hour_contact|single_use_contact
CASE077,CDR15961,single_use_contact
CASE078,CDR15967,odd_hour_contact
CASE078,CDR15968,odd_hour_contact|burst_calling
CASE078,CDR15969,burst_calling
CASE078,CDR15970,odd_hour_contact|burst_calling
CASE078,CDR15971,burst_calling
CASE078,CDR15972,odd_hour_contact|burst_calling
CASE078,CDR15973,burst_calling
CASE078,CDR15975,odd_hour_contact
CASE078,CDR15978,odd_hour_contact
CASE078,CDR15984,odd_hour_contact
CASE078,CDR15985,odd_hour_contact
CASE078,CDR15987,odd_hour_contact|burst_calling
CASE078,CDR15988,burst_calling
CASE078,CDR15989,burst_calling
CASE078,CDR15990,burst_calling
CASE078,CDR15991,burst_calling
CASE078,CDR15994,odd_hour_contact
CASE078,CDR15996,odd_hour_contact
CASE078,CDR15999,burst_calling
CASE078,CDR16000,burst_calling
CASE078,CDR16001,burst_calling
CASE078,CDR16002,burst_calling
CASE078,CDR16003,burst_calling
CASE078,CDR16005,odd_hour_contact
CASE078,CDR16008,burst_calling
CASE078,CDR16009,burst_calling
CASE078,CDR16010,burst_calling
CASE078,CDR16011,odd_hour_contact|burst_calling
CASE078,CDR16012,odd_hour_contact|burst_calling
CASE078,CDR16013,odd_hour_contact
CASE078,CDR16014,odd_hour_contact
CASE078,CDR16015,odd_hour_contact
CASE078,CDR16016,burst_calling
CASE078,CDR16017,burst_calling
CASE078,CDR16018,burst_calling
CASE078,CDR16019,burst_calling
CASE078,CDR16020,burst_calling
CASE078,CDR16023,burst_calling
CASE078,CDR16024,burst_calling
CASE078,CDR16025,burst_calling
CASE078,CDR16026,burst_calling
CASE078,CDR16027,burst_calling
CASE078,CDR16028,burst_calling
CASE078,CDR16029,burst_calling
CASE078,CDR16030,burst_calling
CASE078,CDR16031,burst_calling
CASE078,CDR16032,burst_calling
CASE078,CDR16033,burst_calling
CASE078,CDR16034,burst_calling
CASE078,CDR16035,burst_calling
CASE078,CDR16036,odd_hour_contact|burst_calling
CASE078,CDR16037,burst_calling
CASE078,CDR16038,burst_calling
CASE078,CDR16039,burst_calling
CASE078,CDR16043,odd_hour_contact|burst_calling
CASE078,CDR16044,burst_calling
CASE078,CDR16045,burst_calling
CASE078,CDR16046,burst_calling
CASE078,CDR16047,burst_calling
CASE078,CDR16048,burst_calling
CASE078,CDR16051,burst_calling
CASE078,CDR16052,burst_calling
CASE078,CDR16053,burst_calling
CASE078,CDR16054,odd_hour_contact|burst_calling
CASE078,CDR16055,burst_calling
CASE078,CDR16056,burst_calling
CASE078,CDR16057,odd_hour_contact|burst_calling
CASE078,CDR16058,burst_calling
CASE078,CDR16059,burst_calling
CASE078,CDR16060,burst_calling
CASE078,CDR16061,odd_hour_contact|burst_calling
CASE078,CDR16068,burst_calling
CASE078,CDR16069,burst_calling
CASE078,CDR16070,odd_hour_contact|burst_calling
CASE078,CDR16071,burst_calling
CASE078,CDR16072,burst_calling
CASE078,CDR16073,burst_calling
CASE078,CDR16074,burst_calling
CASE078,CDR16075,burst_calling
CASE078,CDR16076,burst_calling
CASE078,CDR16077,odd_hour_contact|burst_calling
CASE078,CDR16078,burst_calling
CASE078,CDR16079,odd_hour_contact|burst_calling
CASE078,CDR16080,burst_calling
CASE078,CDR16081,burst_calling
CASE078,CDR16082,burst_calling
CASE078,CDR16083,burst_calling
CASE078,CDR16084,odd_hour_contact|burst_calling
CASE078,CDR16087,burst_calling
CASE078,CDR16088,odd_hour_contact|burst_calling
CASE078,CDR16089,burst_calling
CASE078,CDR16090,burst_calling
CASE078,CDR16091,burst_calling
CASE078,CDR16101,odd_hour_contact
CASE078,CDR16102,burst_calling
CASE078,CDR16103,burst_calling
CASE078,CDR16104,burst_calling
CASE078,CDR16105,burst_calling
CASE078,CDR16106,burst_calling
CASE078,CDR16109,burst_calling
CASE078,CDR16110,odd_hour_contact|burst_calling
CASE078,CDR16111,burst_calling
CASE078,CDR16112,burst_calling
CASE078,CDR16113,burst_calling
CASE078,CDR16116,odd_hour_contact
CASE078,CDR16117,burst_calling
CASE078,CDR16118,burst_calling
CASE078,CDR16119,burst_calling
CASE078,CDR16120,burst_calling
CASE078,CDR16121,burst_calling
CASE078,CDR16122,burst_calling
CASE078,CDR16123,burst_calling
CASE078,CDR16124,burst_calling
CASE078,CDR16125,burst_calling
CASE078,CDR16126,burst_calling
CASE078,CDR16127,burst_calling
CASE078,CDR16128,odd_hour_contact
CASE078,CDR16134,odd_hour_contact
CASE078,CDR16137,burst_calling
CASE078,CDR16138,burst_calling
CASE078,CDR16139,odd_hour_contact|burst_calling
CASE078,CDR16140,burst_calling
CASE078,CDR16141,burst_calling
CASE078,CDR16142,burst_calling
CASE078,CDR16143,burst_calling
CASE078,CDR16144,burst_calling
CASE078,CDR16145,burst_calling
CASE078,CDR16146,burst_calling
CASE078,CDR16147,burst_calling
CASE078,CDR16149,odd_hour_contact
CASE078,CDR16150,odd_hour_contact
CASE078,CDR16151,odd_hour_contact
CASE078,CDR16152,odd_hour_contact|burst_calling
CASE078,CDR16153,burst_calling
CASE078,CDR16154,odd_hour_contact|burst_calling
CASE078,CDR16155,odd_hour_contact|burst_calling
CASE078,CDR16156,burst_calling
CASE078,CDR16157,burst_calling
CASE078,CDR16158,burst_calling
CASE078,CDR16159,odd_hour_contact|burst_calling
CASE078,CDR16160,burst_calling
CASE078,CDR16161,burst_calling
CASE078,CDR16162,burst_calling
CASE078,CDR16163,burst_calling
CASE078,CDR16164,burst_calling
CASE078,CDR16165,odd_hour_contact|burst_calling
CASE078,CDR16166,burst_calling
CASE078,CDR16167,odd_hour_contact|burst_calling
CASE078,CDR16168,burst_calling
CASE078,CDR16169,odd_hour_contact|burst_calling
CASE078,CDR16170,burst_calling
CASE078,CDR16171,burst_calling
CASE078,CDR16172,burst_calling
CASE078,CDR16173,burst_calling
CASE078,CDR16174,burst_calling
CASE078,CDR16175,burst_calling
CASE078,CDR16176,burst_calling
CASE078,CDR16177,burst_calling
CASE078,CDR16178,burst_calling
CASE078,CDR16179,burst_calling
CASE078,CDR16180,burst_calling
CASE078,CDR16181,burst_calling
CASE078,CDR16182,single_use_contact
CASE078,CDR16183,single_use_contact
CASE078,CDR16184,odd_hour_contact|single_use_contact
CASE078,CDR16185,single_use_contact
CASE078,CDR16186,single_use_contact
CASE078,CDR16187,single_use_contact
CASE078,CDR16188,single_use_contact
CASE078,CDR16189,single_use_contact
CASE078,CDR16190,single_use_contact
CASE078,CDR16191,single_use_contact
CASE078,CDR16192,single_use_contact
CASE078,CDR16193,single_use_contact
CASE078,CDR16194,single_use_contact
CASE078,CDR16195,single_use_contact
CASE078,CDR16196,single_use_contact
CASE078,CDR16197,single_use_contact
CASE078,CDR16198,single_use_contact
CASE078,CDR16199,odd_hour_contact|single_use_contact
CASE078,CDR16200,odd_hour_contact|single_use_contact
CASE078,CDR16201,single_use_contact
CASE078,CDR16202,single_use_contact
CASE078,CDR16203,odd_hour_contact|single_use_contact
CASE078,CDR16204,single_use_contact
CASE078,CDR16205,odd_hour_contact|single_use_contact
CASE078,CDR16206,single_use_contact
CASE078,CDR16207,odd_hour_contact|single_use_contact
CASE078,CDR16208,single_use_contact
CASE078,CDR16209,single_use_contact
CASE078,CDR16210,single_use_contact
CASE078,CDR16211,single_use_contact
CASE078,CDR16212,single_use_contact
CASE078,CDR16213,single_use_contact
CASE078,CDR16214,odd_hour_contact|single_use_contact
CASE078,CDR16215,single_use_contact
CASE078,CDR16216,single_use_contact
CASE078,CDR16217,single_use_contact
CASE078,CDR16218,single_use_contact
CASE078,CDR16219,odd_hour_contact|single_use_contact
CASE078,CDR16220,single_use_contact
CASE078,CDR16221,odd_hour_contact|single_use_contact
CASE078,CDR16222,single_use_contact
CASE078,CDR16223,odd_hour_contact|single_use_contact
CASE078,CDR16224,odd_hour_contact|single_use_contact
CASE078,CDR16225,single_use_contact
CASE078,CDR16226,single_use_contact
CASE078,CDR16227,single_use_contact
CASE078,CDR16228,single_use_contact
CASE078,CDR16229,single_use_contact
CASE078,CDR16230,single_use_contact
CASE078,CDR16231,single_use_contact
CASE078,CDR16232,single_use_contact
CASE078,CDR16233,odd_hour_contact|single_use_contact
CASE078,CDR16234,single_use_contact
CASE078,CDR16235,single_use_contact
CASE078,CDR16236,single_use_contact
CASE078,CDR16237,single_use_contact
CASE078,CDR16238,single_use_contact
CASE078,CDR16239,odd_hour_contact|single_use_contact
CASE078,CDR16240,single_use_contact
CASE078,CDR16241,single_use_contact
CASE078,CDR16242,single_use_contact
CASE078,CDR16243,single_use_contact
CASE078,CDR16244,single_use_contact
CASE078,CDR16245,single_use_contact
CASE078,CDR16246,single_use_contact
CASE078,CDR16247,single_use_contact
CASE078,CDR16248,single_use_contact
CASE078,CDR16249,single_use_contact
CASE078,CDR16250,single_use_contact
CASE078,CDR16251,odd_hour_contact|single_use_contact
CASE078,CDR16252,single_use_contact
CASE078,CDR16253,single_use_contact
CASE078,CDR16254,single_use_contact
CASE078,CDR16255,single_use_contact
CASE078,CDR16256,odd_hour_contact|single_use_contact
CASE078,CDR16257,single_use_contact
CASE078,CDR16258,single_use_contact
CASE078,CDR16259,single_use_contact
CASE078,CDR16260,single_use_contact
CASE078,CDR16261,single_use_contact
CASE078,CDR16262,single_use_contact
CASE078,CDR16263,single_use_contact
CASE078,CDR16264,single_use_contact
CASE078,CDR16265,single_use_contact
CASE078,CDR16266,odd_hour_contact|single_use_contact
CASE078,CDR16267,single_use_contact
CASE078,CDR16268,odd_hour_contact|single_use_contact
CASE078,CDR16269,single_use_contact
CASE078,CDR16270,single_use_contact
CASE078,CDR16271,single_use_contact
CASE079,CDR16273,odd_hour_contact
CASE079,CDR16277,burst_calling
CASE079,CDR16278,burst_calling
CASE079,CDR16279,burst_calling
CASE079,CDR16280,burst_calling
CASE079,CDR16281,burst_calling
CASE079,CDR16283,odd_hour_contact
CASE079,CDR16285,odd_hour_contact
CASE079,CDR16287,odd_hour_contact|burst_calling
CASE079,CDR16288,burst_calling
CASE079,CDR16289,burst_calling
CASE079,CDR16290,burst_calling
CASE079,CDR16291,burst_calling
CASE079,CDR16292,odd_hour_contact|burst_calling
CASE079,CDR16293,burst_calling
CASE079,CDR16294,burst_calling
CASE079,CDR16295,burst_calling
CASE079,CDR16296,odd_hour_contact|burst_calling
CASE079,CDR16297,burst_calling
CASE079,CDR16299,odd_hour_contact
CASE079,CDR16300,odd_hour_contact|burst_calling
CASE079,CDR16301,burst_calling
CASE079,CDR16302,odd_hour_contact|burst_calling
CASE079,CDR16303,burst_calling
CASE079,CDR16304,odd_hour_contact|burst_calling
CASE079,CDR16305,burst_calling
CASE079,CDR16309,odd_hour_contact
CASE079,CDR16316,burst_calling
CASE079,CDR16317,odd_hour_contact|burst_calling
CASE079,CDR16318,burst_calling
CASE079,CDR16319,burst_calling
CASE079,CDR16320,burst_calling
CASE079,CDR16321,burst_calling
CASE079,CDR16322,burst_calling
CASE079,CDR16323,burst_calling
CASE079,CDR16324,odd_hour_contact|burst_calling
CASE079,CDR16325,burst_calling
CASE079,CDR16326,burst_calling
CASE079,CDR16327,burst_calling
CASE079,CDR16328,burst_calling
CASE079,CDR16329,burst_calling
CASE079,CDR16330,odd_hour_contact|burst_calling
CASE079,CDR16331,burst_calling
CASE079,CDR16332,burst_calling
CASE079,CDR16333,burst_calling
CASE079,CDR16334,burst_calling
CASE079,CDR16335,burst_calling
CASE079,CDR16336,burst_calling
CASE079,CDR16337,burst_calling
CASE079,CDR16338,odd_hour_contact
CASE079,CDR16340,odd_hour_contact
CASE079,CDR16341,odd_hour_contact
CASE079,CDR16347,burst_calling
CASE079,CDR16348,burst_calling
CASE079,CDR16349,odd_hour_contact|burst_calling
CASE079,CDR16350,burst_calling
CASE079,CDR16351,burst_calling
CASE079,CDR16352,odd_hour_contact|burst_calling
CASE079,CDR16356,odd_hour_contact
CASE079,CDR16369,odd_hour_contact
CASE079,CDR16371,burst_calling
CASE079,CDR16372,burst_calling
CASE079,CDR16373,burst_calling
CASE079,CDR16374,burst_calling
CASE079,CDR16375,burst_calling
CASE079,CDR16376,burst_calling
CASE079,CDR16377,burst_calling
CASE079,CDR16378,burst_calling
CASE079,CDR16379,burst_calling
CASE079,CDR16380,burst_calling
CASE079,CDR16381,burst_calling
CASE079,CDR16384,odd_hour_contact
CASE079,CDR16390,odd_hour_contact
CASE079,CDR16392,odd_hour_contact
CASE079,CDR16397,single_use_contact
CASE079,CDR16398,single_use_contact
CASE079,CDR16399,single_use_contact
CASE079,CDR16400,single_use_contact
CASE079,CDR16401,odd_hour_contact|single_use_contact
CASE079,CDR16402,single_use_contact
CASE079,CDR16403,single_use_contact
CASE079,CDR16404,single_use_contact
CASE079,CDR16405,single_use_contact
CASE079,CDR16406,odd_hour_contact|single_use_contact
CASE079,CDR16407,single_use_contact
CASE079,CDR16408,single_use_contact
CASE079,CDR16409,single_use_contact
CASE079,CDR16410,single_use_contact
CASE079,CDR16411,single_use_contact
CASE079,CDR16412,single_use_contact
CASE079,CDR16413,odd_hour_contact|single_use_contact
CASE079,CDR16414,single_use_contact
CASE079,CDR16415,single_use_contact
CASE079,CDR16416,single_use_contact
CASE079,CDR16417,single_use_contact
CASE079,CDR16418,single_use_contact
CASE079,CDR16419,single_use_contact
CASE079,CDR16420,single_use_contact
CASE079,CDR16421,single_use_contact
CASE079,CDR16422,single_use_contact
CASE079,CDR16423,single_use_contact
CASE079,CDR16424,single_use_contact
CASE079,CDR16425,single_use_contact
CASE079,CDR16426,single_use_contact
CASE079,CDR16427,single_use_contact
CASE079,CDR16428,single_use_contact
CASE079,CDR16429,single_use_contact
CASE079,CDR16430,single_use_contact
CASE079,CDR16431,single_use_contact
CASE079,CDR16432,single_use_contact
CASE079,CDR16433,single_use_contact
CASE079,CDR16434,single_use_contact
CASE079,CDR16435,single_use_contact
CASE079,CDR16436,odd_hour_contact|single_use_contact
CASE079,CDR16437,single_use_contact
CASE079,CDR16438,single_use_contact
CASE079,CDR16439,single_use_contact
CASE079,CDR16440,single_use_contact
CASE079,CDR16441,single_use_contact
CASE079,CDR16442,single_use_contact
CASE079,CDR16443,single_use_contact
CASE079,CDR16444,single_use_contact
CASE079,CDR16445,single_use_contact
CASE079,CDR16446,single_use_contact
CASE079,CDR16447,single_use_contact
CASE079,CDR16448,single_use_contact
CASE079,CDR16449,single_use_contact
CASE079,CDR16450,single_use_contact
CASE079,CDR16451,odd_hour_contact|single_use_contact
CASE079,CDR16452,single_use_contact
CASE079,CDR16453,single_use_contact
CASE079,CDR16454,single_use_contact
CASE079,CDR16455,single_use_contact
CASE079,CDR16456,odd_hour_contact|single_use_contact
CASE079,CDR16457,single_use_contact
CASE079,CDR16458,single_use_contact
CASE079,CDR16459,single_use_contact
CASE079,CDR16460,single_use_contact
CASE079,CDR16461,single_use_contact
CASE079,CDR16462,single_use_contact
CASE079,CDR16463,odd_hour_contact|single_use_contact
CASE079,CDR16464,odd_hour_contact|single_use_contact
CASE079,CDR16465,single_use_contact
CASE079,CDR16466,odd_hour_contact|single_use_contact
CASE079,CDR16467,single_use_contact
CASE079,CDR16468,odd_hour_contact|single_use_contact
CASE079,CDR16469,single_use_contact
CASE079,CDR16470,single_use_contact
CASE079,CDR16471,odd_hour_contact|single_use_contact
CASE079,CDR16472,single_use_contact
CASE079,CDR16473,odd_hour_contact|single_use_contact
CASE079,CDR16474,single_use_contact
CASE079,CDR16475,odd_hour_contact|single_use_contact
CASE079,CDR16476,odd_hour_contact|single_use_contact
CASE079,CDR16477,single_use_contact
CASE079,CDR16478,odd_hour_contact|single_use_contact
CASE079,CDR16479,single_use_contact
CASE079,CDR16480,single_use_contact
CASE079,CDR16481,single_use_contact
CASE079,CDR16482,odd_hour_contact|single_use_contact
CASE079,CDR16483,single_use_contact
CASE079,CDR16484,single_use_contact
CASE079,CDR16485,single_use_contact
CASE079,CDR16486,single_use_contact
CASE080,CDR16489,odd_hour_contact
CASE080,CDR16490,odd_hour_contact
CASE080,CDR16497,burst_calling
CASE080,CDR16498,burst_calling
CASE080,CDR16499,burst_calling
CASE080,CDR16500,odd_hour_contact|burst_calling
CASE080,CDR16501,burst_calling
CASE080,CDR16502,burst_calling
CASE080,CDR16507,burst_calling
CASE080,CDR16508,burst_calling
CASE080,CDR16509,burst_calling
CASE080,CDR16510,burst_calling
CASE080,CDR16511,burst_calling
CASE080,CDR16512,burst_calling
CASE080,CDR16513,burst_calling
CASE080,CDR16514,burst_calling
CASE080,CDR16515,burst_calling
CASE080,CDR16516,burst_calling
CASE080,CDR16517,burst_calling
CASE080,CDR16518,odd_hour_contact
CASE080,CDR16520,odd_hour_contact
CASE080,CDR16526,odd_hour_contact
CASE080,CDR16528,burst_calling
CASE080,CDR16529,burst_calling
CASE080,CDR16530,burst_calling
CASE080,CDR16531,burst_calling
CASE080,CDR16532,burst_calling
CASE080,CDR16533,burst_calling
CASE080,CDR16534,burst_calling
CASE080,CDR16535,burst_calling
CASE080,CDR16536,burst_calling
CASE080,CDR16537,burst_calling
CASE080,CDR16538,burst_calling
CASE080,CDR16539,odd_hour_contact|burst_calling
CASE080,CDR16540,burst_calling
CASE080,CDR16541,burst_calling
CASE080,CDR16542,burst_calling
CASE080,CDR16543,burst_calling
CASE080,CDR16544,burst_calling
CASE080,CDR16545,burst_calling
CASE080,CDR16546,burst_calling
CASE080,CDR16547,burst_calling
CASE080,CDR16548,burst_calling
CASE080,CDR16549,burst_calling
CASE080,CDR16550,burst_calling
CASE080,CDR16551,single_use_contact
CASE080,CDR16552,single_use_contact
CASE080,CDR16553,single_use_contact
CASE080,CDR16554,single_use_contact
CASE080,CDR16555,single_use_contact
CASE080,CDR16556,single_use_contact
CASE080,CDR16557,odd_hour_contact|single_use_contact
CASE080,CDR16558,single_use_contact
CASE080,CDR16559,single_use_contact
CASE080,CDR16560,single_use_contact
CASE080,CDR16561,single_use_contact
CASE080,CDR16562,single_use_contact
CASE080,CDR16563,single_use_contact
CASE080,CDR16564,odd_hour_contact|single_use_contact
CASE080,CDR16565,single_use_contact
CASE080,CDR16566,single_use_contact
CASE080,CDR16567,single_use_contact
CASE080,CDR16568,single_use_contact
CASE080,CDR16569,single_use_contact
CASE080,CDR16570,single_use_contact
CASE080,CDR16571,odd_hour_contact
CASE080,CDR16572,single_use_contact
CASE080,CDR16573,single_use_contact
CASE080,CDR16574,single_use_contact
CASE080,CDR16575,odd_hour_contact|single_use_contact
CASE080,CDR16576,single_use_contact
CASE080,CDR16577,single_use_contact
CASE080,CDR16578,single_use_contact
CASE080,CDR16579,single_use_contact
CASE080,CDR16580,odd_hour_contact|single_use_contact
CASE080,CDR16581,single_use_contact
CASE080,CDR16582,odd_hour_contact|single_use_contact
CASE080,CDR16583,single_use_contact
CASE080,CDR16584,single_use_contact
CASE080,CDR16585,single_use_contact
CASE080,CDR16586,single_use_contact
CASE080,CDR16587,single_use_contact
CASE080,CDR16588,single_use_contact
CASE080,CDR16589,single_use_contact
CASE080,CDR16590,single_use_contact
CASE080,CDR16591,single_use_contact
CASE080,CDR16593,odd_hour_contact|single_use_contact
CASE080,CDR16594,odd_hour_contact|single_use_contact
CASE080,CDR16595,single_use_contact
CASE080,CDR16596,single_use_contact
CASE080,CDR16597,single_use_contact
CASE080,CDR16598,single_use_contact
CASE080,CDR16599,single_use_contact
CASE080,CDR16600,single_use_contact
CASE080,CDR16601,single_use_contact
CASE080,CDR16602,single_use_contact
CASE080,CDR16603,odd_hour_contact|single_use_contact
CASE080,CDR16604,single_use_contact
CASE080,CDR16605,single_use_contact
CASE080,CDR16606,single_use_contact
CASE080,CDR16607,single_use_contact
CASE080,CDR16608,single_use_contact
CASE080,CDR16609,single_use_contact
CASE080,CDR16610,odd_hour_contact|single_use_contact
CASE080,CDR16611,single_use_contact
CASE080,CDR16612,odd_hour_contact|single_use_contact
CASE080,CDR16613,single_use_contact
CASE080,CDR16614,single_use_contact
CASE080,CDR16615,single_use_contact
CASE080,CDR16616,single_use_contact
CASE080,CDR16617,odd_hour_contact|single_use_contact
CASE080,CDR16618,single_use_contact
CASE080,CDR16619,odd_hour_contact|single_use_contact
CASE080,CDR16620,single_use_contact
CASE080,CDR16621,single_use_contact
CASE080,CDR16622,odd_hour_contact|single_use_contact
CASE080,CDR16623,odd_hour_contact|single_use_contact
CASE080,CDR16624,odd_hour_contact|single_use_contact
CASE080,CDR16625,single_use_contact
CASE080,CDR16626,single_use_contact
CASE080,CDR16627,odd_hour_contact|single_use_contact
CASE080,CDR16628,single_use_contact
CASE080,CDR16629,single_use_contact
CASE080,CDR16630,odd_hour_contact|single_use_contact
CASE080,CDR16631,single_use_contact
CASE080,CDR16632,odd_hour_contact|single_use_contact
CASE080,CDR16633,single_use_contact
CASE080,CDR16634,odd_hour_contact|single_use_contact
CASE080,CDR16635,odd_hour_contact|single_use_contact
CASE080,CDR16636,single_use_contact
CASE080,CDR16637,single_use_contact
CASE080,CDR16638,single_use_contact
CASE080,CDR16639,single_use_contact
CASE080,CDR16640,single_use_contact
CASE081,CDR16641,odd_hour_contact|burst_calling
CASE081,CDR16642,burst_calling
CASE081,CDR16643,burst_calling
CASE081,CDR16644,odd_hour_contact|burst_calling
CASE081,CDR16645,burst_calling
CASE081,CDR16647,odd_hour_contact
CASE081,CDR16659,odd_hour_contact
CASE081,CDR16660,odd_hour_contact
CASE081,CDR16664,odd_hour_contact
CASE081,CDR16667,odd_hour_contact
CASE081,CDR16670,burst_calling
CASE081,CDR16671,burst_calling
CASE081,CDR16672,burst_calling
CASE081,CDR16673,burst_calling
CASE081,CDR16674,burst_calling
CASE081,CDR16679,burst_calling
CASE081,CDR16680,burst_calling
CASE081,CDR16681,burst_calling
CASE081,CDR16682,burst_calling
CASE081,CDR16683,burst_calling
CASE081,CDR16684,burst_calling
CASE081,CDR16685,burst_calling
CASE081,CDR16686,burst_calling
CASE081,CDR16687,burst_calling
CASE081,CDR16688,burst_calling
CASE081,CDR16689,burst_calling
CASE081,CDR16690,burst_calling
CASE081,CDR16691,odd_hour_contact|burst_calling
CASE081,CDR16692,burst_calling
CASE081,CDR16693,burst_calling
CASE081,CDR16694,burst_calling
CASE081,CDR16697,odd_hour_contact|burst_calling
CASE081,CDR16698,burst_calling
CASE081,CDR16699,burst_calling
CASE081,CDR16700,odd_hour_contact|burst_calling
CASE081,CDR16701,burst_calling
CASE081,CDR16702,odd_hour_contact|burst_calling
CASE081,CDR16705,odd_hour_contact
CASE081,CDR16715,odd_hour_contact
CASE081,CDR16717,odd_hour_contact
CASE081,CDR16718,burst_calling
CASE081,CDR16719,burst_calling
CASE081,CDR16720,burst_calling
CASE081,CDR16721,burst_calling
CASE081,CDR16722,burst_calling
CASE081,CDR16723,burst_calling
CASE081,CDR16724,burst_calling
CASE081,CDR16725,burst_calling
CASE081,CDR16726,burst_calling
CASE081,CDR16727,odd_hour_contact|burst_calling
CASE081,CDR16728,burst_calling
CASE081,CDR16729,burst_calling
CASE081,CDR16730,odd_hour_contact|burst_calling
CASE081,CDR16731,burst_calling
CASE081,CDR16732,burst_calling
CASE081,CDR16733,burst_calling
CASE081,CDR16734,burst_calling
CASE081,CDR16735,odd_hour_contact
CASE081,CDR16738,odd_hour_contact
CASE081,CDR16742,odd_hour_contact
CASE081,CDR16744,odd_hour_contact
CASE081,CDR16746,odd_hour_contact
CASE081,CDR16747,burst_calling
CASE081,CDR16748,burst_calling
CASE081,CDR16749,burst_calling
CASE081,CDR16750,burst_calling
CASE081,CDR16751,burst_calling
CASE081,CDR16752,burst_calling
CASE081,CDR16753,burst_calling
CASE081,CDR16754,odd_hour_contact|burst_calling
CASE081,CDR16755,odd_hour_contact|burst_calling
CASE081,CDR16756,odd_hour_contact|burst_calling
CASE081,CDR16757,odd_hour_contact|burst_calling
CASE081,CDR16758,burst_calling
CASE081,CDR16759,burst_calling
CASE081,CDR16760,burst_calling
CASE081,CDR16761,burst_calling
CASE081,CDR16762,burst_calling
CASE081,CDR16763,odd_hour_contact|burst_calling
CASE081,CDR16764,burst_calling
CASE081,CDR16765,burst_calling
CASE081,CDR16766,burst_calling
CASE081,CDR16767,odd_hour_contact|burst_calling
CASE081,CDR16768,odd_hour_contact|burst_calling
CASE081,CDR16769,burst_calling
CASE081,CDR16770,burst_calling
CASE081,CDR16771,burst_calling
CASE081,CDR16772,burst_calling
CASE081,CDR16773,burst_calling
CASE081,CDR16774,burst_calling
CASE081,CDR16775,burst_calling
CASE081,CDR16776,burst_calling
CASE081,CDR16777,burst_calling
CASE081,CDR16778,burst_calling
CASE081,CDR16779,burst_calling
CASE081,CDR16780,burst_calling
CASE081,CDR16781,burst_calling
CASE081,CDR16782,burst_calling
CASE081,CDR16783,burst_calling
CASE081,CDR16784,burst_calling
CASE081,CDR16785,burst_calling
CASE081,CDR16786,burst_calling
CASE081,CDR16787,odd_hour_contact
CASE081,CDR16790,odd_hour_contact
CASE081,CDR16796,burst_calling
CASE081,CDR16797,burst_calling
CASE081,CDR16798,burst_calling
CASE081,CDR16799,burst_calling
CASE081,CDR16800,burst_calling
CASE081,CDR16802,odd_hour_contact
CASE081,CDR16808,odd_hour_contact
CASE081,CDR16809,odd_hour_contact|burst_calling
CASE081,CDR16810,burst_calling
CASE081,CDR16811,burst_calling
CASE081,CDR16812,burst_calling
CASE081,CDR16813,burst_calling
CASE081,CDR16814,odd_hour_contact|burst_calling
CASE081,CDR16815,odd_hour_contact
CASE081,CDR16818,burst_calling
CASE081,CDR16819,burst_calling
CASE081,CDR16820,burst_calling
CASE081,CDR16821,burst_calling
CASE081,CDR16822,burst_calling
CASE081,CDR16823,odd_hour_contact|burst_calling
CASE081,CDR16827,odd_hour_contact|burst_calling
CASE081,CDR16828,odd_hour_contact|burst_calling
CASE081,CDR16829,burst_calling
CASE081,CDR16830,burst_calling
CASE081,CDR16831,burst_calling
CASE081,CDR16834,odd_hour_contact|burst_calling
CASE081,CDR16835,burst_calling
CASE081,CDR16836,burst_calling
CASE081,CDR16837,burst_calling
CASE081,CDR16838,burst_calling
CASE081,CDR16845,burst_calling
CASE081,CDR16846,burst_calling
CASE081,CDR16847,burst_calling
CASE081,CDR16848,odd_hour_contact|burst_calling
CASE081,CDR16849,burst_calling
CASE081,CDR16850,burst_calling
CASE081,CDR16851,burst_calling
CASE081,CDR16852,burst_calling
CASE081,CDR16853,burst_calling
CASE081,CDR16854,odd_hour_contact|burst_calling
CASE081,CDR16855,burst_calling
CASE081,CDR16856,burst_calling
CASE081,CDR16857,odd_hour_contact|burst_calling
CASE081,CDR16858,burst_calling
CASE081,CDR16859,odd_hour_contact|burst_calling
CASE081,CDR16860,burst_calling
CASE081,CDR16861,burst_calling
CASE081,CDR16864,burst_calling
CASE081,CDR16865,burst_calling
CASE081,CDR16866,odd_hour_contact|burst_calling
CASE081,CDR16867,burst_calling
CASE081,CDR16868,burst_calling
CASE081,CDR16870,odd_hour_contact
CASE081,CDR16877,odd_hour_contact
CASE081,CDR16878,odd_hour_contact
CASE081,CDR16888,burst_calling
CASE081,CDR16889,burst_calling
CASE081,CDR16890,odd_hour_contact|burst_calling
CASE081,CDR16891,burst_calling
CASE081,CDR16892,burst_calling
CASE081,CDR16893,burst_calling
CASE081,CDR16903,odd_hour_contact
CASE081,CDR16904,odd_hour_contact
CASE081,CDR16909,odd_hour_contact
CASE081,CDR16910,odd_hour_contact
CASE081,CDR16911,odd_hour_contact
CASE081,CDR16912,odd_hour_contact
CASE081,CDR16914,odd_hour_contact
CASE081,CDR16918,odd_hour_contact
CASE081,CDR16922,odd_hour_contact|burst_calling
CASE081,CDR16923,burst_calling
CASE081,CDR16924,burst_calling
CASE081,CDR16925,burst_calling
CASE081,CDR16926,burst_calling
CASE081,CDR16929,odd_hour_contact
CASE081,CDR16930,burst_calling
CASE081,CDR16931,burst_calling
CASE081,CDR16932,burst_calling
CASE081,CDR16933,odd_hour_contact|burst_calling
CASE081,CDR16934,burst_calling
CASE081,CDR16935,odd_hour_contact
CASE081,CDR16936,odd_hour_contact
CASE081,CDR16937,single_use_contact
CASE081,CDR16938,single_use_contact
CASE081,CDR16939,single_use_contact
CASE081,CDR16940,single_use_contact
CASE081,CDR16941,single_use_contact
CASE081,CDR16942,single_use_contact
CASE081,CDR16943,odd_hour_contact|single_use_contact
CASE081,CDR16944,single_use_contact
CASE081,CDR16945,odd_hour_contact|single_use_contact
CASE081,CDR16946,single_use_contact
CASE081,CDR16947,odd_hour_contact|single_use_contact
CASE081,CDR16948,single_use_contact
CASE081,CDR16949,single_use_contact
CASE081,CDR16950,single_use_contact
CASE081,CDR16951,single_use_contact
CASE081,CDR16952,single_use_contact
CASE081,CDR16953,single_use_contact
CASE081,CDR16954,odd_hour_contact|single_use_contact
CASE081,CDR16955,single_use_contact
CASE081,CDR16956,odd_hour_contact|single_use_contact
CASE081,CDR16957,single_use_contact
CASE081,CDR16958,single_use_contact
CASE081,CDR16959,odd_hour_contact|single_use_contact
CASE081,CDR16960,single_use_contact
CASE081,CDR16961,single_use_contact
CASE081,CDR16962,single_use_contact
CASE081,CDR16963,single_use_contact
CASE081,CDR16964,single_use_contact
CASE081,CDR16965,single_use_contact
CASE081,CDR16966,single_use_contact
CASE081,CDR16967,single_use_contact
CASE081,CDR16968,odd_hour_contact|single_use_contact
CASE081,CDR16969,single_use_contact
CASE081,CDR16970,single_use_contact
CASE081,CDR16971,single_use_contact
CASE081,CDR16972,single_use_contact
CASE081,CDR16973,single_use_contact
CASE081,CDR16974,odd_hour_contact|single_use_contact
CASE081,CDR16975,single_use_contact
CASE081,CDR16976,single_use_contact
CASE081,CDR16977,single_use_contact
CASE081,CDR16978,single_use_contact
CASE081,CDR16979,single_use_contact
CASE081,CDR16980,single_use_contact
CASE081,CDR16981,single_use_contact
CASE081,CDR16982,odd_hour_contact|single_use_contact
CASE081,CDR16983,single_use_contact
CASE081,CDR16984,odd_hour_contact|single_use_contact
CASE081,CDR16985,single_use_contact
CASE081,CDR16986,single_use_contact
CASE081,CDR16987,single_use_contact
CASE081,CDR16988,single_use_contact
CASE081,CDR16989,single_use_contact
CASE081,CDR16990,single_use_contact
CASE081,CDR16991,single_use_contact
CASE081,CDR16992,odd_hour_contact|single_use_contact
CASE081,CDR16993,single_use_contact
CASE081,CDR16994,single_use_contact
CASE081,CDR16995,burst_calling
CASE081,CDR16996,odd_hour_contact|single_use_contact
CASE081,CDR16997,single_use_contact
CASE081,CDR16998,single_use_contact
CASE081,CDR16999,single_use_contact
CASE081,CDR17000,single_use_contact
CASE081,CDR17001,single_use_contact
CASE081,CDR17002,single_use_contact
CASE081,CDR17003,single_use_contact
CASE081,CDR17004,single_use_contact
CASE081,CDR17005,odd_hour_contact|single_use_contact
CASE081,CDR17006,single_use_contact
CASE081,CDR17007,single_use_contact
CASE081,CDR17008,single_use_contact
CASE081,CDR17009,odd_hour_contact|single_use_contact
CASE081,CDR17010,odd_hour_contact|single_use_contact
CASE081,CDR17011,single_use_contact
CASE081,CDR17012,odd_hour_contact|single_use_contact
CASE081,CDR17013,single_use_contact
CASE081,CDR17014,odd_hour_contact|single_use_contact
CASE081,CDR17015,single_use_contact
CASE081,CDR17016,odd_hour_contact|single_use_contact
CASE081,CDR17017,single_use_contact
CASE081,CDR17018,odd_hour_contact|single_use_contact
CASE081,CDR17019,single_use_contact
CASE081,CDR17020,single_use_contact
CASE081,CDR17021,single_use_contact
CASE081,CDR17022,single_use_contact
CASE081,CDR17023,single_use_contact
CASE081,CDR17024,single_use_contact
CASE081,CDR17025,single_use_contact
CASE081,CDR17026,single_use_contact
CASE082,CDR17027,odd_hour_contact
CASE082,CDR17029,odd_hour_contact
CASE082,CDR17032,odd_hour_contact
CASE082,CDR17035,burst_calling
CASE082,CDR17036,burst_calling
CASE082,CDR17037,odd_hour_contact|burst_calling
CASE082,CDR17038,burst_calling
CASE082,CDR17039,burst_calling
CASE082,CDR17040,burst_calling
CASE082,CDR17041,odd_hour_contact|burst_calling
CASE082,CDR17042,burst_calling
CASE082,CDR17043,burst_calling
CASE082,CDR17044,burst_calling
CASE082,CDR17047,burst_calling
CASE082,CDR17048,burst_calling
CASE082,CDR17049,burst_calling
CASE082,CDR17050,burst_calling
CASE082,CDR17051,burst_calling
CASE082,CDR17052,burst_calling
CASE082,CDR17053,burst_calling
CASE082,CDR17054,burst_calling
CASE082,CDR17055,odd_hour_contact|burst_calling
CASE082,CDR17056,burst_calling
CASE082,CDR17057,burst_calling
CASE082,CDR17065,burst_calling
CASE082,CDR17066,burst_calling
CASE082,CDR17067,burst_calling
CASE082,CDR17068,burst_calling
CASE082,CDR17069,burst_calling
CASE082,CDR17080,burst_calling
CASE082,CDR17081,burst_calling
CASE082,CDR17082,burst_calling
CASE082,CDR17083,burst_calling
CASE082,CDR17084,burst_calling
CASE082,CDR17085,burst_calling
CASE082,CDR17088,odd_hour_contact
CASE082,CDR17090,odd_hour_contact
CASE082,CDR17092,odd_hour_contact
CASE082,CDR17095,odd_hour_contact|burst_calling
CASE082,CDR17096,burst_calling
CASE082,CDR17097,burst_calling
CASE082,CDR17098,burst_calling
CASE082,CDR17099,burst_calling
CASE082,CDR17100,burst_calling
CASE082,CDR17101,burst_calling
CASE082,CDR17102,burst_calling
CASE082,CDR17103,burst_calling
CASE082,CDR17104,odd_hour_contact|burst_calling
CASE082,CDR17105,odd_hour_contact|burst_calling
CASE082,CDR17106,burst_calling
CASE082,CDR17114,odd_hour_contact
CASE082,CDR17116,burst_calling
CASE082,CDR17117,burst_calling
CASE082,CDR17118,odd_hour_contact|burst_calling
CASE082,CDR17119,odd_hour_contact|burst_calling
CASE082,CDR17120,burst_calling
CASE082,CDR17121,odd_hour_contact
CASE082,CDR17124,odd_hour_contact
CASE082,CDR17126,odd_hour_contact|burst_calling
CASE082,CDR17127,burst_calling
CASE082,CDR17128,burst_calling
CASE082,CDR17129,odd_hour_contact|burst_calling
CASE082,CDR17130,burst_calling
CASE082,CDR17131,burst_calling
CASE082,CDR17132,burst_calling
CASE082,CDR17133,burst_calling
CASE082,CDR17134,burst_calling
CASE082,CDR17135,odd_hour_contact|burst_calling
CASE082,CDR17136,odd_hour_contact|burst_calling
CASE082,CDR17137,burst_calling
CASE082,CDR17142,odd_hour_contact|single_use_contact
CASE082,CDR17143,single_use_contact
CASE082,CDR17144,single_use_contact
CASE082,CDR17145,single_use_contact
CASE082,CDR17146,single_use_contact
CASE082,CDR17147,single_use_contact
CASE082,CDR17148,odd_hour_contact|single_use_contact
CASE082,CDR17149,odd_hour_contact|single_use_contact
CASE082,CDR17150,single_use_contact
CASE082,CDR17151,single_use_contact
CASE082,CDR17152,single_use_contact
CASE082,CDR17153,single_use_contact
CASE082,CDR17154,single_use_contact
CASE082,CDR17155,single_use_contact
CASE082,CDR17156,single_use_contact
CASE082,CDR17157,single_use_contact
CASE082,CDR17158,odd_hour_contact|single_use_contact
CASE082,CDR17159,single_use_contact
CASE082,CDR17160,odd_hour_contact|single_use_contact
CASE082,CDR17161,single_use_contact
CASE082,CDR17162,odd_hour_contact|single_use_contact
CASE082,CDR17163,single_use_contact
CASE082,CDR17164,single_use_contact
CASE082,CDR17165,single_use_contact
CASE082,CDR17166,odd_hour_contact|single_use_contact
CASE082,CDR17167,single_use_contact
CASE082,CDR17168,single_use_contact
CASE082,CDR17169,single_use_contact
CASE082,CDR17170,single_use_contact
CASE082,CDR17171,single_use_contact
CASE082,CDR17172,single_use_contact
CASE082,CDR17173,single_use_contact
CASE082,CDR17174,single_use_contact
CASE082,CDR17175,single_use_contact
CASE082,CDR17176,single_use_contact
CASE082,CDR17177,single_use_contact
CASE082,CDR17178,odd_hour_contact|single_use_contact
CASE082,CDR17179,single_use_contact
CASE082,CDR17180,odd_hour_contact|single_use_contact
CASE082,CDR17181,single_use_contact
CASE082,CDR17182,single_use_contact
CASE082,CDR17183,single_use_contact
CASE082,CDR17184,single_use_contact
CASE082,CDR17185,single_use_contact
CASE082,CDR17186,single_use_contact
CASE082,CDR17187,single_use_contact
CASE082,CDR17188,odd_hour_contact|single_use_contact
CASE082,CDR17189,single_use_contact
CASE082,CDR17190,single_use_contact
CASE082,CDR17191,single_use_contact
CASE082,CDR17192,single_use_contact
CASE082,CDR17193,single_use_contact
CASE082,CDR17194,single_use_contact
CASE082,CDR17195,odd_hour_contact|single_use_contact
CASE082,CDR17196,single_use_contact
CASE082,CDR17197,single_use_contact
CASE082,CDR17198,odd_hour_contact|single_use_contact
CASE082,CDR17199,odd_hour_contact|single_use_contact
CASE082,CDR17200,odd_hour_contact|single_use_contact
CASE082,CDR17201,single_use_contact
CASE082,CDR17202,single_use_contact
CASE082,CDR17203,single_use_contact
CASE082,CDR17204,single_use_contact
CASE082,CDR17205,single_use_contact
CASE082,CDR17206,single_use_contact
CASE082,CDR17207,single_use_contact
CASE082,CDR17208,single_use_contact
CASE082,CDR17209,single_use_contact
CASE082,CDR17210,single_use_contact
CASE082,CDR17211,single_use_contact
CASE082,CDR17212,odd_hour_contact|single_use_contact
CASE082,CDR17213,single_use_contact
CASE082,CDR17214,single_use_contact
CASE082,CDR17215,single_use_contact
CASE082,CDR17216,single_use_contact
CASE082,CDR17217,single_use_contact
CASE082,CDR17218,single_use_contact
CASE082,CDR17219,single_use_contact
CASE082,CDR17220,single_use_contact
CASE082,CDR17221,single_use_contact
CASE082,CDR17222,single_use_contact
CASE082,CDR17223,odd_hour_contact|single_use_contact
CASE082,CDR17224,odd_hour_contact|single_use_contact
CASE082,CDR17225,odd_hour_contact|single_use_contact
CASE082,CDR17226,single_use_contact
CASE082,CDR17227,single_use_contact
CASE082,CDR17228,single_use_contact
CASE082,CDR17229,single_use_contact
CASE082,CDR17230,odd_hour_contact|single_use_contact
CASE082,CDR17231,odd_hour_contact|single_use_contact
CASE083,CDR17235,odd_hour_contact|burst_calling
CASE083,CDR17236,burst_calling
CASE083,CDR17237,burst_calling
CASE083,CDR17238,odd_hour_contact|burst_calling
CASE083,CDR17239,odd_hour_contact|burst_calling
CASE083,CDR17240,burst_calling
CASE083,CDR17241,odd_hour_contact
CASE083,CDR17243,burst_calling
CASE083,CDR17244,odd_hour_contact|burst_calling
CASE083,CDR17245,burst_calling
CASE083,CDR17246,burst_calling
CASE083,CDR17247,burst_calling
CASE083,CDR17249,odd_hour_contact
CASE083,CDR17254,burst_calling
CASE083,CDR17255,burst_calling
CASE083,CDR17256,burst_calling
CASE083,CDR17257,burst_calling
CASE083,CDR17258,burst_calling
CASE083,CDR17259,odd_hour_contact|burst_calling
CASE083,CDR17260,odd_hour_contact|burst_calling
CASE083,CDR17261,burst_calling
CASE083,CDR17262,odd_hour_contact|burst_calling
CASE083,CDR17263,burst_calling
CASE083,CDR17264,odd_hour_contact|burst_calling
CASE083,CDR17265,burst_calling
CASE083,CDR17267,odd_hour_contact
CASE083,CDR17272,odd_hour_contact
CASE083,CDR17281,burst_calling
CASE083,CDR17282,burst_calling
CASE083,CDR17283,burst_calling
CASE083,CDR17284,burst_calling
CASE083,CDR17285,burst_calling
CASE083,CDR17288,odd_hour_contact|burst_calling
CASE083,CDR17289,burst_calling
CASE083,CDR17290,burst_calling
CASE083,CDR17291,burst_calling
CASE083,CDR17292,burst_calling
CASE083,CDR17293,odd_hour_contact
CASE083,CDR17296,burst_calling
CASE083,CDR17297,burst_calling
CASE083,CDR17298,odd_hour_contact|burst_calling
CASE083,CDR17299,burst_calling
CASE083,CDR17300,burst_calling
CASE083,CDR17303,burst_calling
CASE083,CDR17304,burst_calling
CASE083,CDR17305,burst_calling
CASE083,CDR17306,burst_calling
CASE083,CDR17307,burst_calling
CASE083,CDR17308,burst_calling
CASE083,CDR17309,odd_hour_contact|burst_calling
CASE083,CDR17310,burst_calling
CASE083,CDR17311,burst_calling
CASE083,CDR17312,burst_calling
CASE083,CDR17313,burst_calling
CASE083,CDR17321,burst_calling
CASE083,CDR17322,burst_calling
CASE083,CDR17323,burst_calling
CASE083,CDR17324,odd_hour_contact|burst_calling
CASE083,CDR17325,burst_calling
CASE083,CDR17326,burst_calling
CASE083,CDR17327,odd_hour_contact
CASE083,CDR17330,odd_hour_contact
CASE083,CDR17334,odd_hour_contact
CASE083,CDR17336,single_use_contact
CASE083,CDR17337,single_use_contact
CASE083,CDR17338,single_use_contact
CASE083,CDR17339,single_use_contact
CASE083,CDR17340,single_use_contact
CASE083,CDR17341,single_use_contact
CASE083,CDR17342,single_use_contact
CASE083,CDR17343,single_use_contact
CASE083,CDR17344,odd_hour_contact|single_use_contact
CASE083,CDR17345,single_use_contact
CASE083,CDR17346,single_use_contact
CASE083,CDR17347,single_use_contact
CASE083,CDR17348,single_use_contact
CASE083,CDR17349,single_use_contact
CASE083,CDR17350,single_use_contact
CASE083,CDR17351,single_use_contact
CASE083,CDR17352,single_use_contact
CASE083,CDR17353,single_use_contact
CASE083,CDR17354,single_use_contact
CASE083,CDR17355,single_use_contact
CASE083,CDR17356,odd_hour_contact|single_use_contact
CASE083,CDR17357,single_use_contact
CASE083,CDR17358,single_use_contact
CASE083,CDR17359,single_use_contact
CASE083,CDR17360,single_use_contact
CASE083,CDR17361,odd_hour_contact|single_use_contact
CASE083,CDR17362,single_use_contact
CASE083,CDR17363,single_use_contact
CASE083,CDR17364,single_use_contact
CASE083,CDR17365,single_use_contact
CASE083,CDR17366,single_use_contact
CASE083,CDR17367,single_use_contact
CASE083,CDR17368,single_use_contact
CASE083,CDR17369,single_use_contact
CASE083,CDR17370,single_use_contact
CASE083,CDR17371,single_use_contact
CASE083,CDR17372,single_use_contact
CASE083,CDR17373,single_use_contact
CASE083,CDR17374,single_use_contact
CASE083,CDR17375,single_use_contact
CASE083,CDR17376,single_use_contact
CASE083,CDR17377,single_use_contact
CASE083,CDR17378,single_use_contact
CASE083,CDR17379,odd_hour_contact|single_use_contact
CASE083,CDR17380,single_use_contact
CASE083,CDR17381,single_use_contact
CASE083,CDR17382,single_use_contact
CASE083,CDR17383,single_use_contact
CASE083,CDR17384,single_use_contact
CASE083,CDR17385,single_use_contact
CASE083,CDR17386,single_use_contact
CASE083,CDR17387,single_use_contact
CASE083,CDR17388,single_use_contact
CASE083,CDR17389,single_use_contact
CASE083,CDR17390,single_use_contact
CASE083,CDR17391,single_use_contact
CASE083,CDR17392,single_use_contact
CASE083,CDR17393,single_use_contact
CASE083,CDR17394,odd_hour_contact|single_use_contact
CASE083,CDR17395,single_use_contact
CASE083,CDR17396,single_use_contact
CASE083,CDR17397,single_use_contact
CASE083,CDR17398,odd_hour_contact|single_use_contact
CASE083,CDR17399,single_use_contact
CASE083,CDR17400,single_use_contact
CASE083,CDR17401,single_use_contact
CASE083,CDR17402,odd_hour_contact|single_use_contact
CASE083,CDR17403,single_use_contact
CASE083,CDR17404,odd_hour_contact|single_use_contact
CASE083,CDR17405,odd_hour_contact|single_use_contact
CASE083,CDR17406,single_use_contact
CASE083,CDR17407,single_use_contact
CASE083,CDR17408,single_use_contact
CASE083,CDR17409,odd_hour_contact|single_use_contact
CASE083,CDR17410,single_use_contact
CASE083,CDR17411,single_use_contact
CASE083,CDR17412,single_use_contact
CASE083,CDR17413,single_use_contact
CASE083,CDR17414,odd_hour_contact|single_use_contact
CASE083,CDR17415,odd_hour_contact|single_use_contact
CASE083,CDR17416,single_use_contact
CASE083,CDR17417,single_use_contact
CASE083,CDR17418,single_use_contact
CASE083,CDR17419,odd_hour_contact|single_use_contact
CASE083,CDR17420,single_use_contact
CASE083,CDR17421,odd_hour_contact|single_use_contact
CASE083,CDR17422,single_use_contact
CASE083,CDR17423,single_use_contact
CASE083,CDR17424,single_use_contact
CASE083,CDR17425,single_use_contact
CASE084,CDR17426,odd_hour_contact
CASE084,CDR17433,odd_hour_contact
CASE084,CDR17436,burst_calling
CASE084,CDR17437,odd_hour_contact|burst_calling
CASE084,CDR17438,burst_calling
CASE084,CDR17439,burst_calling
CASE084,CDR17440,burst_calling
CASE084,CDR17441,burst_calling
CASE084,CDR17444,burst_calling
CASE084,CDR17445,odd_hour_contact|burst_calling
CASE084,CDR17446,burst_calling
CASE084,CDR17447,burst_calling
CASE084,CDR17448,burst_calling
CASE084,CDR17449,burst_calling
CASE084,CDR17453,odd_hour_contact
CASE084,CDR17455,burst_calling
CASE084,CDR17456,burst_calling
CASE084,CDR17457,burst_calling
CASE084,CDR17458,burst_calling
CASE084,CDR17459,burst_calling
CASE084,CDR17460,burst_calling
CASE084,CDR17461,odd_hour_contact
CASE084,CDR17463,burst_calling
CASE084,CDR17464,burst_calling
CASE084,CDR17465,burst_calling
CASE084,CDR17466,burst_calling
CASE084,CDR17467,odd_hour_contact|burst_calling
CASE084,CDR17468,odd_hour_contact|burst_calling
CASE084,CDR17469,burst_calling
CASE084,CDR17470,burst_calling
CASE084,CDR17471,odd_hour_contact|burst_calling
CASE084,CDR17472,burst_calling
CASE084,CDR17483,burst_calling
CASE084,CDR17484,burst_calling
CASE084,CDR17485,odd_hour_contact|burst_calling
CASE084,CDR17486,burst_calling
CASE084,CDR17487,burst_calling
CASE084,CDR17488,burst_calling
CASE084,CDR17494,odd_hour_contact
CASE084,CDR17497,odd_hour_contact
CASE084,CDR17503,odd_hour_contact|burst_calling
CASE084,CDR17504,burst_calling
CASE084,CDR17505,burst_calling
CASE084,CDR17506,burst_calling
CASE084,CDR17507,burst_calling
CASE084,CDR17508,burst_calling
CASE084,CDR17509,burst_calling
CASE084,CDR17510,odd_hour_contact|burst_calling
CASE084,CDR17511,burst_calling
CASE084,CDR17512,burst_calling
CASE084,CDR17513,burst_calling
CASE084,CDR17514,odd_hour_contact|burst_calling
CASE084,CDR17515,burst_calling
CASE084,CDR17516,burst_calling
CASE084,CDR17517,odd_hour_contact|burst_calling
CASE084,CDR17518,burst_calling
CASE084,CDR17519,burst_calling
CASE084,CDR17520,odd_hour_contact
CASE084,CDR17523,odd_hour_contact
CASE084,CDR17528,burst_calling
CASE084,CDR17529,burst_calling
CASE084,CDR17530,burst_calling
CASE084,CDR17531,burst_calling
CASE084,CDR17532,burst_calling
CASE084,CDR17533,odd_hour_contact|burst_calling
CASE084,CDR17534,burst_calling
CASE084,CDR17535,odd_hour_contact|burst_calling
CASE084,CDR17536,burst_calling
CASE084,CDR17537,burst_calling
CASE084,CDR17538,burst_calling
CASE084,CDR17539,burst_calling
CASE084,CDR17542,odd_hour_contact
CASE084,CDR17543,burst_calling
CASE084,CDR17544,burst_calling
CASE084,CDR17545,odd_hour_contact|burst_calling
CASE084,CDR17546,burst_calling
CASE084,CDR17547,burst_calling
CASE084,CDR17548,burst_calling
CASE084,CDR17549,odd_hour_contact
CASE084,CDR17553,odd_hour_contact
CASE084,CDR17555,odd_hour_contact
CASE084,CDR17556,odd_hour_contact
CASE084,CDR17557,burst_calling
CASE084,CDR17558,burst_calling
CASE084,CDR17559,burst_calling
CASE084,CDR17560,odd_hour_contact|burst_calling
CASE084,CDR17561,burst_calling
CASE084,CDR17562,burst_calling
CASE084,CDR17563,burst_calling
CASE084,CDR17564,burst_calling
CASE084,CDR17565,burst_calling
CASE084,CDR17566,odd_hour_contact|burst_calling
CASE084,CDR17568,odd_hour_contact
CASE084,CDR17570,odd_hour_contact
CASE084,CDR17576,burst_calling
CASE084,CDR17577,burst_calling
CASE084,CDR17578,burst_calling
CASE084,CDR17579,burst_calling
CASE084,CDR17580,burst_calling
CASE084,CDR17581,burst_calling
CASE084,CDR17584,burst_calling
CASE084,CDR17585,burst_calling
CASE084,CDR17586,burst_calling
CASE084,CDR17587,burst_calling
CASE084,CDR17588,burst_calling
CASE084,CDR17592,odd_hour_contact
CASE084,CDR17593,odd_hour_contact|burst_calling
CASE084,CDR17594,burst_calling
CASE084,CDR17595,burst_calling
CASE084,CDR17596,burst_calling
CASE084,CDR17597,odd_hour_contact|burst_calling
CASE084,CDR17598,burst_calling
CASE084,CDR17599,burst_calling
CASE084,CDR17600,odd_hour_contact|burst_calling
CASE084,CDR17601,burst_calling
CASE084,CDR17602,burst_calling
CASE084,CDR17603,burst_calling
CASE084,CDR17605,odd_hour_contact
CASE084,CDR17606,odd_hour_contact
CASE084,CDR17609,burst_calling
CASE084,CDR17610,burst_calling
CASE084,CDR17611,burst_calling
CASE084,CDR17612,burst_calling
CASE084,CDR17613,burst_calling
CASE084,CDR17614,odd_hour_contact
CASE084,CDR17616,burst_calling
CASE084,CDR17617,burst_calling
CASE084,CDR17618,odd_hour_contact|burst_calling
CASE084,CDR17619,burst_calling
CASE084,CDR17620,burst_calling
CASE084,CDR17621,burst_calling
CASE084,CDR17624,single_use_contact
CASE084,CDR17625,odd_hour_contact|single_use_contact
CASE084,CDR17626,odd_hour_contact|single_use_contact
CASE084,CDR17627,odd_hour_contact|single_use_contact
CASE084,CDR17628,single_use_contact
CASE084,CDR17629,single_use_contact
CASE084,CDR17630,single_use_contact
CASE084,CDR17631,single_use_contact
CASE084,CDR17632,single_use_contact
CASE084,CDR17633,single_use_contact
CASE084,CDR17634,single_use_contact
CASE084,CDR17635,odd_hour_contact|single_use_contact
CASE084,CDR17636,single_use_contact
CASE084,CDR17637,odd_hour_contact|single_use_contact
CASE084,CDR17638,single_use_contact
CASE084,CDR17639,single_use_contact
CASE084,CDR17640,single_use_contact
CASE084,CDR17641,single_use_contact
CASE084,CDR17642,single_use_contact
CASE084,CDR17643,single_use_contact
CASE084,CDR17644,single_use_contact
CASE084,CDR17645,single_use_contact
CASE084,CDR17646,odd_hour_contact|single_use_contact
CASE084,CDR17647,single_use_contact
CASE084,CDR17648,odd_hour_contact|single_use_contact
CASE084,CDR17649,single_use_contact
CASE084,CDR17650,odd_hour_contact|single_use_contact
CASE084,CDR17651,single_use_contact
CASE084,CDR17652,single_use_contact
CASE084,CDR17653,single_use_contact
CASE084,CDR17654,single_use_contact
CASE084,CDR17655,single_use_contact
CASE084,CDR17656,single_use_contact
CASE084,CDR17657,single_use_contact
CASE084,CDR17658,single_use_contact
CASE084,CDR17659,odd_hour_contact|single_use_contact
CASE084,CDR17660,single_use_contact
CASE084,CDR17661,single_use_contact
CASE084,CDR17662,single_use_contact
CASE084,CDR17663,single_use_contact
CASE084,CDR17664,single_use_contact
CASE084,CDR17665,single_use_contact
CASE084,CDR17666,single_use_contact
CASE084,CDR17667,odd_hour_contact|single_use_contact
CASE084,CDR17668,single_use_contact
CASE084,CDR17669,single_use_contact
CASE084,CDR17670,single_use_contact
CASE084,CDR17671,single_use_contact
CASE084,CDR17672,single_use_contact
CASE084,CDR17673,single_use_contact
CASE084,CDR17674,single_use_contact
CASE084,CDR17675,single_use_contact
CASE084,CDR17676,single_use_contact
CASE084,CDR17677,single_use_contact
CASE084,CDR17678,odd_hour_contact|single_use_contact
CASE084,CDR17679,odd_hour_contact|single_use_contact
CASE084,CDR17680,single_use_contact
CASE084,CDR17681,odd_hour_contact|single_use_contact
CASE084,CDR17682,single_use_contact
CASE084,CDR17683,single_use_contact
CASE084,CDR17684,single_use_contact
CASE084,CDR17685,single_use_contact
CASE084,CDR17686,single_use_contact
CASE084,CDR17687,single_use_contact
CASE084,CDR17688,single_use_contact
CASE084,CDR17689,single_use_contact
CASE084,CDR17690,single_use_contact
CASE084,CDR17691,single_use_contact
CASE084,CDR17692,odd_hour_contact|single_use_contact
CASE084,CDR17693,single_use_contact
CASE084,CDR17694,single_use_contact
CASE084,CDR17695,single_use_contact
CASE084,CDR17696,odd_hour_contact|single_use_contact
CASE084,CDR17697,single_use_contact
CASE084,CDR17698,odd_hour_contact|single_use_contact
CASE084,CDR17699,single_use_contact
CASE084,CDR17700,single_use_contact
CASE084,CDR17701,odd_hour_contact|single_use_contact
CASE084,CDR17702,single_use_contact
CASE084,CDR17703,single_use_contact
CASE084,CDR17704,single_use_contact
CASE084,CDR17705,single_use_contact
CASE084,CDR17706,single_use_contact
CASE084,CDR17707,single_use_contact
CASE084,CDR17708,single_use_contact
CASE084,CDR17709,odd_hour_contact|single_use_contact
CASE084,CDR17710,single_use_contact
CASE084,CDR17711,single_use_contact
CASE084,CDR17712,single_use_contact
CASE084,CDR17713,single_use_contact
CASE085,CDR17715,odd_hour_contact
CASE085,CDR17716,burst_calling
CASE085,CDR17717,odd_hour_contact|burst_calling
CASE085,CDR17718,burst_calling
CASE085,CDR17719,burst_calling
CASE085,CDR17720,burst_calling
CASE085,CDR17729,odd_hour_contact
CASE085,CDR17731,odd_hour_contact
CASE085,CDR17734,odd_hour_contact
CASE085,CDR17735,burst_calling
CASE085,CDR17736,burst_calling
CASE085,CDR17737,burst_calling
CASE085,CDR17738,burst_calling
CASE085,CDR17739,burst_calling
CASE085,CDR17740,burst_calling
CASE085,CDR17741,single_use_contact
CASE085,CDR17742,single_use_contact
CASE085,CDR17743,single_use_contact
CASE085,CDR17744,single_use_contact
CASE085,CDR17745,single_use_contact
CASE085,CDR17746,single_use_contact
CASE085,CDR17747,single_use_contact
CASE085,CDR17748,single_use_contact
CASE085,CDR17749,single_use_contact
CASE085,CDR17750,single_use_contact
CASE085,CDR17751,single_use_contact
CASE085,CDR17752,single_use_contact
CASE085,CDR17753,single_use_contact
CASE085,CDR17754,single_use_contact
CASE085,CDR17755,single_use_contact
CASE085,CDR17756,single_use_contact
CASE085,CDR17757,single_use_contact
CASE085,CDR17758,single_use_contact
CASE085,CDR17759,single_use_contact
CASE085,CDR17760,single_use_contact
CASE085,CDR17761,single_use_contact
CASE085,CDR17762,single_use_contact
CASE085,CDR17763,odd_hour_contact|single_use_contact
CASE085,CDR17764,single_use_contact
CASE085,CDR17765,single_use_contact
CASE085,CDR17766,single_use_contact
CASE085,CDR17767,single_use_contact
CASE085,CDR17768,single_use_contact
CASE085,CDR17769,single_use_contact
CASE085,CDR17770,single_use_contact
CASE085,CDR17771,odd_hour_contact|single_use_contact
CASE085,CDR17772,odd_hour_contact|single_use_contact
CASE085,CDR17773,single_use_contact
CASE085,CDR17774,single_use_contact
CASE085,CDR17775,single_use_contact
CASE085,CDR17776,single_use_contact
CASE085,CDR17777,odd_hour_contact|single_use_contact
CASE085,CDR17778,single_use_contact
CASE085,CDR17779,single_use_contact
CASE085,CDR17781,single_use_contact
CASE085,CDR17782,odd_hour_contact|single_use_contact
CASE085,CDR17783,single_use_contact
CASE085,CDR17784,odd_hour_contact|single_use_contact
CASE085,CDR17785,odd_hour_contact|single_use_contact
CASE085,CDR17786,single_use_contact
CASE085,CDR17787,single_use_contact
CASE085,CDR17788,odd_hour_contact|single_use_contact
CASE085,CDR17789,odd_hour_contact|single_use_contact
CASE085,CDR17790,single_use_contact
CASE085,CDR17791,odd_hour_contact|single_use_contact
CASE085,CDR17792,odd_hour_contact|single_use_contact
CASE085,CDR17793,odd_hour_contact|single_use_contact
CASE085,CDR17794,odd_hour_contact|single_use_contact
CASE085,CDR17795,single_use_contact
CASE085,CDR17796,single_use_contact
CASE085,CDR17797,odd_hour_contact|single_use_contact
CASE085,CDR17798,odd_hour_contact|single_use_contact
CASE085,CDR17799,odd_hour_contact|single_use_contact
CASE085,CDR17800,single_use_contact
CASE085,CDR17801,single_use_contact
CASE085,CDR17802,single_use_contact
CASE085,CDR17803,single_use_contact
CASE085,CDR17804,single_use_contact
CASE085,CDR17805,single_use_contact
CASE085,CDR17806,single_use_contact
CASE085,CDR17807,odd_hour_contact|single_use_contact
CASE085,CDR17808,single_use_contact
CASE085,CDR17809,single_use_contact
CASE085,CDR17810,single_use_contact
CASE085,CDR17811,single_use_contact
CASE085,CDR17812,odd_hour_contact|single_use_contact
CASE085,CDR17813,single_use_contact
CASE085,CDR17814,single_use_contact
CASE085,CDR17815,single_use_contact
CASE085,CDR17816,single_use_contact
CASE085,CDR17817,single_use_contact
CASE085,CDR17818,single_use_contact
CASE085,CDR17819,odd_hour_contact|single_use_contact
CASE085,CDR17820,single_use_contact
CASE085,CDR17821,single_use_contact
CASE085,CDR17822,single_use_contact
CASE085,CDR17823,single_use_contact
CASE085,CDR17824,single_use_contact
CASE085,CDR17825,single_use_contact
CASE085,CDR17826,single_use_contact
CASE085,CDR17827,odd_hour_contact|single_use_contact
CASE085,CDR17828,single_use_contact
CASE085,CDR17829,single_use_contact
CASE085,CDR17830,single_use_contact
CASE086,CDR17832,odd_hour_contact
CASE086,CDR17841,burst_calling
CASE086,CDR17842,burst_calling
CASE086,CDR17843,odd_hour_contact|burst_calling
CASE086,CDR17844,burst_calling
CASE086,CDR17845,burst_calling
CASE086,CDR17846,burst_calling
CASE086,CDR17847,burst_calling
CASE086,CDR17848,burst_calling
CASE086,CDR17849,odd_hour_contact|burst_calling
CASE086,CDR17850,burst_calling
CASE086,CDR17851,odd_hour_contact|burst_calling
CASE086,CDR17852,burst_calling
CASE086,CDR17853,burst_calling
CASE086,CDR17854,burst_calling
CASE086,CDR17855,burst_calling
CASE086,CDR17856,burst_calling
CASE086,CDR17857,odd_hour_contact|burst_calling
CASE086,CDR17867,odd_hour_contact
CASE086,CDR17869,odd_hour_contact
CASE086,CDR17872,burst_calling
CASE086,CDR17873,burst_calling
CASE086,CDR17874,odd_hour_contact|burst_calling
CASE086,CDR17875,burst_calling
CASE086,CDR17876,burst_calling
CASE086,CDR17877,odd_hour_contact
CASE086,CDR17879,odd_hour_contact
CASE086,CDR17884,odd_hour_contact|single_use_contact
CASE086,CDR17885,single_use_contact
CASE086,CDR17886,single_use_contact
CASE086,CDR17887,odd_hour_contact|single_use_contact
CASE086,CDR17888,single_use_contact
CASE086,CDR17889,single_use_contact
CASE086,CDR17890,single_use_contact
CASE086,CDR17891,single_use_contact
CASE086,CDR17892,single_use_contact
CASE086,CDR17893,single_use_contact
CASE086,CDR17894,single_use_contact
CASE086,CDR17895,odd_hour_contact|single_use_contact
CASE086,CDR17896,single_use_contact
CASE086,CDR17897,single_use_contact
CASE086,CDR17898,single_use_contact
CASE086,CDR17899,single_use_contact
CASE086,CDR17900,single_use_contact
CASE086,CDR17901,odd_hour_contact|single_use_contact
CASE086,CDR17902,single_use_contact
CASE086,CDR17903,single_use_contact
CASE086,CDR17904,single_use_contact
CASE086,CDR17905,single_use_contact
CASE086,CDR17906,single_use_contact
CASE086,CDR17907,single_use_contact
CASE086,CDR17908,single_use_contact
CASE086,CDR17909,single_use_contact
CASE086,CDR17910,single_use_contact
CASE086,CDR17911,single_use_contact
CASE086,CDR17912,odd_hour_contact|single_use_contact
CASE086,CDR17913,single_use_contact
CASE086,CDR17914,single_use_contact
CASE086,CDR17915,single_use_contact
CASE086,CDR17916,single_use_contact
CASE086,CDR17917,single_use_contact
CASE086,CDR17918,single_use_contact
CASE086,CDR17919,odd_hour_contact|single_use_contact
CASE086,CDR17920,odd_hour_contact|single_use_contact
CASE086,CDR17921,odd_hour_contact|single_use_contact
CASE086,CDR17922,single_use_contact
CASE086,CDR17923,single_use_contact
CASE086,CDR17924,single_use_contact
CASE086,CDR17925,single_use_contact
CASE086,CDR17926,odd_hour_contact|single_use_contact
CASE086,CDR17927,odd_hour_contact|single_use_contact
CASE086,CDR17928,single_use_contact
CASE086,CDR17929,single_use_contact
CASE086,CDR17930,single_use_contact
CASE086,CDR17931,single_use_contact
CASE086,CDR17932,single_use_contact
CASE086,CDR17933,single_use_contact
CASE086,CDR17934,single_use_contact
CASE086,CDR17935,single_use_contact
CASE086,CDR17936,single_use_contact
CASE086,CDR17937,single_use_contact
CASE086,CDR17938,single_use_contact
CASE086,CDR17939,odd_hour_contact|single_use_contact
CASE086,CDR17940,single_use_contact
CASE086,CDR17941,single_use_contact
CASE086,CDR17942,single_use_contact
CASE086,CDR17943,odd_hour_contact|single_use_contact
CASE086,CDR17944,single_use_contact
CASE086,CDR17945,single_use_contact
CASE086,CDR17946,odd_hour_contact|single_use_contact
CASE086,CDR17947,single_use_contact
CASE086,CDR17948,odd_hour_contact|single_use_contact
CASE086,CDR17949,single_use_contact
CASE086,CDR17950,odd_hour_contact|single_use_contact
CASE086,CDR17951,single_use_contact
CASE086,CDR17952,single_use_contact
CASE086,CDR17953,single_use_contact
CASE086,CDR17954,single_use_contact
CASE086,CDR17955,single_use_contact
CASE086,CDR17956,single_use_contact
CASE086,CDR17957,odd_hour_contact|single_use_contact
CASE086,CDR17958,single_use_contact
CASE086,CDR17959,single_use_contact
CASE086,CDR17960,single_use_contact
CASE086,CDR17961,single_use_contact
CASE086,CDR17962,single_use_contact
CASE086,CDR17963,odd_hour_contact|single_use_contact
CASE086,CDR17964,odd_hour_contact|single_use_contact
CASE086,CDR17965,single_use_contact
CASE086,CDR17966,single_use_contact
CASE086,CDR17967,single_use_contact
CASE086,CDR17968,odd_hour_contact|single_use_contact
CASE086,CDR17969,single_use_contact
CASE086,CDR17970,single_use_contact
CASE086,CDR17971,single_use_contact
CASE086,CDR17972,odd_hour_contact|single_use_contact
CASE086,CDR17973,single_use_contact
CASE087,CDR17974,odd_hour_contact|burst_calling
CASE087,CDR17975,burst_calling
CASE087,CDR17976,odd_hour_contact|burst_calling
CASE087,CDR17977,burst_calling
CASE087,CDR17978,odd_hour_contact|burst_calling
CASE087,CDR17979,burst_calling
CASE087,CDR17980,burst_calling
CASE087,CDR17981,burst_calling
CASE087,CDR17982,burst_calling
CASE087,CDR17983,burst_calling
CASE087,CDR17984,burst_calling
CASE087,CDR17986,odd_hour_contact
CASE087,CDR17988,odd_hour_contact
CASE087,CDR17989,odd_hour_contact
CASE087,CDR17997,single_use_contact
CASE087,CDR17998,odd_hour_contact|single_use_contact
CASE087,CDR17999,single_use_contact
CASE087,CDR18001,single_use_contact
CASE087,CDR18002,single_use_contact
CASE087,CDR18003,odd_hour_contact|single_use_contact
CASE087,CDR18004,single_use_contact
CASE087,CDR18005,single_use_contact
CASE087,CDR18006,single_use_contact
CASE087,CDR18007,single_use_contact
CASE087,CDR18008,single_use_contact
CASE087,CDR18009,odd_hour_contact|single_use_contact
CASE087,CDR18010,single_use_contact
CASE087,CDR18011,single_use_contact
CASE087,CDR18012,single_use_contact
CASE087,CDR18013,single_use_contact
CASE087,CDR18014,single_use_contact
CASE087,CDR18015,single_use_contact
CASE087,CDR18016,single_use_contact
CASE087,CDR18017,single_use_contact
CASE087,CDR18018,odd_hour_contact|single_use_contact
CASE087,CDR18019,odd_hour_contact|single_use_contact
CASE087,CDR18020,single_use_contact
CASE087,CDR18021,single_use_contact
CASE087,CDR18022,single_use_contact
CASE087,CDR18023,single_use_contact
CASE087,CDR18024,single_use_contact
CASE087,CDR18025,single_use_contact
CASE087,CDR18026,odd_hour_contact|single_use_contact
CASE087,CDR18027,single_use_contact
CASE087,CDR18028,single_use_contact
CASE087,CDR18029,single_use_contact
CASE087,CDR18030,single_use_contact
CASE087,CDR18031,single_use_contact
CASE087,CDR18032,single_use_contact
CASE087,CDR18033,single_use_contact
CASE087,CDR18034,single_use_contact
CASE087,CDR18035,single_use_contact
CASE087,CDR18036,single_use_contact
CASE087,CDR18037,single_use_contact
CASE087,CDR18038,single_use_contact
CASE087,CDR18039,single_use_contact
CASE087,CDR18040,odd_hour_contact|single_use_contact
CASE087,CDR18041,single_use_contact
CASE087,CDR18042,single_use_contact
CASE087,CDR18043,single_use_contact
CASE087,CDR18044,single_use_contact
CASE087,CDR18045,single_use_contact
CASE087,CDR18046,single_use_contact
CASE087,CDR18047,single_use_contact
CASE087,CDR18048,single_use_contact
CASE087,CDR18049,odd_hour_contact|single_use_contact
CASE087,CDR18050,single_use_contact
CASE087,CDR18051,single_use_contact
CASE087,CDR18053,single_use_contact
CASE087,CDR18054,odd_hour_contact|single_use_contact
CASE087,CDR18055,single_use_contact
CASE087,CDR18056,single_use_contact
CASE087,CDR18057,single_use_contact
CASE087,CDR18058,single_use_contact
CASE087,CDR18059,single_use_contact
CASE087,CDR18060,single_use_contact
CASE087,CDR18061,single_use_contact
CASE087,CDR18062,odd_hour_contact|single_use_contact
CASE087,CDR18063,single_use_contact
CASE087,CDR18064,single_use_contact
CASE087,CDR18065,single_use_contact
CASE087,CDR18066,single_use_contact
CASE087,CDR18067,single_use_contact
CASE087,CDR18068,single_use_contact
CASE087,CDR18069,single_use_contact
CASE087,CDR18070,single_use_contact
CASE087,CDR18071,single_use_contact
CASE087,CDR18072,odd_hour_contact|single_use_contact
CASE087,CDR18073,odd_hour_contact|single_use_contact
CASE087,CDR18074,single_use_contact
CASE087,CDR18075,odd_hour_contact|single_use_contact
CASE087,CDR18076,odd_hour_contact|single_use_contact
CASE087,CDR18077,single_use_contact
CASE087,CDR18078,odd_hour_contact|single_use_contact
CASE087,CDR18079,single_use_contact
CASE087,CDR18080,single_use_contact
CASE087,CDR18081,single_use_contact
CASE087,CDR18082,single_use_contact
CASE087,CDR18083,single_use_contact
CASE087,CDR18084,single_use_contact
CASE087,CDR18085,single_use_contact
CASE087,CDR18086,odd_hour_contact|single_use_contact
CASE088,CDR18090,odd_hour_contact
CASE088,CDR18093,odd_hour_contact|burst_calling
CASE088,CDR18094,burst_calling
CASE088,CDR18095,burst_calling
CASE088,CDR18096,burst_calling
CASE088,CDR18097,burst_calling
CASE088,CDR18098,burst_calling
CASE088,CDR18100,odd_hour_contact
CASE088,CDR18101,odd_hour_contact|burst_calling
CASE088,CDR18102,burst_calling
CASE088,CDR18103,odd_hour_contact|burst_calling
CASE088,CDR18104,burst_calling
CASE088,CDR18105,burst_calling
CASE088,CDR18110,odd_hour_contact|burst_calling
CASE088,CDR18111,burst_calling
CASE088,CDR18112,burst_calling
CASE088,CDR18113,burst_calling
CASE088,CDR18114,burst_calling
CASE088,CDR18115,burst_calling
CASE088,CDR18116,odd_hour_contact
CASE088,CDR18119,odd_hour_contact
CASE088,CDR18120,burst_calling
CASE088,CDR18121,burst_calling
CASE088,CDR18122,burst_calling
CASE088,CDR18123,burst_calling
CASE088,CDR18124,burst_calling
CASE088,CDR18125,burst_calling
CASE088,CDR18126,odd_hour_contact
CASE088,CDR18127,odd_hour_contact
CASE088,CDR18128,odd_hour_contact|burst_calling
CASE088,CDR18129,burst_calling
CASE088,CDR18130,odd_hour_contact|burst_calling
CASE088,CDR18131,burst_calling
CASE088,CDR18132,burst_calling
CASE088,CDR18133,odd_hour_contact|burst_calling
CASE088,CDR18134,single_use_contact
CASE088,CDR18135,single_use_contact
CASE088,CDR18136,odd_hour_contact|single_use_contact
CASE088,CDR18137,single_use_contact
CASE088,CDR18138,odd_hour_contact|single_use_contact
CASE088,CDR18139,single_use_contact
CASE088,CDR18140,single_use_contact
CASE088,CDR18141,single_use_contact
CASE088,CDR18142,single_use_contact
CASE088,CDR18143,single_use_contact
CASE088,CDR18144,odd_hour_contact|single_use_contact
CASE088,CDR18145,single_use_contact
CASE088,CDR18146,odd_hour_contact|single_use_contact
CASE088,CDR18147,single_use_contact
CASE088,CDR18148,single_use_contact
CASE088,CDR18149,single_use_contact
CASE088,CDR18150,single_use_contact
CASE088,CDR18151,single_use_contact
CASE088,CDR18152,single_use_contact
CASE088,CDR18153,odd_hour_contact|single_use_contact
CASE088,CDR18154,single_use_contact
CASE088,CDR18155,single_use_contact
CASE088,CDR18156,single_use_contact
CASE088,CDR18157,single_use_contact
CASE088,CDR18158,single_use_contact
CASE088,CDR18159,single_use_contact
CASE088,CDR18160,single_use_contact
CASE088,CDR18161,single_use_contact
CASE088,CDR18162,single_use_contact
CASE088,CDR18163,odd_hour_contact|single_use_contact
CASE088,CDR18164,single_use_contact
CASE088,CDR18165,odd_hour_contact|single_use_contact
CASE088,CDR18166,odd_hour_contact|single_use_contact
CASE088,CDR18167,single_use_contact
CASE088,CDR18168,single_use_contact
CASE088,CDR18169,odd_hour_contact|single_use_contact
CASE088,CDR18170,single_use_contact
CASE088,CDR18171,single_use_contact
CASE088,CDR18172,odd_hour_contact|single_use_contact
CASE088,CDR18173,single_use_contact
CASE088,CDR18174,single_use_contact
CASE088,CDR18175,single_use_contact
CASE088,CDR18176,single_use_contact
CASE088,CDR18177,single_use_contact
CASE088,CDR18178,single_use_contact
CASE088,CDR18179,single_use_contact
CASE088,CDR18180,single_use_contact
CASE088,CDR18181,single_use_contact
CASE088,CDR18182,single_use_contact
CASE088,CDR18183,single_use_contact
CASE088,CDR18184,single_use_contact
CASE088,CDR18185,single_use_contact
CASE088,CDR18186,odd_hour_contact|single_use_contact
CASE088,CDR18187,odd_hour_contact|single_use_contact
CASE088,CDR18188,odd_hour_contact|single_use_contact
CASE088,CDR18189,single_use_contact
CASE088,CDR18190,odd_hour_contact|single_use_contact
CASE088,CDR18191,odd_hour_contact|single_use_contact
CASE088,CDR18192,odd_hour_contact|single_use_contact
CASE088,CDR18193,single_use_contact
CASE088,CDR18194,single_use_contact
CASE088,CDR18195,odd_hour_contact|single_use_contact
CASE088,CDR18196,single_use_contact
CASE088,CDR18197,odd_hour_contact|single_use_contact
CASE088,CDR18198,single_use_contact
CASE088,CDR18199,single_use_contact
CASE088,CDR18200,single_use_contact
CASE088,CDR18201,single_use_contact
CASE088,CDR18202,single_use_contact
CASE088,CDR18203,odd_hour_contact|single_use_contact
CASE088,CDR18204,odd_hour_contact|single_use_contact
CASE088,CDR18205,single_use_contact
CASE088,CDR18206,odd_hour_contact|single_use_contact
CASE088,CDR18207,single_use_contact
CASE088,CDR18208,odd_hour_contact|single_use_contact
CASE088,CDR18209,single_use_contact
CASE088,CDR18210,single_use_contact
CASE088,CDR18211,single_use_contact
CASE088,CDR18212,odd_hour_contact|single_use_contact
CASE088,CDR18213,odd_hour_contact|single_use_contact
CASE088,CDR18214,single_use_contact
CASE088,CDR18215,single_use_contact
CASE088,CDR18216,single_use_contact
CASE088,CDR18217,single_use_contact
CASE088,CDR18218,single_use_contact
CASE088,CDR18219,single_use_contact
CASE088,CDR18220,single_use_contact
CASE088,CDR18221,odd_hour_contact|single_use_contact
CASE088,CDR18222,single_use_contact
CASE088,CDR18223,single_use_contact
CASE089,CDR18227,odd_hour_contact
CASE089,CDR18228,burst_calling
CASE089,CDR18229,burst_calling
CASE089,CDR18230,burst_calling
CASE089,CDR18231,burst_calling
CASE089,CDR18232,burst_calling
CASE089,CDR18233,burst_calling
CASE089,CDR18234,burst_calling
CASE089,CDR18235,burst_calling
CASE089,CDR18236,burst_calling
CASE089,CDR18237,burst_calling
CASE089,CDR18238,odd_hour_contact|burst_calling
CASE089,CDR18239,burst_calling
CASE089,CDR18240,single_use_contact
CASE089,CDR18241,single_use_contact
CASE089,CDR18242,odd_hour_contact|single_use_contact
CASE089,CDR18243,single_use_contact
CASE089,CDR18244,single_use_contact
CASE089,CDR18245,odd_hour_contact|single_use_contact
CASE089,CDR18246,odd_hour_contact|single_use_contact
CASE089,CDR18247,single_use_contact
CASE089,CDR18248,odd_hour_contact|single_use_contact
CASE089,CDR18249,single_use_contact
CASE089,CDR18250,single_use_contact
CASE089,CDR18251,single_use_contact
CASE089,CDR18252,single_use_contact
CASE089,CDR18253,single_use_contact
CASE089,CDR18254,single_use_contact
CASE089,CDR18255,single_use_contact
CASE089,CDR18256,odd_hour_contact|single_use_contact
CASE089,CDR18257,single_use_contact
CASE089,CDR18258,odd_hour_contact|single_use_contact
CASE089,CDR18259,odd_hour_contact|single_use_contact
CASE089,CDR18260,single_use_contact
CASE089,CDR18261,single_use_contact
CASE089,CDR18262,single_use_contact
CASE089,CDR18263,odd_hour_contact|single_use_contact
CASE089,CDR18264,odd_hour_contact
CASE089,CDR18265,single_use_contact
CASE089,CDR18266,odd_hour_contact|single_use_contact
CASE089,CDR18267,single_use_contact
CASE089,CDR18268,single_use_contact
CASE089,CDR18269,single_use_contact
CASE089,CDR18270,single_use_contact
CASE089,CDR18272,single_use_contact
CASE089,CDR18273,odd_hour_contact|single_use_contact
CASE089,CDR18274,odd_hour_contact|single_use_contact
CASE089,CDR18275,single_use_contact
CASE089,CDR18276,single_use_contact
CASE089,CDR18277,single_use_contact
CASE089,CDR18278,single_use_contact
CASE089,CDR18279,odd_hour_contact|single_use_contact
CASE089,CDR18280,odd_hour_contact|single_use_contact
CASE089,CDR18281,single_use_contact
CASE089,CDR18282,single_use_contact
CASE089,CDR18283,single_use_contact
CASE089,CDR18284,single_use_contact
CASE089,CDR18285,single_use_contact
CASE089,CDR18286,odd_hour_contact|single_use_contact
CASE089,CDR18287,odd_hour_contact|single_use_contact
CASE089,CDR18288,single_use_contact
CASE089,CDR18289,single_use_contact
CASE089,CDR18290,single_use_contact
CASE089,CDR18291,single_use_contact
CASE089,CDR18292,odd_hour_contact|single_use_contact
CASE089,CDR18293,single_use_contact
CASE089,CDR18294,single_use_contact
CASE089,CDR18295,single_use_contact
CASE089,CDR18296,single_use_contact
CASE089,CDR18297,single_use_contact
CASE089,CDR18298,single_use_contact
CASE089,CDR18299,single_use_contact
CASE089,CDR18300,odd_hour_contact|single_use_contact
CASE089,CDR18301,odd_hour_contact|single_use_contact
CASE089,CDR18302,single_use_contact
CASE089,CDR18303,single_use_contact
CASE089,CDR18304,single_use_contact
CASE089,CDR18305,single_use_contact
CASE089,CDR18306,odd_hour_contact|single_use_contact
CASE089,CDR18307,single_use_contact
CASE089,CDR18308,single_use_contact
CASE089,CDR18309,single_use_contact
CASE089,CDR18310,single_use_contact
CASE089,CDR18311,single_use_contact
CASE089,CDR18312,single_use_contact
CASE089,CDR18313,single_use_contact
CASE089,CDR18314,single_use_contact
CASE089,CDR18315,odd_hour_contact|single_use_contact
CASE089,CDR18316,single_use_contact
CASE089,CDR18317,single_use_contact
CASE089,CDR18318,single_use_contact
CASE089,CDR18319,odd_hour_contact|single_use_contact
CASE089,CDR18320,single_use_contact
CASE089,CDR18321,odd_hour_contact|single_use_contact
CASE089,CDR18322,single_use_contact
CASE089,CDR18323,single_use_contact
CASE089,CDR18324,single_use_contact
CASE089,CDR18325,single_use_contact
CASE089,CDR18326,single_use_contact
CASE089,CDR18327,single_use_contact
CASE089,CDR18328,single_use_contact
CASE089,CDR18329,odd_hour_contact|single_use_contact
CASE090,CDR18330,burst_calling
CASE090,CDR18331,burst_calling
CASE090,CDR18332,burst_calling
CASE090,CDR18333,odd_hour_contact|burst_calling
CASE090,CDR18334,burst_calling
CASE090,CDR18335,burst_calling
CASE090,CDR18336,burst_calling
CASE090,CDR18337,burst_calling
CASE090,CDR18338,burst_calling
CASE090,CDR18339,burst_calling
CASE090,CDR18340,burst_calling
CASE090,CDR18341,burst_calling
CASE090,CDR18342,burst_calling
CASE090,CDR18343,burst_calling
CASE090,CDR18344,burst_calling
CASE090,CDR18345,burst_calling
CASE090,CDR18346,burst_calling
CASE090,CDR18347,burst_calling
CASE090,CDR18348,burst_calling
CASE090,CDR18349,burst_calling
CASE090,CDR18350,burst_calling
CASE090,CDR18351,burst_calling
CASE090,CDR18352,odd_hour_contact|burst_calling
CASE090,CDR18353,odd_hour_contact|burst_calling
CASE090,CDR18354,odd_hour_contact|burst_calling
CASE090,CDR18355,odd_hour_contact|burst_calling
CASE090,CDR18356,burst_calling
CASE090,CDR18358,odd_hour_contact
CASE090,CDR18359,odd_hour_contact
CASE090,CDR18363,burst_calling
CASE090,CDR18364,burst_calling
CASE090,CDR18365,odd_hour_contact|burst_calling
CASE090,CDR18366,burst_calling
CASE090,CDR18367,odd_hour_contact|burst_calling
CASE090,CDR18368,burst_calling
CASE090,CDR18369,burst_calling
CASE090,CDR18370,burst_calling
CASE090,CDR18371,odd_hour_contact|burst_calling
CASE090,CDR18372,burst_calling
CASE090,CDR18373,burst_calling
CASE090,CDR18374,odd_hour_contact|burst_calling
CASE090,CDR18375,burst_calling
CASE090,CDR18376,burst_calling
CASE090,CDR18377,burst_calling
CASE090,CDR18382,burst_calling
CASE090,CDR18383,burst_calling
CASE090,CDR18384,burst_calling
CASE090,CDR18385,burst_calling
CASE090,CDR18386,burst_calling
CASE090,CDR18387,odd_hour_contact
CASE090,CDR18388,odd_hour_contact
CASE090,CDR18391,odd_hour_contact
CASE090,CDR18392,odd_hour_contact
CASE090,CDR18393,burst_calling
CASE090,CDR18394,odd_hour_contact|burst_calling
CASE090,CDR18395,burst_calling
CASE090,CDR18396,odd_hour_contact|burst_calling
CASE090,CDR18397,odd_hour_contact|burst_calling
CASE090,CDR18398,burst_calling
CASE090,CDR18399,burst_calling
CASE090,CDR18400,burst_calling
CASE090,CDR18401,burst_calling
CASE090,CDR18402,burst_calling
CASE090,CDR18413,odd_hour_contact
CASE090,CDR18416,odd_hour_contact|burst_calling
CASE090,CDR18417,burst_calling
CASE090,CDR18418,burst_calling
CASE090,CDR18419,burst_calling
CASE090,CDR18420,burst_calling
CASE090,CDR18421,burst_calling
CASE090,CDR18422,burst_calling
CASE090,CDR18423,burst_calling
CASE090,CDR18424,odd_hour_contact|burst_calling
CASE090,CDR18425,burst_calling
CASE090,CDR18426,odd_hour_contact|burst_calling
CASE090,CDR18427,burst_calling
CASE090,CDR18428,burst_calling
CASE090,CDR18429,burst_calling
CASE090,CDR18430,burst_calling
CASE090,CDR18431,burst_calling
CASE090,CDR18434,odd_hour_contact|burst_calling
CASE090,CDR18435,burst_calling
CASE090,CDR18436,odd_hour_contact|burst_calling
CASE090,CDR18437,burst_calling
CASE090,CDR18438,odd_hour_contact|burst_calling
CASE090,CDR18445,burst_calling
CASE090,CDR18446,burst_calling
CASE090,CDR18447,odd_hour_contact|burst_calling
CASE090,CDR18448,burst_calling
CASE090,CDR18449,burst_calling
CASE090,CDR18450,burst_calling
CASE090,CDR18455,odd_hour_contact
CASE090,CDR18459,burst_calling
CASE090,CDR18460,burst_calling
CASE090,CDR18461,burst_calling
CASE090,CDR18462,burst_calling
CASE090,CDR18463,burst_calling
CASE090,CDR18465,odd_hour_contact
CASE090,CDR18470,burst_calling
CASE090,CDR18471,burst_calling
CASE090,CDR18472,burst_calling
CASE090,CDR18473,burst_calling
CASE090,CDR18474,burst_calling
CASE090,CDR18475,burst_calling
CASE090,CDR18478,burst_calling
CASE090,CDR18479,burst_calling
CASE090,CDR18480,burst_calling
CASE090,CDR18481,burst_calling
CASE090,CDR18482,burst_calling
CASE090,CDR18483,burst_calling
CASE090,CDR18486,burst_calling
CASE090,CDR18487,burst_calling
CASE090,CDR18488,burst_calling
CASE090,CDR18489,odd_hour_contact|burst_calling
CASE090,CDR18490,burst_calling
CASE090,CDR18491,odd_hour_contact|burst_calling
CASE090,CDR18494,odd_hour_contact
CASE090,CDR18496,burst_calling
CASE090,CDR18497,burst_calling
CASE090,CDR18498,burst_calling
CASE090,CDR18499,burst_calling
CASE090,CDR18500,burst_calling
CASE090,CDR18502,odd_hour_contact
CASE090,CDR18505,burst_calling
CASE090,CDR18506,burst_calling
CASE090,CDR18507,burst_calling
CASE090,CDR18508,burst_calling
CASE090,CDR18509,burst_calling
CASE090,CDR18511,odd_hour_contact
CASE090,CDR18513,burst_calling
CASE090,CDR18514,burst_calling
CASE090,CDR18515,odd_hour_contact|burst_calling
CASE090,CDR18516,burst_calling
CASE090,CDR18517,burst_calling
CASE090,CDR18518,burst_calling
CASE090,CDR18521,odd_hour_contact|burst_calling
CASE090,CDR18522,burst_calling
CASE090,CDR18523,burst_calling
CASE090,CDR18524,odd_hour_contact|burst_calling
CASE090,CDR18525,odd_hour_contact|burst_calling
CASE090,CDR18526,burst_calling
CASE090,CDR18529,odd_hour_contact
CASE090,CDR18531,burst_calling
CASE090,CDR18532,burst_calling
CASE090,CDR18533,odd_hour_contact|burst_calling
CASE090,CDR18534,burst_calling
CASE090,CDR18535,burst_calling
CASE090,CDR18538,odd_hour_contact
CASE090,CDR18540,burst_calling
CASE090,CDR18541,burst_calling
CASE090,CDR18542,odd_hour_contact|burst_calling
CASE090,CDR18543,burst_calling
CASE090,CDR18544,burst_calling
CASE090,CDR18545,burst_calling
CASE090,CDR18547,odd_hour_contact
CASE090,CDR18554,odd_hour_contact
CASE090,CDR18556,burst_calling
CASE090,CDR18557,burst_calling
CASE090,CDR18558,burst_calling
CASE090,CDR18559,odd_hour_contact|burst_calling
CASE090,CDR18560,odd_hour_contact|burst_calling
CASE090,CDR18561,burst_calling
CASE090,CDR18565,odd_hour_contact
CASE090,CDR18566,burst_calling
CASE090,CDR18567,burst_calling
CASE090,CDR18568,odd_hour_contact|burst_calling
CASE090,CDR18569,burst_calling
CASE090,CDR18570,burst_calling
CASE090,CDR18571,odd_hour_contact|burst_calling
CASE090,CDR18572,burst_calling
CASE090,CDR18573,burst_calling
CASE090,CDR18574,odd_hour_contact|burst_calling
CASE090,CDR18575,burst_calling
CASE090,CDR18576,burst_calling
CASE090,CDR18577,odd_hour_contact|burst_calling
CASE090,CDR18578,burst_calling
CASE090,CDR18579,burst_calling
CASE090,CDR18580,burst_calling
CASE090,CDR18581,odd_hour_contact|burst_calling
CASE090,CDR18582,burst_calling
CASE090,CDR18585,odd_hour_contact|burst_calling
CASE090,CDR18586,burst_calling
CASE090,CDR18587,odd_hour_contact|burst_calling
CASE090,CDR18588,burst_calling
CASE090,CDR18589,odd_hour_contact|burst_calling
CASE090,CDR18590,burst_calling
CASE090,CDR18591,burst_calling
CASE090,CDR18592,burst_calling
CASE090,CDR18593,odd_hour_contact|burst_calling
CASE090,CDR18594,odd_hour_contact|burst_calling
CASE090,CDR18595,odd_hour_contact|burst_calling
CASE090,CDR18598,odd_hour_contact
CASE090,CDR18599,odd_hour_contact
CASE090,CDR18600,burst_calling
CASE090,CDR18601,burst_calling
CASE090,CDR18602,burst_calling
CASE090,CDR18603,burst_calling
CASE090,CDR18604,burst_calling
CASE090,CDR18605,burst_calling
CASE090,CDR18606,burst_calling
CASE090,CDR18607,burst_calling
CASE090,CDR18608,burst_calling
CASE090,CDR18609,odd_hour_contact|burst_calling
CASE090,CDR18610,odd_hour_contact|burst_calling
CASE090,CDR18611,odd_hour_contact|burst_calling
CASE090,CDR18612,burst_calling
CASE090,CDR18613,burst_calling
CASE090,CDR18614,burst_calling
CASE090,CDR18615,burst_calling
CASE090,CDR18616,burst_calling
CASE090,CDR18617,burst_calling
CASE090,CDR18618,odd_hour_contact|burst_calling
CASE090,CDR18619,burst_calling
CASE090,CDR18620,burst_calling
CASE090,CDR18621,burst_calling
CASE090,CDR18622,burst_calling
CASE090,CDR18627,burst_calling
CASE090,CDR18628,burst_calling
CASE090,CDR18629,burst_calling
CASE090,CDR18630,burst_calling
CASE090,CDR18631,burst_calling
CASE090,CDR18632,burst_calling
CASE090,CDR18637,single_use_contact
CASE090,CDR18638,single_use_contact
CASE090,CDR18639,single_use_contact
CASE090,CDR18640,single_use_contact
CASE090,CDR18641,single_use_contact
CASE090,CDR18642,single_use_contact
CASE090,CDR18643,single_use_contact
CASE090,CDR18644,single_use_contact
CASE090,CDR18645,single_use_contact
CASE090,CDR18646,single_use_contact
CASE090,CDR18647,single_use_contact
CASE090,CDR18648,odd_hour_contact|single_use_contact
CASE090,CDR18649,single_use_contact
CASE090,CDR18650,single_use_contact
CASE090,CDR18651,odd_hour_contact|single_use_contact
CASE090,CDR18652,single_use_contact
CASE090,CDR18653,single_use_contact
CASE090,CDR18654,single_use_contact
CASE090,CDR18655,single_use_contact
CASE090,CDR18656,single_use_contact
CASE090,CDR18657,single_use_contact
CASE090,CDR18658,odd_hour_contact|single_use_contact
CASE090,CDR18659,single_use_contact
CASE090,CDR18660,odd_hour_contact|single_use_contact
CASE090,CDR18661,single_use_contact
CASE090,CDR18662,single_use_contact
CASE090,CDR18663,odd_hour_contact|single_use_contact
CASE090,CDR18664,single_use_contact
CASE090,CDR18665,odd_hour_contact|single_use_contact
CASE090,CDR18666,single_use_contact
CASE090,CDR18667,single_use_contact
CASE090,CDR18668,single_use_contact
CASE090,CDR18669,single_use_contact
CASE090,CDR18670,single_use_contact
CASE090,CDR18671,odd_hour_contact|single_use_contact
CASE090,CDR18672,single_use_contact
CASE090,CDR18673,single_use_contact
CASE090,CDR18674,single_use_contact
CASE090,CDR18675,single_use_contact
CASE090,CDR18676,single_use_contact
CASE090,CDR18677,single_use_contact
CASE090,CDR18678,single_use_contact
CASE090,CDR18679,single_use_contact
CASE090,CDR18680,single_use_contact
CASE090,CDR18681,single_use_contact
CASE090,CDR18682,single_use_contact
CASE090,CDR18683,single_use_contact
CASE090,CDR18684,single_use_contact
CASE090,CDR18685,single_use_contact
CASE090,CDR18686,odd_hour_contact|single_use_contact
CASE090,CDR18687,odd_hour_contact|single_use_contact
CASE090,CDR18688,single_use_contact
CASE090,CDR18689,single_use_contact
CASE090,CDR18690,single_use_contact
CASE090,CDR18691,single_use_contact
CASE090,CDR18692,single_use_contact
CASE090,CDR18693,odd_hour_contact|single_use_contact
CASE090,CDR18694,single_use_contact
CASE090,CDR18695,single_use_contact
CASE090,CDR18696,single_use_contact
CASE090,CDR18697,odd_hour_contact|single_use_contact
CASE090,CDR18698,single_use_contact
CASE090,CDR18699,single_use_contact
CASE090,CDR18700,single_use_contact
CASE090,CDR18701,odd_hour_contact|single_use_contact
CASE090,CDR18702,single_use_contact
CASE090,CDR18703,single_use_contact
CASE090,CDR18704,single_use_contact
CASE090,CDR18705,single_use_contact
CASE090,CDR18706,single_use_contact
CASE090,CDR18707,odd_hour_contact|single_use_contact
CASE090,CDR18708,odd_hour_contact|single_use_contact
CASE090,CDR18709,odd_hour_contact|single_use_contact
CASE090,CDR18710,single_use_contact
CASE090,CDR18711,single_use_contact
CASE090,CDR18712,single_use_contact
CASE090,CDR18713,single_use_contact
CASE090,CDR18714,odd_hour_contact|single_use_contact
CASE090,CDR18715,odd_hour_contact|single_use_contact
CASE090,CDR18716,single_use_contact
CASE090,CDR18717,single_use_contact
CASE090,CDR18718,single_use_contact
CASE090,CDR18719,single_use_contact
CASE090,CDR18720,single_use_contact
CASE090,CDR18721,odd_hour_contact|single_use_contact
CASE090,CDR18722,single_use_contact
CASE090,CDR18723,odd_hour_contact|single_use_contact
CASE090,CDR18724,single_use_contact
CASE090,CDR18725,single_use_contact
CASE090,CDR18726,single_use_contact
CASE091,CDR18738,odd_hour_contact
CASE091,CDR18739,burst_calling
CASE091,CDR18740,burst_calling
CASE091,CDR18741,burst_calling
CASE091,CDR18742,burst_calling
CASE091,CDR18743,burst_calling
CASE091,CDR18744,odd_hour_contact|burst_calling
CASE091,CDR18745,burst_calling
CASE091,CDR18746,burst_calling
CASE091,CDR18747,burst_calling
CASE091,CDR18748,burst_calling
CASE091,CDR18749,burst_calling
CASE091,CDR18751,odd_hour_contact
CASE091,CDR18753,single_use_contact
CASE091,CDR18754,single_use_contact
CASE091,CDR18755,single_use_contact
CASE091,CDR18756,odd_hour_contact|single_use_contact
CASE091,CDR18757,single_use_contact
CASE091,CDR18758,single_use_contact
CASE091,CDR18759,odd_hour_contact|single_use_contact
CASE091,CDR18760,single_use_contact
CASE091,CDR18761,odd_hour_contact|single_use_contact
CASE091,CDR18762,odd_hour_contact|single_use_contact
CASE091,CDR18763,single_use_contact
CASE091,CDR18764,single_use_contact
CASE091,CDR18765,single_use_contact
CASE091,CDR18766,single_use_contact
CASE091,CDR18767,single_use_contact
CASE091,CDR18768,single_use_contact
CASE091,CDR18769,single_use_contact
CASE091,CDR18770,single_use_contact
CASE091,CDR18771,single_use_contact
CASE091,CDR18772,single_use_contact
CASE091,CDR18773,single_use_contact
CASE091,CDR18774,single_use_contact
CASE091,CDR18775,odd_hour_contact|single_use_contact
CASE091,CDR18776,single_use_contact
CASE091,CDR18777,single_use_contact
CASE091,CDR18778,odd_hour_contact|single_use_contact
CASE091,CDR18779,single_use_contact
CASE091,CDR18780,single_use_contact
CASE091,CDR18781,single_use_contact
CASE091,CDR18782,single_use_contact
CASE091,CDR18783,single_use_contact
CASE091,CDR18784,single_use_contact
CASE091,CDR18785,single_use_contact
CASE091,CDR18786,single_use_contact
CASE091,CDR18787,odd_hour_contact|single_use_contact
CASE091,CDR18788,single_use_contact
CASE091,CDR18789,single_use_contact
CASE091,CDR18790,odd_hour_contact|single_use_contact
CASE091,CDR18791,single_use_contact
CASE091,CDR18792,odd_hour_contact|single_use_contact
CASE091,CDR18793,single_use_contact
CASE091,CDR18794,single_use_contact
CASE091,CDR18795,single_use_contact
CASE091,CDR18796,single_use_contact
CASE091,CDR18797,single_use_contact
CASE091,CDR18798,single_use_contact
CASE091,CDR18799,single_use_contact
CASE091,CDR18800,single_use_contact
CASE091,CDR18801,single_use_contact
CASE091,CDR18802,odd_hour_contact|single_use_contact
CASE091,CDR18803,odd_hour_contact|single_use_contact
CASE091,CDR18804,single_use_contact
CASE091,CDR18805,odd_hour_contact|single_use_contact
CASE091,CDR18806,single_use_contact
CASE091,CDR18807,single_use_contact
CASE091,CDR18808,single_use_contact
CASE091,CDR18809,single_use_contact
CASE091,CDR18810,single_use_contact
CASE091,CDR18811,single_use_contact
CASE091,CDR18812,odd_hour_contact|single_use_contact
CASE091,CDR18813,single_use_contact
CASE091,CDR18814,single_use_contact
CASE091,CDR18815,single_use_contact
CASE091,CDR18816,single_use_contact
CASE091,CDR18817,odd_hour_contact|single_use_contact
CASE091,CDR18818,single_use_contact
CASE091,CDR18819,single_use_contact
CASE091,CDR18820,single_use_contact
CASE091,CDR18821,odd_hour_contact|single_use_contact
CASE091,CDR18822,single_use_contact
CASE091,CDR18823,single_use_contact
CASE091,CDR18824,single_use_contact
CASE091,CDR18825,single_use_contact
CASE091,CDR18826,single_use_contact
CASE091,CDR18827,single_use_contact
CASE091,CDR18828,single_use_contact
CASE091,CDR18829,single_use_contact
CASE091,CDR18830,single_use_contact
CASE091,CDR18831,odd_hour_contact|single_use_contact
CASE091,CDR18832,single_use_contact
CASE091,CDR18833,single_use_contact
CASE091,CDR18834,single_use_contact
CASE091,CDR18835,odd_hour_contact|single_use_contact
CASE091,CDR18836,single_use_contact
CASE091,CDR18837,single_use_contact
CASE091,CDR18838,single_use_contact
CASE091,CDR18839,single_use_contact
CASE091,CDR18840,single_use_contact
CASE091,CDR18841,odd_hour_contact|single_use_contact
CASE091,CDR18842,odd_hour_contact|single_use_contact
CASE092,CDR18843,burst_calling
CASE092,CDR18844,burst_calling
CASE092,CDR18845,burst_calling
CASE092,CDR18846,burst_calling
CASE092,CDR18847,burst_calling
CASE092,CDR18850,odd_hour_contact|burst_calling
CASE092,CDR18851,burst_calling
CASE092,CDR18852,burst_calling
CASE092,CDR18853,odd_hour_contact|burst_calling
CASE092,CDR18854,burst_calling
CASE092,CDR18855,burst_calling
CASE092,CDR18858,burst_calling
CASE092,CDR18859,burst_calling
CASE092,CDR18860,odd_hour_contact|burst_calling
CASE092,CDR18861,burst_calling
CASE092,CDR18862,burst_calling
CASE092,CDR18863,burst_calling
CASE092,CDR18864,burst_calling
CASE092,CDR18865,burst_calling
CASE092,CDR18866,burst_calling
CASE092,CDR18867,burst_calling
CASE092,CDR18868,burst_calling
CASE092,CDR18870,odd_hour_contact
CASE092,CDR18875,burst_calling
CASE092,CDR18876,burst_calling
CASE092,CDR18877,burst_calling
CASE092,CDR18878,odd_hour_contact|burst_calling
CASE092,CDR18879,burst_calling
CASE092,CDR18880,burst_calling
CASE092,CDR18881,burst_calling
CASE092,CDR18882,burst_calling
CASE092,CDR18883,burst_calling
CASE092,CDR18884,burst_calling
CASE092,CDR18885,burst_calling
CASE092,CDR18886,burst_calling
CASE092,CDR18887,burst_calling
CASE092,CDR18888,burst_calling
CASE092,CDR18889,burst_calling
CASE092,CDR18890,burst_calling
CASE092,CDR18891,odd_hour_contact
CASE092,CDR18893,odd_hour_contact|single_use_contact
CASE092,CDR18894,single_use_contact
CASE092,CDR18895,single_use_contact
CASE092,CDR18896,single_use_contact
CASE092,CDR18897,odd_hour_contact|single_use_contact
CASE092,CDR18898,single_use_contact
CASE092,CDR18899,single_use_contact
CASE092,CDR18900,single_use_contact
CASE092,CDR18901,single_use_contact
CASE092,CDR18902,odd_hour_contact|single_use_contact
CASE092,CDR18903,odd_hour_contact|single_use_contact
CASE092,CDR18904,odd_hour_contact|single_use_contact
CASE092,CDR18905,single_use_contact
CASE092,CDR18906,single_use_contact
CASE092,CDR18907,single_use_contact
CASE092,CDR18908,single_use_contact
CASE092,CDR18909,single_use_contact
CASE092,CDR18910,odd_hour_contact|single_use_contact
CASE092,CDR18911,single_use_contact
CASE092,CDR18912,odd_hour_contact|single_use_contact
CASE092,CDR18913,odd_hour_contact|single_use_contact
CASE092,CDR18914,single_use_contact
CASE092,CDR18915,odd_hour_contact|single_use_contact
CASE092,CDR18916,single_use_contact
CASE092,CDR18917,single_use_contact
CASE092,CDR18918,odd_hour_contact|single_use_contact
CASE092,CDR18919,single_use_contact
CASE092,CDR18920,single_use_contact
CASE092,CDR18921,single_use_contact
CASE092,CDR18922,single_use_contact
CASE092,CDR18923,single_use_contact
CASE092,CDR18924,single_use_contact
CASE092,CDR18925,single_use_contact
CASE092,CDR18926,odd_hour_contact|single_use_contact
CASE092,CDR18927,single_use_contact
CASE092,CDR18928,single_use_contact
CASE092,CDR18929,single_use_contact
CASE092,CDR18930,single_use_contact
CASE092,CDR18931,single_use_contact
CASE092,CDR18932,single_use_contact
CASE092,CDR18933,single_use_contact
CASE092,CDR18934,single_use_contact
CASE092,CDR18935,single_use_contact
CASE092,CDR18936,single_use_contact
CASE092,CDR18937,single_use_contact
CASE092,CDR18938,single_use_contact
CASE092,CDR18939,single_use_contact
CASE092,CDR18940,single_use_contact
CASE092,CDR18941,single_use_contact
CASE092,CDR18942,single_use_contact
CASE092,CDR18943,odd_hour_contact|single_use_contact
CASE092,CDR18944,odd_hour_contact|single_use_contact
CASE092,CDR18945,single_use_contact
CASE092,CDR18946,odd_hour_contact|single_use_contact
CASE092,CDR18947,odd_hour_contact|single_use_contact
CASE092,CDR18948,single_use_contact
CASE092,CDR18949,single_use_contact
CASE092,CDR18950,odd_hour_contact|single_use_contact
CASE092,CDR18951,single_use_contact
CASE092,CDR18952,odd_hour_contact|single_use_contact
CASE092,CDR18953,single_use_contact
CASE092,CDR18954,single_use_contact
CASE092,CDR18955,single_use_contact
CASE092,CDR18956,single_use_contact
CASE092,CDR18957,odd_hour_contact|single_use_contact
CASE092,CDR18958,single_use_contact
CASE092,CDR18959,single_use_contact
CASE092,CDR18960,single_use_contact
CASE092,CDR18961,odd_hour_contact|single_use_contact
CASE092,CDR18962,single_use_contact
CASE092,CDR18963,single_use_contact
CASE092,CDR18964,single_use_contact
CASE092,CDR18965,single_use_contact
CASE092,CDR18966,single_use_contact
CASE092,CDR18967,single_use_contact
CASE092,CDR18968,odd_hour_contact|single_use_contact
CASE092,CDR18969,odd_hour_contact|single_use_contact
CASE092,CDR18970,single_use_contact
CASE092,CDR18971,single_use_contact
CASE092,CDR18972,single_use_contact
CASE092,CDR18973,single_use_contact
CASE092,CDR18974,single_use_contact
CASE092,CDR18975,single_use_contact
CASE092,CDR18976,odd_hour_contact|single_use_contact
CASE092,CDR18977,single_use_contact
CASE092,CDR18978,single_use_contact
CASE092,CDR18979,single_use_contact
CASE092,CDR18980,single_use_contact
CASE092,CDR18981,single_use_contact
CASE092,CDR18982,single_use_contact
CASE093,CDR18984,odd_hour_contact
CASE093,CDR18987,odd_hour_contact
CASE093,CDR18993,burst_calling
CASE093,CDR18994,burst_calling
CASE093,CDR18995,burst_calling
CASE093,CDR18996,burst_calling
CASE093,CDR18997,odd_hour_contact|burst_calling
CASE093,CDR18998,odd_hour_contact|burst_calling
CASE093,CDR19007,single_use_contact
CASE093,CDR19008,single_use_contact
CASE093,CDR19009,odd_hour_contact|single_use_contact
CASE093,CDR19010,single_use_contact
CASE093,CDR19011,single_use_contact
CASE093,CDR19012,single_use_contact
CASE093,CDR19013,single_use_contact
CASE093,CDR19014,single_use_contact
CASE093,CDR19015,single_use_contact
CASE093,CDR19016,odd_hour_contact|single_use_contact
CASE093,CDR19017,single_use_contact
CASE093,CDR19018,single_use_contact
CASE093,CDR19019,odd_hour_contact|single_use_contact
CASE093,CDR19020,single_use_contact
CASE093,CDR19021,single_use_contact
CASE093,CDR19022,single_use_contact
CASE093,CDR19023,single_use_contact
CASE093,CDR19024,single_use_contact
CASE093,CDR19025,single_use_contact
CASE093,CDR19026,odd_hour_contact|single_use_contact
CASE093,CDR19027,odd_hour_contact|single_use_contact
CASE093,CDR19028,odd_hour_contact|single_use_contact
CASE093,CDR19029,single_use_contact
CASE093,CDR19030,single_use_contact
CASE093,CDR19031,single_use_contact
CASE093,CDR19032,single_use_contact
CASE093,CDR19033,odd_hour_contact|single_use_contact
CASE093,CDR19034,single_use_contact
CASE093,CDR19035,single_use_contact
CASE093,CDR19036,single_use_contact
CASE093,CDR19037,single_use_contact
CASE093,CDR19038,single_use_contact
CASE093,CDR19039,single_use_contact
CASE093,CDR19040,odd_hour_contact|single_use_contact
CASE093,CDR19041,single_use_contact
CASE093,CDR19042,odd_hour_contact|single_use_contact
CASE093,CDR19043,single_use_contact
CASE093,CDR19044,single_use_contact
CASE093,CDR19045,single_use_contact
CASE093,CDR19046,single_use_contact
CASE093,CDR19047,odd_hour_contact|single_use_contact
CASE093,CDR19048,odd_hour_contact|single_use_contact
CASE093,CDR19049,odd_hour_contact|single_use_contact
CASE093,CDR19050,single_use_contact
CASE093,CDR19051,single_use_contact
CASE093,CDR19052,single_use_contact
CASE093,CDR19054,single_use_contact
CASE093,CDR19055,single_use_contact
CASE093,CDR19056,single_use_contact
CASE093,CDR19057,single_use_contact
CASE093,CDR19058,odd_hour_contact|single_use_contact
CASE093,CDR19059,single_use_contact
CASE093,CDR19060,single_use_contact
CASE093,CDR19061,single_use_contact
CASE093,CDR19062,single_use_contact
CASE093,CDR19063,single_use_contact
CASE093,CDR19064,single_use_contact
CASE093,CDR19065,single_use_contact
CASE093,CDR19066,single_use_contact
CASE093,CDR19067,single_use_contact
CASE093,CDR19068,single_use_contact
CASE093,CDR19069,single_use_contact
CASE093,CDR19070,single_use_contact
CASE093,CDR19072,single_use_contact
CASE093,CDR19073,single_use_contact
CASE093,CDR19074,single_use_contact
CASE093,CDR19075,single_use_contact
CASE093,CDR19076,single_use_contact
CASE093,CDR19077,single_use_contact
CASE093,CDR19078,single_use_contact
CASE093,CDR19079,single_use_contact
CASE093,CDR19080,single_use_contact
CASE093,CDR19081,odd_hour_contact|single_use_contact
CASE093,CDR19082,single_use_contact
CASE093,CDR19083,odd_hour_contact|single_use_contact
CASE093,CDR19084,single_use_contact
CASE093,CDR19085,odd_hour_contact|single_use_contact
CASE093,CDR19086,single_use_contact
CASE093,CDR19087,single_use_contact
CASE093,CDR19088,single_use_contact
CASE093,CDR19089,odd_hour_contact|single_use_contact
CASE093,CDR19090,single_use_contact
CASE093,CDR19091,single_use_contact
CASE093,CDR19092,single_use_contact
CASE093,CDR19093,single_use_contact
CASE093,CDR19094,odd_hour_contact|single_use_contact
CASE093,CDR19095,single_use_contact
CASE093,CDR19096,single_use_contact
CASE094,CDR19107,odd_hour_contact|burst_calling
CASE094,CDR19108,burst_calling
CASE094,CDR19109,burst_calling
CASE094,CDR19110,burst_calling
CASE094,CDR19111,burst_calling
CASE094,CDR19112,burst_calling
CASE094,CDR19113,burst_calling
CASE094,CDR19114,odd_hour_contact|burst_calling
CASE094,CDR19115,burst_calling
CASE094,CDR19116,odd_hour_contact|burst_calling
CASE094,CDR19117,burst_calling
CASE094,CDR19120,odd_hour_contact
CASE094,CDR19121,odd_hour_contact|burst_calling
CASE094,CDR19122,burst_calling
CASE094,CDR19123,burst_calling
CASE094,CDR19124,burst_calling
CASE094,CDR19125,burst_calling
CASE094,CDR19127,odd_hour_contact
CASE094,CDR19130,odd_hour_contact
CASE094,CDR19143,burst_calling
CASE094,CDR19144,burst_calling
CASE094,CDR19145,burst_calling
CASE094,CDR19146,burst_calling
CASE094,CDR19147,odd_hour_contact|burst_calling
CASE094,CDR19148,burst_calling
CASE094,CDR19149,odd_hour_contact
CASE094,CDR19154,odd_hour_contact
CASE094,CDR19164,odd_hour_contact
CASE094,CDR19165,burst_calling
CASE094,CDR19166,burst_calling
CASE094,CDR19167,burst_calling
CASE094,CDR19168,burst_calling
CASE094,CDR19169,burst_calling
CASE094,CDR19170,burst_calling
CASE094,CDR19171,burst_calling
CASE094,CDR19172,burst_calling
CASE094,CDR19173,odd_hour_contact|burst_calling
CASE094,CDR19174,odd_hour_contact|burst_calling
CASE094,CDR19175,burst_calling
CASE094,CDR19176,odd_hour_contact|burst_calling
CASE094,CDR19177,burst_calling
CASE094,CDR19178,odd_hour_contact|burst_calling
CASE094,CDR19179,odd_hour_contact|burst_calling
CASE094,CDR19180,burst_calling
CASE094,CDR19181,burst_calling
CASE094,CDR19182,burst_calling
CASE094,CDR19183,burst_calling
CASE094,CDR19184,burst_calling
CASE094,CDR19185,burst_calling
CASE094,CDR19186,odd_hour_contact|burst_calling
CASE094,CDR19187,burst_calling
CASE094,CDR19188,burst_calling
CASE094,CDR19189,odd_hour_contact|burst_calling
CASE094,CDR19190,burst_calling
CASE094,CDR19191,odd_hour_contact|burst_calling
CASE094,CDR19192,burst_calling
CASE094,CDR19193,burst_calling
CASE094,CDR19195,odd_hour_contact
CASE094,CDR19197,odd_hour_contact
CASE094,CDR19198,burst_calling
CASE094,CDR19199,burst_calling
CASE094,CDR19200,burst_calling
CASE094,CDR19201,burst_calling
CASE094,CDR19202,burst_calling
CASE094,CDR19203,burst_calling
CASE094,CDR19204,burst_calling
CASE094,CDR19205,burst_calling
CASE094,CDR19206,burst_calling
CASE094,CDR19207,burst_calling
CASE094,CDR19208,odd_hour_contact|burst_calling
CASE094,CDR19210,odd_hour_contact
CASE094,CDR19218,odd_hour_contact
CASE094,CDR19221,burst_calling
CASE094,CDR19222,odd_hour_contact|burst_calling
CASE094,CDR19223,odd_hour_contact|burst_calling
CASE094,CDR19224,odd_hour_contact|burst_calling
CASE094,CDR19225,burst_calling
CASE094,CDR19226,burst_calling
CASE094,CDR19231,burst_calling
CASE094,CDR19232,burst_calling
CASE094,CDR19233,odd_hour_contact|burst_calling
CASE094,CDR19234,burst_calling
CASE094,CDR19235,burst_calling
CASE094,CDR19242,odd_hour_contact
CASE094,CDR19244,odd_hour_contact
CASE094,CDR19245,odd_hour_contact
CASE094,CDR19246,burst_calling
CASE094,CDR19247,odd_hour_contact|burst_calling
CASE094,CDR19248,burst_calling
CASE094,CDR19249,burst_calling
CASE094,CDR19250,burst_calling
CASE094,CDR19251,burst_calling
CASE094,CDR19252,odd_hour_contact
CASE094,CDR19255,odd_hour_contact
CASE094,CDR19257,odd_hour_contact
CASE094,CDR19264,odd_hour_contact
CASE094,CDR19265,burst_calling
CASE094,CDR19266,odd_hour_contact|burst_calling
CASE094,CDR19267,burst_calling
CASE094,CDR19268,odd_hour_contact|burst_calling
CASE094,CDR19269,burst_calling
CASE094,CDR19270,odd_hour_contact
CASE094,CDR19273,burst_calling
CASE094,CDR19274,burst_calling
CASE094,CDR19275,odd_hour_contact|burst_calling
CASE094,CDR19276,burst_calling
CASE094,CDR19277,burst_calling
CASE094,CDR19278,odd_hour_contact|burst_calling
CASE094,CDR19281,odd_hour_contact
CASE094,CDR19284,burst_calling
CASE094,CDR19285,burst_calling
CASE094,CDR19286,burst_calling
CASE094,CDR19287,odd_hour_contact|burst_calling
CASE094,CDR19288,burst_calling
CASE094,CDR19289,burst_calling
CASE094,CDR19290,burst_calling
CASE094,CDR19291,burst_calling
CASE094,CDR19292,burst_calling
CASE094,CDR19293,odd_hour_contact|burst_calling
CASE094,CDR19294,burst_calling
CASE094,CDR19295,burst_calling
CASE094,CDR19296,burst_calling
CASE094,CDR19297,odd_hour_contact|burst_calling
CASE094,CDR19298,burst_calling
CASE094,CDR19299,odd_hour_contact|burst_calling
CASE094,CDR19302,single_use_contact
CASE094,CDR19303,single_use_contact
CASE094,CDR19304,single_use_contact
CASE094,CDR19305,single_use_contact
CASE094,CDR19306,single_use_contact
CASE094,CDR19307,single_use_contact
CASE094,CDR19308,single_use_contact
CASE094,CDR19309,single_use_contact
CASE094,CDR19310,single_use_contact
CASE094,CDR19311,single_use_contact
CASE094,CDR19312,single_use_contact
CASE094,CDR19313,single_use_contact
CASE094,CDR19314,single_use_contact
CASE094,CDR19315,single_use_contact
CASE094,CDR19316,odd_hour_contact|single_use_contact
CASE094,CDR19317,single_use_contact
CASE094,CDR19318,single_use_contact
CASE094,CDR19319,odd_hour_contact|single_use_contact
CASE094,CDR19320,single_use_contact
CASE094,CDR19321,odd_hour_contact|single_use_contact
CASE094,CDR19322,single_use_contact
CASE094,CDR19323,single_use_contact
CASE094,CDR19324,odd_hour_contact|single_use_contact
CASE094,CDR19326,single_use_contact
CASE094,CDR19327,single_use_contact
CASE094,CDR19328,single_use_contact
CASE094,CDR19329,odd_hour_contact|single_use_contact
CASE094,CDR19330,single_use_contact
CASE094,CDR19331,odd_hour_contact|single_use_contact
CASE094,CDR19332,single_use_contact
CASE094,CDR19333,single_use_contact
CASE094,CDR19334,single_use_contact
CASE094,CDR19335,single_use_contact
CASE094,CDR19336,single_use_contact
CASE094,CDR19337,odd_hour_contact|single_use_contact
CASE094,CDR19338,single_use_contact
CASE094,CDR19339,single_use_contact
CASE094,CDR19340,odd_hour_contact|single_use_contact
CASE094,CDR19341,single_use_contact
CASE094,CDR19342,single_use_contact
CASE094,CDR19343,odd_hour_contact|single_use_contact
CASE094,CDR19344,single_use_contact
CASE094,CDR19345,single_use_contact
CASE094,CDR19346,single_use_contact
CASE094,CDR19347,odd_hour_contact|single_use_contact
CASE094,CDR19348,single_use_contact
CASE094,CDR19349,single_use_contact
CASE094,CDR19350,odd_hour_contact|single_use_contact
CASE094,CDR19351,single_use_contact
CASE094,CDR19352,single_use_contact
CASE094,CDR19353,single_use_contact
CASE094,CDR19354,single_use_contact
CASE094,CDR19355,odd_hour_contact|single_use_contact
CASE094,CDR19356,single_use_contact
CASE094,CDR19357,single_use_contact
CASE094,CDR19358,odd_hour_contact|single_use_contact
CASE094,CDR19359,single_use_contact
CASE094,CDR19360,single_use_contact
CASE094,CDR19361,single_use_contact
CASE094,CDR19362,single_use_contact
CASE094,CDR19363,odd_hour_contact|single_use_contact
CASE094,CDR19364,single_use_contact
CASE094,CDR19366,single_use_contact
CASE094,CDR19367,single_use_contact
CASE094,CDR19368,single_use_contact
CASE094,CDR19369,single_use_contact
CASE094,CDR19370,single_use_contact
CASE094,CDR19371,single_use_contact
CASE094,CDR19372,single_use_contact
CASE094,CDR19373,single_use_contact
CASE094,CDR19374,single_use_contact
CASE094,CDR19375,single_use_contact
CASE094,CDR19376,single_use_contact
CASE094,CDR19377,single_use_contact
CASE094,CDR19378,odd_hour_contact|single_use_contact
CASE094,CDR19379,single_use_contact
CASE094,CDR19380,single_use_contact
CASE094,CDR19381,odd_hour_contact|single_use_contact
CASE094,CDR19382,single_use_contact
CASE094,CDR19383,single_use_contact
CASE094,CDR19384,odd_hour_contact|single_use_contact
CASE094,CDR19385,single_use_contact
CASE094,CDR19386,single_use_contact
CASE094,CDR19387,odd_hour_contact|single_use_contact
CASE094,CDR19388,single_use_contact
CASE094,CDR19389,odd_hour_contact
CASE094,CDR19390,single_use_contact
CASE094,CDR19391,single_use_contact
CASE095,CDR19394,odd_hour_contact
CASE095,CDR19403,odd_hour_contact
CASE095,CDR19405,burst_calling
CASE095,CDR19406,odd_hour_contact|burst_calling
CASE095,CDR19407,odd_hour_contact|burst_calling
CASE095,CDR19408,burst_calling
CASE095,CDR19409,burst_calling
CASE095,CDR19410,burst_calling
CASE095,CDR19411,odd_hour_contact
CASE095,CDR19415,odd_hour_contact
CASE095,CDR19419,burst_calling
CASE095,CDR19420,odd_hour_contact|burst_calling
CASE095,CDR19421,burst_calling
CASE095,CDR19422,odd_hour_contact|burst_calling
CASE095,CDR19423,burst_calling
CASE095,CDR19424,burst_calling
CASE095,CDR19425,burst_calling
CASE095,CDR19426,burst_calling
CASE095,CDR19427,burst_calling
CASE095,CDR19428,burst_calling
CASE095,CDR19429,burst_calling
CASE095,CDR19430,odd_hour_contact|burst_calling
CASE095,CDR19431,burst_calling
CASE095,CDR19432,odd_hour_contact|burst_calling
CASE095,CDR19433,odd_hour_contact|burst_calling
CASE095,CDR19434,burst_calling
CASE095,CDR19435,burst_calling
CASE095,CDR19436,burst_calling
CASE095,CDR19437,burst_calling
CASE095,CDR19438,odd_hour_contact|burst_calling
CASE095,CDR19439,burst_calling
CASE095,CDR19440,burst_calling
CASE095,CDR19441,burst_calling
CASE095,CDR19442,burst_calling
CASE095,CDR19443,burst_calling
CASE095,CDR19444,burst_calling
CASE095,CDR19445,burst_calling
CASE095,CDR19447,odd_hour_contact
CASE095,CDR19449,odd_hour_contact
CASE095,CDR19451,odd_hour_contact
CASE095,CDR19452,burst_calling
CASE095,CDR19453,burst_calling
CASE095,CDR19454,burst_calling
CASE095,CDR19455,burst_calling
CASE095,CDR19456,odd_hour_contact|burst_calling
CASE095,CDR19457,burst_calling
CASE095,CDR19458,burst_calling
CASE095,CDR19459,odd_hour_contact|burst_calling
CASE095,CDR19460,burst_calling
CASE095,CDR19461,burst_calling
CASE095,CDR19462,burst_calling
CASE095,CDR19471,single_use_contact
CASE095,CDR19472,single_use_contact
CASE095,CDR19473,single_use_contact
CASE095,CDR19474,single_use_contact
CASE095,CDR19475,single_use_contact
CASE095,CDR19476,single_use_contact
CASE095,CDR19477,odd_hour_contact|single_use_contact
CASE095,CDR19478,single_use_contact
CASE095,CDR19479,single_use_contact
CASE095,CDR19480,single_use_contact
CASE095,CDR19481,single_use_contact
CASE095,CDR19482,single_use_contact
CASE095,CDR19483,odd_hour_contact|single_use_contact
CASE095,CDR19484,single_use_contact
CASE095,CDR19485,single_use_contact
CASE095,CDR19486,single_use_contact
CASE095,CDR19487,single_use_contact
CASE095,CDR19488,single_use_contact
CASE095,CDR19489,single_use_contact
CASE095,CDR19490,single_use_contact
CASE095,CDR19491,odd_hour_contact|single_use_contact
CASE095,CDR19492,single_use_contact
CASE095,CDR19493,single_use_contact
CASE095,CDR19494,single_use_contact
CASE095,CDR19495,odd_hour_contact|single_use_contact
CASE095,CDR19496,odd_hour_contact|single_use_contact
CASE095,CDR19497,single_use_contact
CASE095,CDR19498,single_use_contact
CASE095,CDR19499,single_use_contact
CASE095,CDR19500,single_use_contact
CASE095,CDR19501,single_use_contact
CASE095,CDR19502,odd_hour_contact|single_use_contact
CASE095,CDR19503,single_use_contact
CASE095,CDR19504,odd_hour_contact|single_use_contact
CASE095,CDR19505,single_use_contact
CASE095,CDR19506,odd_hour_contact|single_use_contact
CASE095,CDR19507,single_use_contact
CASE095,CDR19508,single_use_contact
CASE095,CDR19509,single_use_contact
CASE095,CDR19510,single_use_contact
CASE095,CDR19511,odd_hour_contact|single_use_contact
CASE095,CDR19512,single_use_contact
CASE095,CDR19513,odd_hour_contact|single_use_contact
CASE095,CDR19514,odd_hour_contact|single_use_contact
CASE095,CDR19515,odd_hour_contact|single_use_contact
CASE095,CDR19516,single_use_contact
CASE095,CDR19517,odd_hour_contact|single_use_contact
CASE095,CDR19518,single_use_contact
CASE095,CDR19519,single_use_contact
CASE095,CDR19520,single_use_contact
CASE095,CDR19521,single_use_contact
CASE095,CDR19522,single_use_contact
CASE095,CDR19523,odd_hour_contact|single_use_contact
CASE095,CDR19524,single_use_contact
CASE095,CDR19525,single_use_contact
CASE095,CDR19527,single_use_contact
CASE095,CDR19528,single_use_contact
CASE095,CDR19529,odd_hour_contact|single_use_contact
CASE095,CDR19530,single_use_contact
CASE095,CDR19531,single_use_contact
CASE095,CDR19532,odd_hour_contact|single_use_contact
CASE095,CDR19533,single_use_contact
CASE095,CDR19534,single_use_contact
CASE095,CDR19535,single_use_contact
CASE095,CDR19536,single_use_contact
CASE095,CDR19537,single_use_contact
CASE095,CDR19538,single_use_contact
CASE095,CDR19539,single_use_contact
CASE095,CDR19540,single_use_contact
CASE095,CDR19542,single_use_contact
CASE095,CDR19543,single_use_contact
CASE095,CDR19544,single_use_contact
CASE095,CDR19545,single_use_contact
CASE095,CDR19546,single_use_contact
CASE095,CDR19547,single_use_contact
CASE095,CDR19548,single_use_contact
CASE095,CDR19549,odd_hour_contact|single_use_contact
CASE095,CDR19550,single_use_contact
CASE095,CDR19551,odd_hour_contact|single_use_contact
CASE095,CDR19552,single_use_contact
CASE095,CDR19553,single_use_contact
CASE095,CDR19554,single_use_contact
CASE095,CDR19555,single_use_contact
CASE095,CDR19556,odd_hour_contact|single_use_contact
CASE095,CDR19557,single_use_contact
CASE095,CDR19558,single_use_contact
CASE095,CDR19559,single_use_contact
CASE095,CDR19560,single_use_contact
CASE096,CDR19561,odd_hour_contact
CASE096,CDR19563,burst_calling
CASE096,CDR19564,burst_calling
CASE096,CDR19565,burst_calling
CASE096,CDR19566,burst_calling
CASE096,CDR19567,burst_calling
CASE096,CDR19568,burst_calling
CASE096,CDR19569,burst_calling
CASE096,CDR19570,burst_calling
CASE096,CDR19571,burst_calling
CASE096,CDR19572,burst_calling
CASE096,CDR19573,burst_calling
CASE096,CDR19574,odd_hour_contact
CASE096,CDR19576,odd_hour_contact
CASE096,CDR19577,odd_hour_contact
CASE096,CDR19579,burst_calling
CASE096,CDR19580,burst_calling
CASE096,CDR19581,burst_calling
CASE096,CDR19582,burst_calling
CASE096,CDR19583,burst_calling
CASE096,CDR19584,burst_calling
CASE096,CDR19587,burst_calling
CASE096,CDR19588,burst_calling
CASE096,CDR19589,burst_calling
CASE096,CDR19590,burst_calling
CASE096,CDR19591,burst_calling
CASE096,CDR19592,burst_calling
CASE096,CDR19593,odd_hour_contact
CASE096,CDR19594,odd_hour_contact
CASE096,CDR19599,burst_calling
CASE096,CDR19600,burst_calling
CASE096,CDR19601,burst_calling
CASE096,CDR19602,odd_hour_contact|burst_calling
CASE096,CDR19603,burst_calling
CASE096,CDR19604,burst_calling
CASE096,CDR19605,burst_calling
CASE096,CDR19606,burst_calling
CASE096,CDR19607,burst_calling
CASE096,CDR19608,burst_calling
CASE096,CDR19609,burst_calling
CASE096,CDR19610,odd_hour_contact|burst_calling
CASE096,CDR19611,burst_calling
CASE096,CDR19612,burst_calling
CASE096,CDR19613,burst_calling
CASE096,CDR19614,burst_calling
CASE096,CDR19615,burst_calling
CASE096,CDR19616,odd_hour_contact|burst_calling
CASE096,CDR19622,odd_hour_contact
CASE096,CDR19624,burst_calling
CASE096,CDR19625,burst_calling
CASE096,CDR19626,burst_calling
CASE096,CDR19627,odd_hour_contact|burst_calling
CASE096,CDR19628,odd_hour_contact|burst_calling
CASE096,CDR19629,odd_hour_contact
CASE096,CDR19632,odd_hour_contact|burst_calling
CASE096,CDR19633,burst_calling
CASE096,CDR19634,odd_hour_contact|burst_calling
CASE096,CDR19635,odd_hour_contact|burst_calling
CASE096,CDR19636,burst_calling
CASE096,CDR19637,burst_calling
CASE096,CDR19638,burst_calling
CASE096,CDR19639,burst_calling
CASE096,CDR19640,burst_calling
CASE096,CDR19641,burst_calling
CASE096,CDR19642,burst_calling
CASE096,CDR19643,burst_calling
CASE096,CDR19644,burst_calling
CASE096,CDR19645,burst_calling
CASE096,CDR19646,burst_calling
CASE096,CDR19647,burst_calling
CASE096,CDR19651,odd_hour_contact|burst_calling
CASE096,CDR19652,burst_calling
CASE096,CDR19653,burst_calling
CASE096,CDR19654,burst_calling
CASE096,CDR19655,burst_calling
CASE096,CDR19660,burst_calling
CASE096,CDR19661,burst_calling
CASE096,CDR19662,odd_hour_contact|burst_calling
CASE096,CDR19663,burst_calling
CASE096,CDR19664,burst_calling
CASE096,CDR19667,odd_hour_contact|burst_calling
CASE096,CDR19668,burst_calling
CASE096,CDR19669,burst_calling
CASE096,CDR19670,burst_calling
CASE096,CDR19671,burst_calling
CASE096,CDR19672,burst_calling
CASE096,CDR19673,odd_hour_contact
CASE096,CDR19675,odd_hour_contact
CASE096,CDR19676,burst_calling
CASE096,CDR19677,odd_hour_contact|burst_calling
CASE096,CDR19678,burst_calling
CASE096,CDR19679,burst_calling
CASE096,CDR19680,burst_calling
CASE096,CDR19681,burst_calling
CASE096,CDR19683,odd_hour_contact
CASE096,CDR19685,odd_hour_contact
CASE096,CDR19698,odd_hour_contact
CASE096,CDR19704,odd_hour_contact|burst_calling
CASE096,CDR19705,burst_calling
CASE096,CDR19706,burst_calling
CASE096,CDR19707,odd_hour_contact|burst_calling
CASE096,CDR19708,burst_calling
CASE096,CDR19711,odd_hour_contact
CASE096,CDR19712,burst_calling
CASE096,CDR19713,burst_calling
CASE096,CDR19714,odd_hour_contact|burst_calling
CASE096,CDR19715,burst_calling
CASE096,CDR19716,burst_calling
CASE096,CDR19717,burst_calling
CASE096,CDR19721,odd_hour_contact|burst_calling
CASE096,CDR19722,burst_calling
CASE096,CDR19723,burst_calling
CASE096,CDR19724,burst_calling
CASE096,CDR19725,odd_hour_contact|burst_calling
CASE096,CDR19728,odd_hour_contact
CASE096,CDR19735,odd_hour_contact
CASE096,CDR19736,burst_calling
CASE096,CDR19737,odd_hour_contact|burst_calling
CASE096,CDR19738,burst_calling
CASE096,CDR19739,burst_calling
CASE096,CDR19740,burst_calling
CASE096,CDR19741,odd_hour_contact|burst_calling
CASE096,CDR19742,burst_calling
CASE096,CDR19743,burst_calling
CASE096,CDR19744,burst_calling
CASE096,CDR19745,burst_calling
CASE096,CDR19746,burst_calling
CASE096,CDR19747,odd_hour_contact
CASE096,CDR19748,odd_hour_contact
CASE096,CDR19750,odd_hour_contact
CASE096,CDR19751,burst_calling
CASE096,CDR19752,odd_hour_contact|burst_calling
CASE096,CDR19753,burst_calling
CASE096,CDR19754,odd_hour_contact|burst_calling
CASE096,CDR19755,burst_calling
CASE096,CDR19756,odd_hour_contact
CASE096,CDR19759,odd_hour_contact
CASE096,CDR19761,odd_hour_contact
CASE096,CDR19762,odd_hour_contact
CASE096,CDR19764,odd_hour_contact
CASE096,CDR19766,odd_hour_contact
CASE096,CDR19774,burst_calling
CASE096,CDR19775,burst_calling
CASE096,CDR19776,burst_calling
CASE096,CDR19777,burst_calling
CASE096,CDR19778,burst_calling
CASE096,CDR19779,odd_hour_contact
CASE096,CDR19785,burst_calling
CASE096,CDR19786,burst_calling
CASE096,CDR19787,burst_calling
CASE096,CDR19788,odd_hour_contact|burst_calling
CASE096,CDR19789,burst_calling
CASE096,CDR19790,burst_calling
CASE096,CDR19791,odd_hour_contact
CASE096,CDR19792,odd_hour_contact
CASE096,CDR19795,odd_hour_contact
CASE096,CDR19802,single_use_contact
CASE096,CDR19803,single_use_contact
CASE096,CDR19804,single_use_contact
CASE096,CDR19805,single_use_contact
CASE096,CDR19806,single_use_contact
CASE096,CDR19807,single_use_contact
CASE096,CDR19808,single_use_contact
CASE096,CDR19809,single_use_contact
CASE096,CDR19810,odd_hour_contact|single_use_contact
CASE096,CDR19811,odd_hour_contact|single_use_contact
CASE096,CDR19812,single_use_contact
CASE096,CDR19813,single_use_contact
CASE096,CDR19814,single_use_contact
CASE096,CDR19815,single_use_contact
CASE096,CDR19816,odd_hour_contact|single_use_contact
CASE096,CDR19817,single_use_contact
CASE096,CDR19818,single_use_contact
CASE096,CDR19819,single_use_contact
CASE096,CDR19820,odd_hour_contact|single_use_contact
CASE096,CDR19821,single_use_contact
CASE096,CDR19822,odd_hour_contact|single_use_contact
CASE096,CDR19823,single_use_contact
CASE096,CDR19824,single_use_contact
CASE096,CDR19825,odd_hour_contact|single_use_contact
CASE096,CDR19826,odd_hour_contact|single_use_contact
CASE096,CDR19827,single_use_contact
CASE096,CDR19828,single_use_contact
CASE096,CDR19829,single_use_contact
CASE096,CDR19830,single_use_contact
CASE096,CDR19831,odd_hour_contact|single_use_contact
CASE096,CDR19832,single_use_contact
CASE096,CDR19833,single_use_contact
CASE096,CDR19834,odd_hour_contact|single_use_contact
CASE096,CDR19835,single_use_contact
CASE096,CDR19836,single_use_contact
CASE096,CDR19837,single_use_contact
CASE096,CDR19838,odd_hour_contact|single_use_contact
CASE096,CDR19839,single_use_contact
CASE096,CDR19840,odd_hour_contact|single_use_contact
CASE096,CDR19841,single_use_contact
CASE096,CDR19842,single_use_contact
CASE096,CDR19843,single_use_contact
CASE096,CDR19844,single_use_contact
CASE096,CDR19845,odd_hour_contact|single_use_contact
CASE096,CDR19846,single_use_contact
CASE096,CDR19847,single_use_contact
CASE096,CDR19848,single_use_contact
CASE096,CDR19849,odd_hour_contact|single_use_contact
CASE096,CDR19850,single_use_contact
CASE096,CDR19851,single_use_contact
CASE096,CDR19852,single_use_contact
CASE096,CDR19853,single_use_contact
CASE096,CDR19854,odd_hour_contact|single_use_contact
CASE096,CDR19855,single_use_contact
CASE096,CDR19856,single_use_contact
CASE096,CDR19857,odd_hour_contact|single_use_contact
CASE096,CDR19858,single_use_contact
CASE096,CDR19859,single_use_contact
CASE096,CDR19860,single_use_contact
CASE096,CDR19861,single_use_contact
CASE096,CDR19862,single_use_contact
CASE096,CDR19863,single_use_contact
CASE096,CDR19864,single_use_contact
CASE096,CDR19865,single_use_contact
CASE096,CDR19866,single_use_contact
CASE096,CDR19867,single_use_contact
CASE096,CDR19868,single_use_contact
CASE096,CDR19869,single_use_contact
CASE096,CDR19870,single_use_contact
CASE096,CDR19871,single_use_contact
CASE096,CDR19872,single_use_contact
CASE096,CDR19873,single_use_contact
CASE096,CDR19874,single_use_contact
CASE096,CDR19875,single_use_contact
CASE096,CDR19876,single_use_contact
CASE096,CDR19877,single_use_contact
CASE096,CDR19878,single_use_contact
CASE096,CDR19879,single_use_contact
CASE096,CDR19880,single_use_contact
CASE096,CDR19881,single_use_contact
CASE096,CDR19882,single_use_contact
CASE096,CDR19883,single_use_contact
CASE096,CDR19884,single_use_contact
CASE096,CDR19885,odd_hour_contact|single_use_contact
CASE096,CDR19886,single_use_contact
CASE096,CDR19887,single_use_contact
CASE096,CDR19888,single_use_contact
CASE096,CDR19889,single_use_contact
CASE096,CDR19890,single_use_contact
CASE096,CDR19891,odd_hour_contact|single_use_contact
CASE097,CDR19892,burst_calling
CASE097,CDR19893,burst_calling
CASE097,CDR19894,burst_calling
CASE097,CDR19895,burst_calling
CASE097,CDR19896,odd_hour_contact|burst_calling
CASE097,CDR19910,burst_calling
CASE097,CDR19911,burst_calling
CASE097,CDR19912,burst_calling
CASE097,CDR19913,burst_calling
CASE097,CDR19914,burst_calling
CASE097,CDR19915,burst_calling
CASE097,CDR19916,burst_calling
CASE097,CDR19917,odd_hour_contact|burst_calling
CASE097,CDR19918,burst_calling
CASE097,CDR19919,burst_calling
CASE097,CDR19920,burst_calling
CASE097,CDR19921,burst_calling
CASE097,CDR19922,burst_calling
CASE097,CDR19923,burst_calling
CASE097,CDR19924,burst_calling
CASE097,CDR19925,odd_hour_contact|burst_calling
CASE097,CDR19926,burst_calling
CASE097,CDR19927,burst_calling
CASE097,CDR19928,burst_calling
CASE097,CDR19929,burst_calling
CASE097,CDR19930,burst_calling
CASE097,CDR19931,burst_calling
CASE097,CDR19932,burst_calling
CASE097,CDR19937,burst_calling
CASE097,CDR19938,burst_calling
CASE097,CDR19939,burst_calling
CASE097,CDR19940,odd_hour_contact|burst_calling
CASE097,CDR19941,burst_calling
CASE097,CDR19942,odd_hour_contact|burst_calling
CASE097,CDR19944,odd_hour_contact
CASE097,CDR19947,burst_calling
CASE097,CDR19948,burst_calling
CASE097,CDR19949,burst_calling
CASE097,CDR19950,burst_calling
CASE097,CDR19951,burst_calling
CASE097,CDR19952,odd_hour_contact|burst_calling
CASE097,CDR19953,odd_hour_contact
CASE097,CDR19957,burst_calling
CASE097,CDR19958,burst_calling
CASE097,CDR19959,burst_calling
CASE097,CDR19960,burst_calling
CASE097,CDR19961,burst_calling
CASE097,CDR19962,burst_calling
CASE097,CDR19966,odd_hour_contact
CASE097,CDR19968,odd_hour_contact
CASE097,CDR19969,odd_hour_contact
CASE097,CDR19974,odd_hour_contact
CASE097,CDR19976,burst_calling
CASE097,CDR19977,burst_calling
CASE097,CDR19978,burst_calling
CASE097,CDR19979,odd_hour_contact|burst_calling
CASE097,CDR19980,burst_calling
CASE097,CDR19981,burst_calling
CASE097,CDR19982,single_use_contact
CASE097,CDR19983,single_use_contact
CASE097,CDR19984,single_use_contact
CASE097,CDR19985,odd_hour_contact|single_use_contact
CASE097,CDR19986,odd_hour_contact|single_use_contact
CASE097,CDR19987,single_use_contact
CASE097,CDR19988,single_use_contact
CASE097,CDR19989,odd_hour_contact|single_use_contact
CASE097,CDR19990,single_use_contact
CASE097,CDR19991,single_use_contact
CASE097,CDR19992,single_use_contact
CASE097,CDR19993,single_use_contact
CASE097,CDR19994,single_use_contact
CASE097,CDR19995,single_use_contact
CASE097,CDR19996,single_use_contact
CASE097,CDR19997,single_use_contact
CASE097,CDR19998,single_use_contact
CASE097,CDR19999,single_use_contact
CASE097,CDR20000,single_use_contact
CASE097,CDR20001,single_use_contact
CASE097,CDR20002,single_use_contact
CASE097,CDR20003,single_use_contact
CASE097,CDR20004,single_use_contact
CASE097,CDR20005,single_use_contact
CASE097,CDR20006,single_use_contact
CASE097,CDR20007,single_use_contact
CASE097,CDR20008,single_use_contact
CASE097,CDR20009,odd_hour_contact|single_use_contact
CASE097,CDR20010,odd_hour_contact|single_use_contact
CASE097,CDR20011,single_use_contact
CASE097,CDR20012,single_use_contact
CASE097,CDR20013,odd_hour_contact|single_use_contact
CASE097,CDR20014,single_use_contact
CASE097,CDR20015,single_use_contact
CASE097,CDR20016,single_use_contact
CASE097,CDR20017,single_use_contact
CASE097,CDR20018,single_use_contact
CASE097,CDR20019,single_use_contact
CASE097,CDR20020,single_use_contact
CASE097,CDR20021,odd_hour_contact|single_use_contact
CASE097,CDR20022,single_use_contact
CASE097,CDR20023,single_use_contact
CASE097,CDR20024,single_use_contact
CASE097,CDR20025,single_use_contact
CASE097,CDR20026,single_use_contact
CASE097,CDR20027,single_use_contact
CASE097,CDR20028,odd_hour_contact|single_use_contact
CASE097,CDR20029,single_use_contact
CASE097,CDR20030,single_use_contact
CASE097,CDR20031,single_use_contact
CASE097,CDR20032,single_use_contact
CASE097,CDR20033,single_use_contact
CASE097,CDR20034,odd_hour_contact|single_use_contact
CASE097,CDR20035,single_use_contact
CASE097,CDR20036,odd_hour_contact|single_use_contact
CASE097,CDR20037,single_use_contact
CASE097,CDR20038,single_use_contact
CASE097,CDR20039,single_use_contact
CASE097,CDR20040,single_use_contact
CASE097,CDR20041,odd_hour_contact|single_use_contact
CASE097,CDR20042,single_use_contact
CASE097,CDR20043,odd_hour_contact|single_use_contact
CASE097,CDR20044,single_use_contact
CASE097,CDR20045,single_use_contact
CASE097,CDR20046,single_use_contact
CASE097,CDR20047,single_use_contact
CASE097,CDR20048,single_use_contact
CASE097,CDR20049,single_use_contact
CASE097,CDR20050,single_use_contact
CASE097,CDR20051,single_use_contact
CASE097,CDR20052,single_use_contact
CASE097,CDR20053,single_use_contact
CASE097,CDR20054,single_use_contact
CASE097,CDR20055,odd_hour_contact|single_use_contact
CASE097,CDR20056,odd_hour_contact|single_use_contact
CASE097,CDR20057,single_use_contact
CASE097,CDR20058,odd_hour_contact|single_use_contact
CASE097,CDR20059,single_use_contact
CASE097,CDR20060,single_use_contact
CASE097,CDR20061,single_use_contact
CASE097,CDR20062,single_use_contact
CASE097,CDR20063,single_use_contact
CASE097,CDR20064,single_use_contact
CASE097,CDR20065,single_use_contact
CASE097,CDR20066,single_use_contact
CASE097,CDR20067,single_use_contact
CASE097,CDR20068,single_use_contact
CASE097,CDR20069,odd_hour_contact|single_use_contact
CASE097,CDR20070,single_use_contact
CASE097,CDR20071,single_use_contact
CASE098,CDR20076,odd_hour_contact
CASE098,CDR20078,odd_hour_contact
CASE098,CDR20079,burst_calling
CASE098,CDR20080,burst_calling
CASE098,CDR20081,odd_hour_contact|burst_calling
CASE098,CDR20082,odd_hour_contact|burst_calling
CASE098,CDR20083,odd_hour_contact|burst_calling
CASE098,CDR20084,burst_calling
CASE098,CDR20085,burst_calling
CASE098,CDR20086,odd_hour_contact|burst_calling
CASE098,CDR20087,burst_calling
CASE098,CDR20088,burst_calling
CASE098,CDR20089,burst_calling
CASE098,CDR20094,single_use_contact
CASE098,CDR20095,single_use_contact
CASE098,CDR20096,single_use_contact
CASE098,CDR20097,single_use_contact
CASE098,CDR20098,single_use_contact
CASE098,CDR20099,single_use_contact
CASE098,CDR20100,odd_hour_contact|single_use_contact
CASE098,CDR20101,single_use_contact
CASE098,CDR20102,single_use_contact
CASE098,CDR20103,single_use_contact
CASE098,CDR20104,single_use_contact
CASE098,CDR20105,single_use_contact
CASE098,CDR20106,single_use_contact
CASE098,CDR20107,single_use_contact
CASE098,CDR20108,single_use_contact
CASE098,CDR20109,single_use_contact
CASE098,CDR20110,single_use_contact
CASE098,CDR20111,single_use_contact
CASE098,CDR20112,single_use_contact
CASE098,CDR20113,single_use_contact
CASE098,CDR20114,single_use_contact
CASE098,CDR20115,odd_hour_contact|single_use_contact
CASE098,CDR20116,single_use_contact
CASE098,CDR20117,single_use_contact
CASE098,CDR20118,single_use_contact
CASE098,CDR20119,single_use_contact
CASE098,CDR20120,odd_hour_contact|single_use_contact
CASE098,CDR20121,single_use_contact
CASE098,CDR20122,single_use_contact
CASE098,CDR20123,single_use_contact
CASE098,CDR20124,single_use_contact
CASE098,CDR20125,single_use_contact
CASE098,CDR20126,odd_hour_contact|single_use_contact
CASE098,CDR20127,single_use_contact
CASE098,CDR20128,single_use_contact
CASE098,CDR20129,single_use_contact
CASE098,CDR20130,single_use_contact
CASE098,CDR20131,single_use_contact
CASE098,CDR20132,single_use_contact
CASE098,CDR20133,single_use_contact
CASE098,CDR20134,single_use_contact
CASE098,CDR20135,single_use_contact
CASE098,CDR20136,single_use_contact
CASE098,CDR20137,odd_hour_contact|single_use_contact
CASE098,CDR20138,single_use_contact
CASE098,CDR20139,single_use_contact
CASE098,CDR20140,odd_hour_contact|single_use_contact
CASE098,CDR20141,single_use_contact
CASE098,CDR20142,single_use_contact
CASE098,CDR20143,single_use_contact
CASE098,CDR20144,single_use_contact
CASE098,CDR20145,single_use_contact
CASE098,CDR20146,odd_hour_contact|single_use_contact
CASE098,CDR20147,single_use_contact
CASE098,CDR20148,single_use_contact
CASE098,CDR20149,single_use_contact
CASE098,CDR20150,single_use_contact
CASE098,CDR20151,odd_hour_contact|single_use_contact
CASE098,CDR20152,single_use_contact
CASE098,CDR20153,single_use_contact
CASE098,CDR20154,single_use_contact
CASE098,CDR20155,single_use_contact
CASE098,CDR20156,single_use_contact
CASE098,CDR20157,single_use_contact
CASE098,CDR20158,single_use_contact
CASE098,CDR20159,single_use_contact
CASE098,CDR20160,single_use_contact
CASE098,CDR20161,single_use_contact
CASE098,CDR20162,single_use_contact
CASE098,CDR20163,single_use_contact
CASE098,CDR20164,single_use_contact
CASE098,CDR20165,single_use_contact
CASE098,CDR20166,single_use_contact
CASE098,CDR20167,odd_hour_contact|single_use_contact
CASE098,CDR20168,single_use_contact
CASE098,CDR20169,single_use_contact
CASE098,CDR20170,single_use_contact
CASE098,CDR20171,single_use_contact
CASE098,CDR20172,single_use_contact
CASE098,CDR20173,single_use_contact
CASE098,CDR20174,single_use_contact
CASE098,CDR20175,single_use_contact
CASE098,CDR20176,single_use_contact
CASE098,CDR20177,single_use_contact
CASE098,CDR20178,single_use_contact
CASE098,CDR20179,odd_hour_contact|single_use_contact
CASE098,CDR20180,single_use_contact
CASE098,CDR20181,single_use_contact
CASE098,CDR20182,single_use_contact
CASE098,CDR20183,odd_hour_contact|single_use_contact
CASE099,CDR20184,odd_hour_contact
CASE099,CDR20188,odd_hour_contact|burst_calling
CASE099,CDR20189,burst_calling
CASE099,CDR20190,burst_calling
CASE099,CDR20191,odd_hour_contact|burst_calling
CASE099,CDR20192,odd_hour_contact|burst_calling
CASE099,CDR20193,burst_calling
CASE099,CDR20198,burst_calling
CASE099,CDR20199,burst_calling
CASE099,CDR20200,burst_calling
CASE099,CDR20201,burst_calling
CASE099,CDR20202,odd_hour_contact|burst_calling
CASE099,CDR20203,burst_calling
CASE099,CDR20205,odd_hour_contact
CASE099,CDR20208,burst_calling
CASE099,CDR20209,odd_hour_contact|burst_calling
CASE099,CDR20210,burst_calling
CASE099,CDR20211,burst_calling
CASE099,CDR20212,burst_calling
CASE099,CDR20213,burst_calling
CASE099,CDR20214,odd_hour_contact
CASE099,CDR20218,burst_calling
CASE099,CDR20219,burst_calling
CASE099,CDR20220,burst_calling
CASE099,CDR20221,burst_calling
CASE099,CDR20222,odd_hour_contact|burst_calling
CASE099,CDR20223,odd_hour_contact|burst_calling
CASE099,CDR20228,odd_hour_contact
CASE099,CDR20230,burst_calling
CASE099,CDR20231,burst_calling
CASE099,CDR20232,burst_calling
CASE099,CDR20233,odd_hour_contact|burst_calling
CASE099,CDR20234,odd_hour_contact|burst_calling
CASE099,CDR20235,odd_hour_contact
CASE099,CDR20238,odd_hour_contact|burst_calling
CASE099,CDR20239,burst_calling
CASE099,CDR20240,burst_calling
CASE099,CDR20241,odd_hour_contact|burst_calling
CASE099,CDR20242,burst_calling
CASE099,CDR20243,burst_calling
CASE099,CDR20245,odd_hour_contact
CASE099,CDR20248,odd_hour_contact
CASE099,CDR20251,odd_hour_contact
CASE099,CDR20255,odd_hour_contact
CASE099,CDR20257,burst_calling
CASE099,CDR20258,burst_calling
CASE099,CDR20259,burst_calling
CASE099,CDR20260,burst_calling
CASE099,CDR20261,odd_hour_contact|burst_calling
CASE099,CDR20262,burst_calling
CASE099,CDR20263,odd_hour_contact|burst_calling
CASE099,CDR20264,burst_calling
CASE099,CDR20265,burst_calling
CASE099,CDR20266,burst_calling
CASE099,CDR20267,burst_calling
CASE099,CDR20268,odd_hour_contact|burst_calling
CASE099,CDR20269,burst_calling
CASE099,CDR20270,burst_calling
CASE099,CDR20271,burst_calling
CASE099,CDR20272,burst_calling
CASE099,CDR20275,odd_hour_contact
CASE099,CDR20277,burst_calling
CASE099,CDR20278,burst_calling
CASE099,CDR20279,odd_hour_contact|burst_calling
CASE099,CDR20280,burst_calling
CASE099,CDR20281,odd_hour_contact|burst_calling
CASE099,CDR20282,burst_calling
CASE099,CDR20286,burst_calling
CASE099,CDR20287,odd_hour_contact|burst_calling
CASE099,CDR20288,burst_calling
CASE099,CDR20289,odd_hour_contact|burst_calling
CASE099,CDR20290,burst_calling
CASE099,CDR20291,burst_calling
CASE099,CDR20292,burst_calling
CASE099,CDR20293,burst_calling
CASE099,CDR20294,odd_hour_contact|burst_calling
CASE099,CDR20295,burst_calling
CASE099,CDR20296,odd_hour_contact|burst_calling
CASE099,CDR20297,odd_hour_contact|burst_calling
CASE099,CDR20298,burst_calling
CASE099,CDR20299,burst_calling
CASE099,CDR20300,burst_calling
CASE099,CDR20304,odd_hour_contact
CASE099,CDR20305,burst_calling
CASE099,CDR20306,burst_calling
CASE099,CDR20307,odd_hour_contact|burst_calling
CASE099,CDR20308,burst_calling
CASE099,CDR20309,odd_hour_contact|burst_calling
CASE099,CDR20316,odd_hour_contact
CASE099,CDR20317,odd_hour_contact
CASE099,CDR20321,odd_hour_contact
CASE099,CDR20322,odd_hour_contact
CASE099,CDR20324,burst_calling
CASE099,CDR20325,odd_hour_contact|burst_calling
CASE099,CDR20326,burst_calling
CASE099,CDR20327,burst_calling
CASE099,CDR20328,burst_calling
CASE099,CDR20333,odd_hour_contact
CASE099,CDR20334,odd_hour_contact
CASE099,CDR20336,odd_hour_contact
CASE099,CDR20338,odd_hour_contact
CASE099,CDR20339,odd_hour_contact
CASE099,CDR20349,burst_calling
CASE099,CDR20350,burst_calling
CASE099,CDR20351,burst_calling
CASE099,CDR20352,burst_calling
CASE099,CDR20353,burst_calling
CASE099,CDR20354,burst_calling
CASE099,CDR20355,odd_hour_contact
CASE099,CDR20358,burst_calling
CASE099,CDR20359,burst_calling
CASE099,CDR20360,burst_calling
CASE099,CDR20361,burst_calling
CASE099,CDR20362,odd_hour_contact|burst_calling
CASE099,CDR20363,burst_calling
CASE099,CDR20364,odd_hour_contact
CASE099,CDR20367,burst_calling
CASE099,CDR20368,burst_calling
CASE099,CDR20369,burst_calling
CASE099,CDR20370,burst_calling
CASE099,CDR20371,odd_hour_contact|burst_calling
CASE099,CDR20372,odd_hour_contact|burst_calling
CASE099,CDR20373,odd_hour_contact
CASE099,CDR20376,odd_hour_contact
CASE099,CDR20378,burst_calling
CASE099,CDR20379,odd_hour_contact|burst_calling
CASE099,CDR20380,burst_calling
CASE099,CDR20381,burst_calling
CASE099,CDR20382,burst_calling
CASE099,CDR20387,odd_hour_contact
CASE099,CDR20388,odd_hour_contact
CASE099,CDR20399,odd_hour_contact
CASE099,CDR20400,burst_calling
CASE099,CDR20401,burst_calling
CASE099,CDR20402,burst_calling
CASE099,CDR20403,odd_hour_contact|burst_calling
CASE099,CDR20404,burst_calling
CASE099,CDR20405,odd_hour_contact
CASE099,CDR20409,odd_hour_contact|burst_calling
CASE099,CDR20410,burst_calling
CASE099,CDR20411,burst_calling
CASE099,CDR20412,burst_calling
CASE099,CDR20413,burst_calling
CASE099,CDR20414,burst_calling
CASE099,CDR20417,burst_calling
CASE099,CDR20418,burst_calling
CASE099,CDR20419,burst_calling
CASE099,CDR20420,burst_calling
CASE099,CDR20421,odd_hour_contact|burst_calling
CASE099,CDR20422,burst_calling
CASE099,CDR20423,burst_calling
CASE099,CDR20424,odd_hour_contact|burst_calling
CASE099,CDR20425,odd_hour_contact|burst_calling
CASE099,CDR20426,burst_calling
CASE099,CDR20427,burst_calling
CASE099,CDR20428,burst_calling
CASE099,CDR20429,burst_calling
CASE099,CDR20430,burst_calling
CASE099,CDR20431,burst_calling
CASE099,CDR20432,burst_calling
CASE099,CDR20435,odd_hour_contact
CASE099,CDR20436,odd_hour_contact
CASE099,CDR20439,odd_hour_contact
CASE099,CDR20442,odd_hour_contact
CASE099,CDR20449,odd_hour_contact
CASE099,CDR20451,burst_calling
CASE099,CDR20452,burst_calling
CASE099,CDR20453,burst_calling
CASE099,CDR20454,burst_calling
CASE099,CDR20455,burst_calling
CASE099,CDR20456,odd_hour_contact
CASE099,CDR20459,odd_hour_contact
CASE099,CDR20462,odd_hour_contact
CASE099,CDR20463,burst_calling
CASE099,CDR20464,burst_calling
CASE099,CDR20465,burst_calling
CASE099,CDR20466,odd_hour_contact|burst_calling
CASE099,CDR20467,odd_hour_contact|burst_calling
CASE099,CDR20468,odd_hour_contact|burst_calling
CASE099,CDR20469,burst_calling
CASE099,CDR20470,burst_calling
CASE099,CDR20471,odd_hour_contact|burst_calling
CASE099,CDR20472,burst_calling
CASE099,CDR20473,burst_calling
CASE099,CDR20474,burst_calling
CASE099,CDR20475,odd_hour_contact
CASE099,CDR20483,single_use_contact
CASE099,CDR20484,single_use_contact
CASE099,CDR20485,single_use_contact
CASE099,CDR20486,odd_hour_contact|single_use_contact
CASE099,CDR20487,single_use_contact
CASE099,CDR20488,single_use_contact
CASE099,CDR20489,single_use_contact
CASE099,CDR20490,odd_hour_contact|single_use_contact
CASE099,CDR20491,single_use_contact
CASE099,CDR20492,single_use_contact
CASE099,CDR20493,single_use_contact
CASE099,CDR20494,single_use_contact
CASE099,CDR20495,single_use_contact
CASE099,CDR20496,single_use_contact
CASE099,CDR20497,single_use_contact
CASE099,CDR20498,odd_hour_contact|single_use_contact
CASE099,CDR20499,single_use_contact
CASE099,CDR20500,single_use_contact
CASE099,CDR20501,single_use_contact
CASE099,CDR20502,single_use_contact
CASE099,CDR20503,single_use_contact
CASE099,CDR20504,single_use_contact
CASE099,CDR20505,single_use_contact
CASE099,CDR20506,single_use_contact
CASE099,CDR20507,single_use_contact
CASE099,CDR20508,single_use_contact
CASE099,CDR20509,single_use_contact
CASE099,CDR20510,single_use_contact
CASE099,CDR20511,single_use_contact
CASE099,CDR20512,single_use_contact
CASE099,CDR20513,odd_hour_contact|single_use_contact
CASE099,CDR20514,single_use_contact
CASE099,CDR20515,single_use_contact
CASE099,CDR20516,single_use_contact
CASE099,CDR20517,single_use_contact
CASE099,CDR20518,single_use_contact
CASE099,CDR20519,single_use_contact
CASE099,CDR20520,single_use_contact
CASE099,CDR20521,single_use_contact
CASE099,CDR20522,single_use_contact
CASE099,CDR20523,single_use_contact
CASE099,CDR20524,single_use_contact
CASE099,CDR20525,single_use_contact
CASE099,CDR20526,single_use_contact
CASE099,CDR20527,single_use_contact
CASE099,CDR20528,single_use_contact
CASE099,CDR20529,single_use_contact
CASE099,CDR20530,single_use_contact
CASE099,CDR20531,single_use_contact
CASE099,CDR20532,single_use_contact
CASE099,CDR20533,odd_hour_contact|single_use_contact
CASE099,CDR20534,single_use_contact
CASE099,CDR20535,single_use_contact
CASE099,CDR20536,single_use_contact
CASE099,CDR20537,odd_hour_contact|single_use_contact
CASE099,CDR20538,single_use_contact
CASE099,CDR20539,single_use_contact
CASE099,CDR20540,single_use_contact
CASE099,CDR20541,single_use_contact
CASE099,CDR20542,single_use_contact
CASE099,CDR20543,single_use_contact
CASE099,CDR20544,single_use_contact
CASE099,CDR20545,odd_hour_contact|single_use_contact
CASE099,CDR20546,single_use_contact
CASE099,CDR20547,single_use_contact
CASE099,CDR20548,single_use_contact
CASE099,CDR20549,single_use_contact
CASE099,CDR20550,single_use_contact
CASE099,CDR20551,single_use_contact
CASE099,CDR20552,single_use_contact
CASE099,CDR20553,single_use_contact
CASE099,CDR20554,single_use_contact
CASE099,CDR20555,odd_hour_contact|single_use_contact
CASE099,CDR20556,single_use_contact
CASE099,CDR20557,single_use_contact
CASE099,CDR20558,single_use_contact
CASE099,CDR20559,single_use_contact
CASE099,CDR20560,odd_hour_contact|single_use_contact
CASE099,CDR20561,odd_hour_contact|single_use_contact
CASE099,CDR20562,odd_hour_contact|single_use_contact
CASE099,CDR20563,single_use_contact
CASE099,CDR20564,odd_hour_contact|single_use_contact
CASE099,CDR20565,single_use_contact
CASE099,CDR20566,single_use_contact
CASE099,CDR20567,single_use_contact
CASE099,CDR20568,single_use_contact
CASE099,CDR20569,single_use_contact
CASE099,CDR20570,single_use_contact
CASE099,CDR20571,single_use_contact
CASE099,CDR20572,odd_hour_contact|single_use_contact
CASE100,CDR20573,burst_calling
CASE100,CDR20574,burst_calling
CASE100,CDR20575,odd_hour_contact|burst_calling
CASE100,CDR20576,burst_calling
CASE100,CDR20577,burst_calling
CASE100,CDR20579,odd_hour_contact
CASE100,CDR20583,odd_hour_contact
CASE100,CDR20587,odd_hour_contact
CASE100,CDR20588,odd_hour_contact
CASE100,CDR20593,burst_calling
CASE100,CDR20594,burst_calling
CASE100,CDR20595,burst_calling
CASE100,CDR20596,odd_hour_contact|burst_calling
CASE100,CDR20597,burst_calling
CASE100,CDR20598,burst_calling
CASE100,CDR20599,odd_hour_contact
CASE100,CDR20601,odd_hour_contact
CASE100,CDR20604,odd_hour_contact
CASE100,CDR20612,burst_calling
CASE100,CDR20613,burst_calling
CASE100,CDR20614,odd_hour_contact|burst_calling
CASE100,CDR20615,odd_hour_contact|burst_calling
CASE100,CDR20616,burst_calling
CASE100,CDR20617,burst_calling
CASE100,CDR20618,odd_hour_contact|burst_calling
CASE100,CDR20619,burst_calling
CASE100,CDR20620,burst_calling
CASE100,CDR20621,odd_hour_contact|burst_calling
CASE100,CDR20622,burst_calling
CASE100,CDR20626,odd_hour_contact|burst_calling
CASE100,CDR20627,burst_calling
CASE100,CDR20628,burst_calling
CASE100,CDR20629,burst_calling
CASE100,CDR20630,burst_calling
CASE100,CDR20631,odd_hour_contact|single_use_contact
CASE100,CDR20632,odd_hour_contact|single_use_contact
CASE100,CDR20633,single_use_contact
CASE100,CDR20634,odd_hour_contact|single_use_contact
CASE100,CDR20635,single_use_contact
CASE100,CDR20636,single_use_contact
CASE100,CDR20637,single_use_contact
CASE100,CDR20638,single_use_contact
CASE100,CDR20639,single_use_contact
CASE100,CDR20640,single_use_contact
CASE100,CDR20641,odd_hour_contact|single_use_contact
CASE100,CDR20642,single_use_contact
CASE100,CDR20643,single_use_contact
CASE100,CDR20644,single_use_contact
CASE100,CDR20645,single_use_contact
CASE100,CDR20646,single_use_contact
CASE100,CDR20647,odd_hour_contact|single_use_contact
CASE100,CDR20648,odd_hour_contact|single_use_contact
CASE100,CDR20649,single_use_contact
CASE100,CDR20650,single_use_contact
CASE100,CDR20651,odd_hour_contact|single_use_contact
CASE100,CDR20652,single_use_contact
CASE100,CDR20653,odd_hour_contact|single_use_contact
CASE100,CDR20654,single_use_contact
CASE100,CDR20655,single_use_contact
CASE100,CDR20656,single_use_contact
CASE100,CDR20657,single_use_contact
CASE100,CDR20658,single_use_contact
CASE100,CDR20659,single_use_contact
CASE100,CDR20660,single_use_contact
CASE100,CDR20661,single_use_contact
CASE100,CDR20662,single_use_contact
CASE100,CDR20663,single_use_contact
CASE100,CDR20664,single_use_contact
CASE100,CDR20665,single_use_contact
CASE100,CDR20666,single_use_contact
CASE100,CDR20667,odd_hour_contact|single_use_contact
CASE100,CDR20668,single_use_contact
CASE100,CDR20669,odd_hour_contact|single_use_contact
CASE100,CDR20670,single_use_contact
CASE100,CDR20671,single_use_contact
CASE100,CDR20672,single_use_contact
CASE100,CDR20673,single_use_contact
CASE100,CDR20674,odd_hour_contact|single_use_contact
CASE100,CDR20675,single_use_contact
CASE100,CDR20676,single_use_contact
CASE100,CDR20677,odd_hour_contact|single_use_contact
CASE100,CDR20678,single_use_contact
CASE100,CDR20679,single_use_contact
CASE100,CDR20680,single_use_contact
CASE100,CDR20681,odd_hour_contact|single_use_contact
CASE100,CDR20682,single_use_contact
CASE100,CDR20683,single_use_contact
CASE100,CDR20684,single_use_contact
CASE100,CDR20685,odd_hour_contact|single_use_contact
CASE100,CDR20686,single_use_contact
CASE100,CDR20687,single_use_contact
CASE100,CDR20688,single_use_contact
CASE100,CDR20689,single_use_contact
CASE100,CDR20690,odd_hour_contact|single_use_contact
CASE100,CDR20691,single_use_contact
CASE100,CDR20692,single_use_contact
CASE100,CDR20693,odd_hour_contact|single_use_contact
CASE100,CDR20694,single_use_contact
CASE100,CDR20695,single_use_contact
CASE100,CDR20696,odd_hour_contact|single_use_contact
CASE100,CDR20697,odd_hour_contact|single_use_contact
CASE100,CDR20698,single_use_contact
CASE100,CDR20699,single_use_contact
CASE100,CDR20700,single_use_contact
CASE100,CDR20701,single_use_contact
CASE100,CDR20702,odd_hour_contact|single_use_contact
CASE100,CDR20703,single_use_contact
CASE100,CDR20704,single_use_contact
CASE100,CDR20705,single_use_contact
CASE100,CDR20706,single_use_contact
CASE100,CDR20707,single_use_contact
CASE100,CDR20708,single_use_contact
CASE100,CDR20709,single_use_contact
CASE100,CDR20710,odd_hour_contact|single_use_contact
CASE100,CDR20711,single_use_contact
CASE100,CDR20712,single_use_contact
CASE100,CDR20713,single_use_contact
CASE100,CDR20714,single_use_contact
CASE100,CDR20715,single_use_contact
CASE100,CDR20716,single_use_contact
CASE100,CDR20717,single_use_contact
CASE100,CDR20718,odd_hour_contact|single_use_contact
CASE100,CDR20719,single_use_contact
CASE100,CDR20720,single_use_contact
