case_id,source,target,label,split
CASE001,P0475,P0038,1,train
CASE001,P0321,P0861,1,train
CASE001,P0163,P0019,1,train
CASE001,P0269,P0867,1,train
CASE001,P0624,P0144,1,train
CASE001,P0076,P0270,1,train
CASE001,P0745,P0107,1,train
CASE001,P0635,P0745,1,train
CASE001,P0270,P0493,1,train
CASE001,P0607,P0201,1,train
CASE001,P0981,P0520,1,train
CASE001,P0520,P0536,1,train
CASE001,P0144,P0887,1,train
CASE001,P0038,P0907,1,train
CASE001,P0107,P0076,1,train
CASE001,P0019,P0635,1,train
CASE001,P0236,P0321,1,train
CASE001,P0286,P0236,1,train
CASE001,P0172,P0508,1,train
CASE001,P0861,P0967,1,train
CASE001,P0201,P0914,1,train
CASE001,P0212,P0338,1,train
CASE001,P0824,P0980,1,train
CASE001,P0980,P0013,1,train
CASE001,P0344,P0172,1,train
CASE001,P0967,P0475,1,train
CASE001,P0887,P0607,1,train
CASE001,P0508,P0119,1,test
CASE001,P0469,P0163,1,test
CASE001,P0119,P0212,1,test
CASE001,P0013,P0269,1,test
CASE001,P0083,P0286,1,test
CASE001,P0907,P0006,1,test
CASE001,P0536,P0624,1,test
CASE001,P0493,P0824,1,test
CASE001,P0914,P0469,1,test
CASE001,P0867,P0344,1,test
CASE001,P0338,P0083,1,test
CASE001,P0824,P0520,0,test
CASE001,P0038,P0493,0,test
CASE001,P0536,P0144,0,test
CASE001,P0201,P0887,0,test
CASE001,P0163,P0013,0,test
CASE001,P0006,P0824,0,test
CASE001,P0907,P0019,0,test
CASE001,P0493,P0144,0,test
CASE001,P0907,P0745,0,test
CASE001,P0286,P0624,0,test
CASE001,P0201,P0019,0,test
CASE001,P0867,P0824,0,train
CASE001,P0338,P0635,0,train
CASE001,P0508,P0019,0,train
CASE001,P0083,P0624,0,train
CASE001,P0907,P0119,0,train
CASE001,P0201,P0475,0,train
CASE001,P0236,P0508,0,train
CASE001,P0861,P0907,0,train
CASE001,P0163,P0144,0,train
CASE001,P0861,P0172,0,train
CASE001,P0861,P0144,0,train
CASE001,P0907,P0536,0,train
CASE001,P0019,P0861,0,train
CASE001,P0469,P0236,0,train
CASE001,P0083,P0861,0,train
CASE001,P0520,P0624,0,train
CASE001,P0107,P0338,0,train
CASE001,P0006,P0981,0,train
CASE001,P0270,P0019,0,train
CASE001,P0344,P0887,0,train
CASE001,P0338,P0269,0,train
CASE001,P0493,P0624,0,train
CASE001,P0172,P0887,0,train
CASE001,P0745,P0006,0,train
CASE001,P0981,P0624,0,train
CASE001,P0236,P0163,0,train
CASE001,P0967,P0824,0,train
CASE002,P0905,P0017,1,train
CASE002,P0905,P0125,1,train
CASE002,P0905,P0552,1,train
CASE002,P0905,P0060,1,train
CASE002,P0905,P0665,1,train
CASE002,P0905,P0234,1,train
CASE002,P0905,P0677,1,train
CASE002,P0905,P0663,1,train
CASE002,P0905,P0049,1,train
CASE002,P0905,P0524,1,train
CASE002,P0905,P0082,1,train
CASE002,P0905,P0325,1,train
CASE002,P0905,P0844,1,train
CASE002,P0905,P0417,1,train
CASE002,P0905,P0773,1,train
CASE002,P0905,P0182,1,train
CASE002,P0905,P0920,1,train
CASE002,P0905,P0925,1,train
CASE002,P0905,P0964,1,train
CASE002,P0905,P0916,1,train
CASE002,P0905,P0917,1,train
CASE002,P0905,P0555,1,test
CASE002,P0905,P0320,1,test
CASE002,P0905,P0904,1,test
CASE002,P0905,P0029,1,test
CASE002,P0905,P0949,1,test
CASE002,P0905,P0730,1,test
CASE002,P0905,P0063,1,test
CASE002,P0905,P0003,1,test
CASE002,P0905,P0919,1,test
CASE002,P0773,P0029,0,test
CASE002,P0060,P0844,0,test
CASE002,P0917,P0325,0,test
CASE002,P0320,P0060,0,test
CASE002,P0182,P0325,0,test
CASE002,P0919,P0773,0,test
CASE002,P0325,P0964,0,test
CASE002,P0919,P0082,0,test
CASE002,P0730,P0182,0,test
CASE002,P0003,P0917,0,train
CASE002,P0949,P0003,0,train
CASE002,P0919,P0029,0,train
CASE002,P0920,P0925,0,train
CASE002,P0017,P0320,0,train
CASE002,P0949,P0919,0,train
CASE002,P0730,P0524,0,train
CASE002,P0063,P0017,0,train
CASE002,P0320,P0063,0,train
CASE002,P0017,P0844,0,train
CASE002,P0555,P0060,0,train
CASE002,P0049,P0003,0,train
CASE002,P0182,P0063,0,train
CASE002,P0325,P0925,0,train
CASE002,P0904,P0919,0,train
CASE002,P0060,P0964,0,train
CASE002,P0663,P0325,0,train
CASE002,P0063,P0919,0,train
CASE002,P0555,P0844,0,train
CASE002,P0552,P0125,0,train
CASE002,P0677,P0920,0,train
CASE003,P0037,P0990,1,train
CASE003,P0217,P0423,1,train
CASE003,P0037,P0607,1,train
CASE003,P0037,P1000,1,train
CASE003,P0037,P0154,1,train
CASE003,P0217,P0351,1,train
CASE003,P0217,P0019,1,train
CASE003,P0037,P0584,1,train
CASE003,P0037,P0523,1,train
CASE003,P0217,P0894,1,train
CASE003,P0037,P0421,1,train
CASE003,P0217,P0784,1,test
CASE003,P0037,P0173,1,test
CASE003,P0217,P0605,1,test
CASE003,P0217,P0539,1,test
CASE003,P0037,P0001,1,test
CASE003,P0584,P0001,0,test
CASE003,P0217,P0990,0,test
CASE003,P0990,P0423,0,test
CASE003,P0019,P0784,0,test
CASE003,P0001,P0351,0,test
CASE003,P0894,P0351,0,train
CASE003,P0894,P0423,0,train
CASE003,P0001,P1000,0,train
CASE003,P0894,P0605,0,train
CASE003,P0784,P0421,0,train
CASE003,P0019,P0894,0,train
CASE003,P0523,P0607,0,train
CASE003,P0605,P0173,0,train
CASE003,P0605,P0423,0,train
CASE003,P0894,P0001,0,train
CASE003,P0351,P0584,0,train
CASE004,P0662,P0775,1,train
CASE004,P0662,P0976,1,train
CASE004,P0662,P0964,1,train
CASE004,P0662,P0257,1,train
CASE004,P0662,P0179,1,train
CASE004,P0662,P0792,1,train
CASE004,P0662,P0595,1,train
CASE004,P0662,P0081,1,train
CASE004,P0662,P0307,1,test
CASE004,P0662,P0726,1,test
CASE004,P0662,P0841,1,test
CASE004,P0841,P0257,0,test
CASE004,P0257,P0726,0,test
CASE004,P0257,P0307,0,test
CASE004,P0081,P0257,0,train
CASE004,P0595,P0976,0,train
CASE004,P0595,P0081,0,train
CASE004,P0841,P0964,0,train
CASE004,P0976,P0257,0,train
CASE004,P0775,P0179,0,train
CASE004,P0792,P0976,0,train
CASE004,P0775,P0841,0,train
CASE005,P0509,P0414,1,train
CASE005,P0509,P0782,1,train
CASE005,P0509,P0639,1,train
CASE005,P0509,P0622,1,train
CASE005,P0509,P0450,1,train
CASE005,P0509,P0093,1,train
CASE005,P0509,P0705,1,train
CASE005,P0509,P0765,1,test
CASE005,P0509,P0327,1,test
CASE005,P0509,P0432,1,test
CASE005,P0622,P0414,0,test
CASE005,P0765,P0414,0,test
CASE005,P0639,P0093,0,test
CASE005,P0093,P0622,0,train
CASE005,P0782,P0432,0,train
CASE005,P0622,P0639,0,train
CASE005,P0327,P0705,0,train
CASE005,P0765,P0432,0,train
CASE005,P0450,P0327,0,train
CASE005,P0432,P0450,0,train
CASE007,P0918,P0267,1,train
CASE007,P0053,P0158,1,train
CASE007,P0584,P0053,1,train
CASE007,P0586,P0918,1,train
CASE007,P0267,P0584,1,train
CASE007,P0207,P0303,1,test
CASE007,P0303,P0586,1,test
CASE007,P0303,P0584,0,test
CASE007,P0586,P0267,0,test
CASE007,P0207,P0584,0,train
CASE007,P0207,P0918,0,train
CASE007,P0158,P0918,0,train
CASE007,P0584,P0586,0,train
CASE007,P0158,P0207,0,train
CASE008,P0922,P0463,1,train
CASE008,P0922,P0333,1,train
CASE008,P0922,P0451,1,train
CASE008,P0922,P0913,1,train
CASE008,P0922,P0954,1,train
CASE008,P0922,P0301,1,train
CASE008,P0922,P0195,1,train
CASE008,P0922,P0293,1,train
CASE008,P0922,P0212,1,train
CASE008,P0922,P0908,1,train
CASE008,P0922,P0318,1,train
CASE008,P0922,P0805,1,train
CASE008,P0922,P0763,1,train
CASE008,P0922,P0470,1,train
CASE008,P0922,P0351,1,train
CASE008,P0922,P0674,1,train
CASE008,P0922,P0945,1,train
CASE008,P0922,P0902,1,train
CASE008,P0922,P0941,1,train
CASE008,P0922,P0844,1,train
CASE008,P0922,P0229,1,train
CASE008,P0922,P0661,1,train
CASE008,P0922,P0205,1,train
CASE008,P0922,P0108,1,train
CASE008,P0922,P0876,1,train
CASE008,P0922,P0289,1,train
CASE008,P0922,P0885,1,train
CASE008,P0922,P0505,1,train
CASE008,P0922,P0586,1,train
CASE008,P0922,P0806,1,train
CASE008,P0922,P0377,1,train
CASE008,P0922,P0148,1,train
CASE008,P0922,P0996,1,train
CASE008,P0922,P0490,1,train
CASE008,P0922,P0662,1,train
CASE008,P0922,P0408,1,train
CASE008,P0922,P0447,1,train
CASE008,P0922,P0023,1,train
CASE008,P0922,P0043,1,train
CASE008,P0922,P0964,1,train
CASE008,P0922,P0049,1,train
CASE008,P0922,P0788,1,train
CASE008,P0922,P0298,1,train
CASE008,P0922,P0066,1,train
CASE008,P0922,P0424,1,train
CASE008,P0922,P0001,1,train
CASE008,P0922,P0669,1,train
CASE008,P0922,P0414,1,train
CASE008,P0922,P0555,1,train
CASE008,P0922,P0220,1,train
CASE008,P0922,P0154,1,train
CASE008,P0922,P0667,1,test
CASE008,P0922,P0760,1,test
CASE008,P0922,P0736,1,test
CASE008,P0922,P0746,1,test
CASE008,P0922,P0459,1,test
CASE008,P0922,P0035,1,test
CASE008,P0922,P0085,1,test
CASE008,P0922,P0171,1,test
CASE008,P0922,P0135,1,test
CASE008,P0922,P0188,1,test
CASE008,P0922,P0777,1,test
CASE008,P0922,P0860,1,test
CASE008,P0922,P0722,1,test
CASE008,P0922,P0004,1,test
CASE008,P0922,P0375,1,test
CASE008,P0922,P0218,1,test
CASE008,P0922,P0774,1,test
CASE008,P0922,P0617,1,test
CASE008,P0922,P0926,1,test
CASE008,P0922,P0966,1,test
CASE008,P0922,P0593,1,test
CASE008,P0922,P0528,1,test
CASE008,P0066,P0908,0,test
CASE008,P0375,P0667,0,test
CASE008,P0414,P0375,0,test
CASE008,P0788,P0148,0,test
CASE008,P0066,P0555,0,test
CASE008,P0023,P0298,0,test
CASE008,P0293,P0220,0,test
CASE008,P0722,P0459,0,test
CASE008,P0902,P0351,0,test
CASE008,P0669,P0218,0,test
CASE008,P0763,P0844,0,test
CASE008,P0066,P0586,0,test
CASE008,P0505,P0661,0,test
CASE008,P0463,P0377,0,test
CASE008,P0746,P0777,0,test
CASE008,P0049,P0463,0,test
CASE008,P0667,P0023,0,test
CASE008,P0004,P0926,0,test
CASE008,P0885,P0555,0,test
CASE008,P0188,P0004,0,test
CASE008,P0301,P0289,0,test
CASE008,P0301,P0188,0,test
CASE008,P0722,P0736,0,train
CASE008,P0885,P0447,0,train
CASE008,P0212,P0463,0,train
CASE008,P0788,P0049,0,train
CASE008,P0195,P0885,0,train
CASE008,P0674,P0555,0,train
CASE008,P0301,P0736,0,train
CASE008,P0218,P0470,0,train
CASE008,P0293,P0667,0,train
CASE008,P0586,P0760,0,train
CASE008,P0154,P0298,0,train
CASE008,P0293,P0205,0,train
CASE008,P0844,P0171,0,train
CASE008,P0470,P0661,0,train
CASE008,P0154,P0586,0,train
CASE008,P0805,P0876,0,train
CASE008,P0414,P0661,0,train
CASE008,P0451,P0806,0,train
CASE008,P0301,P0049,0,train
CASE008,P0154,P0447,0,train
CASE008,P0035,P0004,0,train
CASE008,P0908,P0414,0,train
CASE008,P0996,P0171,0,train
CASE008,P0661,P0996,0,train
CASE008,P0085,P0926,0,train
CASE008,P0408,P0876,0,train
CASE008,P0188,P0788,0,train
CASE008,P0528,P0066,0,train
CASE008,P0885,P0408,0,train
CASE008,P0593,P0913,0,train
CASE008,P0066,P0459,0,train
CASE008,P0459,P0463,0,train
CASE008,P0996,P0505,0,train
CASE008,P0806,P0966,0,train
CASE008,P0135,P0451,0,train
CASE008,P0902,P0593,0,train
CASE008,P0760,P0293,0,train
CASE008,P0463,P0669,0,train
CASE008,P0722,P0805,0,train
CASE008,P0860,P0301,0,train
CASE008,P0424,P0318,0,train
CASE008,P0049,P0722,0,train
CASE008,P0212,P0459,0,train
CASE008,P0004,P0066,0,train
CASE008,P0463,P0451,0,train
CASE008,P0954,P0459,0,train
CASE008,P0966,P0154,0,train
CASE008,P0220,P0333,0,train
CASE008,P0301,P0375,0,train
CASE008,P0760,P0966,0,train
CASE008,P0205,P0941,0,train
CASE009,P0538,P0709,1,train
CASE009,P0225,P0083,1,train
CASE009,P0374,P0517,1,train
CASE009,P0029,P0012,1,train
CASE009,P0871,P0055,1,train
CASE009,P0838,P0016,1,train
CASE009,P0041,P0250,1,train
CASE009,P0247,P0153,1,train
CASE009,P0426,P0380,1,train
CASE009,P0505,P0332,1,train
CASE009,P0340,P0282,1,train
CASE009,P0599,P0905,1,train
CASE009,P0421,P0787,1,train
CASE009,P0599,P0426,1,train
CASE009,P0250,P0826,1,train
CASE009,P0755,P0041,1,train
CASE009,P0567,P0323,1,train
CASE009,P0430,P0225,1,train
CASE009,P0436,P0133,1,train
CASE009,P0200,P0567,1,train
CASE009,P0840,P0990,1,train
CASE009,P0964,P0076,1,train
CASE009,P0083,P0125,1,train
CASE009,P0740,P0505,1,train
CASE009,P0440,P0421,1,train
CASE009,P0133,P0567,1,train
CASE009,P0323,P0041,1,train
CASE009,P0445,P0140,1,train
CASE009,P0225,P0798,1,train
CASE009,P0814,P0905,1,train
CASE009,P0658,P0861,1,train
CASE009,P0798,P0125,1,train
CASE009,P0547,P0225,1,train
CASE009,P0076,P0315,1,train
CASE009,P0351,P0838,1,train
CASE009,P0103,P0076,1,train
CASE009,P0979,P0013,1,train
CASE009,P0399,P0967,1,train
CASE009,P0861,P0827,1,train
CASE009,P0013,P0838,1,train
CASE009,P0572,P0247,1,train
CASE009,P0609,P0436,1,train
CASE009,P0440,P0787,1,train
CASE009,P0013,P0351,1,train
CASE009,P0255,P0740,1,train
CASE009,P0125,P0670,1,train
CASE009,P0990,P0421,1,train
CASE009,P0658,P0294,1,train
CASE009,P0200,P0133,1,train
CASE009,P0505,P0445,1,train
CASE009,P0858,P0871,1,train
CASE009,P0282,P0517,1,train
CASE009,P0008,P0140,1,train
CASE009,P0967,P0979,1,train
CASE009,P0083,P0798,1,train
CASE009,P0141,P0029,1,train
CASE009,P0709,P0248,1,train
CASE009,P0651,P0247,1,train
CASE009,P0421,P0376,1,train
CASE009,P0228,P0340,1,train
CASE009,P0380,P0103,1,train
CASE009,P0374,P0814,1,train
CASE009,P0517,P0814,1,train
CASE009,P0517,P0599,1,train
CASE009,P0886,P0538,1,train
CASE009,P0858,P0012,1,train
CASE009,P0376,P0572,1,train
CASE009,P0029,P0858,1,train
CASE009,P0137,P0029,1,train
CASE009,P0436,P0200,1,train
CASE009,P0964,P0315,1,train
CASE009,P0164,P0709,1,train
CASE009,P0826,P0840,1,train
CASE009,P0103,P0964,1,train
CASE009,P0798,P0670,1,train
CASE009,P0294,P0827,1,train
CASE009,P0124,P0430,1,train
CASE009,P0967,P0013,1,train
CASE009,P0838,P0472,1,train
CASE009,P0315,P0740,1,train
CASE009,P0787,P0376,1,train
CASE009,P0572,P0651,1,train
CASE009,P0529,P0141,1,train
CASE009,P0472,P0137,1,train
CASE009,P0140,P0886,1,train
CASE009,P0133,P0323,1,train
CASE009,P0445,P0008,1,train
CASE009,P0323,P0755,1,train
CASE009,P0055,P0208,1,train
CASE009,P0055,P0725,1,train
CASE009,P0008,P0400,1,train
CASE009,P0248,P0436,1,train
CASE009,P0740,P0332,1,train
CASE009,P0400,P0538,1,train
CASE009,P0141,P0858,1,train
CASE009,P0248,P0609,1,train
CASE009,P0250,P0840,1,train
CASE009,P0076,P0255,1,train
CASE009,P0529,P0137,1,train
CASE009,P0538,P0164,1,train
CASE009,P0670,P0340,1,train
CASE009,P0609,P0200,1,train
CASE009,P0826,P0990,1,train
CASE009,P0153,P0658,1,train
CASE009,P0125,P0228,1,train
CASE009,P0651,P0153,1,train
CASE009,P0351,P0016,1,train
CASE009,P0871,P0725,1,train
CASE009,P0397,P0248,1,train
CASE009,P0137,P0141,1,test
CASE009,P0709,P0397,1,test
CASE009,P0547,P0083,1,test
CASE009,P0247,P0658,1,test
CASE009,P0164,P0397,1,test
CASE009,P0016,P0472,1,test
CASE009,P0905,P0426,1,test
CASE009,P0041,P0826,1,test
CASE009,P0380,P0964,1,test
CASE009,P0315,P0255,1,test
CASE009,P0153,P0294,1,test
CASE009,P0400,P0886,1,test
CASE009,P0763,P0967,1,test
CASE009,P0814,P0599,1,test
CASE009,P0208,P0124,1,test
CASE009,P0430,P0547,1,test
CASE009,P0332,P0008,1,test
CASE009,P0787,P0572,1,test
CASE009,P0755,P0250,1,test
CASE009,P0012,P0055,1,test
CASE009,P0012,P0871,1,test
CASE009,P0567,P0755,1,test
CASE009,P0255,P0505,1,test
CASE009,P0340,P0374,1,test
CASE009,P0294,P0861,1,test
CASE009,P0140,P0400,1,test
CASE009,P0208,P0430,1,test
CASE009,P0332,P0445,1,test
CASE009,P0905,P0380,1,test
CASE009,P0426,P0103,1,test
CASE009,P0228,P0282,1,test
CASE009,P0016,P0529,1,test
CASE009,P0990,P0440,1,test
CASE009,P0124,P0547,1,test
CASE009,P0282,P0374,1,test
CASE009,P0979,P0351,1,test
CASE009,P0376,P0651,1,test
CASE009,P0399,P0979,1,test
CASE009,P0725,P0208,1,test
CASE009,P0763,P0399,1,test
CASE009,P0725,P0124,1,test
CASE009,P0840,P0440,1,test
CASE009,P0886,P0164,1,test
CASE009,P0670,P0228,1,test
CASE009,P0397,P0609,1,test
CASE009,P0472,P0529,1,test
CASE009,P0505,P0124,0,test
CASE009,P0055,P0008,0,test
CASE009,P0376,P0012,0,test
CASE009,P0599,P0886,0,test
CASE009,P0886,P0440,0,test
CASE009,P0332,P0397,0,test
CASE009,P0255,P0871,0,test
CASE009,P0725,P0840,0,test
CASE009,P0567,P0967,0,test
CASE009,P0421,P0517,0,test
CASE009,P0374,P0763,0,test
CASE009,P0658,P0228,0,test
CASE009,P0228,P0374,0,test
CASE009,P0763,P0826,0,test
CASE009,P0141,P0905,0,test
CASE009,P0397,P0763,0,test
CASE009,P0124,P0076,0,test
CASE009,P0436,P0125,0,test
CASE009,P0861,P0016,0,test
CASE009,P0351,P0332,0,test
CASE009,P0827,P0083,0,test
CASE009,P0445,P0436,0,test
CASE009,P0567,P0599,0,test
CASE009,P0055,P0651,0,test
CASE009,P0012,P0008,0,test
CASE009,P0529,P0964,0,test
CASE009,P0374,P0599,0,test
CASE009,P0858,P0376,0,test
CASE009,P0538,P0826,0,test
CASE009,P0886,P0228,0,test
CASE009,P0421,P0814,0,test
CASE009,P0838,P0445,0,test
CASE009,P0905,P0651,0,test
CASE009,P0840,P0376,0,test
CASE009,P0397,P0670,0,test
CASE009,P0294,P0140,0,test
CASE009,P0013,P0376,0,test
CASE009,P0380,P0445,0,test
CASE009,P0658,P0400,0,test
CASE009,P0826,P0472,0,test
CASE009,P0740,P0076,0,test
CASE009,P0572,P0517,0,test
CASE009,P0838,P0426,0,test
CASE009,P0323,P0399,0,test
CASE009,P0380,P0709,0,test
CASE009,P0016,P0124,0,test
CASE009,P0871,P0861,0,train
CASE009,P0827,P0380,0,train
CASE009,P0838,P0125,0,train
CASE009,P0472,P0858,0,train
CASE009,P0440,P0282,0,train
CASE009,P0858,P0137,0,train
CASE009,P0725,P0041,0,train
CASE009,P0137,P0124,0,train
CASE009,P0827,P0505,0,train
CASE009,P0430,P0400,0,train
CASE009,P0858,P0740,0,train
CASE009,P0076,P0225,0,train
CASE009,P0505,P0871,0,train
CASE009,P0141,P0012,0,train
CASE009,P0905,P0755,0,train
CASE009,P0141,P0964,0,train
CASE009,P0380,P0076,0,train
CASE009,P0400,P0153,0,train
CASE009,P0709,P0670,0,train
CASE009,P0658,P0315,0,train
CASE009,P0153,P0861,0,train
CASE009,P0763,P0153,0,train
CASE009,P0871,P0124,0,train
CASE009,P0076,P0008,0,train
CASE009,P0787,P0164,0,train
CASE009,P0125,P0861,0,train
CASE009,P0755,P0164,0,train
CASE009,P0153,P0376,0,train
CASE009,P0436,P0282,0,train
CASE009,P0725,P0967,0,train
CASE009,P0374,P0905,0,train
CASE009,P0380,P0248,0,train
CASE009,P0547,P0380,0,train
CASE009,P0798,P0740,0,train
CASE009,P0840,P0029,0,train
CASE009,P0763,P0340,0,train
CASE009,P0886,P0041,0,train
CASE009,P0013,P0137,0,train
CASE009,P0798,P0029,0,train
CASE009,P0858,P0083,0,train
CASE009,P0871,P0332,0,train
CASE009,P0787,P0374,0,train
CASE009,P0374,P0083,0,train
CASE009,P0124,P0133,0,train
CASE009,P0709,P0399,0,train
CASE009,P0436,P0838,0,train
CASE009,P0421,P0599,0,train
CASE009,P0012,P0472,0,train
CASE009,P0351,P0517,0,train
CASE009,P0599,P0016,0,train
CASE009,P0124,P0041,0,train
CASE009,P0228,P0440,0,train
CASE009,P0858,P0016,0,train
CASE009,P0838,P0137,0,train
CASE009,P0440,P0709,0,train
CASE009,P0208,P0399,0,train
CASE009,P0228,P0990,0,train
CASE009,P0505,P0990,0,train
CASE009,P0250,P0567,0,train
CASE009,P0076,P0979,0,train
CASE009,P0670,P0599,0,train
CASE009,P0814,P0658,0,train
CASE009,P0013,P0399,0,train
CASE009,P0472,P0083,0,train
CASE009,P0827,P0248,0,train
CASE009,P0137,P0225,0,train
CASE009,P0008,P0133,0,train
CASE009,P0426,P0248,0,train
CASE009,P0103,P0538,0,train
CASE009,P0798,P0599,0,train
CASE009,P0609,P0351,0,train
CASE009,P0787,P0529,0,train
CASE009,P0255,P0140,0,train
CASE009,P0153,P0430,0,train
CASE009,P0651,P0041,0,train
CASE009,P0248,P0798,0,train
CASE009,P0572,P0332,0,train
CASE009,P0137,P0103,0,train
CASE009,P0798,P0380,0,train
CASE009,P0228,P0016,0,train
CASE009,P0323,P0374,0,train
CASE009,P0013,P0248,0,train
CASE009,P0725,P0137,0,train
CASE009,P0538,P0012,0,train
CASE009,P0755,P0440,0,train
CASE009,P0964,P0871,0,train
CASE009,P0861,P0323,0,train
CASE009,P0228,P0376,0,train
CASE009,P0670,P0538,0,train
CASE009,P0798,P0426,0,train
CASE009,P0141,P0445,0,train
CASE009,P0967,P0103,0,train
CASE009,P0964,P0840,0,train
CASE009,P0137,P0572,0,train
CASE009,P0332,P0294,0,train
CASE009,P0323,P0282,0,train
CASE009,P0858,P0572,0,train
CASE009,P0315,P0294,0,train
CASE009,P0228,P0208,0,train
CASE009,P0351,P0861,0,train
CASE009,P0055,P0374,0,train
CASE009,P0323,P0905,0,train
CASE009,P0547,P0029,0,train
CASE009,P0248,P0376,0,train
CASE009,P0029,P0225,0,train
CASE009,P0340,P0905,0,train
CASE009,P0029,P0658,0,train
CASE009,P0141,P0076,0,train
CASE009,P0399,P0567,0,train
CASE010,P0288,P0939,1,train
CASE010,P0288,P0280,1,train
CASE010,P0288,P0694,1,train
CASE010,P0288,P0904,1,train
CASE010,P0288,P0967,1,train
CASE010,P0288,P0830,1,train
CASE010,P0288,P0720,1,train
CASE010,P0288,P0319,1,train
CASE010,P0288,P0534,1,train
CASE010,P0288,P0807,1,train
CASE010,P0288,P0565,1,train
CASE010,P0288,P0006,1,train
CASE010,P0288,P0960,1,train
CASE010,P0288,P0832,1,train
CASE010,P0288,P0159,1,train
CASE010,P0288,P0983,1,train
CASE010,P0288,P0794,1,train
CASE010,P0288,P0028,1,train
CASE010,P0288,P0499,1,train
CASE010,P0288,P0815,1,train
CASE010,P0288,P0428,1,train
CASE010,P0288,P0440,1,train
CASE010,P0288,P0809,1,train
CASE010,P0288,P0416,1,train
CASE010,P0288,P0486,1,train
CASE010,P0288,P0353,1,train
CASE010,P0288,P0085,1,train
CASE010,P0288,P0506,1,train
CASE010,P0288,P0144,1,train
CASE010,P0288,P0840,1,train
CASE010,P0288,P0978,1,train
CASE010,P0288,P0141,1,test
CASE010,P0288,P0076,1,test
CASE010,P0288,P0814,1,test
CASE010,P0288,P0231,1,test
CASE010,P0288,P0594,1,test
CASE010,P0288,P0746,1,test
CASE010,P0288,P0436,1,test
CASE010,P0288,P0730,1,test
CASE010,P0288,P0129,1,test
CASE010,P0288,P0124,1,test
CASE010,P0288,P0510,1,test
CASE010,P0288,P0061,1,test
CASE010,P0288,P0210,1,test
CASE010,P0288,P0999,1,test
CASE010,P0999,P0486,0,test
CASE010,P0904,P0141,0,test
CASE010,P0231,P0319,0,test
CASE010,P0124,P0486,0,test
CASE010,P0510,P0594,0,test
CASE010,P0534,P0960,0,test
CASE010,P0428,P0960,0,test
CASE010,P0124,P0061,0,test
CASE010,P0809,P0061,0,test
CASE010,P0983,P0720,0,test
CASE010,P0939,P0534,0,test
CASE010,P0506,P0840,0,test
CASE010,P0124,P0999,0,test
CASE010,P0436,P0815,0,test
CASE010,P0486,P0085,0,train
CASE010,P0814,P0499,0,train
CASE010,P0085,P0939,0,train
CASE010,P0076,P0978,0,train
CASE010,P0720,P0129,0,train
CASE010,P0815,P0746,0,train
CASE010,P0840,P0124,0,train
CASE010,P0210,P0510,0,train
CASE010,P0486,P0428,0,train
CASE010,P0141,P0594,0,train
CASE010,P0840,P0436,0,train
CASE010,P0144,P0960,0,train
CASE010,P0809,P0440,0,train
CASE010,P0506,P0904,0,train
CASE010,P0999,P0832,0,train
CASE010,P0999,P0210,0,train
CASE010,P0353,P0565,0,train
CASE010,P0076,P0960,0,train
CASE010,P0061,P0720,0,train
CASE010,P0006,P0939,0,train
CASE010,P0565,P0999,0,train
CASE010,P0428,P0904,0,train
CASE010,P0815,P0960,0,train
CASE010,P0319,P0534,0,train
CASE010,P0815,P0814,0,train
CASE010,P0124,P0809,0,train
CASE010,P0144,P0280,0,train
CASE010,P0830,P0499,0,train
CASE010,P0999,P0141,0,train
CASE010,P0960,P0416,0,train
CASE010,P0061,P0506,0,train
CASE011,P0510,P0437,1,train
CASE011,P0361,P0402,1,train
CASE011,P0437,P0361,1,train
CASE011,P0705,P0402,1,train
CASE011,P0649,P0437,1,train
CASE011,P0137,P0705,1,train
CASE011,P0705,P0842,1,train
CASE011,P0549,P0794,1,train
CASE011,P0402,P0549,1,train
CASE011,P0587,P0416,1,train
CASE011,P0794,P0034,1,train
CASE011,P0842,P0549,1,train
CASE011,P0549,P0587,1,train
CASE011,P0587,P0794,1,train
CASE011,P0510,P0137,1,train
CASE011,P0137,P0361,1,train
CASE011,P0402,P0842,1,test
CASE011,P0649,P0510,1,test
CASE011,P0416,P0034,1,test
CASE011,P0794,P0416,1,test
CASE011,P0437,P0137,1,test
CASE011,P0842,P0587,1,test
CASE011,P0361,P0705,1,test
CASE011,P0137,P0794,0,test
CASE011,P0549,P0510,0,test
CASE011,P0034,P0587,0,test
CASE011,P0705,P0587,0,test
CASE011,P0794,P0705,0,test
CASE011,P0402,P0587,0,test
CASE011,P0437,P0549,0,test
CASE011,P0842,P0034,0,train
CASE011,P0510,P0034,0,train
CASE011,P0361,P0416,0,train
CASE011,P0587,P0649,0,train
CASE011,P0794,P0649,0,train
CASE011,P0842,P0361,0,train
CASE011,P0034,P0402,0,train
CASE011,P0402,P0437,0,train
CASE011,P0549,P0137,0,train
CASE011,P0416,P0137,0,train
CASE011,P0437,P0794,0,train
CASE011,P0361,P0794,0,train
CASE011,P0510,P0705,0,train
CASE011,P0649,P0137,0,train
CASE011,P0842,P0794,0,train
CASE011,P0587,P0361,0,train
CASE012,P0715,P0637,1,train
CASE012,P0235,P0670,1,train
CASE012,P0637,P0257,1,train
CASE012,P0257,P0096,1,train
CASE012,P0670,P0715,1,train
CASE012,P0174,P0927,1,test
CASE012,P0927,P0235,1,test
CASE012,P0257,P0715,0,test
CASE012,P0927,P0096,0,test
CASE012,P0174,P0257,0,train
CASE012,P0235,P0637,0,train
CASE012,P0257,P0927,0,train
CASE012,P0174,P0715,0,train
CASE012,P0096,P0235,0,train
CASE013,P0759,P0344,1,train
CASE013,P0309,P0383,1,train
CASE013,P0325,P0759,1,train
CASE013,P0196,P0759,1,test
CASE013,P0309,P0759,0,test
CASE013,P0309,P0443,0,train
CASE013,P0344,P0309,0,train
CASE013,P0309,P0196,0,train
CASE014,P0454,P0801,1,train
CASE014,P0342,P0843,1,train
CASE014,P0889,P0703,1,train
CASE014,P0703,P0643,1,train
CASE014,P0001,P0691,1,train
CASE014,P0610,P0332,1,train
CASE014,P0414,P0861,1,train
CASE014,P0643,P0414,1,train
CASE014,P0627,P0807,1,train
CASE014,P0861,P0266,1,train
CASE014,P0116,P0616,1,train
CASE014,P0171,P0001,1,train
CASE014,P0234,P0666,1,train
CASE014,P0666,P0610,1,train
CASE014,P0266,P0627,1,train
CASE014,P0332,P0889,1,train
CASE014,P0616,P0449,1,train
CASE014,P0801,P0233,1,train
CASE014,P0691,P0116,1,train
CASE014,P0842,P0026,1,train
CASE014,P0026,P0234,1,test
CASE014,P0449,P0502,1,test
CASE014,P0807,P0342,1,test
CASE014,P0697,P0171,1,test
CASE014,P0233,P0754,1,test
CASE014,P0754,P0842,1,test
CASE014,P0168,P0697,1,test
CASE014,P0843,P0168,1,test
CASE014,P0643,P0691,0,test
CASE014,P0861,P0454,0,test
CASE014,P0889,P0171,0,test
CASE014,P0691,P0754,0,test
CASE014,P0116,P0703,0,test
CASE014,P0754,P0449,0,test
CASE014,P0703,P0414,0,test
CASE014,P0801,P0266,0,test
CASE014,P0449,P0843,0,train
CASE014,P0666,P0026,0,train
CASE014,P0610,P0449,0,train
CASE014,P0889,P0754,0,train
CASE014,P0697,P0342,0,train
CASE014,P0171,P0807,0,train
CASE014,P0842,P0234,0,train
CASE014,P0342,P0449,0,train
CASE014,P0116,P0697,0,train
CASE014,P0266,P0332,0,train
CASE014,P0703,P0616,0,train
CASE014,P0233,P0643,0,train
CASE014,P0001,P0754,0,train
CASE014,P0697,P0502,0,train
CASE014,P0342,P0801,0,train
CASE014,P0234,P0691,0,train
CASE014,P0454,P0233,0,train
CASE014,P0610,P0754,0,train
CASE014,P0807,P0116,0,train
CASE014,P0234,P0807,0,train
CASE015,P0261,P0587,1,train
CASE015,P0611,P0046,1,train
CASE015,P0930,P0261,1,train
CASE015,P0587,P0611,1,test
CASE015,P0046,P0587,0,test
CASE015,P0046,P0261,0,train
CASE015,P0930,P0046,0,train
CASE015,P0261,P0611,0,train
CASE016,P0486,P0909,1,train
CASE016,P0486,P0210,1,train
CASE016,P0486,P0730,1,train
CASE016,P0486,P0859,1,train
CASE016,P0486,P0737,1,train
CASE016,P0486,P0452,1,train
CASE016,P0486,P0926,1,train
CASE016,P0486,P0384,1,train
CASE016,P0486,P0875,1,train
CASE016,P0486,P0962,1,train
CASE016,P0486,P0189,1,train
CASE016,P0486,P0889,1,train
CASE016,P0486,P0076,1,train
CASE016,P0486,P0547,1,train
CASE016,P0486,P0956,1,train
CASE016,P0486,P0826,1,train
CASE016,P0486,P0343,1,train
CASE016,P0486,P0319,1,train
CASE016,P0486,P0979,1,train
CASE016,P0486,P0099,1,train
CASE016,P0486,P0534,1,train
CASE016,P0486,P0029,1,train
CASE016,P0486,P0355,1,train
CASE016,P0486,P0130,1,train
CASE016,P0486,P0447,1,train
CASE016,P0486,P0732,1,train
CASE016,P0486,P0861,1,train
CASE016,P0486,P0566,1,train
CASE016,P0486,P0092,1,train
CASE016,P0486,P0801,1,train
CASE016,P0486,P0489,1,test
CASE016,P0486,P0521,1,test
CASE016,P0486,P0150,1,test
CASE016,P0486,P0786,1,test
CASE016,P0486,P0002,1,test
CASE016,P0486,P0591,1,test
CASE016,P0486,P0550,1,test
CASE016,P0486,P0906,1,test
CASE016,P0486,P0913,1,test
CASE016,P0486,P0729,1,test
CASE016,P0486,P0704,1,test
CASE016,P0486,P0032,1,test
CASE016,P0486,P0829,1,test
CASE016,P0909,P0547,0,test
CASE016,P0029,P0489,0,test
CASE016,P0130,P0489,0,test
CASE016,P0550,P0447,0,test
CASE016,P0384,P0732,0,test
CASE016,P0150,P0889,0,test
CASE016,P0343,P0704,0,test
CASE016,P0801,P0547,0,test
CASE016,P0732,P0859,0,test
CASE016,P0002,P0319,0,test
CASE016,P0926,P0829,0,test
CASE016,P0875,P0189,0,test
CASE016,P0730,P0926,0,test
CASE016,P0913,P0926,0,train
CASE016,P0534,P0343,0,train
CASE016,P0909,P0447,0,train
CASE016,P0829,P0319,0,train
CASE016,P0829,P0909,0,train
CASE016,P0730,P0489,0,train
CASE016,P0029,P0786,0,train
CASE016,P0076,P0729,0,train
CASE016,P0859,P0150,0,train
CASE016,P0099,P0029,0,train
CASE016,P0956,P0189,0,train
CASE016,P0032,P0875,0,train
CASE016,P0384,P0906,0,train
CASE016,P0732,P0447,0,train
CASE016,P0076,P0737,0,train
CASE016,P0729,P0737,0,train
CASE016,P0189,P0452,0,train
CASE016,P0906,P0979,0,train
CASE016,P0099,P0092,0,train
CASE016,P0875,P0029,0,train
CASE016,P0591,P0826,0,train
CASE016,P0826,P0032,0,train
CASE016,P0704,P0550,0,train
CASE016,P0550,P0343,0,train
CASE016,P0566,P0452,0,train
CASE016,P0355,P0875,0,train
CASE016,P0489,P0913,0,train
CASE016,P0875,P0210,0,train
CASE016,P0737,P0730,0,train
CASE016,P0875,P0319,0,train
CASE017,P0198,P0970,1,train
CASE017,P0730,P0579,1,train
CASE017,P0359,P0397,1,train
CASE017,P0313,P0579,1,train
CASE017,P0397,P0463,1,train
CASE017,P0806,P0249,1,train
CASE017,P0397,P0953,1,train
CASE017,P0727,P0139,1,train
CASE017,P0862,P0318,1,train
CASE017,P0550,P0178,1,train
CASE017,P0723,P0695,1,train
CASE017,P0404,P0748,1,train
CASE017,P0178,P0814,1,train
CASE017,P0219,P0624,1,train
CASE017,P0775,P0520,1,train
CASE017,P0404,P0693,1,train
CASE017,P0318,P0219,1,train
CASE017,P0249,P0550,1,train
CASE017,P0029,P0198,1,train
CASE017,P0723,P0727,1,train
CASE017,P0730,P1000,1,train
CASE017,P0600,P0196,1,train
CASE017,P0043,P0456,1,train
CASE017,P0026,P0009,1,train
CASE017,P0785,P0456,1,train
CASE017,P0456,P0806,1,train
CASE017,P0249,P0287,1,train
CASE017,P0520,P0043,1,train
CASE017,P0456,P0249,1,train
CASE017,P0693,P0748,1,train
CASE017,P0186,P0723,1,train
CASE017,P0009,P0775,1,train
CASE017,P0463,P0693,1,train
CASE017,P1000,P0450,1,train
CASE017,P0695,P0139,1,train
CASE017,P0814,P0511,1,train
CASE017,P0785,P0806,1,train
CASE017,P0009,P0520,1,train
CASE017,P0579,P1000,1,train
CASE017,P0624,P0730,1,train
CASE017,P0463,P0404,1,train
CASE017,P0196,P0359,1,train
CASE017,P0356,P0009,1,train
CASE017,P0695,P0727,1,train
CASE017,P0579,P0600,1,train
CASE017,P0862,P0870,1,train
CASE017,P0178,P0511,1,train
CASE017,P0870,P0219,1,train
CASE017,P0550,P0814,1,train
CASE017,P0814,P0307,1,train
CASE017,P0318,P0870,1,train
CASE017,P0139,P0318,1,train
CASE017,P0359,P0953,1,train
CASE017,P0775,P0043,1,train
CASE017,P0313,P0730,1,train
CASE017,P0450,P0196,1,train
CASE017,P0356,P0775,1,train
CASE017,P0026,P0356,1,train
CASE017,P0450,P0359,1,train
CASE017,P0970,P0026,1,test
CASE017,P1000,P0600,1,test
CASE017,P0870,P0624,1,test
CASE017,P0953,P0404,1,test
CASE017,P0748,P0029,1,test
CASE017,P0520,P0785,1,test
CASE017,P0728,P0198,1,test
CASE017,P0970,P0356,1,test
CASE017,P0727,P0862,1,test
CASE017,P0029,P0970,1,test
CASE017,P0806,P0287,1,test
CASE017,P0186,P0695,1,test
CASE017,P0748,P0728,1,test
CASE017,P0728,P0029,1,test
CASE017,P0198,P0026,1,test
CASE017,P0043,P0785,1,test
CASE017,P0953,P0463,1,test
CASE017,P0196,P0397,1,test
CASE017,P0219,P0313,1,test
CASE017,P0511,P0307,1,test
CASE017,P0287,P0550,1,test
CASE017,P0600,P0450,1,test
CASE017,P0624,P0313,1,test
CASE017,P0139,P0862,1,test
CASE017,P0287,P0178,1,test
CASE017,P0693,P0728,1,test
CASE017,P0870,P0520,0,test
CASE017,P0693,P0359,0,test
CASE017,P0748,P0359,0,test
CASE017,P0139,P0026,0,test
CASE017,P0178,P0404,0,test
CASE017,P0359,P0862,0,test
CASE017,P0624,P0009,0,test
CASE017,P0196,P0723,0,test
CASE017,P0624,P0693,0,test
CASE017,P0219,P0693,0,test
CASE017,P0463,P0450,0,test
CASE017,P0550,P0219,0,test
CASE017,P0730,P0463,0,test
CASE017,P0550,P0870,0,test
CASE017,P0550,P0026,0,test
CASE017,P0728,P0026,0,test
CASE017,P0550,P0862,0,test
CASE017,P0870,P0806,0,test
CASE017,P0359,P0356,0,test
CASE017,P0463,P0785,0,test
CASE017,P0287,P0196,0,test
CASE017,P0693,P0287,0,test
CASE017,P0139,P0520,0,test
CASE017,P1000,P0463,0,test
CASE017,P0600,P0727,0,test
CASE017,P0198,P0219,0,test
CASE017,P0728,P0463,0,train
CASE017,P0624,P0511,0,train
CASE017,P0318,P0404,0,train
CASE017,P0397,P0139,0,train
CASE017,P0318,P0313,0,train
CASE017,P0728,P0249,0,train
CASE017,P0359,P0198,0,train
CASE017,P0727,P0520,0,train
CASE017,P0806,P0029,0,train
CASE017,P0178,P0463,0,train
CASE017,P0219,P0579,0,train
CASE017,P0727,P0970,0,train
CASE017,P0728,P0313,0,train
CASE017,P0186,P0359,0,train
CASE017,P0728,P1000,0,train
CASE017,P0727,P0196,0,train
CASE017,P0775,P0870,0,train
CASE017,P0953,P0695,0,train
CASE017,P0139,P0456,0,train
CASE017,P0307,P0404,0,train
CASE017,P0953,P0723,0,train
CASE017,P0730,P0693,0,train
CASE017,P0550,P0198,0,train
CASE017,P0463,P0043,0,train
CASE017,P0196,P0186,0,train
CASE017,P0356,P0219,0,train
CASE017,P0249,P0624,0,train
CASE017,P0313,P0026,0,train
CASE017,P0249,P0600,0,train
CASE017,P0730,P0728,0,train
CASE017,P0009,P0397,0,train
CASE017,P0785,P0730,0,train
CASE017,P0579,P0511,0,train
CASE017,P0600,P0814,0,train
CASE017,P0520,P0359,0,train
CASE017,P0456,P0307,0,train
CASE017,P0359,P0463,0,train
CASE017,P1000,P0404,0,train
CASE017,P0178,P0029,0,train
CASE017,P0029,P0043,0,train
CASE017,P0249,P0695,0,train
CASE017,P1000,P0727,0,train
CASE017,P0196,P0970,0,train
CASE017,P0356,P0397,0,train
CASE017,P0814,P0198,0,train
CASE017,P0695,P0356,0,train
CASE017,P0456,P0186,0,train
CASE017,P0318,P0356,0,train
CASE017,P0186,P0862,0,train
CASE017,P0450,P0198,0,train
CASE017,P0463,P0196,0,train
CASE017,P0318,P0693,0,train
CASE017,P0186,P0728,0,train
CASE017,P0511,P0287,0,train
CASE017,P0730,P0196,0,train
CASE017,P0806,P0043,0,train
CASE017,P1000,P0723,0,train
CASE017,P0814,P0624,0,train
CASE017,P0862,P0723,0,train
CASE018,P0772,P0986,1,train
CASE018,P0772,P0680,1,train
CASE018,P0772,P0589,1,train
CASE018,P0772,P0248,1,train
CASE018,P0772,P0277,1,train
CASE018,P0772,P0448,1,train
CASE018,P0772,P0745,1,train
CASE018,P0772,P0665,1,train
CASE018,P0772,P0663,1,train
CASE018,P0772,P0854,1,train
CASE018,P0772,P0757,1,train
CASE018,P0772,P0893,1,train
CASE018,P0772,P0005,1,train
CASE018,P0772,P0239,1,train
CASE018,P0772,P0273,1,train
CASE018,P0772,P0021,1,train
CASE018,P0772,P0531,1,train
CASE018,P0772,P0036,1,train
CASE018,P0772,P0596,1,train
CASE018,P0772,P0103,1,train
CASE018,P0772,P0789,1,train
CASE018,P0772,P0120,1,train
CASE018,P0772,P0246,1,train
CASE018,P0772,P0810,1,train
CASE018,P0772,P0924,1,train
CASE018,P0772,P0219,1,train
CASE018,P0772,P0786,1,train
CASE018,P0772,P0466,1,train
CASE018,P0772,P0585,1,train
CASE018,P0772,P0921,1,train
CASE018,P0772,P0746,1,train
CASE018,P0772,P0970,1,train
CASE018,P0772,P0728,1,train
CASE018,P0772,P0552,1,train
CASE018,P0772,P0918,1,train
CASE018,P0772,P0012,1,train
CASE018,P0772,P0613,1,train
CASE018,P0772,P0326,1,test
CASE018,P0772,P0930,1,test
CASE018,P0772,P0584,1,test
CASE018,P0772,P0168,1,test
CASE018,P0772,P0355,1,test
CASE018,P0772,P0776,1,test
CASE018,P0772,P0778,1,test
CASE018,P0772,P0535,1,test
CASE018,P0772,P0664,1,test
CASE018,P0772,P0673,1,test
CASE018,P0772,P0991,1,test
CASE018,P0772,P0393,1,test
CASE018,P0772,P0732,1,test
CASE018,P0772,P0931,1,test
CASE018,P0772,P0148,1,test
CASE018,P0772,P0163,1,test
CASE018,P0893,P0585,0,test
CASE018,P0776,P0613,0,test
CASE018,P0589,P0585,0,test
CASE018,P0120,P0918,0,test
CASE018,P0531,P0219,0,test
CASE018,P0810,P0466,0,test
CASE018,P0552,P0585,0,test
CASE018,P0585,P0393,0,test
CASE018,P0596,P0732,0,test
CASE018,P0120,P0246,0,test
CASE018,P0673,P0248,0,test
CASE018,P0893,P0355,0,test
CASE018,P0021,P0005,0,test
CASE018,P0931,P0728,0,test
CASE018,P0970,P0921,0,test
CASE018,P0924,P0757,0,test
CASE018,P0163,P0930,0,train
CASE018,P0924,P0012,0,train
CASE018,P0745,P0012,0,train
CASE018,P0168,P0120,0,train
CASE018,P0893,P0663,0,train
CASE018,P0005,P0789,0,train
CASE018,P0596,P0393,0,train
CASE018,P0021,P0665,0,train
CASE018,P0732,P0930,0,train
CASE018,P0921,P0466,0,train
CASE018,P0584,P0728,0,train
CASE018,P0531,P0970,0,train
CASE018,P0163,P0746,0,train
CASE018,P0673,P0012,0,train
CASE018,P0918,P0930,0,train
CASE018,P0219,P0673,0,train
CASE018,P0393,P0552,0,train
CASE018,P0448,P0728,0,train
CASE018,P0585,P0163,0,train
CASE018,P0120,P0921,0,train
CASE018,P0786,P0163,0,train
CASE018,P0786,P0005,0,train
CASE018,P0585,P0448,0,train
CASE018,P0326,P0778,0,train
CASE018,P0673,P0786,0,train
CASE018,P0393,P0663,0,train
CASE018,P0148,P0931,0,train
CASE018,P0219,P0970,0,train
CASE018,P0036,P0810,0,train
CASE018,P0168,P0552,0,train
CASE018,P0924,P0778,0,train
CASE018,P0732,P0552,0,train
CASE018,P0786,P0728,0,train
CASE018,P0239,P0613,0,train
CASE018,P0163,P0248,0,train
CASE018,P0918,P0924,0,train
CASE018,P0924,P0680,0,train
CASE019,P0498,P0354,1,train
CASE019,P0816,P0723,1,train
CASE019,P0458,P0929,1,train
CASE019,P0762,P0528,1,train
CASE019,P0710,P0703,1,train
CASE019,P0741,P0933,1,train
CASE019,P0431,P0635,1,train
CASE019,P0270,P0582,1,train
CASE019,P0050,P0587,1,train
CASE019,P0723,P0242,1,train
CASE019,P0354,P0772,1,train
CASE019,P0990,P0687,1,train
CASE019,P0228,P0050,1,train
CASE019,P0933,P0762,1,train
CASE019,P0894,P0850,1,train
CASE019,P0222,P0547,1,train
CASE019,P0759,P0741,1,train
CASE019,P0888,P0333,1,train
CASE019,P0998,P0313,1,train
CASE019,P0734,P0777,1,train
CASE019,P0587,P0613,1,train
CASE019,P0404,P0052,1,train
CASE019,P0722,P0431,1,train
CASE019,P0313,P0759,1,train
CASE019,P0062,P0649,1,train
CASE019,P0703,P0998,1,train
CASE019,P0107,P0823,1,train
CASE019,P0649,P0407,1,train
CASE019,P0538,P0283,1,train
CASE019,P0613,P0270,1,train
CASE019,P0291,P0062,1,train
CASE019,P0215,P0498,1,train
CASE019,P0438,P0894,1,train
CASE019,P0929,P0404,1,train
CASE019,P0733,P0107,1,train
CASE019,P0333,P0406,1,train
CASE019,P0406,P0538,1,train
CASE019,P0407,P0625,1,train
CASE019,P0635,P0458,1,train
CASE019,P0242,P0722,1,train
CASE019,P0257,P0816,1,test
CASE019,P0052,P0228,1,test
CASE019,P0283,P0215,1,test
CASE019,P0463,P0343,1,test
CASE019,P0582,P0710,1,test
CASE019,P0912,P0295,1,test
CASE019,P0547,P0257,1,test
CASE019,P0755,P0733,1,test
CASE019,P0528,P0734,1,test
CASE019,P0687,P0755,1,test
CASE019,P0777,P0912,1,test
CASE019,P0823,P0532,1,test
CASE019,P0850,P0990,1,test
CASE019,P0772,P0222,1,test
CASE019,P0343,P0291,1,test
CASE019,P0532,P0463,1,test
CASE019,P0295,P0438,1,test
CASE019,P0404,P0777,0,test
CASE019,P0438,P0733,0,test
CASE019,P0407,P0215,0,test
CASE019,P0759,P0777,0,test
CASE019,P0929,P0912,0,test
CASE019,P0222,P0257,0,test
CASE019,P0407,P0772,0,test
CASE019,P0313,P0703,0,test
CASE019,P0463,P0498,0,test
CASE019,P0850,P0062,0,test
CASE019,P0888,P0222,0,test
CASE019,P0777,P0228,0,test
CASE019,P0777,P0723,0,test
CASE019,P0052,P0283,0,test
CASE019,P0687,P0613,0,test
CASE019,P0733,P0687,0,test
CASE019,P0722,P0062,0,test
CASE019,P0733,P0772,0,train
CASE019,P0990,P0107,0,train
CASE019,P0222,P0759,0,train
CASE019,P0404,P0354,0,train
CASE019,P0458,P0107,0,train
CASE019,P0343,P0912,0,train
CASE019,P0407,P0242,0,train
CASE019,P0894,P0823,0,train
CASE019,P0722,P0354,0,train
CASE019,P0912,P0257,0,train
CASE019,P0215,P0538,0,train
CASE019,P0283,P0295,0,train
CASE019,P0625,P0710,0,train
CASE019,P0438,P0538,0,train
CASE019,P0929,P0777,0,train
CASE019,P0532,P0528,0,train
CASE019,P0649,P0295,0,train
CASE019,P0050,P0547,0,train
CASE019,P0313,P0215,0,train
CASE019,P0215,P0998,0,train
CASE019,P0257,P0333,0,train
CASE019,P0532,P0538,0,train
CASE019,P0929,P0733,0,train
CASE019,P0625,P0050,0,train
CASE019,P0929,P0354,0,train
CASE019,P0894,P0635,0,train
CASE019,P0850,P0933,0,train
CASE019,P0407,P0431,0,train
CASE019,P0823,P0762,0,train
CASE019,P0755,P0270,0,train
CASE019,P0772,P0823,0,train
CASE019,P0222,P0333,0,train
CASE019,P0912,P0222,0,train
CASE019,P0458,P0052,0,train
CASE019,P0438,P0635,0,train
CASE019,P0587,P0912,0,train
CASE019,P0283,P0733,0,train
CASE019,P0498,P0107,0,train
CASE019,P0759,P0406,0,train
CASE019,P0052,P0333,0,train
CASE020,P0239,P1000,1,train
CASE020,P0606,P0296,1,train
CASE020,P0448,P0708,1,train
CASE020,P0125,P0927,1,train
CASE020,P0707,P0127,1,train
CASE020,P0789,P0950,1,train
CASE020,P0950,P0606,1,train
CASE020,P0411,P0949,1,train
CASE020,P0767,P0742,1,train
CASE020,P0674,P0066,1,train
CASE020,P0565,P0911,1,train
CASE020,P0177,P0826,1,train
CASE020,P0065,P0132,1,train
CASE020,P0127,P0670,1,train
CASE020,P0203,P0572,1,train
CASE020,P0544,P0620,1,train
CASE020,P1000,P0041,1,train
CASE020,P0985,P0820,1,train
CASE020,P0255,P0076,1,train
CASE020,P0107,P0448,1,train
CASE020,P0620,P0421,1,train
CASE020,P0048,P0763,1,train
CASE020,P0802,P0177,1,train
CASE020,P0023,P0565,1,train
CASE020,P0345,P0964,1,train
CASE020,P0572,P0397,1,train
CASE020,P0670,P0842,1,train
CASE020,P0076,P0406,1,train
CASE020,P0010,P0817,1,train
CASE020,P0975,P0007,1,train
CASE020,P0964,P0048,1,train
CASE020,P0930,P0125,1,train
CASE020,P0907,P0812,1,train
CASE020,P0911,P0714,1,train
CASE020,P0826,P0038,1,train
CASE020,P0817,P0345,1,train
CASE020,P0820,P0850,1,train
CASE020,P0296,P0487,1,train
CASE020,P0195,P0651,1,train
CASE020,P0763,P0203,1,train
CASE020,P0561,P0195,1,train
CASE020,P0406,P0543,1,train
CASE020,P0742,P0975,1,train
CASE020,P0541,P0435,1,train
CASE020,P0714,P0693,1,train
CASE020,P0543,P0107,1,train
CASE020,P0669,P0206,1,train
CASE020,P0038,P0071,1,train
CASE020,P0951,P0273,1,train
CASE020,P0443,P0494,1,train
CASE020,P0693,P0951,1,train
CASE020,P0191,P0621,1,train
CASE020,P0066,P0302,1,test
CASE020,P0494,P0214,1,test
CASE020,P0421,P0907,1,test
CASE020,P0502,P0191,1,test
CASE020,P0206,P0010,1,test
CASE020,P0273,P0065,1,test
CASE020,P0041,P0669,1,test
CASE020,P0621,P0930,1,test
CASE020,P0842,P0561,1,test
CASE020,P0651,P0674,1,test
CASE020,P0949,P0767,1,test
CASE020,P0708,P0802,1,test
CASE020,P0435,P0023,1,test
CASE020,P0007,P0502,1,test
CASE020,P0071,P0544,1,test
CASE020,P0487,P0411,1,test
CASE020,P0850,P0541,1,test
CASE020,P0214,P0239,1,test
CASE020,P0927,P0707,1,test
CASE020,P0397,P0789,1,test
CASE020,P0302,P0255,1,test
CASE020,P0132,P0443,1,test
CASE020,P0907,P0125,0,test
CASE020,P0048,P0406,0,test
CASE020,P0048,P0842,0,test
CASE020,P0850,P0041,0,test
CASE020,P0048,P0951,0,test
CASE020,P0443,P0397,0,test
CASE020,P0239,P0561,0,test
CASE020,P0850,P0010,0,test
CASE020,P0927,P0406,0,test
CASE020,P0127,P0842,0,test
CASE020,P0949,P0239,0,test
CASE020,P0076,P0127,0,test
CASE020,P0071,P0707,0,test
CASE020,P0817,P0949,0,test
CASE020,P0763,P0651,0,test
CASE020,P0127,P0621,0,test
CASE020,P0621,P0651,0,test
CASE020,P0502,P0850,0,test
CASE020,P0817,P0708,0,test
CASE020,P0007,P0107,0,test
CASE020,P0565,P0621,0,test
CASE020,P0670,P0820,0,test
CASE020,P0817,P0071,0,train
CASE020,P0842,P0296,0,train
CASE020,P0985,P0065,0,train
CASE020,P0820,P0065,0,train
CASE020,P0010,P0543,0,train
CASE020,P0907,P0041,0,train
CASE020,P0767,P0239,0,train
CASE020,P0191,P0543,0,train
CASE020,P0930,P0214,0,train
CASE020,P0543,P0206,0,train
CASE020,P0071,P0985,0,train
CASE020,P0071,P0669,0,train
CASE020,P0065,P0949,0,train
CASE020,P0023,P0132,0,train
CASE020,P0907,P0195,0,train
CASE020,P0975,P0206,0,train
CASE020,P0812,P0010,0,train
CASE020,P0820,P0041,0,train
CASE020,P0443,P0448,0,train
CASE020,P0048,P0411,0,train
CASE020,P0620,P0670,0,train
CASE020,P0964,P0930,0,train
CASE020,P0397,P0767,0,train
CASE020,P0985,P0708,0,train
CASE020,P0214,P0443,0,train
CASE020,P0975,P0296,0,train
CASE020,P0817,P0076,0,train
CASE020,P0789,P0107,0,train
CASE020,P0296,P0620,0,train
CASE020,P0345,P0572,0,train
CASE020,P0951,P0621,0,train
CASE020,P0812,P1000,0,train
CASE020,P0487,P0927,0,train
CASE020,P0494,P0789,0,train
CASE020,P0502,P0572,0,train
CASE020,P0714,P0041,0,train
CASE020,P0975,P0561,0,train
CASE020,P0670,P0214,0,train
CASE020,P0397,P0007,0,train
CASE020,P0302,P0132,0,train
CASE020,P0850,P0789,0,train
CASE020,P0038,P0421,0,train
CASE020,P0620,P0789,0,train
CASE020,P0708,P0214,0,train
CASE020,P0345,P0302,0,train
CASE020,P0065,P0066,0,train
CASE020,P0273,P0842,0,train
CASE020,P0132,P0066,0,train
CASE020,P0191,P0038,0,train
CASE020,P0985,P0561,0,train
CASE020,P0789,P0076,0,train
CASE020,P0812,P0950,0,train
CASE021,P0431,P0187,1,train
CASE021,P0974,P0938,1,train
CASE021,P0132,P0616,1,train
CASE021,P0090,P0974,1,train
CASE021,P0127,P0113,1,train
CASE021,P0806,P0763,1,train
CASE021,P0591,P0738,1,train
CASE021,P0200,P0806,1,train
CASE021,P0801,P0038,1,train
CASE021,P0038,P0127,1,train
CASE021,P0328,P0483,1,train
CASE021,P0401,P0624,1,train
CASE021,P0938,P0942,1,train
CASE021,P0922,P0840,1,train
CASE021,P0113,P0401,1,train
CASE021,P0616,P0585,1,train
CASE021,P0624,P0954,1,train
CASE021,P0942,P0200,1,test
CASE021,P0840,P0090,1,test
CASE021,P0954,P0591,1,test
CASE021,P0585,P0431,1,test
CASE021,P0763,P0358,1,test
CASE021,P0738,P0328,1,test
CASE021,P0483,P0132,1,test
CASE021,P0187,P0922,1,test
CASE021,P0585,P0801,0,test
CASE021,P0328,P0763,0,test
CASE021,P0483,P0974,0,test
CASE021,P0358,P0483,0,test
CASE021,P0938,P0591,0,test
CASE021,P0801,P0483,0,test
CASE021,P0801,P0974,0,test
CASE021,P0840,P0801,0,test
CASE021,P0132,P0401,0,train
CASE021,P0954,P0132,0,train
CASE021,P0954,P0616,0,train
CASE021,P0616,P0187,0,train
CASE021,P0038,P0431,0,train
CASE021,P0763,P0483,0,train
CASE021,P0090,P0922,0,train
CASE021,P0954,P0090,0,train
CASE021,P0738,P0090,0,train
CASE021,P0328,P0113,0,train
CASE021,P0127,P0358,0,train
CASE021,P0401,P0922,0,train
CASE021,P0922,P0200,0,train
CASE021,P0763,P0942,0,train
CASE021,P0431,P0922,0,train
CASE021,P0132,P0922,0,train
CASE021,P0358,P0738,0,train
CASE022,P0364,P0498,1,train
CASE022,P0875,P0364,1,train
CASE022,P0346,P0908,1,train
CASE022,P0184,P0346,1,test
CASE022,P0364,P0277,0,test
CASE022,P0875,P0504,0,train
CASE022,P0504,P0184,0,train
CASE022,P0184,P0908,0,train
CASE023,P0714,P0857,1,train
CASE023,P0479,P0182,1,train
CASE023,P0679,P0149,1,train
CASE023,P0340,P0101,1,train
CASE023,P0624,P0358,1,train
CASE023,P0827,P0060,1,train
CASE023,P0675,P0832,1,train
CASE023,P0060,P0661,1,train
CASE023,P0575,P0084,1,train
CASE023,P0596,P0630,1,train
CASE023,P0878,P0058,1,train
CASE023,P0832,P0827,1,train
CASE023,P0629,P0353,1,train
CASE023,P0393,P0246,1,train
CASE023,P0167,P0208,1,train
CASE023,P0346,P0479,1,train
CASE023,P0678,P0925,1,train
CASE023,P0351,P0629,1,train
CASE023,P0063,P0992,1,train
CASE023,P0245,P0596,1,train
CASE023,P0665,P0526,1,train
CASE023,P0756,P0048,1,train
CASE023,P0536,P0063,1,train
CASE023,P0431,P0594,1,train
CASE023,P0208,P0731,1,train
CASE023,P0358,P0315,1,train
CASE023,P0630,P0905,1,train
CASE023,P0093,P0536,1,train
CASE023,P0191,P0575,1,train
CASE023,P0380,P0340,1,train
CASE023,P0123,P0644,1,train
CASE023,P0444,P0679,1,train
CASE023,P0892,P0393,1,train
CASE023,P0518,P0167,1,train
CASE023,P0699,P0024,1,train
CASE023,P0803,P0522,1,train
CASE023,P0531,P0714,1,train
CASE023,P0246,P0093,1,train
CASE023,P0386,P0602,1,train
CASE023,P0522,P0932,1,train
CASE023,P0098,P0380,1,train
CASE023,P0915,P0756,1,train
CASE023,P0166,P0098,1,train
CASE023,P0101,P0397,1,train
CASE023,P0048,P0176,1,train
CASE023,P0857,P0699,1,train
CASE023,P0731,P0431,1,train
CASE023,P0058,P0434,1,train
CASE023,P0176,P0346,1,train
CASE023,P0933,P0760,1,train
CASE023,P0084,P0915,1,train
CASE023,P0914,P0518,1,train
CASE023,P0182,P0172,1,train
CASE023,P0661,P0552,1,test
CASE023,P0602,P0914,1,test
CASE023,P0594,P0334,1,test
CASE023,P0925,P0624,1,test
CASE023,P0397,P0970,1,test
CASE023,P0172,P0843,1,test
CASE023,P0526,P0303,1,test
CASE023,P0315,P0444,1,test
CASE023,P0149,P0878,1,test
CASE023,P0843,P0245,1,test
CASE023,P0992,P0678,1,test
CASE023,P0434,P0191,1,test
CASE023,P0932,P0675,1,test
CASE023,P0760,P0892,1,test
CASE023,P0081,P0531,1,test
CASE023,P0905,P0081,1,test
CASE023,P0552,P0351,1,test
CASE023,P0644,P0166,1,test
CASE023,P0898,P0803,1,test
CASE023,P0334,P0898,1,test
CASE023,P0024,P0665,1,test
CASE023,P0970,P0386,1,test
CASE023,P0303,P0123,1,test
CASE023,P0081,P0760,0,test
CASE023,P0596,P0048,0,test
CASE023,P0303,P0878,0,test
CASE023,P0048,P0898,0,test
CASE023,P0340,P0832,0,test
CASE023,P0536,P0346,0,test
CASE023,P0624,P0675,0,test
CASE023,P0699,P0380,0,test
CASE023,P0803,P0434,0,test
CASE023,P0358,P0182,0,test
CASE023,P0898,P0522,0,test
CASE023,P0058,P0892,0,test
CASE023,P0303,P0925,0,test
CASE023,P0575,P0351,0,test
CASE023,P0386,P0644,0,test
CASE023,P0596,P0393,0,test
CASE023,P0245,P0914,0,test
CASE023,P0552,P0992,0,test
CASE023,P0479,P0081,0,test
CASE023,P0678,P0898,0,test
CASE023,P0892,P0172,0,test
CASE023,P0898,P0315,0,test
CASE023,P0084,P0843,0,test
CASE023,P0602,P0315,0,train
CASE023,P0182,P0123,0,train
CASE023,P0166,P0531,0,train
CASE023,P0397,P0832,0,train
CASE023,P0358,P0246,0,train
CASE023,P0602,P0857,0,train
CASE023,P0675,P0123,0,train
CASE023,P0678,P0182,0,train
CASE023,P0832,P0246,0,train
CASE023,P0063,P0661,0,train
CASE023,P0176,P0731,0,train
CASE023,P0661,P0479,0,train
CASE023,P0093,P0172,0,train
CASE023,P0340,P0892,0,train
CASE023,P0970,P0665,0,train
CASE023,P0843,P0624,0,train
CASE023,P0123,P0602,0,train
CASE023,P0167,P0444,0,train
CASE023,P0644,P0245,0,train
CASE023,P0679,P0932,0,train
CASE023,P0346,P0380,0,train
CASE023,P0665,P0624,0,train
CASE023,P0699,P0149,0,train
CASE023,P0602,P0208,0,train
CASE023,P0123,P0024,0,train
CASE023,P0191,P0518,0,train
CASE023,P0522,P0630,0,train
CASE023,P0594,P0522,0,train
CASE023,P0149,P0803,0,train
CASE023,P0892,P0123,0,train
CASE023,P0933,P0915,0,train
CASE023,P0827,P0397,0,train
CASE023,P0149,P0058,0,train
CASE023,P0661,P0245,0,train
CASE023,P0123,P0596,0,train
CASE023,P0434,P0832,0,train
CASE023,P0063,P0101,0,train
CASE023,P0346,P0803,0,train
CASE023,P0166,P0629,0,train
CASE023,P0992,P0182,0,train
CASE023,P0905,P0123,0,train
CASE023,P0760,P0518,0,train
CASE023,P0081,P0191,0,train
CASE023,P0914,P0678,0,train
CASE023,P0992,P0081,0,train
CASE023,P0315,P0699,0,train
CASE023,P0552,P0334,0,train
CASE023,P0898,P0063,0,train
CASE023,P0397,P0246,0,train
CASE023,P0431,P0434,0,train
CASE023,P0602,P0522,0,train
CASE023,P0531,P0970,0,train
CASE023,P0058,P0397,0,train
CASE024,P0491,P0541,1,train
CASE024,P0384,P0963,1,train
CASE024,P0885,P0925,1,train
CASE024,P0565,P0310,1,train
CASE024,P0436,P0824,1,train
CASE024,P0882,P0249,1,train
CASE024,P0205,P0421,1,train
CASE024,P0221,P0387,1,train
CASE024,P0219,P0731,1,train
CASE024,P0337,P0302,1,train
CASE024,P0236,P0963,1,train
CASE024,P0391,P0328,1,train
CASE024,P0630,P0960,1,train
CASE024,P0212,P0391,1,train
CASE024,P0352,P0731,1,train
CASE024,P0297,P0422,1,train
CASE024,P0666,P0865,1,train
CASE024,P0772,P0240,1,train
CASE024,P0070,P0249,1,train
CASE024,P0169,P0221,1,train
CASE024,P0366,P0885,1,train
CASE024,P0590,P0565,1,train
CASE024,P0266,P0387,1,train
CASE024,P0249,P0422,1,train
CASE024,P0318,P0451,1,train
CASE024,P0429,P0337,1,train
CASE024,P0736,P0302,1,train
CASE024,P0824,P0158,1,train
CASE024,P0038,P0885,1,train
CASE024,P0865,P0364,1,train
CASE024,P0635,P0245,1,train
CASE024,P0353,P0182,1,train
CASE024,P0162,P0221,1,train
CASE024,P0878,P0310,1,train
CASE024,P0451,P0074,1,train
CASE024,P0250,P0310,1,train
CASE024,P0263,P0451,1,test
CASE024,P0241,P0885,1,test
CASE024,P0288,P0205,1,test
CASE024,P0963,P0438,1,test
CASE024,P0206,P0963,1,test
CASE024,P0240,P0806,1,test
CASE024,P0960,P0364,1,test
CASE024,P0967,P0240,1,test
CASE024,P0529,P0074,1,test
CASE024,P0063,P0421,1,test
CASE024,P0780,P0297,1,test
CASE024,P0684,P0221,1,test
CASE024,P0404,P0824,1,test
CASE024,P0482,P0451,1,test
CASE024,P0544,P0249,1,test
CASE024,P0850,P0438,1,test
CASE024,P0422,P0391,0,test
CASE024,P0824,P0219,0,test
CASE024,P0903,P0263,0,test
CASE024,P0438,P0529,0,test
CASE024,P0223,P0736,0,test
CASE024,P0236,P0249,0,test
CASE024,P0960,P0384,0,test
CASE024,P0158,P0885,0,test
CASE024,P0666,P0557,0,test
CASE024,P0537,P0302,0,test
CASE024,P0318,P0352,0,test
CASE024,P0353,P0482,0,test
CASE024,P0438,P0630,0,test
CASE024,P0565,P0063,0,test
CASE024,P0219,P0885,0,test
CASE024,P0824,P0070,0,test
CASE024,P0206,P0352,0,train
CASE024,P0318,P0590,0,train
CASE024,P0182,P0544,0,train
CASE024,P0288,P0070,0,train
CASE024,P0391,P0155,0,train
CASE024,P0422,P0436,0,train
CASE024,P0557,P0482,0,train
CASE024,P0850,P0736,0,train
CASE024,P0353,P0236,0,train
CASE024,P0337,P0544,0,train
CASE024,P0169,P0780,0,train
CASE024,P0963,P0967,0,train
CASE024,P0404,P0328,0,train
CASE024,P0963,P0925,0,train
CASE024,P0212,P0223,0,train
CASE024,P0364,P0249,0,train
CASE024,P0070,P0731,0,train
CASE024,P0206,P0241,0,train
CASE024,P0537,P0236,0,train
CASE024,P0366,P0074,0,train
CASE024,P0245,P0806,0,train
CASE024,P0778,P0736,0,train
CASE024,P0063,P0865,0,train
CASE024,P0635,P0364,0,train
CASE024,P0666,P0366,0,train
CASE024,P0702,P0328,0,train
CASE024,P0436,P0387,0,train
CASE024,P0337,P0263,0,train
CASE024,P0447,P0865,0,train
CASE024,P0429,P0482,0,train
CASE024,P0155,P0960,0,train
CASE024,P0557,P0158,0,train
CASE024,P0353,P0310,0,train
CASE024,P0537,P0630,0,train
CASE024,P0158,P0212,0,train
CASE024,P0263,P0074,0,train
CASE025,P0900,P0625,1,train
CASE025,P0510,P0711,1,train
CASE025,P0510,P0603,1,train
CASE025,P0751,P0625,1,train
CASE025,P0603,P0223,1,train
CASE025,P0900,P0751,1,train
CASE025,P0223,P0900,1,train
CASE025,P0711,P0550,1,train
CASE025,P0550,P0751,1,train
CASE025,P0603,P0711,1,test
CASE025,P0711,P0223,1,test
CASE025,P0550,P0900,1,test
CASE025,P0223,P0550,1,test
CASE025,P0510,P0625,0,test
CASE025,P0603,P0625,0,test
CASE025,P0900,P0603,0,test
CASE025,P0751,P0711,0,test
CASE025,P0550,P0625,0,train
CASE025,P0510,P0900,0,train
CASE025,P0751,P0510,0,train
CASE025,P0223,P0625,0,train
CASE025,P0550,P0603,0,train
CASE025,P0751,P0223,0,train
CASE025,P0550,P0510,0,train
CASE025,P0603,P0751,0,train
CASE025,P0223,P0510,0,train
CASE026,P0895,P0431,1,train
CASE026,P0095,P0903,1,train
CASE026,P0689,P0759,1,train
CASE026,P0734,P0095,1,train
CASE026,P0849,P0883,1,train
CASE026,P0979,P0767,1,train
CASE026,P0290,P0069,1,train
CASE026,P0759,P0734,1,train
CASE026,P0394,P0153,1,train
CASE026,P0069,P0577,1,train
CASE026,P0773,P0394,1,train
CASE026,P0473,P0979,1,train
CASE026,P0883,P0094,1,train
CASE026,P0431,P0851,1,train
CASE026,P0992,P0946,1,train
CASE026,P0397,P0187,1,train
CASE026,P0153,P0849,1,train
CASE026,P0034,P0843,1,train
CASE026,P0946,P0473,1,test
CASE026,P0851,P0773,1,test
CASE026,P0903,P0290,1,test
CASE026,P0767,P0895,1,test
CASE026,P0577,P0162,1,test
CASE026,P0843,P0397,1,test
CASE026,P0162,P0034,1,test
CASE026,P0187,P0992,1,test
CASE026,P0069,P0153,0,test
CASE026,P0577,P0689,0,test
CASE026,P0187,P0734,0,test
CASE026,P0843,P0767,0,test
CASE026,P0577,P0431,0,test
CASE026,P0689,P0153,0,test
CASE026,P0431,P0473,0,test
CASE026,P0773,P0397,0,test
CASE026,P0992,P0069,0,train
CASE026,P0069,P0773,0,train
CASE026,P0095,P0577,0,train
CASE026,P0394,P0992,0,train
CASE026,P0883,P0069,0,train
CASE026,P0767,P0992,0,train
CASE026,P0034,P0979,0,train
CASE026,P0094,P0849,0,train
CASE026,P0767,P0759,0,train
CASE026,P0187,P0069,0,train
CASE026,P0767,P0851,0,train
CASE026,P0290,P0689,0,train
CASE026,P0734,P0431,0,train
CASE026,P0759,P0883,0,train
CASE026,P0773,P0689,0,train
CASE026,P0767,P0394,0,train
CASE026,P0187,P0946,0,train
CASE026,P0895,P0979,0,train
CASE027,P0258,P0066,1,train
CASE027,P0899,P0467,1,train
CASE027,P0870,P0327,1,train
CASE027,P0627,P0126,1,train
CASE027,P0327,P0218,1,train
CASE027,P0558,P0688,1,train
CASE027,P0688,P0870,1,train
CASE027,P0975,P0154,1,train
CASE027,P0692,P0971,1,train
CASE027,P0467,P0158,1,train
CASE027,P0203,P0943,1,train
CASE027,P0149,P0153,1,train
CASE027,P0541,P0259,1,train
CASE027,P0971,P0586,1,train
CASE027,P0066,P0541,1,train
CASE027,P0532,P0292,1,train
CASE027,P0218,P0823,1,train
CASE027,P0259,P0899,1,train
CASE027,P0126,P0811,1,train
CASE027,P0823,P0692,1,train
CASE027,P0943,P0532,1,train
CASE027,P0664,P0258,1,train
CASE027,P0547,P0068,1,test
CASE027,P0153,P0995,1,test
CASE027,P0937,P0203,1,test
CASE027,P0995,P0547,1,test
CASE027,P0154,P0664,1,test
CASE027,P0811,P0937,1,test
CASE027,P0586,P0975,1,test
CASE027,P0068,P0558,1,test
CASE027,P0292,P0149,1,test
CASE027,P0126,P0971,0,test
CASE027,P0586,P0203,0,test
CASE027,P0899,P0975,0,test
CASE027,P0971,P0547,0,test
CASE027,P0541,P0158,0,test
CASE027,P0870,P0547,0,test
CASE027,P0971,P0149,0,test
CASE027,P0541,P0558,0,test
CASE027,P0467,P0586,0,test
CASE027,P0154,P0532,0,train
CASE027,P0541,P0547,0,train
CASE027,P0218,P0259,0,train
CASE027,P0154,P0126,0,train
CASE027,P0971,P0688,0,train
CASE027,P0547,P0467,0,train
CASE027,P0203,P0154,0,train
CASE027,P0975,P0811,0,train
CASE027,P0327,P0258,0,train
CASE027,P0975,P0688,0,train
CASE027,P0937,P0149,0,train
CASE027,P0203,P0467,0,train
CASE027,P0258,P0627,0,train
CASE027,P0327,P0899,0,train
CASE027,P0811,P0943,0,train
CASE027,P0943,P0995,0,train
CASE027,P0937,P0327,0,train
CASE027,P0327,P0975,0,train
CASE027,P0558,P0327,0,train
CASE027,P0532,P0688,0,train
CASE027,P0547,P0937,0,train
CASE027,P0259,P0532,0,train
CASE028,P0003,P0170,1,train
CASE028,P0648,P0502,1,train
CASE028,P0414,P0003,1,train
CASE028,P0054,P0250,1,train
CASE028,P0588,P0226,1,train
CASE028,P0430,P0588,1,train
CASE028,P0502,P0146,1,train
CASE028,P0813,P0054,1,train
CASE028,P0146,P0431,1,test
CASE028,P0431,P0430,1,test
CASE028,P0250,P0648,1,test
CASE028,P0226,P0414,1,test
CASE028,P0502,P0170,0,test
CASE028,P0431,P0414,0,test
CASE028,P0648,P0170,0,test
CASE028,P0430,P0648,0,test
CASE028,P0431,P0003,0,train
CASE028,P0588,P0431,0,train
CASE028,P0414,P0250,0,train
CASE028,P0054,P0502,0,train
CASE028,P0588,P0648,0,train
CASE028,P0054,P0588,0,train
CASE028,P0813,P0588,0,train
CASE028,P0226,P0502,0,train
CASE029,P0849,P0341,1,train
CASE029,P0125,P0171,1,train
CASE029,P0634,P0810,1,train
CASE029,P0597,P0986,1,train
CASE029,P0282,P0870,1,train
CASE029,P0322,P0901,1,train
CASE029,P0791,P0845,1,test
CASE029,P0378,P0822,1,test
CASE029,P0842,P0933,1,test
CASE029,P0125,P0870,0,test
CASE029,P0933,P0822,0,test
CASE029,P0851,P0791,0,test
CASE029,P0842,P0845,0,train
CASE029,P0322,P0791,0,train
CASE029,P0849,P0810,0,train
CASE029,P0845,P0597,0,train
CASE029,P0933,P0791,0,train
CASE029,P0597,P0171,0,train
CASE030,P0697,P0716,1,train
CASE030,P0478,P0880,1,train
CASE030,P0411,P0027,1,train
CASE030,P0069,P0184,1,train
CASE030,P0740,P0011,1,train
CASE030,P0026,P0501,1,train
CASE030,P0269,P0818,1,train
CASE030,P0813,P0375,1,train
CASE030,P0374,P0320,1,train
CASE030,P0409,P0489,1,train
CASE030,P0857,P0354,1,train
CASE030,P0984,P0883,1,train
CASE030,P0355,P0055,1,test
CASE030,P0758,P0920,1,test
CASE030,P0810,P0016,1,test
CASE030,P0266,P0596,1,test
CASE030,P0477,P0327,1,test
CASE030,P0489,P0327,0,test
CASE030,P0984,P0266,0,test
CASE030,P0489,P0055,0,test
CASE030,P0266,P0374,0,test
CASE030,P0883,P0501,0,test
CASE030,P0810,P0740,0,train
CASE030,P0016,P0011,0,train
CASE030,P0716,P0411,0,train
CASE030,P0716,P0920,0,train
CASE030,P0501,P0011,0,train
CASE030,P0857,P0327,0,train
CASE030,P0375,P0069,0,train
CASE030,P0697,P0857,0,train
CASE030,P0984,P0813,0,train
CASE030,P0810,P0069,0,train
CASE030,P0374,P0810,0,train
CASE030,P0596,P0409,0,train
CASE031,P0557,P0054,1,train
CASE031,P0323,P0805,1,train
CASE031,P0593,P0611,1,train
CASE031,P0787,P0481,1,train
CASE031,P0192,P0887,1,train
CASE031,P0139,P0999,1,train
CASE031,P0898,P0997,1,train
CASE031,P0160,P0978,1,train
CASE031,P0484,P0100,1,train
CASE031,P0034,P0055,1,train
CASE031,P0033,P0512,1,train
CASE031,P0788,P0058,1,train
CASE031,P0016,P0494,1,train
CASE031,P0117,P0170,1,train
CASE031,P0539,P0260,1,train
CASE031,P0107,P0603,1,train
CASE031,P0269,P0263,1,train
CASE031,P0694,P0595,1,train
CASE031,P0541,P0480,1,train
CASE031,P0492,P0885,1,train
CASE031,P0922,P0514,1,train
CASE031,P0327,P0423,1,train
CASE031,P0585,P0353,1,train
CASE031,P0243,P0929,1,train
CASE031,P0778,P0927,1,train
CASE031,P0738,P0120,1,train
CASE031,P0919,P0094,1,train
CASE031,P0998,P0211,1,test
CASE031,P0022,P0575,1,test
CASE031,P0207,P0948,1,test
CASE031,P0770,P0495,1,test
CASE031,P0281,P0635,1,test
CASE031,P0629,P0780,1,test
CASE031,P0723,P0466,1,test
CASE031,P0763,P0869,1,test
CASE031,P0533,P0440,1,test
CASE031,P0940,P0656,1,test
CASE031,P0802,P0883,1,test
CASE031,P0058,P0611,0,test
CASE031,P0694,P0885,0,test
CASE031,P0557,P0898,0,test
CASE031,P0989,P0160,0,test
CASE031,P0033,P0919,0,test
CASE031,P0260,P0595,0,test
CASE031,P0557,P0033,0,test
CASE031,P0585,P0327,0,test
CASE031,P0058,P0922,0,test
CASE031,P0656,P0738,0,test
CASE031,P0323,P0629,0,test
CASE031,P0260,P0514,0,train
CASE031,P0016,P0480,0,train
CASE031,P0948,P0778,0,train
CASE031,P0466,P0694,0,train
CASE031,P0738,P0940,0,train
CASE031,P0922,P0898,0,train
CASE031,P0723,P0780,0,train
CASE031,P0480,P0423,0,train
CASE031,P0466,P0484,0,train
CASE031,P0948,P0898,0,train
CASE031,P0353,P0120,0,train
CASE031,P0805,P0940,0,train
CASE031,P0997,P0058,0,train
CASE031,P0603,P0117,0,train
CASE031,P0512,P0120,0,train
CASE031,P0192,P0557,0,train
CASE031,P0940,P0353,0,train
CASE031,P0211,P0533,0,train
CASE031,P0323,P0738,0,train
CASE031,P0539,P0869,0,train
CASE031,P0094,P0887,0,train
CASE031,P0440,P0480,0,train
CASE031,P0495,P0055,0,train
CASE031,P0603,P0263,0,train
CASE031,P0805,P0494,0,train
CASE031,P0055,P0978,0,train
CASE031,P0557,P0635,0,train
CASE032,P0615,P0207,1,train
CASE032,P0207,P0138,1,train
CASE032,P0210,P0773,1,train
CASE032,P0019,P0207,1,train
CASE032,P0773,P0583,1,train
CASE032,P0832,P0138,1,train
CASE032,P0716,P0649,1,train
CASE032,P0649,P0138,1,train
CASE032,P0614,P0583,1,test
CASE032,P0918,P0773,1,test
CASE032,P0994,P0631,1,test
CASE032,P0791,P0994,1,test
CASE032,P0791,P0649,0,test
CASE032,P0773,P0614,0,test
CASE032,P0332,P0615,0,test
CASE032,P0138,P0918,0,test
CASE032,P0207,P0918,0,train
CASE032,P0615,P0994,0,train
CASE032,P0994,P0614,0,train
CASE032,P0138,P0866,0,train
CASE032,P0631,P0918,0,train
CASE032,P0866,P0210,0,train
CASE032,P0716,P0832,0,train
CASE032,P0332,P0649,0,train
CASE033,P0979,P0095,1,train
CASE033,P0490,P0979,1,train
CASE033,P0799,P0388,1,train
CASE033,P0752,P0799,1,train
CASE033,P0642,P0823,1,train
CASE033,P0675,P0642,1,train
CASE033,P0059,P0844,1,train
CASE033,P0535,P0490,1,train
CASE033,P0560,P0675,1,train
CASE033,P0823,P0752,1,test
CASE033,P0844,P0560,1,test
CASE033,P0388,P0094,1,test
CASE033,P0095,P0059,1,test
CASE033,P0094,P0844,0,test
CASE033,P0388,P0059,0,test
CASE033,P0490,P0560,0,test
CASE033,P0535,P0844,0,test
CASE033,P0675,P0095,0,train
CASE033,P0752,P0095,0,train
CASE033,P0799,P0844,0,train
CASE033,P0388,P0979,0,train
CASE033,P0675,P0752,0,train
CASE033,P0979,P0675,0,train
CASE033,P0560,P0823,0,train
CASE033,P0535,P0642,0,train
CASE033,P0095,P0823,0,train
CASE035,P0414,P0569,1,train
CASE035,P0414,P0894,1,train
CASE035,P0414,P0387,1,train
CASE035,P0414,P0741,1,train
CASE035,P0414,P0100,1,train
CASE035,P0414,P0931,1,train
CASE035,P0414,P0856,1,train
CASE035,P0414,P0938,1,train
CASE035,P0414,P0972,1,train
CASE035,P0414,P0564,1,train
CASE035,P0414,P0193,1,train
CASE035,P0414,P0276,1,train
CASE035,P0414,P0064,1,train
CASE035,P0414,P0628,1,train
CASE035,P0414,P0070,1,train
CASE035,P0414,P0300,1,train
CASE035,P0414,P0770,1,train
CASE035,P0414,P0252,1,train
CASE035,P0414,P0001,1,train
CASE035,P0414,P0590,1,train
CASE035,P0414,P0236,1,train
CASE035,P0414,P0291,1,train
CASE035,P0414,P0483,1,train
CASE035,P0414,P0361,1,train
CASE035,P0414,P0244,1,train
CASE035,P0414,P0968,1,train
CASE035,P0414,P0832,1,train
CASE035,P0414,P0299,1,train
CASE035,P0414,P0634,1,train
CASE035,P0414,P0235,1,train
CASE035,P0414,P0925,1,train
CASE035,P0414,P0428,1,train
CASE035,P0414,P0418,1,train
CASE035,P0414,P0306,1,train
CASE035,P0414,P0727,1,train
CASE035,P0414,P0210,1,train
CASE035,P0414,P0124,1,test
CASE035,P0414,P0076,1,test
CASE035,P0414,P0660,1,test
CASE035,P0414,P0278,1,test
CASE035,P0414,P0839,1,test
CASE035,P0414,P0930,1,test
CASE035,P0414,P0423,1,test
CASE035,P0414,P0261,1,test
CASE035,P0414,P0587,1,test
CASE035,P0414,P0020,1,test
CASE035,P0414,P0530,1,test
CASE035,P0414,P0729,1,test
CASE035,P0414,P0243,1,test
CASE035,P0414,P0537,1,test
CASE035,P0414,P0180,1,test
CASE035,P0569,P0278,0,test
CASE035,P0299,P0236,0,test
CASE035,P0587,P0931,0,test
CASE035,P0124,P0938,0,test
CASE035,P0660,P0124,0,test
CASE035,P0300,P0564,0,test
CASE035,P0100,P0387,0,test
CASE035,P0020,P0832,0,test
CASE035,P0070,P0729,0,test
CASE035,P0306,P0244,0,test
CASE035,P0070,P0590,0,test
CASE035,P0428,P0299,0,test
CASE035,P0236,P0931,0,test
CASE035,P0931,P0100,0,test
CASE035,P0968,P0729,0,test
CASE035,P0418,P0660,0,train
CASE035,P0564,P0770,0,train
CASE035,P0972,P0210,0,train
CASE035,P0020,P0210,0,train
CASE035,P0306,P0387,0,train
CASE035,P0590,P0931,0,train
CASE035,P0741,P0938,0,train
CASE035,P0306,P0832,0,train
CASE035,P0925,P0428,0,train
CASE035,P0832,P0729,0,train
CASE035,P0839,P0628,0,train
CASE035,P0634,P0423,0,train
CASE035,P0564,P0124,0,train
CASE035,P0100,P0276,0,train
CASE035,P0070,P0832,0,train
CASE035,P0770,P0261,0,train
CASE035,P0070,P0569,0,train
CASE035,P0925,P0252,0,train
CASE035,P0210,P0660,0,train
CASE035,P0972,P0235,0,train
CASE035,P0741,P0729,0,train
CASE035,P0839,P0423,0,train
CASE035,P0291,P0361,0,train
CASE035,P0483,P0193,0,train
CASE035,P0428,P0530,0,train
CASE035,P0483,P0252,0,train
CASE035,P0856,P0020,0,train
CASE035,P0306,P0252,0,train
CASE035,P0968,P0236,0,train
CASE035,P0291,P0894,0,train
CASE035,P0741,P0587,0,train
CASE035,P0428,P0361,0,train
CASE035,P0210,P0930,0,train
CASE035,P0418,P0361,0,train
CASE035,P0300,P0276,0,train
CASE035,P0235,P0261,0,train
CASE036,P0851,P0437,1,train
CASE036,P0437,P0442,1,train
CASE036,P0351,P0851,1,train
CASE036,P0954,P0595,1,train
CASE036,P0595,P0351,1,train
CASE036,P0442,P0644,1,test
CASE036,P0970,P0954,1,test
CASE036,P0442,P0595,0,test
CASE036,P0437,P0595,0,test
CASE036,P0437,P0351,0,train
CASE036,P0437,P0970,0,train
CASE036,P0954,P0351,0,train
CASE036,P0644,P0437,0,train
CASE036,P0442,P0351,0,train
CASE037,P0723,P0852,1,train
CASE037,P0723,P0609,1,train
CASE037,P0723,P0881,1,train
CASE037,P0557,P0599,1,train
CASE037,P0723,P0094,1,train
CASE037,P0723,P0047,1,train
CASE037,P0557,P0926,1,train
CASE037,P0723,P0644,1,train
CASE037,P0723,P0545,1,train
CASE037,P0723,P0159,1,train
CASE037,P0557,P0063,1,train
CASE037,P0723,P0419,1,test
CASE037,P0557,P0708,1,test
CASE037,P0723,P0004,1,test
CASE037,P0557,P0441,1,test
CASE037,P0419,P0599,0,test
CASE037,P0159,P0047,0,test
CASE037,P0159,P0545,0,test
CASE037,P0557,P0881,0,test
CASE037,P0609,P0419,0,train
CASE037,P0708,P0047,0,train
CASE037,P0047,P0004,0,train
CASE037,P0047,P0545,0,train
CASE037,P0159,P0094,0,train
CASE037,P0599,P0723,0,train
CASE037,P0609,P0545,0,train
CASE037,P0852,P0094,0,train
CASE037,P0047,P0644,0,train
CASE037,P0599,P0047,0,train
CASE037,P0881,P0004,0,train
CASE038,P0514,P0426,1,train
CASE038,P0781,P0239,1,train
CASE038,P0426,P0781,1,train
CASE038,P0818,P0514,1,train
CASE038,P0239,P0158,1,train
CASE038,P0938,P0818,1,test
CASE038,P0899,P0938,1,test
CASE038,P0899,P0158,0,test
CASE038,P0899,P0781,0,test
CASE038,P0899,P0239,0,train
CASE038,P0781,P0158,0,train
CASE038,P0818,P0781,0,train
CASE038,P0899,P0818,0,train
CASE038,P0158,P0514,0,train
CASE039,P0697,P0961,1,train
CASE039,P0234,P0463,1,train
CASE039,P0477,P0621,1,train
CASE039,P0139,P0302,1,train
CASE039,P0894,P0342,1,train
CASE039,P0302,P0621,1,train
CASE039,P0920,P0425,1,train
CASE039,P0047,P0961,1,train
CASE039,P0234,P0730,1,train
CASE039,P0089,P0945,1,train
CASE039,P0920,P0490,1,train
CASE039,P0033,P0945,1,train
CASE039,P0947,P0477,1,train
CASE039,P0033,P0735,1,train
CASE039,P0004,P0342,1,train
CASE039,P0490,P0984,1,train
CASE039,P0961,P0231,1,train
CASE039,P0342,P0920,1,train
CASE039,P0894,P0920,1,train
CASE039,P0093,P0231,1,train
CASE039,P0711,P0984,1,train
CASE039,P0549,P0729,1,train
CASE039,P0485,P0766,1,train
CASE039,P0264,P0817,1,train
CASE039,P0364,P0085,1,train
CASE039,P0054,P0608,1,train
CASE039,P0729,P0024,1,train
CASE039,P0826,P0285,1,train
CASE039,P0490,P0711,1,train
CASE039,P0413,P0024,1,train
CASE039,P0089,P0033,1,train
CASE039,P0984,P0737,1,train
CASE039,P0279,P0597,1,train
CASE039,P0024,P0766,1,train
CASE039,P0597,P0581,1,train
CASE039,P0458,P0085,1,train
CASE039,P0730,P0564,1,train
CASE039,P0139,P0947,1,train
CASE039,P0231,P0033,1,train
CASE039,P0826,P0054,1,train
CASE039,P0143,P0264,1,train
CASE039,P0581,P0817,1,train
CASE039,P0766,P0319,1,train
CASE039,P0279,P0981,1,train
CASE039,P0564,P0981,1,train
CASE039,P0413,P0729,1,train
CASE039,P0811,P0047,1,train
CASE039,P0024,P0485,1,train
CASE039,P0549,P0413,1,train
CASE039,P0766,P0733,1,train
CASE039,P0364,P0244,1,train
CASE039,P0984,P0811,1,train
CASE039,P0319,P0733,1,train
CASE039,P0085,P0234,1,train
CASE039,P0463,P0564,1,train
CASE039,P0425,P0711,1,train
CASE039,P0285,P0054,1,train
CASE039,P0621,P0549,1,train
CASE039,P0735,P0947,1,train
CASE039,P0597,P0143,1,train
CASE039,P0143,P0581,1,train
CASE039,P0458,P0364,1,train
CASE039,P0093,P0089,1,train
CASE039,P0477,P0549,1,train
CASE039,P0730,P0279,1,train
CASE039,P0085,P0244,1,train
CASE039,P0811,P0697,1,train
CASE039,P0817,P0004,1,train
CASE039,P0697,P0093,1,train
CASE039,P0945,P0735,1,test
CASE039,P0621,P0413,1,test
CASE039,P0729,P0485,1,test
CASE039,P0711,P0737,1,test
CASE039,P0004,P0894,1,test
CASE039,P0817,P0894,1,test
CASE039,P0425,P0490,1,test
CASE039,P0231,P0089,1,test
CASE039,P0961,P0093,1,test
CASE039,P0947,P0302,1,test
CASE039,P0342,P0425,1,test
CASE039,P0981,P0597,1,test
CASE039,P0608,P0458,1,test
CASE039,P0737,P0811,1,test
CASE039,P0981,P0143,1,test
CASE039,P0244,P0463,1,test
CASE039,P0485,P0319,1,test
CASE039,P0302,P0477,1,test
CASE039,P0244,P0234,1,test
CASE039,P0047,P0697,1,test
CASE039,P0737,P0047,1,test
CASE039,P0564,P0279,1,test
CASE039,P0945,P0139,1,test
CASE039,P0581,P0264,1,test
CASE039,P0264,P0004,1,test
CASE039,P0285,P0608,1,test
CASE039,P0608,P0364,1,test
CASE039,P0735,P0139,1,test
CASE039,P0054,P0458,1,test
CASE039,P0463,P0730,1,test
CASE039,P0279,P0364,0,test
CASE039,P0477,P0425,0,test
CASE039,P0697,P0089,0,test
CASE039,P0231,P0413,0,test
CASE039,P0143,P0413,0,test
CASE039,P0826,P0143,0,test
CASE039,P0581,P0139,0,test
CASE039,P0458,P0485,0,test
CASE039,P0485,P0477,0,test
CASE039,P0244,P0597,0,test
CASE039,P0004,P0766,0,test
CASE039,P0766,P0581,0,test
CASE039,P0054,P0477,0,test
CASE039,P0737,P0549,0,test
CASE039,P0697,P0004,0,test
CASE039,P0302,P0730,0,test
CASE039,P0697,P0894,0,test
CASE039,P0047,P0711,0,test
CASE039,P0425,P0597,0,test
CASE039,P0826,P0811,0,test
CASE039,P0302,P0711,0,test
CASE039,P0463,P0085,0,test
CASE039,P0817,P0458,0,test
CASE039,P0477,P0244,0,test
CASE039,P0581,P0285,0,test
CASE039,P0729,P0697,0,test
CASE039,P0490,P0413,0,test
CASE039,P0024,P0285,0,test
CASE039,P0490,P0811,0,test
CASE039,P0285,P0945,0,test
CASE039,P0730,P0894,0,train
CASE039,P0817,P0477,0,train
CASE039,P0089,P0984,0,train
CASE039,P0894,P0729,0,train
CASE039,P0364,P0093,0,train
CASE039,P0621,P0004,0,train
CASE039,P0054,P0981,0,train
CASE039,P0285,P0458,0,train
CASE039,P0047,P0729,0,train
CASE039,P0319,P0458,0,train
CASE039,P0033,P0766,0,train
CASE039,P0961,P0826,0,train
CASE039,P0826,P0004,0,train
CASE039,P0711,P0697,0,train
CASE039,P0490,P0093,0,train
CASE039,P0549,P0733,0,train
CASE039,P0490,P0961,0,train
CASE039,P0984,P0302,0,train
CASE039,P0766,P0054,0,train
CASE039,P0735,P0984,0,train
CASE039,P0364,P0920,0,train
CASE039,P0143,P0920,0,train
CASE039,P0737,P0945,0,train
CASE039,P0139,P0244,0,train
CASE039,P0608,P0342,0,train
CASE039,P0093,P0143,0,train
CASE039,P0139,P0811,0,train
CASE039,P0766,P0947,0,train
CASE039,P0264,P0811,0,train
CASE039,P0264,P0319,0,train
CASE039,P0947,P0413,0,train
CASE039,P0302,P0425,0,train
CASE039,P0490,P0947,0,train
CASE039,P0143,P0244,0,train
CASE039,P0581,P0490,0,train
CASE039,P0024,P0279,0,train
CASE039,P0054,P0811,0,train
CASE039,P0549,P0143,0,train
CASE039,P0597,P0947,0,train
CASE039,P0581,P0364,0,train
CASE039,P0425,P0244,0,train
CASE039,P0279,P0733,0,train
CASE039,P0264,P0961,0,train
CASE039,P0463,P0826,0,train
CASE039,P0285,P0733,0,train
CASE039,P0608,P0485,0,train
CASE039,P0033,P0826,0,train
CASE039,P0139,P0234,0,train
CASE039,P0947,P0319,0,train
CASE039,P0244,P0485,0,train
CASE039,P0711,P0945,0,train
CASE039,P0981,P0458,0,train
CASE039,P0711,P0981,0,train
CASE039,P0984,P0004,0,train
CASE039,P0549,P0817,0,train
CASE039,P0342,P0945,0,train
CASE039,P0033,P0711,0,train
CASE039,P0285,P0984,0,train
CASE039,P0285,P0033,0,train
CASE039,P0279,P0961,0,train
CASE039,P0894,P0826,0,train
CASE039,P0302,P0231,0,train
CASE039,P0234,P0477,0,train
CASE039,P0920,P0302,0,train
CASE039,P0581,P0093,0,train
CASE039,P0961,P0139,0,train
CASE039,P0981,P0302,0,train
CASE039,P0766,P0621,0,train
CASE039,P0737,P0981,0,train
CASE041,P0535,P0186,1,train
CASE041,P0176,P0186,1,train
CASE041,P0714,P0311,1,train
CASE041,P0544,P0640,1,train
CASE041,P0947,P0729,1,train
CASE041,P0095,P0461,1,train
CASE041,P0636,P0124,1,train
CASE041,P0176,P0535,1,train
CASE041,P0382,P0610,1,train
CASE041,P0947,P0928,1,train
CASE041,P0461,P0153,1,train
CASE041,P0759,P0124,1,train
CASE041,P0659,P0176,1,train
CASE041,P0153,P0640,1,train
CASE041,P0917,P0659,1,train
CASE041,P0124,P0928,1,train
CASE041,P0954,P0759,1,train
CASE041,P0310,P0534,1,train
CASE041,P0124,P0947,1,train
CASE041,P0544,P0153,1,train
CASE041,P0759,P0636,1,train
CASE041,P0659,P0311,1,train
CASE041,P0917,P0714,1,train
CASE041,P0535,P0095,1,train
CASE041,P0410,P0310,1,train
CASE041,P0772,P0917,1,train
CASE041,P0382,P0954,1,train
CASE041,P0928,P0729,1,train
CASE041,P0714,P0659,1,train
CASE041,P0729,P0410,1,train
CASE041,P0534,P0671,1,train
CASE041,P0461,P0544,1,train
CASE041,P0311,P0535,1,train
CASE041,P0729,P0310,1,train
CASE041,P0640,P0382,1,test
CASE041,P0410,P0534,1,test
CASE041,P0310,P0671,1,test
CASE041,P0610,P0759,1,test
CASE041,P0186,P0461,1,test
CASE041,P0186,P0095,1,test
CASE041,P0640,P0954,1,test
CASE041,P0610,P0636,1,test
CASE041,P0636,P0947,1,test
CASE041,P0928,P0410,1,test
CASE041,P0772,P0714,1,test
CASE041,P0095,P0544,1,test
CASE041,P0311,P0176,1,test
CASE041,P0954,P0610,1,test
CASE041,P0153,P0382,1,test
CASE041,P0382,P0928,0,test
CASE041,P0640,P0759,0,test
CASE041,P0640,P0772,0,test
CASE041,P0759,P0534,0,test
CASE041,P0729,P0535,0,test
CASE041,P0310,P0382,0,test
CASE041,P0410,P0461,0,test
CASE041,P0671,P0636,0,test
CASE041,P0659,P0310,0,test
CASE041,P0410,P0659,0,test
CASE041,P0461,P0714,0,test
CASE041,P0640,P0729,0,test
CASE041,P0186,P0714,0,test
CASE041,P0535,P0461,0,test
CASE041,P0659,P0640,0,test
CASE041,P0947,P0714,0,train
CASE041,P0917,P0544,0,train
CASE041,P0095,P0947,0,train
CASE041,P0095,P0410,0,train
CASE041,P0671,P0772,0,train
CASE041,P0176,P0410,0,train
CASE041,P0310,P0640,0,train
CASE041,P0917,P0176,0,train
CASE041,P0640,P0186,0,train
CASE041,P0671,P0610,0,train
CASE041,P0124,P0311,0,train
CASE041,P0729,P0176,0,train
CASE041,P0928,P0095,0,train
CASE041,P0153,P0954,0,train
CASE041,P0947,P0410,0,train
CASE041,P0186,P0772,0,train
CASE041,P0176,P0153,0,train
CASE041,P0636,P0714,0,train
CASE041,P0153,P0410,0,train
CASE041,P0714,P0382,0,train
CASE041,P0729,P0124,0,train
CASE041,P0772,P0759,0,train
CASE041,P0671,P0311,0,train
CASE041,P0176,P0772,0,train
CASE041,P0714,P0535,0,train
CASE041,P0310,P0124,0,train
CASE041,P0310,P0928,0,train
CASE041,P0534,P0124,0,train
CASE041,P0095,P0310,0,train
CASE041,P0410,P0954,0,train
CASE041,P0714,P0153,0,train
CASE041,P0759,P0382,0,train
CASE041,P0714,P0954,0,train
CASE041,P0544,P0729,0,train
CASE042,P0431,P0513,1,train
CASE042,P0431,P0512,1,train
CASE042,P0431,P0588,1,train
CASE042,P0431,P0490,1,train
CASE042,P0431,P0987,1,train
CASE042,P0431,P0954,1,train
CASE042,P0431,P0043,1,train
CASE042,P0431,P0194,1,train
CASE042,P0431,P0583,1,train
CASE042,P0431,P0907,1,train
CASE042,P0431,P0427,1,train
CASE042,P0431,P0546,1,train
CASE042,P0431,P0217,1,train
CASE042,P0431,P0754,1,test
CASE042,P0431,P0468,1,test
CASE042,P0431,P0529,1,test
CASE042,P0431,P0772,1,test
CASE042,P0431,P0013,1,test
CASE042,P0987,P0468,0,test
CASE042,P0954,P0754,0,test
CASE042,P0512,P0013,0,test
CASE042,P0588,P0194,0,test
CASE042,P0490,P0217,0,test
CASE042,P0588,P0043,0,train
CASE042,P0954,P0427,0,train
CASE042,P0513,P0754,0,train
CASE042,P0546,P0427,0,train
CASE042,P0907,P0987,0,train
CASE042,P0194,P0954,0,train
CASE042,P0907,P0954,0,train
CASE042,P0772,P0468,0,train
CASE042,P0043,P0513,0,train
CASE042,P0513,P0529,0,train
CASE042,P0427,P0583,0,train
CASE042,P0907,P0583,0,train
CASE042,P0043,P0546,0,train
CASE043,P0310,P0984,1,train
CASE043,P0310,P0074,1,train
CASE043,P0310,P0844,1,train
CASE043,P0310,P0133,1,test
CASE043,P0984,P0133,0,test
CASE043,P0133,P0844,0,train
CASE043,P0984,P0844,0,train
CASE043,P0074,P0984,0,train
CASE044,P0689,P0481,1,train
CASE044,P0227,P0758,1,train
CASE044,P0227,P0052,1,train
CASE044,P0227,P0030,1,train
CASE044,P0689,P0919,1,train
CASE044,P0689,P0729,1,train
CASE044,P0227,P0976,1,train
CASE044,P0227,P0600,1,train
CASE044,P0689,P0800,1,train
CASE044,P0227,P0476,1,train
CASE044,P0227,P0049,1,train
CASE044,P0227,P0747,1,train
CASE044,P0227,P0517,1,test
CASE044,P0227,P0892,1,test
CASE044,P0227,P0934,1,test
CASE044,P0227,P0823,1,test
CASE044,P0227,P0449,1,test
CASE044,P0758,P0052,0,test
CASE044,P0729,P0052,0,test
CASE044,P0030,P0476,0,test
CASE044,P0892,P0758,0,test
CASE044,P0800,P0729,0,test
CASE044,P0476,P0934,0,train
CASE044,P0030,P0600,0,train
CASE044,P0800,P0976,0,train
CASE044,P0049,P0030,0,train
CASE044,P0758,P0747,0,train
CASE044,P0600,P0052,0,train
CASE044,P0517,P0758,0,train
CASE044,P0800,P0449,0,train
CASE044,P0976,P0892,0,train
CASE044,P0600,P0729,0,train
CASE044,P0823,P0976,0,train
CASE044,P0729,P0481,0,train
CASE045,P0785,P0261,1,train
CASE045,P0281,P0768,1,train
CASE045,P0755,P0242,1,train
CASE045,P0491,P0055,1,train
CASE045,P0768,P0297,1,train
CASE045,P0748,P0281,1,train
CASE045,P0916,P0573,1,train
CASE045,P0002,P0785,1,train
CASE045,P0573,P0755,1,train
CASE045,P0242,P0748,1,test
CASE045,P0297,P0002,1,test
CASE045,P0261,P0491,1,test
CASE045,P0125,P0916,1,test
CASE045,P0748,P0261,0,test
CASE045,P0002,P0261,0,test
CASE045,P0768,P0785,0,test
CASE045,P0916,P0002,0,test
CASE045,P0002,P0055,0,train
CASE045,P0748,P0785,0,train
CASE045,P0768,P0916,0,train
CASE045,P0573,P0491,0,train
CASE045,P0297,P0748,0,train
CASE045,P0748,P0755,0,train
CASE045,P0281,P0002,0,train
CASE045,P0281,P0261,0,train
CASE045,P0281,P0916,0,train
CASE047,P0817,P0195,1,train
CASE047,P0296,P0817,1,train
CASE047,P0195,P0443,1,test
CASE047,P0195,P0296,0,test
CASE047,P0817,P0443,0,train
CASE047,P0443,P0296,0,train
CASE048,P0947,P0053,1,train
CASE048,P0894,P0506,1,train
CASE048,P0230,P0873,1,train
CASE048,P0394,P0709,1,train
CASE048,P0482,P0359,1,train
CASE048,P0709,P0144,1,train
CASE048,P0734,P0961,1,train
CASE048,P0235,P0111,1,train
CASE048,P0632,P0230,1,train
CASE048,P0564,P0124,1,train
CASE048,P0422,P0558,1,train
CASE048,P0053,P0111,1,train
CASE048,P0359,P0297,1,train
CASE048,P0005,P0264,1,train
CASE048,P0673,P0297,1,train
CASE048,P0231,P0053,1,train
CASE048,P0563,P0035,1,train
CASE048,P0593,P0359,1,test
CASE048,P0124,P0144,1,test
CASE048,P0346,P0264,1,test
CASE048,P0228,P0894,1,test
CASE048,P0264,P0297,1,test
CASE048,P0930,P0894,1,test
CASE048,P0378,P0230,1,test
CASE048,P0930,P0533,0,test
CASE048,P0264,P0124,0,test
CASE048,P0231,P0709,0,test
CASE048,P0231,P0593,0,test
CASE048,P0231,P0378,0,test
CASE048,P0419,P0734,0,test
CASE048,P0111,P0144,0,test
CASE048,P0394,P0035,0,train
CASE048,P0144,P0297,0,train
CASE048,P0482,P0533,0,train
CASE048,P0005,P0022,0,train
CASE048,P0464,P0563,0,train
CASE048,P0005,P0228,0,train
CASE048,P0394,P0558,0,train
CASE048,P0961,P0111,0,train
CASE048,P0394,P0632,0,train
CASE048,P0359,P0422,0,train
CASE048,P0230,P0506,0,train
CASE048,P0005,P0593,0,train
CASE048,P0632,P0709,0,train
CASE048,P0228,P0346,0,train
CASE048,P0734,P0231,0,train
CASE048,P0359,P0563,0,train
CASE048,P0378,P0873,0,train
CASE049,P0923,P0507,1,train
CASE049,P0324,P0165,1,train
CASE049,P0287,P0417,1,train
CASE049,P0274,P0843,1,train
CASE049,P0736,P0837,1,train
CASE049,P0147,P0818,1,train
CASE049,P0153,P0896,1,train
CASE049,P1000,P0616,1,train
CASE049,P0125,P0755,1,train
CASE049,P0145,P0224,1,test
CASE049,P0405,P0156,1,test
CASE049,P0998,P0172,1,test
CASE049,P0662,P0059,1,test
CASE049,P0156,P0818,0,test
CASE049,P0923,P0165,0,test
CASE049,P0125,P0616,0,test
CASE049,P0837,P0405,0,test
CASE049,P0755,P0147,0,train
CASE049,P0755,P0274,0,train
CASE049,P0896,P0145,0,train
CASE049,P0755,P0998,0,train
CASE049,P0755,P0224,0,train
CASE049,P0165,P0172,0,train
CASE049,P0274,P0324,0,train
CASE049,P0837,P0156,0,train
CASE049,P0172,P0324,0,train
CASE050,P0118,P0278,1,train
CASE050,P0118,P0691,1,train
CASE050,P0118,P0378,1,train
CASE050,P0118,P0544,1,train
CASE050,P0118,P0065,1,train
CASE050,P0118,P0816,1,train
CASE050,P0118,P0190,1,train
CASE050,P0118,P0393,1,train
CASE050,P0118,P0720,1,train
CASE050,P0118,P0401,1,train
CASE050,P0118,P0136,1,train
CASE050,P0118,P0700,1,train
CASE050,P0118,P0046,1,train
CASE050,P0118,P0533,1,train
CASE050,P0118,P0180,1,train
CASE050,P0118,P0653,1,train
CASE050,P0118,P0534,1,train
CASE050,P0118,P0433,1,train
CASE050,P0118,P0430,1,train
CASE050,P0118,P0021,1,train
CASE050,P0118,P0503,1,train
CASE050,P0118,P0156,1,train
CASE050,P0118,P0575,1,train
CASE050,P0118,P0482,1,train
CASE050,P0118,P0272,1,train
CASE050,P0118,P0453,1,train
CASE050,P0118,P0998,1,train
CASE050,P0118,P0843,1,train
CASE050,P0118,P0441,1,train
CASE050,P0118,P0943,1,train
CASE050,P0118,P0333,1,test
CASE050,P0118,P0227,1,test
CASE050,P0118,P0732,1,test
CASE050,P0118,P0013,1,test
CASE050,P0118,P0938,1,test
CASE050,P0118,P0956,1,test
CASE050,P0118,P0686,1,test
CASE050,P0118,P0582,1,test
CASE050,P0118,P0942,1,test
CASE050,P0118,P0984,1,test
CASE050,P0118,P0630,1,test
CASE050,P0118,P0486,1,test
CASE050,P0118,P0080,1,test
CASE050,P0080,P0691,0,test
CASE050,P0180,P0630,0,test
CASE050,P0942,P0732,0,test
CASE050,P0190,P0503,0,test
CASE050,P0156,P0272,0,test
CASE050,P0227,P0046,0,test
CASE050,P0080,P0486,0,test
CASE050,P0180,P0333,0,test
CASE050,P0720,P0691,0,test
CASE050,P0156,P0816,0,test
CASE050,P0942,P0430,0,test
CASE050,P0441,P0686,0,test
CASE050,P0720,P0156,0,test
CASE050,P0430,P0393,0,train
CASE050,P0575,P0942,0,train
CASE050,P0653,P0533,0,train
CASE050,P0582,P0984,0,train
CASE050,P0943,P0534,0,train
CASE050,P0630,P0453,0,train
CASE050,P0180,P0013,0,train
CASE050,P0080,P0401,0,train
CASE050,P0686,P0080,0,train
CASE050,P0272,P0401,0,train
CASE050,P0136,P0544,0,train
CASE050,P0180,P0984,0,train
CASE050,P0575,P0843,0,train
CASE050,P0720,P0278,0,train
CASE050,P0956,P0333,0,train
CASE050,P0136,P0938,0,train
CASE050,P0080,P0984,0,train
CASE050,P0486,P0065,0,train
CASE050,P0720,P0582,0,train
CASE050,P0190,P0984,0,train
CASE050,P0816,P0486,0,train
CASE050,P0180,P0080,0,train
CASE050,P0227,P0843,0,train
CASE050,P0156,P0278,0,train
CASE050,P0136,P0956,0,train
CASE050,P0272,P0691,0,train
CASE050,P0630,P0691,0,train
CASE050,P0544,P0190,0,train
CASE050,P0333,P0227,0,train
CASE050,P0998,P0378,0,train
CASE053,P0494,P0774,1,train
CASE053,P0808,P0438,1,train
CASE053,P0988,P0901,1,train
CASE053,P0968,P0494,1,train
CASE053,P0688,P0158,1,train
CASE053,P0901,P0688,1,train
CASE053,P0438,P0874,1,train
CASE053,P0241,P0988,1,train
CASE053,P0774,P0808,1,test
CASE053,P0873,P0241,1,test
CASE053,P0874,P0873,1,test
CASE053,P0158,P0494,0,test
CASE053,P0988,P0158,0,test
CASE053,P0988,P0688,0,test
CASE053,P0808,P0901,0,train
CASE053,P0873,P0158,0,train
CASE053,P0874,P0241,0,train
CASE053,P0988,P0494,0,train
CASE053,P0241,P0774,0,train
CASE053,P0808,P0874,0,train
CASE053,P0901,P0494,0,train
CASE053,P0988,P0968,0,train
CASE054,P0366,P0126,1,train
CASE054,P0251,P0053,1,train
CASE054,P0126,P0053,1,train
CASE054,P0497,P0126,1,test
CASE054,P0126,P0251,0,test
CASE054,P0126,P0815,0,train
CASE054,P0287,P0497,0,train
CASE054,P0559,P0815,0,train
CASE055,P0712,P0398,1,train
CASE055,P0996,P0711,1,train
CASE055,P0476,P0101,1,train
CASE055,P0117,P0563,1,train
CASE055,P0964,P0890,1,train
CASE055,P0981,P0280,1,train
CASE055,P0856,P0430,1,test
CASE055,P0426,P0402,1,test
CASE055,P0402,P0430,0,test
CASE055,P0890,P0430,0,test
CASE055,P0563,P0981,0,train
CASE055,P0856,P0712,0,train
CASE055,P0964,P0996,0,train
CASE055,P0712,P0011,0,train
CASE055,P0476,P0712,0,train
CASE055,P0563,P0430,0,train
CASE056,P0480,P0178,1,train
CASE056,P0688,P0485,1,train
CASE056,P0809,P0406,1,train
CASE056,P0702,P0992,1,train
CASE056,P0809,P0822,1,train
CASE056,P0532,P0698,1,train
CASE056,P0699,P0775,1,train
CASE056,P0485,P0986,1,train
CASE056,P0698,P0315,1,train
CASE056,P0822,P0699,1,train
CASE056,P0328,P0429,1,train
CASE056,P0687,P0783,1,train
CASE056,P0966,P0192,1,train
CASE056,P0315,P0702,1,train
CASE056,P0406,P0822,1,train
CASE056,P0179,P0688,1,train
CASE056,P0297,P0328,1,train
CASE056,P0124,P0429,1,train
CASE056,P0406,P0699,1,train
CASE056,P0315,P0992,1,train
CASE056,P0822,P0775,1,train
CASE056,P0688,P0986,1,train
CASE056,P0251,P0178,1,train
CASE056,P0775,P0297,1,train
CASE056,P0992,P0480,1,train
CASE056,P0687,P0607,1,train
CASE056,P0297,P0124,1,train
CASE056,P0725,P0688,1,train
CASE056,P0783,P0607,1,train
CASE056,P0986,P0379,1,train
CASE056,P0532,P0847,1,train
CASE056,P0607,P0532,1,train
CASE056,P0698,P0847,1,train
CASE056,P0986,P0687,1,train
CASE056,P0192,P0809,1,train
CASE056,P0847,P0702,1,train
CASE056,P0124,P0328,1,train
CASE056,P0192,P0406,1,train
CASE056,P0992,P0251,1,train
CASE056,P0966,P0555,1,train
CASE056,P0178,P0966,1,train
CASE056,P0379,P0687,1,test
CASE056,P0485,P0379,1,test
CASE056,P0555,P0192,1,test
CASE056,P0728,P0966,1,test
CASE056,P0728,P0555,1,test
CASE056,P0480,P0728,1,test
CASE056,P0702,P0251,1,test
CASE056,P0775,P0124,1,test
CASE056,P0699,P0297,1,test
CASE056,P0379,P0783,1,test
CASE056,P0251,P0480,1,test
CASE056,P0178,P0728,1,test
CASE056,P0555,P0809,1,test
CASE056,P0179,P0725,1,test
CASE056,P0783,P0532,1,test
CASE056,P0725,P0485,1,test
CASE056,P0847,P0315,1,test
CASE056,P0607,P0698,1,test
CASE056,P0406,P0688,0,test
CASE056,P0822,P0847,0,test
CASE056,P0687,P0699,0,test
CASE056,P0847,P0687,0,test
CASE056,P0783,P0480,0,test
CASE056,P0192,P0725,0,test
CASE056,P0783,P0297,0,test
CASE056,P0687,P0728,0,test
CASE056,P0179,P0485,0,test
CASE056,P0698,P0775,0,test
CASE056,P0699,P0192,0,test
CASE056,P0847,P0555,0,test
CASE056,P0783,P0688,0,test
CASE056,P0532,P0986,0,test
CASE056,P0702,P0379,0,test
CASE056,P0555,P0379,0,test
CASE056,P0698,P0328,0,test
CASE056,P0822,P0179,0,test
CASE056,P0783,P0728,0,train
CASE056,P0315,P0192,0,train
CASE056,P0485,P0251,0,train
CASE056,P0429,P0822,0,train
CASE056,P0251,P0775,0,train
CASE056,P0986,P0315,0,train
CASE056,P0555,P0315,0,train
CASE056,P0775,P0179,0,train
CASE056,P0966,P0532,0,train
CASE056,P0429,P0532,0,train
CASE056,P0783,P0775,0,train
CASE056,P0847,P0775,0,train
CASE056,P0192,P0688,0,train
CASE056,P0297,P0179,0,train
CASE056,P0328,P0379,0,train
CASE056,P0822,P0728,0,train
CASE056,P0728,P0607,0,train
CASE056,P0688,P0687,0,train
CASE056,P0532,P0699,0,train
CASE056,P0192,P0728,0,train
CASE056,P0847,P0809,0,train
CASE056,P0485,P0328,0,train
CASE056,P0986,P0702,0,train
CASE056,P0822,P0698,0,train
CASE056,P0178,P0379,0,train
CASE056,P0992,P0124,0,train
CASE056,P0699,P0728,0,train
CASE056,P0809,P0775,0,train
CASE056,P0725,P0124,0,train
CASE056,P0783,P0192,0,train
CASE056,P0702,P0178,0,train
CASE056,P0822,P0251,0,train
CASE056,P0555,P0783,0,train
CASE056,P0192,P0775,0,train
CASE056,P0124,P0379,0,train
CASE056,P0485,P0992,0,train
CASE056,P0179,P0251,0,train
CASE056,P0775,P0532,0,train
CASE056,P0178,P0687,0,train
CASE056,P0124,P0480,0,train
CASE056,P0966,P0251,0,train
CASE058,P0487,P0862,1,train
CASE058,P0771,P0424,1,train
CASE058,P0424,P0426,1,train
CASE058,P0543,P0187,1,train
CASE058,P0821,P0193,1,train
CASE058,P0373,P0771,1,train
CASE058,P0602,P0350,1,train
CASE058,P0426,P0602,1,train
CASE058,P0637,P0821,1,train
CASE058,P0193,P0543,1,test
CASE058,P0350,P0828,1,test
CASE058,P0187,P0487,1,test
CASE058,P0862,P0373,1,test
CASE058,P0637,P0424,0,test
CASE058,P0487,P0350,0,test
CASE058,P0862,P0426,0,test
CASE058,P0821,P0373,0,test
CASE058,P0426,P0543,0,train
CASE058,P0193,P0828,0,train
CASE058,P0193,P0602,0,train
CASE058,P0487,P0426,0,train
CASE058,P0771,P0426,0,train
CASE058,P0543,P0487,0,train
CASE058,P0637,P0543,0,train
CASE058,P0373,P0426,0,train
CASE058,P0602,P0373,0,train
CASE059,P0780,P0642,1,train
CASE059,P0140,P0613,1,train
CASE059,P0970,P0405,1,train
CASE059,P0642,P0373,1,train
CASE059,P0466,P0850,1,train
CASE059,P0131,P0425,1,train
CASE059,P0373,P0223,1,train
CASE059,P0075,P0325,1,train
CASE059,P0450,P0692,1,train
CASE059,P0958,P0334,1,train
CASE059,P0223,P0671,1,train
CASE059,P0425,P0320,1,train
CASE059,P0676,P0131,1,train
CASE059,P0009,P0541,1,train
CASE059,P0671,P0077,1,train
CASE059,P0019,P0503,1,train
CASE059,P0207,P0584,1,train
CASE059,P0551,P0296,1,train
CASE059,P0193,P0603,1,train
CASE059,P0248,P0960,1,train
CASE059,P0818,P0676,1,train
CASE059,P0529,P0445,1,train
CASE059,P0541,P0585,1,train
CASE059,P0117,P0818,1,train
CASE059,P0613,P0458,1,train
CASE059,P0617,P0426,1,train
CASE059,P0850,P0958,1,train
CASE059,P0960,P0678,1,train
CASE059,P0296,P0970,1,train
CASE059,P0603,P0885,1,train
CASE059,P0071,P0009,1,train
CASE059,P0584,P0450,1,train
CASE059,P0458,P0193,1,train
CASE059,P0426,P0157,1,test
CASE059,P0585,P0019,1,test
CASE059,P0445,P0617,1,test
CASE059,P0324,P0140,1,test
CASE059,P0885,P0207,1,test
CASE059,P0678,P0071,1,test
CASE059,P0157,P0324,1,test
CASE059,P0130,P0551,1,test
CASE059,P0325,P0466,1,test
CASE059,P0077,P0075,1,test
CASE059,P0334,P0117,1,test
CASE059,P0503,P0529,1,test
CASE059,P0320,P0130,1,test
CASE059,P0405,P0248,1,test
CASE059,P0503,P0958,0,test
CASE059,P0405,P0678,0,test
CASE059,P0425,P0970,0,test
CASE059,P0885,P0193,0,test
CASE059,P0970,P0131,0,test
CASE059,P0584,P0324,0,test
CASE059,P0458,P0248,0,test
CASE059,P0551,P0503,0,test
CASE059,P0541,P0320,0,test
CASE059,P0617,P0071,0,test
CASE059,P0780,P0324,0,test
CASE059,P0425,P0617,0,test
CASE059,P0009,P0248,0,test
CASE059,P0157,P0958,0,test
CASE059,P0970,P0850,0,train
CASE059,P0405,P0692,0,train
CASE059,P0130,P0075,0,train
CASE059,P0676,P0885,0,train
CASE059,P0885,P0296,0,train
CASE059,P0296,P0678,0,train
CASE059,P0642,P0551,0,train
CASE059,P0157,P0529,0,train
CASE059,P0009,P0140,0,train
CASE059,P0503,P0603,0,train
CASE059,P0603,P0466,0,train
CASE059,P0077,P0503,0,train
CASE059,P0320,P0157,0,train
CASE059,P0692,P0613,0,train
CASE059,P0324,P0551,0,train
CASE059,P0458,P0850,0,train
CASE059,P0009,P0223,0,train
CASE059,P0551,P0071,0,train
CASE059,P0140,P0503,0,train
CASE059,P0117,P0642,0,train
CASE059,P0617,P0157,0,train
CASE059,P0296,P0324,0,train
CASE059,P0503,P0320,0,train
CASE059,P0207,P0613,0,train
CASE059,P0117,P0885,0,train
CASE059,P0466,P0503,0,train
CASE059,P0613,P0642,0,train
CASE059,P0458,P0503,0,train
CASE059,P0324,P0678,0,train
CASE059,P0671,P0551,0,train
CASE059,P0958,P0077,0,train
CASE059,P0140,P0818,0,train
CASE059,P0426,P0541,0,train
CASE060,P0577,P0697,1,train
CASE060,P0577,P0830,1,train
CASE060,P0577,P0666,1,train
CASE060,P0577,P0696,1,train
CASE060,P0577,P0498,1,train
CASE060,P0577,P0934,1,train
CASE060,P0577,P0960,1,train
CASE060,P0577,P0580,1,train
CASE060,P0577,P0550,1,train
CASE060,P0577,P0684,1,train
CASE060,P0577,P0358,1,train
CASE060,P0577,P0241,1,train
CASE060,P0577,P0713,1,train
CASE060,P0577,P0917,1,train
CASE060,P0577,P0370,1,train
CASE060,P0577,P0062,1,train
CASE060,P0577,P0529,1,train
CASE060,P0577,P0851,1,train
CASE060,P0577,P0374,1,train
CASE060,P0577,P0968,1,train
CASE060,P0577,P1000,1,train
CASE060,P0577,P0733,1,train
CASE060,P0577,P0981,1,train
CASE060,P0577,P0730,1,train
CASE060,P0577,P0381,1,train
CASE060,P0577,P0884,1,train
CASE060,P0577,P0311,1,train
CASE060,P0577,P0316,1,test
CASE060,P0577,P0354,1,test
CASE060,P0577,P0557,1,test
CASE060,P0577,P0263,1,test
CASE060,P0577,P0035,1,test
CASE060,P0577,P0371,1,test
CASE060,P0577,P0758,1,test
CASE060,P0577,P0033,1,test
CASE060,P0577,P0373,1,test
CASE060,P0577,P0494,1,test
CASE060,P0577,P0559,1,test
CASE060,P0241,P0696,0,test
CASE060,P0557,P0830,0,test
CASE060,P0733,P0381,0,test
CASE060,P0374,P0884,0,test
CASE060,P0373,P0580,0,test
CASE060,P0713,P0696,0,test
CASE060,P0697,P0851,0,test
CASE060,P0580,P0374,0,test
CASE060,P1000,P0370,0,test
CASE060,P0381,P0730,0,test
CASE060,P0559,P0557,0,test
CASE060,P0062,P0968,0,train
CASE060,P0062,P0684,0,train
CASE060,P0884,P0373,0,train
CASE060,P0713,P0730,0,train
CASE060,P0498,P0374,0,train
CASE060,P0960,P0580,0,train
CASE060,P0316,P1000,0,train
CASE060,P0733,P1000,0,train
CASE060,P0730,P0033,0,train
CASE060,P0684,P0557,0,train
CASE060,P1000,P0354,0,train
CASE060,P0550,P0494,0,train
CASE060,P0697,P0730,0,train
CASE060,P0730,P1000,0,train
CASE060,P0917,P0981,0,train
CASE060,P0381,P0697,0,train
CASE060,P0559,P0696,0,train
CASE060,P0529,P0370,0,train
CASE060,P0371,P0696,0,train
CASE060,P0580,P0666,0,train
CASE060,P0968,P0917,0,train
CASE060,P0035,P0713,0,train
CASE060,P0498,P0557,0,train
CASE060,P0550,P0241,0,train
CASE060,P0374,P0033,0,train
CASE060,P0354,P0851,0,train
CASE060,P0730,P0684,0,train
CASE061,P0346,P0816,1,train
CASE061,P0363,P0908,1,train
CASE061,P0050,P0456,1,train
CASE061,P0136,P0001,1,train
CASE061,P0411,P0617,1,train
CASE061,P0435,P0501,1,train
CASE061,P0650,P0327,1,train
CASE061,P0779,P0350,1,train
CASE061,P0399,P0855,1,train
CASE061,P0459,P0890,1,train
CASE061,P0725,P0766,1,train
CASE061,P0752,P0996,1,train
CASE061,P0331,P0103,1,train
CASE061,P0492,P0050,1,train
CASE061,P0497,P0879,1,train
CASE061,P0272,P0288,1,train
CASE061,P0049,P0280,1,train
CASE061,P0198,P0474,1,train
CASE061,P0353,P0432,1,train
CASE061,P0501,P0740,1,train
CASE061,P0414,P0198,1,train
CASE061,P0116,P0356,1,train
CASE061,P0766,P0902,1,train
CASE061,P0350,P0298,1,train
CASE061,P0821,P0321,1,train
CASE061,P0474,P0115,1,train
CASE061,P0456,P0116,1,train
CASE061,P0356,P0363,1,train
CASE061,P0001,P0510,1,train
CASE061,P0298,P0370,1,train
CASE061,P0103,P0968,1,train
CASE061,P0800,P0136,1,train
CASE061,P0493,P0549,1,train
CASE061,P0855,P0114,1,train
CASE061,P0288,P0346,1,train
CASE061,P0923,P0933,1,train
CASE061,P0280,P0435,1,train
CASE061,P0072,P0752,1,train
CASE061,P0715,P0133,1,train
CASE061,P0961,P0345,1,train
CASE061,P0114,P0800,1,train
CASE061,P0661,P0414,1,train
CASE061,P0294,P0839,1,train
CASE061,P0432,P0035,1,train
CASE061,P0379,P0821,1,train
CASE061,P0902,P0049,1,train
CASE061,P0549,P0899,1,train
CASE061,P0035,P0715,1,train
CASE061,P0544,P0923,1,train
CASE061,P0620,P0272,1,train
CASE061,P0327,P0459,1,train
CASE061,P0816,P0331,1,test
CASE061,P0370,P0023,1,test
CASE061,P0740,P0601,1,test
CASE061,P0711,P0493,1,test
CASE061,P0617,P0711,1,test
CASE061,P0826,P0544,1,test
CASE061,P0968,P0779,1,test
CASE061,P0996,P0399,1,test
CASE061,P0023,P0631,1,test
CASE061,P0890,P0725,1,test
CASE061,P0839,P0961,1,test
CASE061,P0345,P0826,1,test
CASE061,P0908,P0072,1,test
CASE061,P0933,P0492,1,test
CASE061,P0371,P0620,1,test
CASE061,P0631,P0650,1,test
CASE061,P0133,P0497,1,test
CASE061,P0899,P0294,1,test
CASE061,P0601,P0379,1,test
CASE061,P0115,P0411,1,test
CASE061,P0510,P0371,1,test
CASE061,P0879,P0661,1,test
CASE061,P0288,P0826,0,test
CASE061,P0198,P0816,0,test
CASE061,P0371,P0493,0,test
CASE061,P0115,P0371,0,test
CASE061,P0923,P0752,0,test
CASE061,P0617,P0501,0,test
CASE061,P0321,P0435,0,test
CASE061,P0855,P0432,0,test
CASE061,P0136,P0923,0,test
CASE061,P0933,P0752,0,test
CASE061,P0023,P0350,0,test
CASE061,P0779,P0766,0,test
CASE061,P0345,P0968,0,test
CASE061,P0133,P0996,0,test
CASE061,P0923,P0839,0,test
CASE061,P0821,P0459,0,test
CASE061,P0961,P0902,0,test
CASE061,P0072,P0839,0,test
CASE061,P0493,P0321,0,test
CASE061,P0968,P0752,0,test
CASE061,P0715,P0493,0,test
CASE061,P0321,P0345,0,test
CASE061,P0620,P0493,0,train
CASE061,P0346,P0072,0,train
CASE061,P0072,P0298,0,train
CASE061,P0620,P0379,0,train
CASE061,P0370,P0345,0,train
CASE061,P0549,P0890,0,train
CASE061,P0272,P0740,0,train
CASE061,P0661,P0493,0,train
CASE061,P0272,P0435,0,train
CASE061,P0280,P0631,0,train
CASE061,P0961,P0855,0,train
CASE061,P0353,P0414,0,train
CASE061,P0661,P0050,0,train
CASE061,P0650,P0114,0,train
CASE061,P0353,P0510,0,train
CASE061,P0114,P0493,0,train
CASE061,P0766,P0331,0,train
CASE061,P0879,P0933,0,train
CASE061,P0072,P0740,0,train
CASE061,P0198,P0725,0,train
CASE061,P0650,P0923,0,train
CASE061,P0116,P0001,0,train
CASE061,P0933,P0816,0,train
CASE061,P0414,P0331,0,train
CASE061,P0544,P0371,0,train
CASE061,P0601,P0331,0,train
CASE061,P0617,P0350,0,train
CASE061,P0288,P0114,0,train
CASE061,P0350,P0725,0,train
CASE061,P0294,P0725,0,train
CASE061,P0601,P0346,0,train
CASE061,P0001,P0474,0,train
CASE061,P0399,P0908,0,train
CASE061,P0114,P0456,0,train
CASE061,P0766,P0198,0,train
CASE061,P0890,P0072,0,train
CASE061,P0136,P0890,0,train
CASE061,P0890,P0379,0,train
CASE061,P0411,P0356,0,train
CASE061,P0826,P0435,0,train
CASE061,P0501,P0136,0,train
CASE061,P0715,P0711,0,train
CASE061,P0298,P0620,0,train
CASE061,P0779,P0399,0,train
CASE061,P0345,P0023,0,train
CASE061,P0001,P0617,0,train
CASE061,P0800,P0549,0,train
CASE061,P0899,P0601,0,train
CASE061,P0923,P0493,0,train
CASE061,P0288,P0116,0,train
CASE061,P0492,P0298,0,train
CASE062,P0782,P0199,1,train
CASE062,P0199,P0070,1,train
CASE062,P0345,P0280,1,train
CASE062,P0366,P0108,1,train
CASE062,P0297,P0060,1,train
CASE062,P0200,P0824,1,train
CASE062,P0280,P0853,1,train
CASE062,P0757,P0456,1,train
CASE062,P0653,P0915,1,train
CASE062,P0816,P0782,1,train
CASE062,P0875,P0469,1,train
CASE062,P0404,P0345,1,train
CASE062,P0794,P0314,1,train
CASE062,P0664,P0816,1,train
CASE062,P0980,P0895,1,train
CASE062,P0969,P0544,1,train
CASE062,P0996,P0806,1,train
CASE062,P0288,P0395,1,train
CASE062,P0108,P0757,1,train
CASE062,P0519,P0664,1,train
CASE062,P0053,P0287,1,train
CASE062,P0446,P0112,1,train
CASE062,P0359,P0053,1,train
CASE062,P0469,P0969,1,train
CASE062,P0314,P0463,1,train
CASE062,P0370,P0288,1,train
CASE062,P0806,P0404,1,train
CASE062,P0181,P0875,1,train
CASE062,P0363,P0980,1,train
CASE062,P0112,P0297,1,train
CASE062,P0915,P0446,1,test
CASE062,P0070,P0359,1,test
CASE062,P0824,P0363,1,test
CASE062,P0463,P0366,1,test
CASE062,P0895,P0328,1,test
CASE062,P0901,P0794,1,test
CASE062,P0287,P0653,1,test
CASE062,P0853,P0370,1,test
CASE062,P0456,P0200,1,test
CASE062,P0060,P0996,1,test
CASE062,P0544,P0625,1,test
CASE062,P0328,P0519,1,test
CASE062,P0395,P0181,1,test
CASE062,P0314,P0469,0,test
CASE062,P0653,P0280,0,test
CASE062,P0446,P0782,0,test
CASE062,P0112,P0875,0,test
CASE062,P0456,P0806,0,test
CASE062,P0824,P0895,0,test
CASE062,P0363,P0794,0,test
CASE062,P0053,P0544,0,test
CASE062,P0112,P0901,0,test
CASE062,P0875,P0653,0,test
CASE062,P0653,P0297,0,test
CASE062,P0757,P0366,0,test
CASE062,P0895,P0875,0,test
CASE062,P0996,P0544,0,train
CASE062,P0980,P0757,0,train
CASE062,P0070,P0519,0,train
CASE062,P0181,P0996,0,train
CASE062,P0757,P0664,0,train
CASE062,P0370,P0053,0,train
CASE062,P0806,P0200,0,train
CASE062,P0456,P0980,0,train
CASE062,P0816,P0370,0,train
CASE062,P0370,P0395,0,train
CASE062,P0446,P0363,0,train
CASE062,P0664,P0297,0,train
CASE062,P0969,P0297,0,train
CASE062,P0895,P0794,0,train
CASE062,P0199,P0816,0,train
CASE062,P0895,P0288,0,train
CASE062,P0370,P0519,0,train
CASE062,P0463,P0519,0,train
CASE062,P0314,P0901,0,train
CASE062,P0363,P0280,0,train
CASE062,P0895,P0108,0,train
CASE062,P0980,P0404,0,train
CASE062,P0395,P0757,0,train
CASE062,P0757,P0969,0,train
CASE062,P0363,P0359,0,train
CASE062,P0806,P0280,0,train
CASE062,P0794,P0328,0,train
CASE062,P0824,P0446,0,train
CASE062,P0370,P0366,0,train
CASE062,P0519,P0915,0,train
CASE063,P0471,P0947,1,train
CASE063,P0148,P0223,1,train
CASE063,P0471,P0431,1,train
CASE063,P0148,P0206,1,train
CASE063,P0471,P0607,1,train
CASE063,P0148,P0390,1,train
CASE063,P0471,P0707,1,train
CASE063,P0148,P0545,1,train
CASE063,P0148,P0943,1,train
CASE063,P0148,P0930,1,train
CASE063,P0471,P0630,1,train
CASE063,P0148,P0659,1,train
CASE063,P0148,P0806,1,train
CASE063,P0471,P0499,1,train
CASE063,P0471,P0999,1,train
CASE063,P0148,P0812,1,train
CASE063,P0148,P0164,1,train
CASE063,P0148,P0064,1,train
CASE063,P0148,P0694,1,train
CASE063,P0471,P0168,1,train
CASE063,P0148,P0350,1,train
CASE063,P0148,P0289,1,train
CASE063,P0148,P0017,1,train
CASE063,P0148,P0575,1,train
CASE063,P0148,P0746,1,train
CASE063,P0148,P0272,1,train
CASE063,P0148,P0124,1,train
CASE063,P0148,P0135,1,train
CASE063,P0148,P0173,1,train
CASE063,P0471,P0388,1,train
CASE063,P0148,P0973,1,train
CASE063,P0471,P0370,1,train
CASE063,P0471,P0005,1,train
CASE063,P0471,P0282,1,train
CASE063,P0148,P0615,1,train
CASE063,P0471,P0216,1,train
CASE063,P0148,P0451,1,train
CASE063,P0148,P0448,1,train
CASE063,P0148,P0134,1,train
CASE063,P0471,P0027,1,test
CASE063,P0148,P0601,1,test
CASE063,P0471,P0001,1,test
CASE063,P0471,P0469,1,test
CASE063,P0148,P0145,1,test
CASE063,P0148,P0306,1,test
CASE063,P0148,P0307,1,test
CASE063,P0471,P0646,1,test
CASE063,P0471,P0611,1,test
CASE063,P0148,P0861,1,test
CASE063,P0148,P0484,1,test
CASE063,P0148,P0189,1,test
CASE063,P0471,P0116,1,test
CASE063,P0148,P0786,1,test
CASE063,P0471,P0986,1,test
CASE063,P0148,P0689,1,test
CASE063,P0471,P0229,1,test
CASE063,P0134,P0027,0,test
CASE063,P0861,P0431,0,test
CASE063,P0017,P0135,0,test
CASE063,P0229,P0064,0,test
CASE063,P0017,P0027,0,test
CASE063,P0943,P0451,0,test
CASE063,P0986,P0005,0,test
CASE063,P0746,P0134,0,test
CASE063,P0168,P0806,0,test
CASE063,P0134,P0943,0,test
CASE063,P0388,P0689,0,test
CASE063,P0216,P0173,0,test
CASE063,P0499,P0575,0,test
CASE063,P0812,P0001,0,test
CASE063,P0289,P0930,0,test
CASE063,P0943,P0350,0,test
CASE063,P0135,P0689,0,test
CASE063,P0005,P0607,0,train
CASE063,P0173,P0947,0,train
CASE063,P0189,P0027,0,train
CASE063,P0164,P0124,0,train
CASE063,P0947,P0973,0,train
CASE063,P0145,P0469,0,train
CASE063,P0611,P0694,0,train
CASE063,P0164,P0575,0,train
CASE063,P0164,P0707,0,train
CASE063,P0189,P0307,0,train
CASE063,P0448,P0607,0,train
CASE063,P0615,P0499,0,train
CASE063,P0469,P0812,0,train
CASE063,P0499,P0116,0,train
CASE063,P0451,P0746,0,train
CASE063,P0282,P0124,0,train
CASE063,P0575,P0448,0,train
CASE063,P0943,P0607,0,train
CASE063,P0145,P0216,0,train
CASE063,P0350,P0484,0,train
CASE063,P0064,P0135,0,train
CASE063,P0630,P0469,0,train
CASE063,P0943,P0601,0,train
CASE063,P0229,P0986,0,train
CASE063,P0812,P0223,0,train
CASE063,P0947,P0289,0,train
CASE063,P0630,P0545,0,train
CASE063,P0689,P0630,0,train
CASE063,P0135,P0659,0,train
CASE063,P0164,P0388,0,train
CASE063,P0448,P0615,0,train
CASE063,P0189,P0575,0,train
CASE063,P0999,P0272,0,train
CASE063,P0575,P0350,0,train
CASE063,P0499,P0611,0,train
CASE063,P0499,P0306,0,train
CASE063,P0282,P0499,0,train
CASE063,P0027,P0930,0,train
CASE063,P0216,P0746,0,train
CASE064,P0753,P0568,1,train
CASE064,P0753,P0462,1,train
CASE064,P0753,P0488,1,train
CASE064,P0753,P0519,1,train
CASE064,P0753,P0169,1,test
CASE064,P0753,P0848,1,test
CASE064,P0462,P0488,0,test
CASE064,P0169,P0568,0,test
CASE064,P0488,P0568,0,train
CASE064,P0848,P0462,0,train
CASE064,P0169,P0848,0,train
CASE064,P0169,P0462,0,train
CASE065,P0790,P0795,1,train
CASE065,P0790,P0401,1,train
CASE065,P0560,P0015,1,train
CASE065,P0560,P0561,1,test
CASE065,P0790,P0598,1,test
CASE065,P0790,P0015,0,test
CASE065,P0598,P0560,0,test
CASE065,P0560,P0790,0,train
CASE065,P0561,P0795,0,train
CASE065,P0598,P0401,0,train
CASE066,P0778,P0180,1,train
CASE066,P0357,P0784,1,train
CASE066,P0003,P0687,1,train
CASE066,P0789,P0132,1,train
CASE066,P0148,P0853,1,train
CASE066,P0113,P0171,1,train
CASE066,P0964,P0553,1,train
CASE066,P0859,P0213,1,train
CASE066,P0930,P0113,1,train
CASE066,P0141,P0189,1,train
CASE066,P0553,P0003,1,train
CASE066,P0543,P0391,1,train
CASE066,P0274,P0859,1,train
CASE066,P0853,P0809,1,train
CASE066,P0055,P0410,1,train
CASE066,P0845,P0956,1,train
CASE066,P0379,P0850,1,train
CASE066,P0171,P0475,1,train
CASE066,P0969,P0697,1,train
CASE066,P0432,P0498,1,train
CASE066,P0444,P0357,1,train
CASE066,P0957,P0830,1,train
CASE066,P0942,P0389,1,train
CASE066,P0104,P0379,1,train
CASE066,P0469,P0806,1,train
CASE066,P0743,P0845,1,train
CASE066,P0830,P0930,1,train
CASE066,P0475,P0104,1,train
CASE066,P0795,P0501,1,train
CASE066,P0101,P0248,1,train
CASE066,P0153,P0932,1,train
CASE066,P0697,P0878,1,train
CASE066,P0107,P0153,1,train
CASE066,P0132,P0274,1,train
CASE066,P0441,P0121,1,train
CASE066,P0389,P0940,1,train
CASE066,P0878,P0444,1,train
CASE066,P0405,P0750,1,train
CASE066,P0932,P0101,1,train
CASE066,P0606,P0789,1,train
CASE066,P0688,P0724,1,train
CASE066,P0713,P0969,1,train
CASE066,P0159,P0671,1,train
CASE066,P0725,P0405,1,train
CASE066,P0580,P0055,1,train
CASE066,P0724,P0957,1,train
CASE066,P0669,P0441,1,train
CASE066,P0090,P0141,1,train
CASE066,P0121,P0713,1,train
CASE066,P0750,P0688,1,test
CASE066,P0410,P0795,1,test
CASE066,P0956,P0648,1,test
CASE066,P0687,P0469,1,test
CASE066,P0501,P0543,1,test
CASE066,P0180,P0743,1,test
CASE066,P0601,P0725,1,test
CASE066,P0368,P0148,1,test
CASE066,P0248,P0090,1,test
CASE066,P0213,P0450,1,test
CASE066,P0391,P0432,1,test
CASE066,P0648,P0368,1,test
CASE066,P0189,P0601,1,test
CASE066,P0784,P0964,1,test
CASE066,P0498,P0669,1,test
CASE066,P0806,P0159,1,test
CASE066,P0450,P0107,1,test
CASE066,P0809,P0942,1,test
CASE066,P0940,P0606,1,test
CASE066,P0850,P0584,1,test
CASE066,P0584,P0580,1,test
CASE066,P0713,P0090,0,test
CASE066,P0584,P0159,0,test
CASE066,P0274,P0501,0,test
CASE066,P0580,P0795,0,test
CASE066,P0159,P0171,0,test
CASE066,P0189,P0101,0,test
CASE066,P0859,P0713,0,test
CASE066,P0213,P0845,0,test
CASE066,P0648,P0606,0,test
CASE066,P0845,P0153,0,test
CASE066,P0107,P0878,0,test
CASE066,P0778,P0750,0,test
CASE066,P0809,P0795,0,test
CASE066,P0121,P0498,0,test
CASE066,P0878,P0498,0,test
CASE066,P0830,P0501,0,test
CASE066,P0090,P0543,0,test
CASE066,P0379,P0809,0,test
CASE066,P0391,P0601,0,test
CASE066,P0784,P0104,0,test
CASE066,P0688,P0969,0,test
CASE066,P0441,P0956,0,train
CASE066,P0969,P0113,0,train
CASE066,P0688,P0956,0,train
CASE066,P0580,P0809,0,train
CASE066,P0379,P0274,0,train
CASE066,P0932,P0850,0,train
CASE066,P0724,P0669,0,train
CASE066,P0724,P0450,0,train
CASE066,P0101,P0957,0,train
CASE066,P0606,P0809,0,train
CASE066,P0687,P0853,0,train
CASE066,P0580,P0930,0,train
CASE066,P0248,P0543,0,train
CASE066,P0391,P0830,0,train
CASE066,P0687,P0850,0,train
CASE066,P0669,P0601,0,train
CASE066,P0450,P0878,0,train
CASE066,P0405,P0601,0,train
CASE066,P0750,P0450,0,train
CASE066,P0141,P0357,0,train
CASE066,P0648,P0942,0,train
CASE066,P0957,P0391,0,train
CASE066,P0671,P0940,0,train
CASE066,P0750,P0189,0,train
CASE066,P0830,P0964,0,train
CASE066,P0159,P0501,0,train
CASE066,P0121,P0248,0,train
CASE066,P0441,P0778,0,train
CASE066,P0410,P0475,0,train
CASE066,P0809,P0189,0,train
CASE066,P0940,P0357,0,train
CASE066,P0475,P0940,0,train
CASE066,P0101,P0121,0,train
CASE066,P0055,P0003,0,train
CASE066,P0248,P0180,0,train
CASE066,P0104,P0498,0,train
CASE066,P0724,P0104,0,train
CASE066,P0121,P0113,0,train
CASE066,P0180,P0601,0,train
CASE066,P0171,P0830,0,train
CASE066,P0845,P0809,0,train
CASE066,P0141,P0003,0,train
CASE066,P0171,P0850,0,train
CASE066,P0806,P0724,0,train
CASE066,P0101,P0789,0,train
CASE066,P0830,P0379,0,train
CASE066,P0469,P0725,0,train
CASE066,P0444,P0795,0,train
CASE066,P0671,P0543,0,train
CASE068,P0309,P0622,1,train
CASE068,P0051,P0510,1,train
CASE068,P0512,P0989,1,train
CASE068,P0103,P0712,1,train
CASE068,P0923,P0795,1,train
CASE068,P0932,P0068,1,train
CASE068,P0089,P0994,1,train
CASE068,P0994,P0845,1,train
CASE068,P0280,P0051,1,train
CASE068,P0989,P0571,1,train
CASE068,P0721,P0225,1,train
CASE068,P0262,P0724,1,train
CASE068,P0333,P0721,1,train
CASE068,P0107,P0089,1,train
CASE068,P0795,P0280,1,train
CASE068,P0225,P0107,1,train
CASE068,P0510,P0971,1,train
CASE068,P0238,P0262,1,train
CASE068,P0267,P0115,1,train
CASE068,P0845,P0923,1,train
CASE068,P0763,P0309,1,train
CASE068,P0724,P0103,1,test
CASE068,P0980,P0512,1,test
CASE068,P0068,P0333,1,test
CASE068,P0571,P0939,1,test
CASE068,P0115,P0932,1,test
CASE068,P0971,P0238,1,test
CASE068,P0622,P0267,1,test
CASE068,P0788,P0980,1,test
CASE068,P0712,P0788,1,test
CASE068,P0724,P0932,0,test
CASE068,P0103,P0280,0,test
CASE068,P0845,P0788,0,test
CASE068,P0622,P0107,0,test
CASE068,P0795,P0939,0,test
CASE068,P0971,P0068,0,test
CASE068,P0103,P0994,0,test
CASE068,P0994,P0980,0,test
CASE068,P0107,P0939,0,test
CASE068,P0103,P0107,0,train
CASE068,P0712,P0994,0,train
CASE068,P0280,P0107,0,train
CASE068,P0089,P0724,0,train
CASE068,P0763,P0712,0,train
CASE068,P0262,P0103,0,train
CASE068,P0724,P0510,0,train
CASE068,P0932,P0721,0,train
CASE068,P0724,P0309,0,train
CASE068,P0309,P0225,0,train
CASE068,P0280,P0089,0,train
CASE068,P0845,P0932,0,train
CASE068,P0763,P0089,0,train
CASE068,P0051,P0994,0,train
CASE068,P0571,P0512,0,train
CASE068,P0333,P0089,0,train
CASE068,P0980,P0845,0,train
CASE068,P0724,P0845,0,train
CASE068,P0333,P0280,0,train
CASE068,P0280,P0939,0,train
CASE068,P0262,P0512,0,train
CASE069,P0195,P0293,1,train
CASE069,P0195,P0906,1,train
CASE069,P0195,P0737,1,train
CASE069,P0195,P0212,1,train
CASE069,P0195,P0998,1,train
CASE069,P0195,P0846,1,train
CASE069,P0195,P0550,1,train
CASE069,P0195,P0079,1,train
CASE069,P0195,P0757,1,train
CASE069,P0195,P0326,1,train
CASE069,P0195,P0700,1,train
CASE069,P0195,P0016,1,test
CASE069,P0195,P0919,1,test
CASE069,P0195,P0914,1,test
CASE069,P0195,P0180,1,test
CASE069,P0914,P0079,0,test
CASE069,P0700,P0757,0,test
CASE069,P0914,P0737,0,test
CASE069,P0906,P0919,0,test
CASE069,P0550,P0326,0,train
CASE069,P0906,P0326,0,train
CASE069,P0737,P0906,0,train
CASE069,P0919,P0914,0,train
CASE069,P0846,P0016,0,train
CASE069,P0998,P0919,0,train
CASE069,P0737,P0919,0,train
CASE069,P0326,P0846,0,train
CASE069,P0919,P0212,0,train
CASE069,P0998,P0757,0,train
CASE069,P0906,P0550,0,train
CASE070,P0469,P0262,1,train
CASE070,P0128,P0853,1,train
CASE070,P0240,P0510,1,train
CASE070,P0357,P0270,1,train
CASE070,P0510,P0175,1,train
CASE070,P0738,P0469,1,train
CASE070,P0383,P0430,1,train
CASE070,P0770,P0383,1,train
CASE070,P0980,P0316,1,train
CASE070,P0563,P0766,1,train
CASE070,P0300,P0357,1,train
CASE070,P0418,P0212,1,train
CASE070,P0861,P0128,1,train
CASE070,P0853,P0710,1,train
CASE070,P0262,P0663,1,train
CASE070,P0212,P0563,1,train
CASE070,P0766,P0240,1,test
CASE070,P0710,P0418,1,test
CASE070,P0430,P0980,1,test
CASE070,P0663,P0084,1,test
CASE070,P0175,P0770,1,test
CASE070,P0084,P0861,1,test
CASE070,P0270,P0738,1,test
CASE070,P0770,P0240,0,test
CASE070,P0710,P0383,0,test
CASE070,P0980,P0418,0,test
CASE070,P0357,P0980,0,test
CASE070,P0128,P0262,0,test
CASE070,P0430,P0738,0,test
CASE070,P0084,P0262,0,test
CASE070,P0084,P0510,0,train
CASE070,P0853,P0300,0,train
CASE070,P0270,P0980,0,train
CASE070,P0766,P0738,0,train
CASE070,P0316,P0357,0,train
CASE070,P0861,P0270,0,train
CASE070,P0861,P0418,0,train
CASE070,P0212,P0469,0,train
CASE070,P0262,P0430,0,train
CASE070,P0240,P0710,0,train
CASE070,P0738,P0663,0,train
CASE070,P0418,P0383,0,train
CASE070,P0510,P0212,0,train
CASE070,P0663,P0861,0,train
CASE070,P0316,P0383,0,train
CASE070,P0262,P0766,0,train
CASE071,P0419,P0310,1,train
CASE071,P0310,P0401,1,train
CASE071,P0924,P0518,1,train
CASE071,P0737,P0924,1,train
CASE071,P0197,P0059,1,train
CASE071,P0998,P0419,1,train
CASE071,P0990,P0549,1,train
CASE071,P0381,P0724,1,train
CASE071,P0689,P0126,1,train
CASE071,P0724,P0232,1,train
CASE071,P0126,P0736,1,train
CASE071,P0954,P0197,1,train
CASE071,P0023,P0683,1,train
CASE071,P0482,P0990,1,train
CASE071,P0651,P0057,1,train
CASE071,P0683,P0693,1,train
CASE071,P0057,P0745,1,train
CASE071,P0484,P0381,1,train
CASE071,P0662,P0023,1,train
CASE071,P0411,P0649,1,train
CASE071,P0649,P0651,1,train
CASE071,P0553,P0499,1,train
CASE071,P0286,P0954,1,train
CASE071,P0437,P0378,1,train
CASE071,P0175,P0665,1,train
CASE071,P0072,P0314,1,train
CASE071,P0401,P0484,1,train
CASE071,P0499,P0411,1,train
CASE071,P0378,P0553,1,train
CASE071,P0232,P0437,1,test
CASE071,P0341,P0206,1,test
CASE071,P0059,P0072,1,test
CASE071,P0736,P0286,1,test
CASE071,P0518,P0482,1,test
CASE071,P0206,P0737,1,test
CASE071,P0549,P0689,1,test
CASE071,P0459,P0998,1,test
CASE071,P0665,P0341,1,test
CASE071,P0061,P0175,1,test
CASE071,P0745,P0508,1,test
CASE071,P0314,P0459,1,test
CASE071,P0693,P0061,1,test
CASE071,P0651,P0232,0,test
CASE071,P0419,P0518,0,test
CASE071,P0683,P0057,0,test
CASE071,P0314,P0998,0,test
CASE071,P0437,P0197,0,test
CASE071,P0314,P0954,0,test
CASE071,P0286,P0310,0,test
CASE071,P0482,P0924,0,test
CASE071,P0341,P0411,0,test
CASE071,P0662,P0736,0,test
CASE071,P0401,P0508,0,test
CASE071,P0665,P0737,0,test
CASE071,P0724,P0693,0,test
CASE071,P0649,P0378,0,train
CASE071,P0482,P0175,0,train
CASE071,P0662,P0518,0,train
CASE071,P0689,P0736,0,train
CASE071,P0990,P0954,0,train
CASE071,P0553,P0023,0,train
CASE071,P0736,P0482,0,train
CASE071,P0310,P0437,0,train
CASE071,P0745,P0459,0,train
CASE071,P0072,P0665,0,train
CASE071,P0459,P0484,0,train
CASE071,P0499,P0482,0,train
CASE071,P0378,P0072,0,train
CASE071,P0484,P0998,0,train
CASE071,P0381,P0693,0,train
CASE071,P0736,P0651,0,train
CASE071,P0057,P0549,0,train
CASE071,P0059,P0689,0,train
CASE071,P0693,P0924,0,train
CASE071,P0314,P0061,0,train
CASE071,P0286,P0059,0,train
CASE071,P0736,P0549,0,train
CASE071,P0232,P0314,0,train
CASE071,P0549,P0401,0,train
CASE071,P0924,P0651,0,train
CASE071,P0459,P0381,0,train
CASE071,P0314,P0419,0,train
CASE071,P0737,P0745,0,train
CASE071,P0314,P0736,0,train
CASE072,P0958,P0019,1,train
CASE072,P0958,P0533,1,train
CASE072,P0958,P0047,1,train
CASE072,P0958,P0473,1,train
CASE072,P0958,P0935,1,train
CASE072,P0958,P0403,1,train
CASE072,P0958,P0004,1,train
CASE072,P0958,P0869,1,train
CASE072,P0958,P0108,1,train
CASE072,P0958,P0754,1,train
CASE072,P0958,P0757,1,train
CASE072,P0958,P0846,1,train
CASE072,P0958,P0808,1,train
CASE072,P0958,P0650,1,train
CASE072,P0958,P0172,1,train
CASE072,P0958,P0883,1,train
CASE072,P0958,P0051,1,train
CASE072,P0958,P0010,1,train
CASE072,P0958,P0906,1,train
CASE072,P0958,P0290,1,train
CASE072,P0958,P0401,1,train
CASE072,P0958,P0065,1,train
CASE072,P0958,P0920,1,train
CASE072,P0958,P0968,1,train
CASE072,P0958,P0048,1,train
CASE072,P0958,P0169,1,train
CASE072,P0958,P0261,1,train
CASE072,P0958,P0450,1,train
CASE072,P0958,P0636,1,train
CASE072,P0958,P0240,1,train
CASE072,P0958,P0599,1,train
CASE072,P0958,P0013,1,train
CASE072,P0958,P0070,1,train
CASE072,P0958,P0319,1,train
CASE072,P0958,P0938,1,train
CASE072,P0958,P0214,1,train
CASE072,P0958,P0336,1,train
CASE072,P0958,P0955,1,train
CASE072,P0958,P0541,1,train
CASE072,P0958,P0379,1,train
CASE072,P0958,P0691,1,train
CASE072,P0958,P0289,1,train
CASE072,P0958,P0834,1,train
CASE072,P0958,P0837,1,train
CASE072,P0958,P0377,1,train
CASE072,P0958,P0588,1,train
CASE072,P0958,P0146,1,train
CASE072,P0958,P0592,1,test
CASE072,P0958,P0767,1,test
CASE072,P0958,P0311,1,test
CASE072,P0958,P0825,1,test
CASE072,P0958,P0887,1,test
CASE072,P0958,P0281,1,test
CASE072,P0958,P0481,1,test
CASE072,P0958,P0295,1,test
CASE072,P0958,P0751,1,test
CASE072,P0958,P0663,1,test
CASE072,P0958,P0769,1,test
CASE072,P0958,P0882,1,test
CASE072,P0958,P0489,1,test
CASE072,P0958,P0323,1,test
CASE072,P0958,P0164,1,test
CASE072,P0958,P0604,1,test
CASE072,P0958,P0670,1,test
CASE072,P0958,P0687,1,test
CASE072,P0958,P0764,1,test
CASE072,P0958,P0615,1,test
CASE072,P0691,P0051,0,test
CASE072,P0489,P0013,0,test
CASE072,P0481,P0825,0,test
CASE072,P0323,P0047,0,test
CASE072,P0769,P0968,0,test
CASE072,P0047,P0767,0,test
CASE072,P0599,P0837,0,test
CASE072,P0846,P0920,0,test
CASE072,P0906,P0048,0,test
CASE072,P0403,P0450,0,test
CASE072,P0769,P0489,0,test
CASE072,P0019,P0261,0,test
CASE072,P0290,P0887,0,test
CASE072,P0599,P0846,0,test
CASE072,P0887,P0767,0,test
CASE072,P0290,P0769,0,test
CASE072,P0172,P0290,0,test
CASE072,P0048,P0687,0,test
CASE072,P0379,P0767,0,test
CASE072,P0887,P0604,0,test
CASE072,P0013,P0769,0,train
CASE072,P0808,P0935,0,train
CASE072,P0295,P0825,0,train
CASE072,P0541,P0869,0,train
CASE072,P0808,P0295,0,train
CASE072,P0403,P0604,0,train
CASE072,P0935,P0323,0,train
CASE072,P0906,P0401,0,train
CASE072,P0588,P0336,0,train
CASE072,P0172,P0883,0,train
CASE072,P0108,P0968,0,train
CASE072,P0615,P0010,0,train
CASE072,P0906,P0108,0,train
CASE072,P0808,P0883,0,train
CASE072,P0846,P0489,0,train
CASE072,P0882,P0663,0,train
CASE072,P0757,P0636,0,train
CASE072,P0968,P0834,0,train
CASE072,P0108,P0261,0,train
CASE072,P0261,P0473,0,train
CASE072,P0489,P0295,0,train
CASE072,P0650,P0047,0,train
CASE072,P0379,P0013,0,train
CASE072,P0869,P0214,0,train
CASE072,P0051,P0379,0,train
CASE072,P0019,P0592,0,train
CASE072,P0757,P0169,0,train
CASE072,P0295,P0019,0,train
CASE072,P0920,P0048,0,train
CASE072,P0955,P0837,0,train
CASE072,P0599,P0882,0,train
CASE072,P0013,P0906,0,train
CASE072,P0541,P0019,0,train
CASE072,P0108,P0295,0,train
CASE072,P0013,P0650,0,train
CASE072,P0588,P0615,0,train
CASE072,P0938,P0834,0,train
CASE072,P0295,P0319,0,train
CASE072,P0289,P0650,0,train
CASE072,P0764,P0663,0,train
CASE072,P0401,P0051,0,train
CASE072,P0290,P0968,0,train
CASE072,P0290,P0764,0,train
CASE072,P0920,P0172,0,train
CASE072,P0757,P0489,0,train
CASE072,P0336,P0164,0,train
CASE072,P0588,P0311,0,train
CASE073,P0036,P0821,1,train
CASE073,P0209,P0086,1,train
CASE073,P0493,P0994,1,train
CASE073,P0621,P0830,1,train
CASE073,P0711,P0650,1,train
CASE073,P0189,P0621,1,train
CASE073,P0086,P0626,1,train
CASE073,P0600,P0493,1,train
CASE073,P0987,P0189,1,train
CASE073,P0409,P0640,1,train
CASE073,P0955,P0321,1,train
CASE073,P0650,P0143,1,train
CASE073,P0235,P0286,1,train
CASE073,P0286,P0572,1,train
CASE073,P0954,P0897,1,train
CASE073,P0055,P0011,1,train
CASE073,P0358,P0036,1,train
CASE073,P0626,P0954,1,train
CASE073,P0956,P0904,1,train
CASE073,P0143,P0209,1,train
CASE073,P0572,P0955,1,train
CASE073,P0011,P0600,1,train
CASE073,P0897,P0581,1,train
CASE073,P0428,P0547,1,train
CASE073,P0581,P0812,1,train
CASE073,P0547,P0276,1,train
CASE073,P0450,P0235,1,train
CASE073,P0543,P0711,1,test
CASE073,P0640,P0956,1,test
CASE073,P0673,P0543,1,test
CASE073,P0664,P0450,1,test
CASE073,P0276,P0358,1,test
CASE073,P0321,P0455,1,test
CASE073,P0830,P0428,1,test
CASE073,P0821,P0673,1,test
CASE073,P0455,P0409,1,test
CASE073,P0812,P0055,1,test
CASE073,P0904,P0987,1,test
CASE073,P0543,P0493,0,test
CASE073,P0954,P0235,0,test
CASE073,P0428,P0987,0,test
CASE073,P0904,P0547,0,test
CASE073,P0572,P0321,0,test
CASE073,P0450,P0581,0,test
CASE073,P0956,P0547,0,test
CASE073,P0543,P0276,0,test
CASE073,P0055,P0621,0,test
CASE073,P0450,P0358,0,test
CASE073,P0711,P0547,0,test
CASE073,P0904,P0955,0,train
CASE073,P0621,P0455,0,train
CASE073,P0143,P0455,0,train
CASE073,P0455,P0955,0,train
CASE073,P0455,P0209,0,train
CASE073,P0286,P0086,0,train
CASE073,P0276,P0956,0,train
CASE073,P0830,P0455,0,train
CASE073,P0276,P0011,0,train
CASE073,P0011,P0650,0,train
CASE073,P0987,P0664,0,train
CASE073,P0711,P0987,0,train
CASE073,P0956,P0428,0,train
CASE073,P0143,P0286,0,train
CASE073,P0493,P0321,0,train
CASE073,P0428,P0626,0,train
CASE073,P0955,P0276,0,train
CASE073,P0086,P0581,0,train
CASE073,P0650,P0954,0,train
CASE073,P0493,P0621,0,train
CASE073,P0409,P0055,0,train
CASE073,P0055,P0547,0,train
CASE073,P0626,P0055,0,train
CASE073,P0904,P0086,0,train
CASE073,P0904,P0358,0,train
CASE073,P0600,P0954,0,train
CASE073,P0994,P0956,0,train
CASE074,P0536,P0523,1,train
CASE074,P0651,P0845,1,train
CASE074,P0549,P0964,1,train
CASE074,P0884,P0056,1,train
CASE074,P0374,P0991,1,train
CASE074,P0456,P0830,1,train
CASE074,P0184,P0508,1,train
CASE074,P0964,P0233,1,train
CASE074,P0935,P0344,1,train
CASE074,P0398,P0910,1,train
CASE074,P0887,P0531,1,train
CASE074,P0934,P0319,1,train
CASE074,P0147,P0184,1,train
CASE074,P0372,P0511,1,train
CASE074,P0351,P0057,1,train
CASE074,P0251,P0309,1,train
CASE074,P0036,P0821,1,train
CASE074,P0125,P0734,1,train
CASE074,P0264,P0522,1,train
CASE074,P0909,P0125,1,train
CASE074,P0991,P0147,1,train
CASE074,P0233,P0250,1,train
CASE074,P0217,P0651,1,train
CASE074,P0843,P0909,1,train
CASE074,P0319,P0803,1,train
CASE074,P0958,P0683,1,train
CASE074,P0057,P0963,1,train
CASE074,P0401,P0678,1,train
CASE074,P0821,P0040,1,train
CASE074,P0529,P0071,1,train
CASE074,P0508,P0676,1,train
CASE074,P0402,P0875,1,train
CASE074,P0056,P0329,1,train
CASE074,P0803,P0975,1,train
CASE074,P0910,P0456,1,train
CASE074,P0317,P0402,1,train
CASE074,P0678,P0372,1,train
CASE074,P0597,P0838,1,train
CASE074,P0329,P0251,1,train
CASE074,P0523,P0978,1,train
CASE074,P0285,P0258,1,train
CASE074,P0734,P0597,1,train
CASE074,P0344,P0916,1,train
CASE074,P0071,P0536,1,train
CASE074,P0830,P0361,1,train
CASE074,P0258,P0217,1,train
CASE074,P0978,P0898,1,train
CASE074,P0511,P0939,1,train
CASE074,P0273,P0398,1,train
CASE074,P0309,P0036,1,train
CASE074,P0498,P0317,1,test
CASE074,P0845,P0320,1,test
CASE074,P0939,P0934,1,test
CASE074,P0361,P0264,1,test
CASE074,P0963,P0935,1,test
CASE074,P0320,P0529,1,test
CASE074,P0683,P0308,1,test
CASE074,P0676,P0016,1,test
CASE074,P0975,P0887,1,test
CASE074,P0040,P0498,1,test
CASE074,P0250,P0843,1,test
CASE074,P0308,P0577,1,test
CASE074,P0650,P0401,1,test
CASE074,P0531,P0374,1,test
CASE074,P0875,P0549,1,test
CASE074,P0838,P0958,1,test
CASE074,P0522,P0285,1,test
CASE074,P0500,P0273,1,test
CASE074,P0577,P0351,1,test
CASE074,P0916,P0650,1,test
CASE074,P0016,P0500,1,test
CASE074,P0308,P0523,0,test
CASE074,P0683,P0317,0,test
CASE074,P0309,P0374,0,test
CASE074,P0884,P0676,0,test
CASE074,P0036,P0934,0,test
CASE074,P0939,P0273,0,test
CASE074,P0909,P0963,0,test
CASE074,P0978,P0498,0,test
CASE074,P0843,P0958,0,test
CASE074,P0909,P0597,0,test
CASE074,P0344,P0398,0,test
CASE074,P0958,P0875,0,test
CASE074,P0456,P0319,0,test
CASE074,P0683,P0147,0,test
CASE074,P0329,P0909,0,test
CASE074,P0040,P0319,0,test
CASE074,P0040,P0650,0,test
CASE074,P0319,P0577,0,test
CASE074,P0016,P0217,0,test
CASE074,P0939,P0398,0,test
CASE074,P0500,P0258,0,test
CASE074,P0830,P0821,0,train
CASE074,P0456,P0843,0,train
CASE074,P0577,P0650,0,train
CASE074,P0233,P0344,0,train
CASE074,P0821,P0522,0,train
CASE074,P0898,P0273,0,train
CASE074,P0456,P0916,0,train
CASE074,P0536,P0549,0,train
CASE074,P0887,P0500,0,train
CASE074,P0910,P0934,0,train
CASE074,P0500,P0057,0,train
CASE074,P0344,P0250,0,train
CASE074,P0875,P0821,0,train
CASE074,P0991,P0909,0,train
CASE074,P0910,P0498,0,train
CASE074,P0963,P0683,0,train
CASE074,P0916,P0320,0,train
CASE074,P0531,P0329,0,train
CASE074,P0258,P0125,0,train
CASE074,P0577,P0498,0,train
CASE074,P0650,P0344,0,train
CASE074,P0329,P0217,0,train
CASE074,P0258,P0549,0,train
CASE074,P0821,P0500,0,train
CASE074,P0056,P0401,0,train
CASE074,P0016,P0531,0,train
CASE074,P0843,P0233,0,train
CASE074,P0549,P0511,0,train
CASE074,P0329,P0317,0,train
CASE074,P0317,P0934,0,train
CASE074,P0016,P0843,0,train
CASE074,P0258,P0964,0,train
CASE074,P0217,P0978,0,train
CASE074,P0398,P0845,0,train
CASE074,P0529,P0273,0,train
CASE074,P0964,P0320,0,train
CASE074,P0909,P0508,0,train
CASE074,P0361,P0320,0,train
CASE074,P0040,P0456,0,train
CASE074,P0838,P0884,0,train
CASE074,P0531,P0402,0,train
CASE074,P0650,P0975,0,train
CASE074,P0830,P0057,0,train
CASE074,P0830,P0056,0,train
CASE074,P0329,P0273,0,train
CASE074,P0319,P0374,0,train
CASE074,P0217,P0402,0,train
CASE074,P0317,P0036,0,train
CASE074,P0402,P0650,0,train
CASE074,P0991,P0361,0,train
CASE075,P0474,P0014,1,train
CASE075,P0571,P0143,1,train
CASE075,P0460,P0143,1,train
CASE075,P0143,P0014,1,test
CASE075,P0505,P0474,0,test
CASE075,P0474,P0317,0,train
CASE075,P0474,P0143,0,train
CASE075,P0505,P0571,0,train
CASE076,P0095,P0240,1,train
CASE076,P0947,P0559,1,train
CASE076,P0101,P0771,1,test
CASE076,P0771,P0240,0,test
CASE076,P0240,P0101,0,train
CASE076,P0559,P0095,0,train
CASE077,P0785,P0572,1,train
CASE077,P0230,P0692,1,train
CASE077,P0397,P0106,1,train
CASE077,P0664,P0775,1,train
CASE077,P0343,P0854,1,train
CASE077,P0541,P0352,1,train
CASE077,P0343,P0649,1,train
CASE077,P0649,P0397,1,train
CASE077,P0737,P0436,1,train
CASE077,P0692,P0876,1,train
CASE077,P0690,P0649,1,train
CASE077,P0785,P0996,1,train
CASE077,P0775,P0690,1,train
CASE077,P0144,P0106,1,train
CASE077,P0904,P0436,1,train
CASE077,P0169,P0996,1,train
CASE077,P0572,P0230,1,train
CASE077,P0876,P0737,1,train
CASE077,P0775,P0968,1,train
CASE077,P0169,P0785,1,train
CASE077,P0968,P0690,1,train
CASE077,P0286,P0169,1,train
CASE077,P0009,P0286,1,train
CASE077,P0690,P0343,1,train
CASE077,P0996,P0572,1,train
CASE077,P0436,P0618,1,train
CASE077,P0692,P0705,1,train
CASE077,P0649,P0854,1,train
CASE077,P0572,P0692,1,train
CASE077,P0397,P0144,1,train
CASE077,P0737,P0904,1,train
CASE077,P0854,P0144,1,train
CASE077,P0854,P0397,1,train
CASE077,P0996,P0230,1,train
CASE077,P0876,P0904,1,test
CASE077,P0286,P0352,1,test
CASE077,P0705,P0737,1,test
CASE077,P0705,P0876,1,test
CASE077,P0009,P0541,1,test
CASE077,P0106,P0009,1,test
CASE077,P0352,P0785,1,test
CASE077,P0904,P0618,1,test
CASE077,P0541,P0286,1,test
CASE077,P0106,P0541,1,test
CASE077,P0968,P0343,1,test
CASE077,P0230,P0705,1,test
CASE077,P0144,P0009,1,test
CASE077,P0352,P0169,1,test
CASE077,P0664,P0968,1,test
CASE077,P0009,P0785,0,test
CASE077,P0106,P0854,0,test
CASE077,P0705,P0436,0,test
CASE077,P0649,P0968,0,test
CASE077,P0397,P0230,0,test
CASE077,P0352,P0664,0,test
CASE077,P0785,P0106,0,test
CASE077,P0775,P0541,0,test
CASE077,P0649,P0106,0,test
CASE077,P0541,P0737,0,test
CASE077,P0705,P0664,0,test
CASE077,P0106,P0705,0,test
CASE077,P0230,P0785,0,test
CASE077,P0705,P0541,0,test
CASE077,P0690,P0169,0,test
CASE077,P0618,P0009,0,train
CASE077,P0572,P0286,0,train
CASE077,P0106,P0904,0,train
CASE077,P0343,P0775,0,train
CASE077,P0705,P0854,0,train
CASE077,P0106,P0343,0,train
CASE077,P0692,P0343,0,train
CASE077,P0144,P0436,0,train
CASE077,P0775,P0436,0,train
CASE077,P0343,P0230,0,train
CASE077,P0996,P0541,0,train
CASE077,P0144,P0876,0,train
CASE077,P0397,P0169,0,train
CASE077,P0775,P0144,0,train
CASE077,P0618,P0144,0,train
CASE077,P0541,P0649,0,train
CASE077,P0705,P0144,0,train
CASE077,P0541,P0664,0,train
CASE077,P0352,P0692,0,train
CASE077,P0737,P0286,0,train
CASE077,P0397,P0775,0,train
CASE077,P0737,P0968,0,train
CASE077,P0009,P0775,0,train
CASE077,P0690,P0705,0,train
CASE077,P0690,P0876,0,train
CASE077,P0775,P0692,0,train
CASE077,P0343,P0737,0,train
CASE077,P0541,P0343,0,train
CASE077,P0785,P0690,0,train
CASE077,P0230,P0618,0,train
CASE077,P0737,P0009,0,train
CASE077,P0904,P0775,0,train
CASE077,P0692,P0785,0,train
CASE077,P0854,P0286,0,train
CASE078,P0240,P0868,1,train
CASE078,P0248,P0856,1,train
CASE078,P0796,P0328,1,train
CASE078,P0489,P0036,1,train
CASE078,P0092,P0346,1,train
CASE078,P0856,P0052,1,train
CASE078,P0833,P0691,1,train
CASE078,P0864,P0905,1,train
CASE078,P0270,P0240,1,train
CASE078,P0691,P0597,1,train
CASE078,P0052,P0832,1,train
CASE078,P0019,P0694,1,train
CASE078,P0725,P0138,1,train
CASE078,P0010,P0128,1,train
CASE078,P0200,P0092,1,train
CASE078,P0868,P0658,1,train
CASE078,P0832,P0445,1,train
CASE078,P0711,P0725,1,train
CASE078,P0701,P0474,1,train
CASE078,P0346,P0248,1,train
CASE078,P0160,P0019,1,train
CASE078,P0618,P0701,1,train
CASE078,P0969,P0010,1,train
CASE078,P0597,P0864,1,train
CASE078,P0981,P0801,1,train
CASE078,P0474,P0225,1,train
CASE078,P0036,P0160,1,train
CASE078,P0536,P0985,1,train
CASE078,P0148,P0833,1,train
CASE078,P0658,P0524,1,train
CASE078,P0445,P0107,1,train
CASE078,P0619,P0269,1,train
CASE078,P0694,P0056,1,train
CASE078,P0985,P0002,1,train
CASE078,P0328,P0222,1,train
CASE078,P0325,P0711,1,train
CASE078,P0295,P0927,1,train
CASE078,P0002,P0270,1,train
CASE078,P0561,P0341,1,train
CASE078,P0222,P0969,1,test
CASE078,P0777,P0295,1,test
CASE078,P0801,P0285,1,test
CASE078,P0854,P0489,1,test
CASE078,P0905,P0612,1,test
CASE078,P0524,P0854,1,test
CASE078,P0225,P0719,1,test
CASE078,P0285,P0148,1,test
CASE078,P0138,P0536,1,test
CASE078,P0612,P0777,1,test
CASE078,P0107,P0981,1,test
CASE078,P0269,P0325,1,test
CASE078,P0341,P0618,1,test
CASE078,P0056,P0796,1,test
CASE078,P0128,P0561,1,test
CASE078,P0927,P0619,1,test
CASE078,P0864,P0474,0,test
CASE078,P0701,P0985,0,test
CASE078,P0701,P0832,0,test
CASE078,P0328,P0711,0,test
CASE078,P0618,P0833,0,test
CASE078,P0200,P0719,0,test
CASE078,P0489,P0868,0,test
CASE078,P0160,P0854,0,test
CASE078,P0107,P0225,0,test
CASE078,P0854,P0777,0,test
CASE078,P0832,P0474,0,test
CASE078,P0269,P0597,0,test
CASE078,P0618,P0777,0,test
CASE078,P0019,P0092,0,test
CASE078,P0222,P0489,0,test
CASE078,P0981,P0711,0,test
CASE078,P0833,P0796,0,train
CASE078,P0868,P0719,0,train
CASE078,P0725,P0618,0,train
CASE078,P0777,P0658,0,train
CASE078,P0019,P0002,0,train
CASE078,P0868,P0619,0,train
CASE078,P0725,P0719,0,train
CASE078,P0864,P0719,0,train
CASE078,P0868,P0832,0,train
CASE078,P0864,P0445,0,train
CASE078,P0725,P0691,0,train
CASE078,P0200,P0128,0,train
CASE078,P0691,P0002,0,train
CASE078,P0969,P0489,0,train
CASE078,P0927,P0138,0,train
CASE078,P0864,P0969,0,train
CASE078,P0854,P0295,0,train
CASE078,P0905,P0036,0,train
CASE078,P0346,P0905,0,train
CASE078,P0445,P0536,0,train
CASE078,P0248,P0536,0,train
CASE078,P0854,P0969,0,train
CASE078,P0864,P0927,0,train
CASE078,P0160,P0618,0,train
CASE078,P0002,P0536,0,train
CASE078,P0612,P0796,0,train
CASE078,P0927,P0328,0,train
CASE078,P0225,P0854,0,train
CASE078,P0325,P0240,0,train
CASE078,P0985,P0969,0,train
CASE078,P0010,P0036,0,train
CASE078,P0981,P0222,0,train
CASE078,P0969,P0138,0,train
CASE078,P0346,P0981,0,train
CASE078,P0619,P0618,0,train
CASE078,P0694,P0796,0,train
CASE078,P0711,P0854,0,train
CASE078,P0597,P0225,0,train
CASE078,P0832,P0248,0,train
CASE079,P0701,P0367,1,train
CASE079,P0701,P0670,1,train
CASE079,P0701,P0867,1,train
CASE079,P0701,P0594,1,train
CASE079,P0701,P0028,1,train
CASE079,P0701,P0267,1,train
CASE079,P0701,P0784,1,train
CASE079,P0701,P0644,1,train
CASE079,P0701,P0535,1,train
CASE079,P0701,P0541,1,train
CASE079,P0701,P0139,1,train
CASE079,P0701,P0210,1,train
CASE079,P0701,P0341,1,train
CASE079,P0701,P0746,1,train
CASE079,P0701,P0286,1,train
CASE079,P0701,P0066,1,train
CASE079,P0701,P0313,1,train
CASE079,P0701,P0704,1,train
CASE079,P0701,P0204,1,train
CASE079,P0701,P0507,1,train
CASE079,P0701,P0279,1,train
CASE079,P0701,P0769,1,train
CASE079,P0701,P0086,1,test
CASE079,P0701,P0171,1,test
CASE079,P0701,P0745,1,test
CASE079,P0701,P0832,1,test
CASE079,P0701,P0837,1,test
CASE079,P0701,P0373,1,test
CASE079,P0701,P0108,1,test
CASE079,P0701,P0007,1,test
CASE079,P0701,P0451,1,test
CASE079,P0701,P0465,1,test
CASE079,P0784,P0313,0,test
CASE079,P0745,P0210,0,test
CASE079,P0086,P0837,0,test
CASE079,P0507,P0535,0,test
CASE079,P0837,P0507,0,test
CASE079,P0204,P0867,0,test
CASE079,P0204,P0286,0,test
CASE079,P0507,P0341,0,test
CASE079,P0746,P0832,0,test
CASE079,P0341,P0837,0,test
CASE079,P0086,P0745,0,train
CASE079,P0745,P0535,0,train
CASE079,P0832,P0108,0,train
CASE079,P0837,P0373,0,train
CASE079,P0267,P0028,0,train
CASE079,P0670,P0279,0,train
CASE079,P0784,P0745,0,train
CASE079,P0066,P0373,0,train
CASE079,P0746,P0745,0,train
CASE079,P0007,P0210,0,train
CASE079,P0171,P0210,0,train
CASE079,P0204,P0507,0,train
CASE079,P0541,P0837,0,train
CASE079,P0465,P0313,0,train
CASE079,P0313,P0837,0,train
CASE079,P0745,P0171,0,train
CASE079,P0535,P0867,0,train
CASE079,P0745,P0108,0,train
CASE079,P0594,P0267,0,train
CASE079,P0139,P0267,0,train
CASE079,P0066,P0313,0,train
CASE079,P0171,P0451,0,train
CASE080,P0303,P0881,1,train
CASE080,P0303,P0997,1,train
CASE080,P0303,P0392,1,train
CASE080,P0303,P0049,1,train
CASE080,P0303,P0643,1,train
CASE080,P0303,P0026,1,train
CASE080,P0303,P0699,1,train
CASE080,P0303,P0779,1,train
CASE080,P0303,P0322,1,train
CASE080,P0303,P0155,1,train
CASE080,P0303,P0105,1,test
CASE080,P0303,P0869,1,test
CASE080,P0303,P0131,1,test
CASE080,P0303,P0735,1,test
CASE080,P0869,P0997,0,test
CASE080,P0779,P0105,0,test
CASE080,P0881,P0026,0,test
CASE080,P0131,P0026,0,test
CASE080,P0779,P0322,0,train
CASE080,P0997,P0699,0,train
CASE080,P0392,P0155,0,train
CASE080,P0699,P0049,0,train
CASE080,P0869,P0735,0,train
CASE080,P0392,P0105,0,train
CASE080,P0881,P0699,0,train
CASE080,P0997,P0392,0,train
CASE080,P0026,P0155,0,train
CASE080,P0155,P0881,0,train
CASE081,P0873,P0992,1,train
CASE081,P0493,P0107,1,train
CASE081,P0872,P0789,1,train
CASE081,P0789,P0742,1,train
CASE081,P0420,P0992,1,train
CASE081,P0499,P0075,1,train
CASE081,P0946,P0684,1,train
CASE081,P0548,P0351,1,train
CASE081,P0891,P0429,1,train
CASE081,P0582,P0117,1,train
CASE081,P0393,P0352,1,train
CASE081,P0117,P0351,1,train
CASE081,P0233,P0433,1,train
CASE081,P0548,P0117,1,train
CASE081,P0986,P0946,1,train
CASE081,P0566,P0261,1,train
CASE081,P0107,P0891,1,train
CASE081,P0946,P0945,1,train
CASE081,P0007,P0505,1,train
CASE081,P0434,P0679,1,train
CASE081,P0505,P0946,1,train
CASE081,P0566,P0393,1,train
CASE081,P0434,P0007,1,train
CASE081,P0986,P0945,1,train
CASE081,P0585,P0499,1,train
CASE081,P0562,P0107,1,train
CASE081,P0979,P0433,1,train
CASE081,P0351,P0979,1,train
CASE081,P0393,P0261,1,train
CASE081,P0525,P0742,1,train
CASE081,P0007,P0679,1,train
CASE081,P0891,P0585,1,train
CASE081,P0233,P0979,1,train
CASE081,P0420,P0873,1,train
CASE081,P0295,P0529,1,train
CASE081,P0742,P0562,1,train
CASE081,P0684,P0873,1,train
CASE081,P0525,P0493,1,train
CASE081,P0582,P0548,1,train
CASE081,P0992,P0393,1,train
CASE081,P0684,P0420,1,train
CASE081,P0429,P0585,1,train
CASE081,P0562,P0891,1,train
CASE081,P0945,P0420,1,train
CASE081,P0351,P0233,1,train
CASE081,P0439,P0075,1,train
CASE081,P0742,P0493,1,train
CASE081,P0505,P0986,1,train
CASE081,P0107,P0429,1,train
CASE081,P0789,P0525,1,train
CASE081,P0873,P0566,1,train
CASE081,P0261,P0352,1,train
CASE081,P0499,P0439,1,train
CASE081,P0352,P0529,1,test
CASE081,P0529,P0944,1,test
CASE081,P0992,P0566,1,test
CASE081,P0295,P0944,1,test
CASE081,P0261,P0295,1,test
CASE081,P0585,P0620,1,test
CASE081,P0493,P0562,1,test
CASE081,P0117,P0233,1,test
CASE081,P0075,P0007,1,test
CASE081,P0620,P0499,1,test
CASE081,P0679,P0505,1,test
CASE081,P0620,P0439,1,test
CASE081,P0945,P0684,1,test
CASE081,P0979,P0872,1,test
CASE081,P0429,P0620,1,test
CASE081,P0439,P0434,1,test
CASE081,P0679,P0986,1,test
CASE081,P0075,P0434,1,test
CASE081,P0433,P0789,1,test
CASE081,P0352,P0295,1,test
CASE081,P0872,P0525,1,test
CASE081,P0433,P0872,1,test
CASE081,P0529,P0429,0,test
CASE081,P0007,P0562,0,test
CASE081,P0429,P0873,0,test
CASE081,P0979,P0620,0,test
CASE081,P0529,P0891,0,test
CASE081,P0505,P0439,0,test
CASE081,P0433,P0393,0,test
CASE081,P0684,P0295,0,test
CASE081,P0585,P0493,0,test
CASE081,P0742,P0620,0,test
CASE081,P0499,P0945,0,test
CASE081,P0582,P0493,0,test
CASE081,P0420,P0261,0,test
CASE081,P0585,P0582,0,test
CASE081,P0393,P0562,0,test
CASE081,P0233,P0499,0,test
CASE081,P0493,P0233,0,test
CASE081,P0684,P0429,0,test
CASE081,P0945,P0075,0,test
CASE081,P0505,P0620,0,test
CASE081,P0946,P0420,0,test
CASE081,P0684,P0439,0,test
CASE081,P0742,P0548,0,train
CASE081,P0529,P0233,0,train
CASE081,P0620,P0679,0,train
CASE081,P0107,P0433,0,train
CASE081,P0429,P0117,0,train
CASE081,P0684,P0261,0,train
CASE081,P0979,P0434,0,train
CASE081,P0493,P0393,0,train
CASE081,P0007,P0107,0,train
CASE081,P0945,P0233,0,train
CASE081,P0420,P0585,0,train
CASE081,P0493,P0420,0,train
CASE081,P0434,P0233,0,train
CASE081,P0789,P0946,0,train
CASE081,P0499,P0789,0,train
CASE081,P0434,P0945,0,train
CASE081,P0351,P0742,0,train
CASE081,P0873,P0585,0,train
CASE081,P0117,P0585,0,train
CASE081,P0261,P0742,0,train
CASE081,P0117,P0295,0,train
CASE081,P0529,P0992,0,train
CASE081,P0620,P0434,0,train
CASE081,P0007,P0979,0,train
CASE081,P0075,P0261,0,train
CASE081,P0525,P0582,0,train
CASE081,P0295,P0420,0,train
CASE081,P0393,P0789,0,train
CASE081,P0562,P0233,0,train
CASE081,P0945,P0351,0,train
CASE081,P0439,P0117,0,train
CASE081,P0585,P0107,0,train
CASE081,P0525,P0566,0,train
CASE081,P0946,P0872,0,train
CASE081,P0684,P0433,0,train
CASE081,P0620,P0872,0,train
CASE081,P0393,P0944,0,train
CASE081,P0351,P0566,0,train
CASE081,P0525,P0891,0,train
CASE081,P0946,P0351,0,train
CASE081,P0393,P0351,0,train
CASE081,P0684,P0620,0,train
CASE081,P0562,P0433,0,train
CASE081,P0742,P0945,0,train
CASE081,P0548,P0107,0,train
CASE081,P0979,P0548,0,train
CASE081,P0986,P0566,0,train
CASE081,P0979,P0420,0,train
CASE081,P0439,P0562,0,train
CASE081,P0007,P0620,0,train
CASE081,P0992,P0429,0,train
CASE081,P0352,P0562,0,train
CASE081,P0439,P0393,0,train
CASE082,P0248,P0528,1,train
CASE082,P0255,P0236,1,train
CASE082,P0116,P0248,1,train
CASE082,P0284,P0103,1,train
CASE082,P0848,P0404,1,train
CASE082,P0504,P0138,1,train
CASE082,P0103,P0186,1,train
CASE082,P0433,P0314,1,train
CASE082,P0614,P0145,1,train
CASE082,P0387,P0255,1,train
CASE082,P0107,P0243,1,train
CASE082,P0862,P0325,1,train
CASE082,P0404,P0233,1,train
CASE082,P0397,P0701,1,train
CASE082,P0233,P0614,1,train
CASE082,P0530,P0107,1,train
CASE082,P0314,P0862,1,train
CASE082,P0145,P0116,1,train
CASE082,P0525,P0534,1,train
CASE082,P0325,P0042,1,train
CASE082,P0138,P0848,1,train
CASE082,P0534,P0397,1,test
CASE082,P0547,P0433,1,test
CASE082,P0701,P0547,1,test
CASE082,P0042,P0581,1,test
CASE082,P0243,P0525,1,test
CASE082,P0236,P0279,1,test
CASE082,P0581,P0284,1,test
CASE082,P0528,P0387,1,test
CASE082,P0186,P0504,1,test
CASE082,P0525,P0387,0,test
CASE082,P0534,P0186,0,test
CASE082,P0325,P0848,0,test
CASE082,P0862,P0397,0,test
CASE082,P0248,P0848,0,test
CASE082,P0107,P0255,0,test
CASE082,P0404,P0145,0,test
CASE082,P0397,P0387,0,test
CASE082,P0534,P0243,0,test
CASE082,P0325,P0248,0,train
CASE082,P0404,P0530,0,train
CASE082,P0528,P0255,0,train
CASE082,P0145,P0107,0,train
CASE082,P0243,P0325,0,train
CASE082,P0116,P0701,0,train
CASE082,P0530,P0116,0,train
CASE082,P0107,P0138,0,train
CASE082,P0862,P0145,0,train
CASE082,P0581,P0387,0,train
CASE082,P0279,P0284,0,train
CASE082,P0314,P0145,0,train
CASE082,P0862,P0614,0,train
CASE082,P0581,P0145,0,train
CASE082,P0404,P0547,0,train
CASE082,P0404,P0314,0,train
CASE082,P0530,P0284,0,train
CASE082,P0581,P0504,0,train
CASE082,P0233,P0862,0,train
CASE082,P0547,P0103,0,train
CASE082,P0042,P0236,0,train
CASE083,P0241,P0850,1,train
CASE083,P0241,P0793,1,train
CASE083,P0241,P0229,1,train
CASE083,P0241,P0277,1,train
CASE083,P0241,P0321,1,train
CASE083,P0241,P0259,1,train
CASE083,P0241,P0827,1,train
CASE083,P0241,P0288,1,train
CASE083,P0241,P0671,1,train
CASE083,P0241,P0163,1,train
CASE083,P0241,P0660,1,train
CASE083,P0241,P0351,1,train
CASE083,P0241,P0066,1,train
CASE083,P0241,P0158,1,train
CASE083,P0241,P0661,1,train
CASE083,P0241,P0549,1,train
CASE083,P0241,P0435,1,train
CASE083,P0241,P0278,1,train
CASE083,P0241,P0601,1,train
CASE083,P0241,P0247,1,test
CASE083,P0241,P0857,1,test
CASE083,P0241,P0415,1,test
CASE083,P0241,P0052,1,test
CASE083,P0241,P0014,1,test
CASE083,P0241,P0371,1,test
CASE083,P0241,P0324,1,test
CASE083,P0241,P0929,1,test
CASE083,P0857,P0549,0,test
CASE083,P0052,P0857,0,test
CASE083,P0929,P0850,0,test
CASE083,P0671,P0288,0,test
CASE083,P0247,P0827,0,test
CASE083,P0321,P0288,0,test
CASE083,P0793,P0277,0,test
CASE083,P0661,P0014,0,test
CASE083,P0288,P0435,0,train
CASE083,P0052,P0321,0,train
CASE083,P0163,P0850,0,train
CASE083,P0277,P0601,0,train
CASE083,P0014,P0549,0,train
CASE083,P0247,P0052,0,train
CASE083,P0278,P0014,0,train
CASE083,P0259,P0052,0,train
CASE083,P0321,P0929,0,train
CASE083,P0277,P0163,0,train
CASE083,P0671,P0601,0,train
CASE083,P0671,P0158,0,train
CASE083,P0601,P0857,0,train
CASE083,P0660,P0259,0,train
CASE083,P0850,P0661,0,train
CASE083,P0929,P0324,0,train
CASE083,P0052,P0288,0,train
CASE083,P0671,P0827,0,train
CASE083,P0158,P0601,0,train
CASE084,P0668,P0689,1,train
CASE084,P0862,P0612,1,train
CASE084,P0612,P0651,1,train
CASE084,P0668,P0096,1,train
CASE084,P0785,P0077,1,train
CASE084,P0096,P0573,1,train
CASE084,P0576,P0649,1,train
CASE084,P0077,P0689,1,train
CASE084,P0077,P0668,1,train
CASE084,P0649,P0785,1,train
CASE084,P0573,P0740,1,train
CASE084,P0198,P0960,1,train
CASE084,P0960,P0575,1,train
CASE084,P0647,P0612,1,train
CASE084,P0651,P0198,1,train
CASE084,P0651,P0870,1,train
CASE084,P0867,P0077,1,train
CASE084,P0573,P0699,1,train
CASE084,P0567,P0649,1,train
CASE084,P0576,P0867,1,train
CASE084,P0870,P0198,1,train
CASE084,P0699,P0875,1,train
CASE084,P0689,P0096,1,train
CASE084,P0960,P0624,1,train
CASE084,P0649,P0867,1,train
CASE084,P0567,P0576,1,train
CASE084,P0862,P0651,1,train
CASE084,P0740,P0875,1,train
CASE084,P0740,P0719,1,train
CASE084,P0689,P0185,1,train
CASE084,P0096,P0185,1,train
CASE084,P0647,P0862,1,train
CASE084,P0624,P0575,1,train
CASE084,P0185,P0573,1,train
CASE084,P0612,P0870,1,test
CASE084,P0198,P0624,1,test
CASE084,P0719,P0724,1,test
CASE084,P0699,P0740,1,test
CASE084,P0575,P0567,1,test
CASE084,P0496,P0724,1,test
CASE084,P0875,P0719,1,test
CASE084,P0575,P0576,1,test
CASE084,P0870,P0960,1,test
CASE084,P0867,P0785,1,test
CASE084,P0719,P0496,1,test
CASE084,P0624,P0567,1,test
CASE084,P0875,P0496,1,test
CASE084,P0785,P0668,1,test
CASE084,P0185,P0699,1,test
CASE084,P0612,P0689,0,test
CASE084,P0612,P0719,0,test
CASE084,P0576,P0573,0,test
CASE084,P0096,P0077,0,test
CASE084,P0719,P0185,0,test
CASE084,P0573,P0575,0,test
CASE084,P0575,P0740,0,test
CASE084,P0077,P0719,0,test
CASE084,P0699,P0867,0,test
CASE084,P0649,P0875,0,test
CASE084,P0612,P0575,0,test
CASE084,P0576,P0185,0,test
CASE084,P0689,P0624,0,test
CASE084,P0496,P0867,0,test
CASE084,P0567,P0668,0,test
CASE084,P0862,P0719,0,train
CASE084,P0575,P0647,0,train
CASE084,P0862,P0576,0,train
CASE084,P0875,P0668,0,train
CASE084,P0867,P0689,0,train
CASE084,P0785,P0719,0,train
CASE084,P0573,P0496,0,train
CASE084,P0077,P0576,0,train
CASE084,P0875,P0867,0,train
CASE084,P0077,P0612,0,train
CASE084,P0689,P0719,0,train
CASE084,P0576,P0870,0,train
CASE084,P0077,P0624,0,train
CASE084,P0624,P0862,0,train
CASE084,P0649,P0096,0,train
CASE084,P0862,P0573,0,train
CASE084,P0624,P0649,0,train
CASE084,P0096,P0567,0,train
CASE084,P0740,P0567,0,train
CASE084,P0960,P0567,0,train
CASE084,P0649,P0496,0,train
CASE084,P0724,P0699,0,train
CASE084,P0624,P0573,0,train
CASE084,P0862,P0185,0,train
CASE084,P0862,P0096,0,train
CASE084,P0699,P0668,0,train
CASE084,P0612,P0740,0,train
CASE084,P0576,P0668,0,train
CASE084,P0496,P0699,0,train
CASE084,P0647,P0668,0,train
CASE084,P0573,P0689,0,train
CASE084,P0077,P0870,0,train
CASE084,P0612,P0198,0,train
CASE084,P0185,P0668,0,train
CASE085,P0182,P0605,1,train
CASE085,P0605,P0957,1,train
CASE085,P0105,P0426,1,train
CASE085,P0957,P0105,1,train
CASE085,P0426,P0637,1,train
CASE085,P0577,P0329,1,train
CASE085,P0637,P0577,1,test
CASE085,P0329,P0158,1,test
CASE085,P0182,P0957,0,test
CASE085,P0105,P0329,0,test
CASE085,P0329,P0637,0,train
CASE085,P0158,P0577,0,train
CASE085,P0577,P0182,0,train
CASE085,P0957,P0329,0,train
CASE085,P0182,P0426,0,train
CASE085,P0957,P0158,0,train
CASE086,P0119,P0690,1,train
CASE086,P0322,P0106,1,train
CASE086,P0106,P0119,1,train
CASE086,P0245,P0771,1,train
CASE086,P0020,P0469,1,train
CASE086,P0690,P0443,1,train
CASE086,P0771,P0751,1,train
CASE086,P0469,P0513,1,train
CASE086,P0839,P0020,1,train
CASE086,P0445,P0839,1,test
CASE086,P0513,P0322,1,test
CASE086,P0751,P0445,1,test
CASE086,P0301,P0245,1,test
CASE086,P0690,P0245,0,test
CASE086,P0301,P0771,0,test
CASE086,P0751,P0469,0,test
CASE086,P0771,P0443,0,test
CASE086,P0119,P0020,0,train
CASE086,P0839,P0443,0,train
CASE086,P0751,P0106,0,train
CASE086,P0469,P0106,0,train
CASE086,P0445,P0690,0,train
CASE086,P0513,P0445,0,train
CASE086,P0119,P0839,0,train
CASE086,P0751,P0839,0,train
CASE086,P0469,P0245,0,train
CASE087,P0359,P0826,1,train
CASE087,P0697,P0024,1,train
CASE087,P0638,P0857,1,train
CASE087,P0826,P0638,1,train
CASE087,P0857,P0754,1,test
CASE087,P0754,P0697,1,test
CASE087,P0359,P0857,0,test
CASE087,P0826,P0024,0,test
CASE087,P0826,P0754,0,train
CASE087,P0359,P0024,0,train
CASE087,P0638,P0024,0,train
CASE087,P0359,P0638,0,train
CASE088,P0459,P0279,1,train
CASE088,P0825,P0459,1,train
CASE088,P0714,P0825,1,train
CASE088,P0985,P0775,1,train
CASE088,P0463,P0985,1,train
CASE088,P0813,P0463,1,train
CASE088,P0187,P0696,1,train
CASE088,P0651,P0187,1,train
CASE088,P0759,P0714,1,test
CASE088,P0696,P0813,1,test
CASE088,P0775,P0016,1,test
CASE088,P0016,P0759,1,test
CASE088,P0775,P0463,0,test
CASE088,P0459,P0463,0,test
CASE088,P0775,P0651,0,test
CASE088,P0985,P0279,0,test
CASE088,P0813,P0651,0,train
CASE088,P0714,P0813,0,train
CASE088,P0187,P0813,0,train
CASE088,P0985,P0825,0,train
CASE088,P0825,P0759,0,train
CASE088,P0279,P0651,0,train
CASE088,P0775,P0714,0,train
CASE088,P0714,P0985,0,train
CASE089,P0777,P0378,1,train
CASE089,P0172,P0777,1,train
CASE089,P0014,P0051,1,train
CASE089,P0378,P0014,1,test
CASE089,P0378,P0051,0,test
CASE089,P0051,P0172,0,train
CASE089,P0777,P0014,0,train
CASE089,P0014,P0172,0,train
CASE090,P0170,P0700,1,train
CASE090,P0781,P0263,1,train
CASE090,P0581,P0595,1,train
CASE090,P0961,P0327,1,train
CASE090,P0986,P0152,1,train
CASE090,P0545,P0841,1,train
CASE090,P0987,P0336,1,train
CASE090,P0840,P0008,1,train
CASE090,P0843,P0449,1,train
CASE090,P0086,P0945,1,train
CASE090,P0327,P0663,1,train
CASE090,P0945,P0348,1,train
CASE090,P0524,P0883,1,train
CASE090,P0589,P0392,1,train
CASE090,P0966,P0840,1,train
CASE090,P0172,P0645,1,train
CASE090,P0263,P0105,1,train
CASE090,P0336,P0703,1,train
CASE090,P0994,P0560,1,train
CASE090,P0316,P0265,1,train
CASE090,P0195,P0986,1,train
CASE090,P0633,P0067,1,train
CASE090,P0906,P0623,1,train
CASE090,P0482,P0172,1,train
CASE090,P0645,P0994,1,train
CASE090,P0117,P0581,1,train
CASE090,P0978,P0814,1,train
CASE090,P0962,P0376,1,train
CASE090,P0703,P0651,1,train
CASE090,P0852,P0721,1,train
CASE090,P0732,P0740,1,train
CASE090,P0750,P0691,1,train
CASE090,P0534,P0170,1,train
CASE090,P0486,P0118,1,train
CASE090,P0814,P0987,1,train
CASE090,P0749,P0328,1,train
CASE090,P0376,P0545,1,train
CASE090,P0265,P0534,1,train
CASE090,P0758,P0966,1,train
CASE090,P0847,P0474,1,train
CASE090,P0691,P0847,1,train
CASE090,P0883,P0222,1,train
CASE090,P0651,P0361,1,train
CASE090,P0595,P0746,1,train
CASE090,P0152,P0524,1,train
CASE090,P0533,P0224,1,train
CASE090,P0623,P0806,1,train
CASE090,P0222,P0852,1,train
CASE090,P0328,P0643,1,train
CASE090,P0700,P0928,1,train
CASE090,P0015,P0117,1,train
CASE090,P0449,P0078,1,train
CASE090,P0118,P0015,1,test
CASE090,P0560,P0781,1,test
CASE090,P0361,P0750,1,test
CASE090,P0841,P0316,1,test
CASE090,P0806,P0749,1,test
CASE090,P0928,P0533,1,test
CASE090,P0067,P0507,1,test
CASE090,P0474,P0257,1,test
CASE090,P0643,P0362,1,test
CASE090,P0507,P0195,1,test
CASE090,P0812,P0086,1,test
CASE090,P0663,P0978,1,test
CASE090,P0362,P0482,1,test
CASE090,P0348,P0589,1,test
CASE090,P0721,P0843,1,test
CASE090,P0105,P0962,1,test
CASE090,P0224,P0758,1,test
CASE090,P0746,P0633,1,test
CASE090,P0392,P0732,1,test
CASE090,P0078,P0961,1,test
CASE090,P0008,P0486,1,test
CASE090,P0257,P0812,1,test
CASE090,P0560,P0336,0,test
CASE090,P0746,P0962,0,test
CASE090,P0740,P0928,0,test
CASE090,P0172,P0852,0,test
CASE090,P0362,P0691,0,test
CASE090,P0750,P0117,0,test
CASE090,P0700,P0118,0,test
CASE090,P0265,P0883,0,test
CASE090,P0170,P0746,0,test
CASE090,P0263,P0534,0,test
CASE090,P0928,P0966,0,test
CASE090,P0195,P0843,0,test
CASE090,P0928,P0222,0,test
CASE090,P0581,P0449,0,test
CASE090,P0928,P0852,0,test
CASE090,P0086,P0105,0,test
CASE090,P0449,P0376,0,test
CASE090,P0906,P0691,0,test
CASE090,P0328,P0534,0,test
CASE090,P0645,P0152,0,test
CASE090,P0961,P0560,0,test
CASE090,P0643,P0224,0,test
CASE090,P0841,P0966,0,train
CASE090,P0663,P0328,0,train
CASE090,P0814,P0086,0,train
CASE090,P0392,P0524,0,train
CASE090,P0814,P0392,0,train
CASE090,P0633,P0152,0,train
CASE090,P0336,P0118,0,train
CASE090,P0008,P0994,0,train
CASE090,P0486,P0847,0,train
CASE090,P0263,P0945,0,train
CASE090,P0987,P0840,0,train
CASE090,P0449,P0847,0,train
CASE090,P0987,P0986,0,train
CASE090,P0643,P0749,0,train
CASE090,P0474,P0327,0,train
CASE090,P0086,P0067,0,train
CASE090,P0257,P0545,0,train
CASE090,P0328,P0928,0,train
CASE090,P0750,P0906,0,train
CASE090,P0105,P0781,0,train
CASE090,P0482,P0328,0,train
CASE090,P0008,P0015,0,train
CASE090,P0376,P0906,0,train
CASE090,P0195,P0643,0,train
CASE090,P0392,P0812,0,train
CASE090,P0105,P0987,0,train
CASE090,P0524,P0595,0,train
CASE090,P0474,P0336,0,train
CASE090,P0170,P0966,0,train
CASE090,P0746,P0732,0,train
CASE090,P0633,P0078,0,train
CASE090,P0524,P0474,0,train
CASE090,P0486,P0758,0,train
CASE090,P0847,P0545,0,train
CASE090,P0362,P0732,0,train
CASE090,P0781,P0852,0,train
CASE090,P0749,P0533,0,train
CASE090,P0376,P0595,0,train
CASE090,P0962,P0172,0,train
CASE090,P0645,P0078,0,train
CASE090,P0257,P0533,0,train
CASE090,P0008,P0595,0,train
CASE090,P0263,P0152,0,train
CASE090,P0067,P0560,0,train
CASE090,P0740,P0840,0,train
CASE090,P0507,P0703,0,train
CASE090,P0633,P0105,0,train
CASE090,P0449,P0700,0,train
CASE090,P0257,P0721,0,train
CASE090,P0117,P0928,0,train
CASE090,P0507,P0482,0,train
CASE090,P0758,P0749,0,train
CASE091,P0048,P0657,1,train
CASE091,P0462,P0095,1,train
CASE091,P0286,P0738,1,train
CASE091,P0095,P0600,1,train
CASE091,P0738,P0048,1,train
CASE091,P0600,P0286,1,test
CASE091,P0657,P0828,1,test
CASE091,P0095,P0048,0,test
CASE091,P0738,P0600,0,test
CASE091,P0286,P0657,0,train
CASE091,P0095,P0286,0,train
CASE091,P0828,P0600,0,train
CASE091,P0462,P0048,0,train
CASE091,P0828,P0462,0,train
CASE092,P0472,P0024,1,train
CASE092,P0842,P0668,1,train
CASE092,P0136,P0309,1,train
CASE092,P0980,P0472,1,train
CASE092,P0024,P0136,1,train
CASE092,P0309,P0822,1,train
CASE092,P0187,P0840,1,train
CASE092,P0232,P0187,1,train
CASE092,P0706,P0980,1,test
CASE092,P0822,P0232,1,test
CASE092,P0840,P0020,1,test
CASE092,P0020,P0842,1,test
CASE092,P0232,P0706,0,test
CASE092,P0668,P0020,0,test
CASE092,P0840,P0980,0,test
CASE092,P0668,P0309,0,test
CASE092,P0020,P0232,0,train
CASE092,P0024,P0980,0,train
CASE092,P0020,P0024,0,train
CASE092,P0980,P0822,0,train
CASE092,P0232,P0668,0,train
CASE092,P0024,P0232,0,train
CASE092,P0668,P0472,0,train
CASE092,P0840,P0842,0,train
CASE093,P0332,P0039,1,train
CASE093,P0332,P0583,1,train
CASE093,P0531,P0723,1,train
CASE093,P0332,P0455,1,train
CASE093,P0332,P0811,1,test
CASE093,P0332,P0311,1,test
CASE093,P0531,P0811,0,test
CASE093,P0723,P0583,0,test
CASE093,P0455,P0039,0,train
CASE093,P0583,P0531,0,train
CASE093,P0723,P0039,0,train
CASE093,P0455,P0311,0,train
CASE094,P0501,P0841,1,train
CASE094,P0907,P0750,1,train
CASE094,P0080,P0902,1,train
CASE094,P0733,P0286,1,train
CASE094,P0076,P0872,1,train
CASE094,P0100,P0562,1,train
CASE094,P0067,P0080,1,train
CASE094,P0255,P0939,1,train
CASE094,P0088,P0783,1,train
CASE094,P0866,P0226,1,train
CASE094,P0841,P0865,1,train
CASE094,P0228,P0437,1,train
CASE094,P0872,P0067,1,train
CASE094,P0104,P0638,1,train
CASE094,P0910,P0266,1,train
CASE094,P0061,P0278,1,train
CASE094,P0921,P0088,1,train
CASE094,P0026,P0699,1,train
CASE094,P0057,P0032,1,train
CASE094,P0171,P0228,1,train
CASE094,P0939,P0198,1,train
CASE094,P0226,P0765,1,train
CASE094,P0902,P0151,1,train
CASE094,P0979,P0866,1,train
CASE094,P0278,P0419,1,train
CASE094,P0637,P0061,1,train
CASE094,P0200,P0825,1,train
CASE094,P0266,P0777,1,train
CASE094,P0865,P0255,1,train
CASE094,P0954,P0356,1,train
CASE094,P0043,P0921,1,train
CASE094,P0419,P0076,1,train
CASE094,P0151,P0057,1,train
CASE094,P0186,P0043,1,train
CASE094,P0286,P0269,1,train
CASE094,P0777,P0979,1,train
CASE094,P0750,P0372,1,test
CASE094,P0372,P0186,1,test
CASE094,P0269,P0200,1,test
CASE094,P0699,P0100,1,test
CASE094,P0765,P0907,1,test
CASE094,P0681,P0502,1,test
CASE094,P0268,P0352,1,test
CASE094,P0825,P0104,1,test
CASE094,P0352,P0501,1,test
CASE094,P0502,P0733,1,test
CASE094,P0437,P0268,1,test
CASE094,P0638,P0910,1,test
CASE094,P0783,P0954,1,test
CASE094,P0356,P0171,1,test
CASE094,P0562,P0637,1,test
CASE094,P0198,P0026,1,test
CASE094,P0907,P0100,0,test
CASE094,P0825,P0783,0,test
CASE094,P0226,P0979,0,test
CASE094,P0226,P0777,0,test
CASE094,P0681,P0437,0,test
CASE094,P0286,P0198,0,test
CASE094,P0080,P0562,0,test
CASE094,P0777,P0921,0,test
CASE094,P0637,P0437,0,test
CASE094,P0255,P0699,0,test
CASE094,P0681,P0278,0,test
CASE094,P0866,P0076,0,test
CASE094,P0699,P0910,0,test
CASE094,P0841,P0902,0,test
CASE094,P0910,P0171,0,test
CASE094,P0638,P0352,0,test
CASE094,P0501,P0198,0,train
CASE094,P0419,P0562,0,train
CASE094,P0067,P0733,0,train
CASE094,P0501,P0356,0,train
CASE094,P0057,P0777,0,train
CASE094,P0067,P0043,0,train
CASE094,P0866,P0286,0,train
CASE094,P0783,P0910,0,train
CASE094,P0437,P0171,0,train
CASE094,P0266,P0200,0,train
CASE094,P0681,P0061,0,train
CASE094,P0979,P0841,0,train
CASE094,P0151,P0200,0,train
CASE094,P0104,P0637,0,train
CASE094,P0198,P0954,0,train
CASE094,P0437,P0750,0,train
CASE094,P0076,P0067,0,train
CASE094,P0502,P0057,0,train
CASE094,P0902,P0200,0,train
CASE094,P0198,P0765,0,train
CASE094,P0419,P0088,0,train
CASE094,P0437,P0356,0,train
CASE094,P0638,P0419,0,train
CASE094,P0266,P0866,0,train
CASE094,P0681,P0750,0,train
CASE094,P0765,P0841,0,train
CASE094,P0088,P0501,0,train
CASE094,P0866,P0777,0,train
CASE094,P0419,P0783,0,train
CASE094,P0777,P0076,0,train
CASE094,P0910,P0067,0,train
CASE094,P0562,P0043,0,train
CASE094,P0067,P0921,0,train
CASE094,P0278,P0437,0,train
CASE094,P0266,P0057,0,train
CASE094,P0501,P0266,0,train
CASE095,P0682,P0125,1,train
CASE095,P0682,P0679,1,train
CASE095,P0236,P0546,1,train
CASE095,P0682,P0519,1,train
CASE095,P0682,P0661,1,train
CASE095,P0682,P0260,1,train
CASE095,P0682,P0497,1,train
CASE095,P0682,P0653,1,train
CASE095,P0236,P0224,1,train
CASE095,P0236,P0729,1,train
CASE095,P0236,P0652,1,train
CASE095,P0236,P0207,1,train
CASE095,P0682,P0802,1,train
CASE095,P0236,P0814,1,train
CASE095,P0682,P0987,1,test
CASE095,P0236,P0876,1,test
CASE095,P0236,P0315,1,test
CASE095,P0236,P0637,1,test
CASE095,P0682,P0933,1,test
CASE095,P0682,P0426,1,test
CASE095,P0546,P0679,0,test
CASE095,P0224,P0207,0,test
CASE095,P0987,P0876,0,test
CASE095,P0125,P0546,0,test
CASE095,P0987,P0497,0,test
CASE095,P0652,P0876,0,test
CASE095,P0519,P0224,0,train
CASE095,P0546,P0497,0,train
CASE095,P0260,P0236,0,train
CASE095,P0637,P0682,0,train
CASE095,P0661,P0224,0,train
CASE095,P0653,P0637,0,train
CASE095,P0426,P0876,0,train
CASE095,P0653,P0236,0,train
CASE095,P0682,P0814,0,train
CASE095,P0224,P0933,0,train
CASE095,P0802,P0260,0,train
CASE095,P0546,P0802,0,train
CASE095,P0679,P0653,0,train
CASE095,P0652,P0933,0,train
CASE096,P0459,P0332,1,train
CASE096,P0673,P0331,1,train
CASE096,P0211,P0550,1,train
CASE096,P0249,P0458,1,train
CASE096,P0338,P0184,1,train
CASE096,P0364,P0227,1,train
CASE096,P0121,P0431,1,train
CASE096,P0429,P0591,1,train
CASE096,P0576,P0865,1,train
CASE096,P0743,P0072,1,train
CASE096,P0865,P0546,1,train
CASE096,P0818,P0162,1,train
CASE096,P0981,P0818,1,train
CASE096,P0301,P0884,1,train
CASE096,P0790,P0364,1,train
CASE096,P0588,P0947,1,train
CASE096,P0214,P0211,1,train
CASE096,P0849,P0459,1,train
CASE096,P0883,P0092,1,train
CASE096,P0304,P0851,1,train
CASE096,P0331,P0304,1,train
CASE096,P0363,P0102,1,train
CASE096,P0414,P0363,1,train
CASE096,P0294,P0849,1,train
CASE096,P0461,P0256,1,train
CASE096,P0198,P0660,1,train
CASE096,P0997,P0980,1,train
CASE096,P0290,P0561,1,train
CASE096,P0907,P0588,1,train
CASE096,P0072,P0362,1,train
CASE096,P0431,P0790,1,train
CASE096,P0674,P0743,1,train
CASE096,P0362,P0214,1,train
CASE096,P0238,P0198,1,train
CASE096,P0597,P0576,1,train
CASE096,P0256,P0654,1,train
CASE096,P0084,P0656,1,train
CASE096,P0851,P0238,1,train
CASE096,P0546,P0448,1,train
CASE096,P0812,P0605,1,train
CASE096,P0947,P0788,1,train
CASE096,P0809,P0383,1,train
CASE096,P0045,P0121,1,train
CASE096,P0383,P0812,1,train
CASE096,P0550,P0045,1,train
CASE096,P0591,P0997,1,train
CASE096,P0980,P0158,1,test
CASE096,P0656,P0414,1,test
CASE096,P0162,P0338,1,test
CASE096,P0334,P0981,1,test
CASE096,P0660,P0907,1,test
CASE096,P0561,P0334,1,test
CASE096,P0102,P0279,1,test
CASE096,P0884,P0249,1,test
CASE096,P0158,P0301,1,test
CASE096,P0285,P0809,1,test
CASE096,P0788,P0883,1,test
CASE096,P0448,P0461,1,test
CASE096,P0184,P0597,1,test
CASE096,P0458,P0674,1,test
CASE096,P0227,P0294,1,test
CASE096,P0692,P0290,1,test
CASE096,P0654,P0429,1,test
CASE096,P0605,P0692,1,test
CASE096,P0332,P0084,1,test
CASE096,P0092,P0285,1,test
CASE096,P0214,P0591,0,test
CASE096,P0448,P0980,0,test
CASE096,P0431,P0788,0,test
CASE096,P0660,P0338,0,test
CASE096,P0550,P0092,0,test
CASE096,P0656,P0660,0,test
CASE096,P0550,P0214,0,test
CASE096,P0692,P0458,0,test
CASE096,P0980,P0211,0,test
CASE096,P0285,P0591,0,test
CASE096,P0290,P0809,0,test
CASE096,P0294,P0256,0,test
CASE096,P0788,P0256,0,test
CASE096,P0383,P0431,0,test
CASE096,P0660,P0084,0,test
CASE096,P0211,P0334,0,test
CASE096,P0158,P0550,0,test
CASE096,P0605,P0214,0,test
CASE096,P0162,P0121,0,test
CASE096,P0431,P0692,0,test
CASE096,P0431,P0290,0,train
CASE096,P0818,P0812,0,train
CASE096,P0743,P0692,0,train
CASE096,P0383,P0660,0,train
CASE096,P0227,P0279,0,train
CASE096,P0448,P0597,0,train
CASE096,P0743,P0256,0,train
CASE096,P0162,P0279,0,train
CASE096,P0301,P0448,0,train
CASE096,P0383,P0980,0,train
CASE096,P0214,P0448,0,train
CASE096,P0849,P0227,0,train
CASE096,P0591,P0334,0,train
CASE096,P0162,P0907,0,train
CASE096,P0285,P0865,0,train
CASE096,P0788,P0981,0,train
CASE096,P0597,P0092,0,train
CASE096,P0654,P0332,0,train
CASE096,P0362,P0743,0,train
CASE096,P0294,P0084,0,train
CASE096,P0851,P0576,0,train
CASE096,P0461,P0429,0,train
CASE096,P0459,P0884,0,train
CASE096,P0818,P0334,0,train
CASE096,P0249,P0045,0,train
CASE096,P0334,P0458,0,train
CASE096,P0459,P0198,0,train
CASE096,P0883,P0429,0,train
CASE096,P0256,P0884,0,train
CASE096,P0072,P0162,0,train
CASE096,P0102,P0431,0,train
CASE096,P0227,P0981,0,train
CASE096,P0461,P0158,0,train
CASE096,P0591,P0790,0,train
CASE096,P0459,P0362,0,train
CASE096,P0383,P0249,0,train
CASE096,P0458,P0072,0,train
CASE096,P0692,P0211,0,train
CASE096,P0546,P0654,0,train
CASE096,P0809,P0198,0,train
CASE096,P0363,P0907,0,train
CASE096,P0331,P0338,0,train
CASE096,P0561,P0818,0,train
CASE096,P0981,P0331,0,train
CASE096,P0363,P0214,0,train
CASE096,P0238,P0656,0,train
CASE097,P0900,P0714,1,train
CASE097,P0862,P0658,1,train
CASE097,P0593,P0059,1,train
CASE097,P0928,P0678,1,train
CASE097,P0714,P0717,1,train
CASE097,P0664,P0788,1,train
CASE097,P0890,P0664,1,train
CASE097,P0792,P0593,1,train
CASE097,P0299,P0974,1,train
CASE097,P0678,P0003,1,train
CASE097,P0003,P0340,1,train
CASE097,P0045,P0190,1,train
CASE097,P0059,P0299,1,train
CASE097,P0535,P0045,1,train
CASE097,P0190,P0391,1,train
CASE097,P0391,P0792,1,test
CASE097,P0658,P0535,1,test
CASE097,P0717,P0928,1,test
CASE097,P0788,P0676,1,test
CASE097,P0340,P0862,1,test
CASE097,P0676,P0900,1,test
CASE097,P0391,P0003,0,test
CASE097,P0535,P0003,0,test
CASE097,P0299,P0593,0,test
CASE097,P0678,P0676,0,test
CASE097,P0535,P0714,0,test
CASE097,P0792,P0974,0,test
CASE097,P0792,P0003,0,train
CASE097,P0890,P0717,0,train
CASE097,P0190,P0717,0,train
CASE097,P0676,P0658,0,train
CASE097,P0928,P0391,0,train
CASE097,P0535,P0676,0,train
CASE097,P0391,P0717,0,train
CASE097,P0664,P0862,0,train
CASE097,P0003,P0890,0,train
CASE097,P0678,P0299,0,train
CASE097,P0788,P0391,0,train
CASE097,P0190,P0890,0,train
CASE097,P0664,P0045,0,train
CASE097,P0658,P0059,0,train
CASE097,P0678,P0593,0,train
CASE098,P0103,P0241,1,train
CASE098,P0224,P0241,1,train
CASE098,P0103,P0690,1,train
CASE098,P0241,P0690,1,test
CASE098,P0224,P0103,1,test
CASE098,P0224,P0690,0,test
CASE099,P0935,P0534,1,train
CASE099,P0519,P0319,1,train
CASE099,P0519,P0388,1,train
CASE099,P0935,P0799,1,train
CASE099,P0935,P0134,1,train
CASE099,P0935,P0375,1,train
CASE099,P0935,P0918,1,train
CASE099,P0935,P0158,1,train
CASE099,P0935,P0082,1,train
CASE099,P0935,P0778,1,train
CASE099,P0935,P0971,1,train
CASE099,P0935,P0457,1,train
CASE099,P0935,P0169,1,train
CASE099,P0935,P0333,1,train
CASE099,P0935,P0777,1,train
CASE099,P0935,P0833,1,train
CASE099,P0935,P0911,1,train
CASE099,P0935,P0558,1,train
CASE099,P0519,P0229,1,train
CASE099,P0519,P0437,1,train
CASE099,P0935,P0678,1,train
CASE099,P0935,P0771,1,train
CASE099,P0935,P0062,1,train
CASE099,P0519,P0677,1,train
CASE099,P0935,P0572,1,train
CASE099,P0519,P0230,1,train
CASE099,P0519,P0968,1,train
CASE099,P0935,P0246,1,train
CASE099,P0519,P0701,1,train
CASE099,P0935,P0535,1,train
CASE099,P0519,P0272,1,train
CASE099,P0935,P0282,1,train
CASE099,P0935,P0425,1,train
CASE099,P0935,P0471,1,train
CASE099,P0519,P0599,1,train
CASE099,P0519,P0118,1,train
CASE099,P0935,P0611,1,train
CASE099,P0935,P0717,1,train
CASE099,P0519,P0190,1,train
CASE099,P0935,P0423,1,train
CASE099,P0935,P0682,1,train
CASE099,P0935,P0866,1,train
CASE099,P0519,P0350,1,train
CASE099,P0519,P0913,1,train
CASE099,P0519,P0931,1,train
CASE099,P0935,P0649,1,train
CASE099,P0519,P0700,1,train
CASE099,P0935,P0427,1,train
CASE099,P0519,P0289,1,train
CASE099,P0935,P0066,1,train
CASE099,P0935,P0476,1,train
CASE099,P0935,P0061,1,train
CASE099,P0519,P0038,1,train
CASE099,P0935,P0630,1,test
CASE099,P0519,P0097,1,test
CASE099,P0935,P0706,1,test
CASE099,P0519,P0132,1,test
CASE099,P0935,P0934,1,test
CASE099,P0935,P0666,1,test
CASE099,P0519,P0396,1,test
CASE099,P0935,P0010,1,test
CASE099,P0935,P0469,1,test
CASE099,P0935,P0001,1,test
CASE099,P0935,P0624,1,test
CASE099,P0935,P0769,1,test
CASE099,P0935,P0808,1,test
CASE099,P0519,P0977,1,test
CASE099,P0519,P0815,1,test
CASE099,P0935,P0614,1,test
CASE099,P0935,P0510,1,test
CASE099,P0519,P0650,1,test
CASE099,P0519,P0107,1,test
CASE099,P0519,P0401,1,test
CASE099,P0935,P0513,1,test
CASE099,P0935,P0270,1,test
CASE099,P0519,P0716,1,test
CASE099,P0535,P0062,0,test
CASE099,P0289,P0777,0,test
CASE099,P0769,P0272,0,test
CASE099,P0611,P0246,0,test
CASE099,P0911,P0134,0,test
CASE099,P0038,P0599,0,test
CASE099,P0061,P0038,0,test
CASE099,P0700,P0534,0,test
CASE099,P0678,P0107,0,test
CASE099,P0624,P0289,0,test
CASE099,P0535,P0427,0,test
CASE099,P0062,P0469,0,test
CASE099,P0678,P0289,0,test
CASE099,P0769,P0169,0,test
CASE099,P0649,P0427,0,test
CASE099,P0717,P0190,0,test
CASE099,P0246,P0614,0,test
CASE099,P0134,P0097,0,test
CASE099,P0272,P0190,0,test
CASE099,P0457,P0913,0,test
CASE099,P0808,P0968,0,test
CASE099,P0230,P0476,0,test
CASE099,P0190,P0769,0,test
CASE099,P0666,P0777,0,train
CASE099,P0375,P0062,0,train
CASE099,P0401,P0272,0,train
CASE099,P0678,P0437,0,train
CASE099,P0066,P0866,0,train
CASE099,P0513,P0319,0,train
CASE099,P0038,P0630,0,train
CASE099,P0706,P0535,0,train
CASE099,P0001,P0282,0,train
CASE099,P0388,P0611,0,train
CASE099,P0396,P0558,0,train
CASE099,P0717,P0282,0,train
CASE099,P0229,P0425,0,train
CASE099,P0401,P0611,0,train
CASE099,P0097,P0457,0,train
CASE099,P0471,P0535,0,train
CASE099,P0350,P0599,0,train
CASE099,P0272,P0771,0,train
CASE099,P0457,P0010,0,train
CASE099,P0134,P0611,0,train
CASE099,P0866,P0815,0,train
CASE099,P0650,P0935,0,train
CASE099,P0333,P0534,0,train
CASE099,P0388,P0678,0,train
CASE099,P0107,P0476,0,train
CASE099,P0333,P0396,0,train
CASE099,P0010,P0630,0,train
CASE099,P0931,P0427,0,train
CASE099,P0678,P0396,0,train
CASE099,P0913,P0158,0,train
CASE099,P0931,P0001,0,train
CASE099,P0701,P0611,0,train
CASE099,P0270,P0066,0,train
CASE099,P0701,P0158,0,train
CASE099,P0934,P0375,0,train
CASE099,P0706,P0777,0,train
CASE099,P0132,P0066,0,train
CASE099,P0682,P0134,0,train
CASE099,P0396,P0815,0,train
CASE099,P0977,P0513,0,train
CASE099,P0425,P0808,0,train
CASE099,P0229,P0270,0,train
CASE099,P0682,P0061,0,train
CASE099,P0808,P0134,0,train
CASE099,P0476,P0666,0,train
CASE099,P0558,P0132,0,train
CASE099,P0230,P0272,0,train
CASE099,P0968,P0510,0,train
CASE099,P0700,P0425,0,train
CASE099,P0270,P0650,0,train
CASE099,P0913,P0706,0,train
CASE099,P0289,P0808,0,train
CASE099,P0097,P0289,0,train
CASE100,P0643,P0098,1,train
CASE100,P0098,P0019,1,train
CASE100,P0674,P0625,1,train
CASE100,P0863,P0643,1,train
CASE100,P0306,P0198,1,train
CASE100,P0198,P0950,1,train
CASE100,P0950,P0674,1,train
CASE100,P0019,P0946,1,train
CASE100,P0957,P0598,1,train
CASE100,P0598,P0989,1,train
CASE100,P0478,P0348,1,train
CASE100,P0789,P0478,1,test
CASE100,P0348,P0863,1,test
CASE100,P0989,P0306,1,test
CASE100,P0946,P0957,1,test
CASE100,P0625,P0989,0,test
CASE100,P0598,P0348,0,test
CASE100,P0674,P0643,0,test
CASE100,P0348,P0957,0,test
CASE100,P0098,P0198,0,train
CASE100,P0789,P0598,0,train
CASE100,P0019,P0989,0,train
CASE100,P0198,P0989,0,train
CASE100,P0625,P0946,0,train
CASE100,P0989,P0950,0,train
CASE100,P0625,P0863,0,train
CASE100,P0989,P0674,0,train
CASE100,P0198,P0863,0,train
CASE100,P0863,P0957,0,train
CASE100,P0478,P0098,0,train
