event_id,case_id,timestamp,person_ids,location_id,event_type,description
CASE001-EVT001,CASE001,2026-06-06T21:59:00,P0981|P0520,LOC0002,phone_call,Interaction preceding the reported incident.
CASE001-EVT002,CASE001,2026-06-05T01:59:00,P0520|P0536,LOC0073,vehicle_movement,Interaction preceding the reported incident.
CASE001-EVT003,CASE001,2026-06-09T10:59:00,P0536|P0624,LOC0058,meeting,Interaction preceding the reported incident.
CASE001-EVT004,CASE001,2026-06-01T19:59:00,P0624|P0144,LOC0095,meeting,Interaction preceding the reported incident.
CASE001-EVT005,CASE001,2026-06-01T17:59:00,P0144|P0887,LOC0231,vehicle_movement,Interaction preceding the reported incident.
CASE001-EVT006,CASE001,2026-06-08T20:59:00,P0887|P0607,LOC0222,phone_call,Interaction preceding the reported incident.
CASE001-EVT007,CASE001,2026-06-04T02:59:00,P0607|P0201,LOC0191,meeting,Interaction preceding the reported incident.
CASE001-EVT008,CASE001,2026-06-10T02:59:00,P0201|P0914,LOC0132,phone_call,Interaction preceding the reported incident.
CASE001-EVT009,CASE001,2026-06-02T09:59:00,P0914|P0469,LOC0100,phone_call,Interaction preceding the reported incident.
CASE001-EVT010,CASE001,2026-06-02T19:59:00,P0469|P0163,LOC0287,phone_call,Interaction preceding the reported incident.
CASE001-EVT011,CASE001,2026-06-09T18:59:00,P0163|P0019,LOC0219,meeting,Interaction preceding the reported incident.
CASE001-EVT012,CASE001,2026-06-01T03:59:00,P0019|P0635,LOC0254,meeting,Interaction preceding the reported incident.
CASE001-EVT013,CASE001,2026-06-05T18:59:00,P0635|P0745,LOC0185,meeting,Interaction preceding the reported incident.
CASE001-EVT014,CASE001,2026-06-07T13:59:00,P0745|P0107,LOC0132,meeting,Interaction preceding the reported incident.
CASE001-EVT015,CASE001,2026-06-01T13:59:00,P0107|P0076,LOC0231,vehicle_movement,Interaction preceding the reported incident.
CASE001-EVT016,CASE001,2026-06-04T23:59:00,P0076|P0270,LOC0273,meeting,Interaction preceding the reported incident.
CASE001-EVT017,CASE001,2026-06-04T02:59:00,P0270|P0493,LOC0031,phone_call,Interaction preceding the reported incident.
CASE001-EVT018,CASE001,2026-06-01T14:59:00,P0493|P0824,LOC0008,vehicle_movement,Interaction preceding the reported incident.
CASE001-EVT019,CASE001,2026-06-02T21:59:00,P0824|P0980,LOC0127,meeting,Interaction preceding the reported incident.
CASE001-EVT020,CASE001,2026-06-01T10:59:00,P0980|P0013,LOC0061,phone_call,Interaction preceding the reported incident.
CASE001-EVT021,CASE001,2026-06-09T11:59:00,P0013|P0269,LOC0025,vehicle_movement,Interaction preceding the reported incident.
CASE001-EVT022,CASE001,2026-06-03T11:59:00,P0269|P0867,LOC0202,vehicle_movement,Interaction preceding the reported incident.
CASE001-EVT023,CASE001,2026-06-05T11:59:00,P0867|P0344,LOC0011,meeting,Interaction preceding the reported incident.
CASE001-EVT024,CASE001,2026-06-06T13:59:00,P0344|P0172,LOC0276,vehicle_movement,Interaction preceding the reported incident.
CASE001-EVT025,CASE001,2026-06-09T03:59:00,P0172|P0508,LOC0278,vehicle_movement,Interaction preceding the reported incident.
CASE001-EVT026,CASE001,2026-06-02T18:59:00,P0508|P0119,LOC0127,vehicle_movement,Interaction preceding the reported incident.
CASE001-EVT027,CASE001,2026-06-08T02:59:00,P0119|P0212,LOC0288,phone_call,Interaction preceding the reported incident.
CASE001-EVT028,CASE001,2026-06-04T12:59:00,P0212|P0338,LOC0239,phone_call,Interaction preceding the reported incident.
CASE001-EVT029,CASE001,2026-06-03T02:59:00,P0338|P0083,LOC0024,phone_call,Interaction preceding the reported incident.
CASE001-EVT030,CASE001,2026-06-07T02:59:00,P0083|P0286,LOC0023,vehicle_movement,Interaction preceding the reported incident.
CASE001-EVT031,CASE001,2026-06-05T04:59:00,P0286|P0236,LOC0037,phone_call,Interaction preceding the reported incident.
CASE001-EVT032,CASE001,2026-06-03T15:59:00,P0236|P0321,LOC0267,meeting,Interaction preceding the reported incident.
CASE001-EVT033,CASE001,2026-06-02T14:59:00,P0321|P0861,LOC0004,meeting,Interaction preceding the reported incident.
CASE001-EVT034,CASE001,2026-05-31T08:59:00,P0861|P0967,LOC0266,phone_call,Interaction preceding the reported incident.
CASE001-EVT035,CASE001,2026-06-10T03:59:00,P0967|P0475,LOC0168,vehicle_movement,Interaction preceding the reported incident.
CASE001-EVT036,CASE001,2026-06-04T03:59:00,P0475|P0038,LOC0049,meeting,Interaction preceding the reported incident.
CASE001-EVT037,CASE001,2026-06-02T14:59:00,P0038|P0907,LOC0140,meeting,Interaction preceding the reported incident.
CASE001-EVT038,CASE001,2026-06-03T21:59:00,P0907|P0006,LOC0142,meeting,Interaction preceding the reported incident.
CASE001-EVT039,CASE001,2026-06-11T04:59:00,P0981,LOC0208,incident,Reported courier-based criminal network incident.
CASE002-EVT001,CASE002,2026-04-17T04:17:00,P0905|P0555,LOC0173,meeting,Interaction preceding the reported incident.
CASE002-EVT002,CASE002,2026-04-18T08:17:00,P0905|P0017,LOC0250,meeting,Interaction preceding the reported incident.
CASE002-EVT003,CASE002,2026-04-19T14:17:00,P0905|P0665,LOC0064,vehicle_movement,Interaction preceding the reported incident.
CASE002-EVT004,CASE002,2026-04-13T13:17:00,P0905|P0029,LOC0085,phone_call,Interaction preceding the reported incident.
CASE002-EVT005,CASE002,2026-04-15T22:17:00,P0905|P0417,LOC0068,meeting,Interaction preceding the reported incident.
CASE002-EVT006,CASE002,2026-04-20T09:17:00,P0905|P0082,LOC0084,vehicle_movement,Interaction preceding the reported incident.
CASE002-EVT007,CASE002,2026-04-15T03:17:00,P0905|P0925,LOC0123,phone_call,Interaction preceding the reported incident.
CASE002-EVT008,CASE002,2026-04-20T11:17:00,P0905|P0920,LOC0117,vehicle_movement,Interaction preceding the reported incident.
CASE002-EVT009,CASE002,2026-04-15T14:17:00,P0905|P0325,LOC0021,meeting,Interaction preceding the reported incident.
CASE002-EVT010,CASE002,2026-04-16T16:17:00,P0905|P0917,LOC0093,phone_call,Interaction preceding the reported incident.
CASE002-EVT011,CASE002,2026-04-20T17:17:00,P0905|P0060,LOC0018,meeting,Interaction preceding the reported incident.
CASE002-EVT012,CASE002,2026-04-16T07:17:00,P0905|P0063,LOC0015,phone_call,Interaction preceding the reported incident.
CASE002-EVT013,CASE002,2026-04-13T20:17:00,P0905|P0919,LOC0162,meeting,Interaction preceding the reported incident.
CASE002-EVT014,CASE002,2026-04-21T09:17:00,P0905|P0524,LOC0037,vehicle_movement,Interaction preceding the reported incident.
CASE002-EVT015,CASE002,2026-04-18T05:17:00,P0905|P0677,LOC0013,phone_call,Interaction preceding the reported incident.
CASE002-EVT016,CASE002,2026-04-14T03:17:00,P0905|P0730,LOC0198,vehicle_movement,Interaction preceding the reported incident.
CASE002-EVT017,CASE002,2026-04-21T04:17:00,P0905|P0003,LOC0300,phone_call,Interaction preceding the reported incident.
CASE002-EVT018,CASE002,2026-04-15T09:17:00,P0905|P0320,LOC0274,phone_call,Interaction preceding the reported incident.
CASE002-EVT019,CASE002,2026-04-17T17:17:00,P0905|P0552,LOC0158,phone_call,Interaction preceding the reported incident.
CASE002-EVT020,CASE002,2026-04-21T12:17:00,P0905|P0125,LOC0127,phone_call,Interaction preceding the reported incident.
CASE002-EVT021,CASE002,2026-04-20T23:17:00,P0905|P0916,LOC0227,phone_call,Interaction preceding the reported incident.
CASE002-EVT022,CASE002,2026-04-19T15:17:00,P0905|P0844,LOC0251,meeting,Interaction preceding the reported incident.
CASE002-EVT023,CASE002,2026-04-21T14:17:00,P0905|P0964,LOC0009,meeting,Interaction preceding the reported incident.
CASE002-EVT024,CASE002,2026-04-16T18:17:00,P0905|P0904,LOC0082,meeting,Interaction preceding the reported incident.
CASE002-EVT025,CASE002,2026-04-19T23:17:00,P0905|P0949,LOC0119,vehicle_movement,Interaction preceding the reported incident.
CASE002-EVT026,CASE002,2026-04-14T20:17:00,P0905|P0049,LOC0292,meeting,Interaction preceding the reported incident.
CASE002-EVT027,CASE002,2026-04-19T11:17:00,P0905|P0773,LOC0023,phone_call,Interaction preceding the reported incident.
CASE002-EVT028,CASE002,2026-04-14T21:17:00,P0905|P0234,LOC0093,meeting,Interaction preceding the reported incident.
CASE002-EVT029,CASE002,2026-04-18T22:17:00,P0905|P0663,LOC0207,meeting,Interaction preceding the reported incident.
CASE002-EVT030,CASE002,2026-04-14T09:17:00,P0905|P0182,LOC0134,phone_call,Interaction preceding the reported incident.
CASE002-EVT031,CASE002,2026-04-22T23:17:00,P0905,LOC0111,incident,Reported smuggling-style network incident.
CASE003-EVT001,CASE003,2025-12-31T23:29:00,P0037|P0154,LOC0244,vehicle_movement,Interaction preceding the reported incident.
CASE003-EVT002,CASE003,2025-12-31T22:29:00,P0217|P0605,LOC0249,vehicle_movement,Interaction preceding the reported incident.
CASE003-EVT003,CASE003,2026-01-04T16:29:00,P0037|P0990,LOC0115,meeting,Interaction preceding the reported incident.
CASE003-EVT004,CASE003,2026-01-03T03:29:00,P0217|P0423,LOC0285,phone_call,Interaction preceding the reported incident.
CASE003-EVT005,CASE003,2026-01-08T05:29:00,P0217|P0019,LOC0114,vehicle_movement,Interaction preceding the reported incident.
CASE003-EVT006,CASE003,2026-01-02T06:29:00,P0217|P0539,LOC0204,meeting,Interaction preceding the reported incident.
CASE003-EVT007,CASE003,2026-01-05T16:29:00,P0037|P0584,LOC0049,meeting,Interaction preceding the reported incident.
CASE003-EVT008,CASE003,2026-01-01T13:29:00,P0037|P0001,LOC0235,meeting,Interaction preceding the reported incident.
CASE003-EVT009,CASE003,2026-01-02T11:29:00,P0037|P1000,LOC0018,phone_call,Interaction preceding the reported incident.
CASE003-EVT010,CASE003,2026-01-04T13:29:00,P0217|P0894,LOC0182,meeting,Interaction preceding the reported incident.
CASE003-EVT011,CASE003,2025-12-31T12:29:00,P0217|P0351,LOC0300,vehicle_movement,Interaction preceding the reported incident.
CASE003-EVT012,CASE003,2025-12-30T10:29:00,P0037|P0421,LOC0040,meeting,Interaction preceding the reported incident.
CASE003-EVT013,CASE003,2026-01-06T18:29:00,P0037|P0173,LOC0196,phone_call,Interaction preceding the reported incident.
CASE003-EVT014,CASE003,2026-01-01T06:29:00,P0037|P0523,LOC0234,vehicle_movement,Interaction preceding the reported incident.
CASE003-EVT015,CASE003,2025-12-31T10:29:00,P0037|P0607,LOC0197,meeting,Interaction preceding the reported incident.
CASE003-EVT016,CASE003,2026-01-03T19:29:00,P0217|P0784,LOC0239,phone_call,Interaction preceding the reported incident.
CASE003-EVT017,CASE003,2026-01-09T06:29:00,P0037,LOC0047,incident,Reported financial fraud incident.
CASE004-EVT001,CASE004,2026-07-25T18:00:00,P0662|P0595,LOC0240,meeting,Interaction preceding the reported incident.
CASE004-EVT002,CASE004,2026-07-29T11:00:00,P0662|P0257,LOC0286,meeting,Interaction preceding the reported incident.
CASE004-EVT003,CASE004,2026-07-25T18:00:00,P0662|P0726,LOC0079,phone_call,Interaction preceding the reported incident.
CASE004-EVT004,CASE004,2026-07-20T04:00:00,P0662|P0841,LOC0181,meeting,Interaction preceding the reported incident.
CASE004-EVT005,CASE004,2026-07-27T13:00:00,P0662|P0976,LOC0077,meeting,Interaction preceding the reported incident.
CASE004-EVT006,CASE004,2026-07-24T18:00:00,P0662|P0081,LOC0130,vehicle_movement,Interaction preceding the reported incident.
CASE004-EVT007,CASE004,2026-07-28T02:00:00,P0662|P0179,LOC0167,phone_call,Interaction preceding the reported incident.
CASE004-EVT008,CASE004,2026-07-28T13:00:00,P0662|P0792,LOC0175,vehicle_movement,Interaction preceding the reported incident.
CASE004-EVT009,CASE004,2026-07-20T00:00:00,P0662|P0307,LOC0264,meeting,Interaction preceding the reported incident.
CASE004-EVT010,CASE004,2026-07-22T11:00:00,P0662|P0775,LOC0007,phone_call,Interaction preceding the reported incident.
CASE004-EVT011,CASE004,2026-07-28T22:00:00,P0662|P0964,LOC0075,meeting,Interaction preceding the reported incident.
CASE004-EVT012,CASE004,2026-07-30T18:00:00,P0662,LOC0252,incident,Reported warehouse theft incident.
CASE005-EVT001,CASE005,2026-04-07T05:48:00,P0509|P0765,LOC0205,phone_call,Interaction preceding the reported incident.
CASE005-EVT002,CASE005,2026-04-09T11:48:00,P0509|P0639,LOC0013,vehicle_movement,Interaction preceding the reported incident.
CASE005-EVT003,CASE005,2026-04-06T14:48:00,P0509|P0450,LOC0236,phone_call,Interaction preceding the reported incident.
CASE005-EVT004,CASE005,2026-04-12T00:48:00,P0509|P0705,LOC0045,vehicle_movement,Interaction preceding the reported incident.
CASE005-EVT005,CASE005,2026-04-05T23:48:00,P0509|P0327,LOC0008,vehicle_movement,Interaction preceding the reported incident.
CASE005-EVT006,CASE005,2026-04-04T15:48:00,P0509|P0414,LOC0103,phone_call,Interaction preceding the reported incident.
CASE005-EVT007,CASE005,2026-04-08T02:48:00,P0509|P0432,LOC0150,vehicle_movement,Interaction preceding the reported incident.
CASE005-EVT008,CASE005,2026-04-04T07:48:00,P0509|P0782,LOC0091,vehicle_movement,Interaction preceding the reported incident.
CASE005-EVT009,CASE005,2026-04-04T15:48:00,P0509|P0093,LOC0022,phone_call,Interaction preceding the reported incident.
CASE005-EVT010,CASE005,2026-04-05T15:48:00,P0509|P0622,LOC0168,vehicle_movement,Interaction preceding the reported incident.
CASE005-EVT011,CASE005,2026-04-13T07:48:00,P0509,LOC0069,incident,Reported missing-person investigation incident.
CASE006-EVT001,CASE006,2025-10-25T02:22:00,P0575|P0036,LOC0187,phone_call,Interaction preceding the reported incident.
CASE006-EVT002,CASE006,2025-11-01T12:22:00,P0036|P0095,LOC0032,meeting,Interaction preceding the reported incident.
CASE006-EVT003,CASE006,2025-11-03T03:22:00,P0575,LOC0263,incident,Reported procurement fraud incident.
CASE007-EVT001,CASE007,2026-05-25T11:03:00,P0207|P0303,LOC0028,phone_call,Interaction preceding the reported incident.
CASE007-EVT002,CASE007,2026-05-28T12:03:00,P0303|P0586,LOC0030,phone_call,Interaction preceding the reported incident.
CASE007-EVT003,CASE007,2026-05-26T13:03:00,P0586|P0918,LOC0095,meeting,Interaction preceding the reported incident.
CASE007-EVT004,CASE007,2026-05-25T09:03:00,P0267|P0584,LOC0197,meeting,Interaction preceding the reported incident.
CASE007-EVT005,CASE007,2026-05-25T12:03:00,P0584|P0053,LOC0099,phone_call,Interaction preceding the reported incident.
CASE007-EVT006,CASE007,2026-05-27T05:03:00,P0053|P0158,LOC0041,meeting,Interaction preceding the reported incident.
CASE007-EVT007,CASE007,2026-05-24T08:03:00,P0918|P0267,LOC0206,meeting,Interaction preceding the reported incident.
CASE007-EVT008,CASE007,2026-05-30T21:03:00,P0207,LOC0069,incident,Reported organized theft incident.
CASE008-EVT001,CASE008,2025-08-08T21:17:00,P0922|P0913,LOC0108,meeting,Interaction preceding the reported incident.
CASE008-EVT002,CASE008,2025-08-08T15:17:00,P0922|P0220,LOC0143,meeting,Interaction preceding the reported incident.
CASE008-EVT003,CASE008,2025-08-08T07:17:00,P0922|P0004,LOC0150,meeting,Interaction preceding the reported incident.
CASE008-EVT004,CASE008,2025-08-02T06:17:00,P0922|P0066,LOC0152,meeting,Interaction preceding the reported incident.
CASE008-EVT005,CASE008,2025-08-11T02:17:00,P0922|P0414,LOC0245,phone_call,Interaction preceding the reported incident.
CASE008-EVT006,CASE008,2025-08-04T00:17:00,P0922|P0954,LOC0227,meeting,Interaction preceding the reported incident.
CASE008-EVT007,CASE008,2025-08-11T17:17:00,P0922|P0788,LOC0177,vehicle_movement,Interaction preceding the reported incident.
CASE008-EVT008,CASE008,2025-08-02T14:17:00,P0922|P0722,LOC0055,phone_call,Interaction preceding the reported incident.
CASE008-EVT009,CASE008,2025-08-07T20:17:00,P0922|P0463,LOC0209,meeting,Interaction preceding the reported incident.
CASE008-EVT010,CASE008,2025-08-09T10:17:00,P0922|P0945,LOC0298,vehicle_movement,Interaction preceding the reported incident.
CASE008-EVT011,CASE008,2025-08-02T12:17:00,P0922|P0662,LOC0049,meeting,Interaction preceding the reported incident.
CASE008-EVT012,CASE008,2025-08-02T08:17:00,P0922|P0298,LOC0195,meeting,Interaction preceding the reported incident.
CASE008-EVT013,CASE008,2025-08-12T01:17:00,P0922|P0667,LOC0035,phone_call,Interaction preceding the reported incident.
CASE008-EVT014,CASE008,2025-08-08T08:17:00,P0922|P0876,LOC0258,phone_call,Interaction preceding the reported incident.
CASE008-EVT015,CASE008,2025-08-03T19:17:00,P0922|P0941,LOC0276,vehicle_movement,Interaction preceding the reported incident.
CASE008-EVT016,CASE008,2025-08-02T22:17:00,P0922|P0593,LOC0196,meeting,Interaction preceding the reported incident.
CASE008-EVT017,CASE008,2025-08-02T11:17:00,P0922|P0885,LOC0121,phone_call,Interaction preceding the reported incident.
CASE008-EVT018,CASE008,2025-08-03T22:17:00,P0922|P0459,LOC0060,meeting,Interaction preceding the reported incident.
CASE008-EVT019,CASE008,2025-08-07T06:17:00,P0922|P0736,LOC0088,phone_call,Interaction preceding the reported incident.
CASE008-EVT020,CASE008,2025-08-08T08:17:00,P0922|P0218,LOC0029,phone_call,Interaction preceding the reported incident.
CASE008-EVT021,CASE008,2025-08-02T13:17:00,P0922|P0108,LOC0299,vehicle_movement,Interaction preceding the reported incident.
CASE008-EVT022,CASE008,2025-08-06T11:17:00,P0922|P0377,LOC0291,vehicle_movement,Interaction preceding the reported incident.
CASE008-EVT023,CASE008,2025-08-10T10:17:00,P0922|P0844,LOC0064,phone_call,Interaction preceding the reported incident.
CASE008-EVT024,CASE008,2025-08-06T11:17:00,P0922|P0490,LOC0098,vehicle_movement,Interaction preceding the reported incident.
CASE008-EVT025,CASE008,2025-08-05T09:17:00,P0922|P0205,LOC0126,meeting,Interaction preceding the reported incident.
CASE008-EVT026,CASE008,2025-08-09T11:17:00,P0922|P0351,LOC0225,vehicle_movement,Interaction preceding the reported incident.
CASE008-EVT027,CASE008,2025-08-07T14:17:00,P0922|P0135,LOC0112,meeting,Interaction preceding the reported incident.
CASE008-EVT028,CASE008,2025-08-02T19:17:00,P0922|P0001,LOC0166,phone_call,Interaction preceding the reported incident.
CASE008-EVT029,CASE008,2025-08-09T10:17:00,P0922|P0902,LOC0216,phone_call,Interaction preceding the reported incident.
CASE008-EVT030,CASE008,2025-08-09T11:17:00,P0922|P0926,LOC0221,phone_call,Interaction preceding the reported incident.
CASE008-EVT031,CASE008,2025-08-08T00:17:00,P0922|P0154,LOC0044,vehicle_movement,Interaction preceding the reported incident.
CASE008-EVT032,CASE008,2025-08-03T15:17:00,P0922|P0966,LOC0190,phone_call,Interaction preceding the reported incident.
CASE008-EVT033,CASE008,2025-08-06T21:17:00,P0922|P0763,LOC0186,meeting,Interaction preceding the reported incident.
CASE008-EVT034,CASE008,2025-08-10T15:17:00,P0922|P0408,LOC0069,meeting,Interaction preceding the reported incident.
CASE008-EVT035,CASE008,2025-08-09T10:17:00,P0922|P0195,LOC0217,meeting,Interaction preceding the reported incident.
CASE008-EVT036,CASE008,2025-08-06T17:17:00,P0922|P0447,LOC0097,meeting,Interaction preceding the reported incident.
CASE008-EVT037,CASE008,2025-08-05T10:17:00,P0922|P0470,LOC0077,vehicle_movement,Interaction preceding the reported incident.
CASE008-EVT038,CASE008,2025-08-06T02:17:00,P0922|P0188,LOC0141,phone_call,Interaction preceding the reported incident.
CASE008-EVT039,CASE008,2025-08-09T06:17:00,P0922|P0806,LOC0141,vehicle_movement,Interaction preceding the reported incident.
CASE008-EVT040,CASE008,2025-08-09T23:17:00,P0922|P0505,LOC0276,phone_call,Interaction preceding the reported incident.
CASE008-EVT041,CASE008,2025-08-09T17:17:00,P0922|P0774,LOC0166,phone_call,Interaction preceding the reported incident.
CASE008-EVT042,CASE008,2025-08-10T21:17:00,P0922|P0023,LOC0133,phone_call,Interaction preceding the reported incident.
CASE008-EVT043,CASE008,2025-08-11T16:17:00,P0922|P0555,LOC0097,vehicle_movement,Interaction preceding the reported incident.
CASE008-EVT044,CASE008,2025-08-09T21:17:00,P0922|P0996,LOC0164,vehicle_movement,Interaction preceding the reported incident.
CASE008-EVT045,CASE008,2025-08-03T13:17:00,P0922|P0661,LOC0002,vehicle_movement,Interaction preceding the reported incident.
CASE008-EVT046,CASE008,2025-08-10T01:17:00,P0922|P0760,LOC0290,vehicle_movement,Interaction preceding the reported incident.
CASE008-EVT047,CASE008,2025-08-06T14:17:00,P0922|P0212,LOC0268,phone_call,Interaction preceding the reported incident.
CASE008-EVT048,CASE008,2025-08-09T23:17:00,P0922|P0746,LOC0300,vehicle_movement,Interaction preceding the reported incident.
CASE008-EVT049,CASE008,2025-08-08T09:17:00,P0922|P0333,LOC0043,vehicle_movement,Interaction preceding the reported incident.
CASE008-EVT050,CASE008,2025-08-02T17:17:00,P0922|P0669,LOC0183,meeting,Interaction preceding the reported incident.
CASE008-EVT051,CASE008,2025-08-11T12:17:00,P0922|P0908,LOC0188,vehicle_movement,Interaction preceding the reported incident.
CASE008-EVT052,CASE008,2025-08-10T16:17:00,P0922|P0777,LOC0285,vehicle_movement,Interaction preceding the reported incident.
CASE008-EVT053,CASE008,2025-08-08T18:17:00,P0922|P0528,LOC0058,meeting,Interaction preceding the reported incident.
CASE008-EVT054,CASE008,2025-08-06T12:17:00,P0922|P0586,LOC0038,vehicle_movement,Interaction preceding the reported incident.
CASE008-EVT055,CASE008,2025-08-02T21:17:00,P0922|P0451,LOC0282,meeting,Interaction preceding the reported incident.
CASE008-EVT056,CASE008,2025-08-02T23:17:00,P0922|P0617,LOC0237,vehicle_movement,Interaction preceding the reported incident.
CASE008-EVT057,CASE008,2025-08-03T10:17:00,P0922|P0043,LOC0217,meeting,Interaction preceding the reported incident.
CASE008-EVT058,CASE008,2025-08-09T16:17:00,P0922|P0318,LOC0015,vehicle_movement,Interaction preceding the reported incident.
CASE008-EVT059,CASE008,2025-08-11T11:17:00,P0922|P0035,LOC0205,vehicle_movement,Interaction preceding the reported incident.
CASE008-EVT060,CASE008,2025-08-03T18:17:00,P0922|P0674,LOC0258,vehicle_movement,Interaction preceding the reported incident.
CASE008-EVT061,CASE008,2025-08-12T01:17:00,P0922|P0085,LOC0118,phone_call,Interaction preceding the reported incident.
CASE008-EVT062,CASE008,2025-08-02T20:17:00,P0922|P0375,LOC0211,meeting,Interaction preceding the reported incident.
CASE008-EVT063,CASE008,2025-08-02T11:17:00,P0922|P0148,LOC0025,meeting,Interaction preceding the reported incident.
CASE008-EVT064,CASE008,2025-08-08T10:17:00,P0922|P0860,LOC0177,phone_call,Interaction preceding the reported incident.
CASE008-EVT065,CASE008,2025-08-09T12:17:00,P0922|P0229,LOC0279,vehicle_movement,Interaction preceding the reported incident.
CASE008-EVT066,CASE008,2025-08-04T20:17:00,P0922|P0964,LOC0022,phone_call,Interaction preceding the reported incident.
CASE008-EVT067,CASE008,2025-08-04T17:17:00,P0922|P0424,LOC0253,vehicle_movement,Interaction preceding the reported incident.
CASE008-EVT068,CASE008,2025-08-04T07:17:00,P0922|P0289,LOC0185,vehicle_movement,Interaction preceding the reported incident.
CASE008-EVT069,CASE008,2025-08-06T21:17:00,P0922|P0293,LOC0060,meeting,Interaction preceding the reported incident.
CASE008-EVT070,CASE008,2025-08-07T15:17:00,P0922|P0805,LOC0016,meeting,Interaction preceding the reported incident.
CASE008-EVT071,CASE008,2025-08-08T15:17:00,P0922|P0049,LOC0229,meeting,Interaction preceding the reported incident.
CASE008-EVT072,CASE008,2025-08-07T20:17:00,P0922|P0301,LOC0114,vehicle_movement,Interaction preceding the reported incident.
CASE008-EVT073,CASE008,2025-08-09T13:17:00,P0922|P0171,LOC0219,vehicle_movement,Interaction preceding the reported incident.
CASE008-EVT074,CASE008,2025-08-13T02:17:00,P0922,LOC0015,incident,Reported courier-based criminal network incident.
CASE009-EVT001,CASE009,2026-07-15T16:03:00,P0763|P0399,LOC0137,vehicle_movement,Interaction preceding the reported incident.
CASE009-EVT002,CASE009,2026-07-14T03:03:00,P0763|P0967,LOC0202,phone_call,Interaction preceding the reported incident.
CASE009-EVT003,CASE009,2026-07-16T10:03:00,P0399|P0967,LOC0172,phone_call,Interaction preceding the reported incident.
CASE009-EVT004,CASE009,2026-07-16T04:03:00,P0399|P0979,LOC0069,phone_call,Interaction preceding the reported incident.
CASE009-EVT005,CASE009,2026-07-17T02:03:00,P0967|P0979,LOC0066,phone_call,Interaction preceding the reported incident.
CASE009-EVT006,CASE009,2026-07-13T07:03:00,P0967|P0013,LOC0085,vehicle_movement,Interaction preceding the reported incident.
CASE009-EVT007,CASE009,2026-07-13T04:03:00,P0979|P0013,LOC0216,phone_call,Interaction preceding the reported incident.
CASE009-EVT008,CASE009,2026-07-20T01:03:00,P0979|P0351,LOC0120,vehicle_movement,Interaction preceding the reported incident.
CASE009-EVT009,CASE009,2026-07-19T08:03:00,P0013|P0351,LOC0001,vehicle_movement,Interaction preceding the reported incident.
CASE009-EVT010,CASE009,2026-07-11T01:03:00,P0013|P0838,LOC0294,meeting,Interaction preceding the reported incident.
CASE009-EVT011,CASE009,2026-07-15T16:03:00,P0351|P0838,LOC0126,phone_call,Interaction preceding the reported incident.
CASE009-EVT012,CASE009,2026-07-11T16:03:00,P0351|P0016,LOC0252,phone_call,Interaction preceding the reported incident.
CASE009-EVT013,CASE009,2026-07-17T21:03:00,P0838|P0016,LOC0225,meeting,Interaction preceding the reported incident.
CASE009-EVT014,CASE009,2026-07-16T00:03:00,P0838|P0472,LOC0104,phone_call,Interaction preceding the reported incident.
CASE009-EVT015,CASE009,2026-07-19T21:03:00,P0016|P0472,LOC0058,meeting,Interaction preceding the reported incident.
CASE009-EVT016,CASE009,2026-07-12T19:03:00,P0016|P0529,LOC0115,meeting,Interaction preceding the reported incident.
CASE009-EVT017,CASE009,2026-07-15T06:03:00,P0472|P0529,LOC0055,vehicle_movement,Interaction preceding the reported incident.
CASE009-EVT018,CASE009,2026-07-17T16:03:00,P0472|P0137,LOC0110,vehicle_movement,Interaction preceding the reported incident.
CASE009-EVT019,CASE009,2026-07-18T12:03:00,P0529|P0137,LOC0207,meeting,Interaction preceding the reported incident.
CASE009-EVT020,CASE009,2026-07-18T05:03:00,P0529|P0141,LOC0145,phone_call,Interaction preceding the reported incident.
CASE009-EVT021,CASE009,2026-07-19T22:03:00,P0137|P0141,LOC0247,phone_call,Interaction preceding the reported incident.
CASE009-EVT022,CASE009,2026-07-11T16:03:00,P0137|P0029,LOC0069,meeting,Interaction preceding the reported incident.
CASE009-EVT023,CASE009,2026-07-19T23:03:00,P0141|P0029,LOC0008,phone_call,Interaction preceding the reported incident.
CASE009-EVT024,CASE009,2026-07-17T08:03:00,P0141|P0858,LOC0212,phone_call,Interaction preceding the reported incident.
CASE009-EVT025,CASE009,2026-07-20T06:03:00,P0029|P0858,LOC0242,meeting,Interaction preceding the reported incident.
CASE009-EVT026,CASE009,2026-07-20T05:03:00,P0029|P0012,LOC0266,phone_call,Interaction preceding the reported incident.
CASE009-EVT027,CASE009,2026-07-11T07:03:00,P0858|P0012,LOC0233,phone_call,Interaction preceding the reported incident.
CASE009-EVT028,CASE009,2026-07-16T20:03:00,P0858|P0871,LOC0168,meeting,Interaction preceding the reported incident.
CASE009-EVT029,CASE009,2026-07-19T22:03:00,P0012|P0871,LOC0228,phone_call,Interaction preceding the reported incident.
CASE009-EVT030,CASE009,2026-07-15T04:03:00,P0012|P0055,LOC0293,vehicle_movement,Interaction preceding the reported incident.
CASE009-EVT031,CASE009,2026-07-18T23:03:00,P0871|P0055,LOC0010,vehicle_movement,Interaction preceding the reported incident.
CASE009-EVT032,CASE009,2026-07-12T22:03:00,P0871|P0725,LOC0234,phone_call,Interaction preceding the reported incident.
CASE009-EVT033,CASE009,2026-07-16T23:03:00,P0055|P0725,LOC0297,vehicle_movement,Interaction preceding the reported incident.
CASE009-EVT034,CASE009,2026-07-14T22:03:00,P0055|P0208,LOC0205,vehicle_movement,Interaction preceding the reported incident.
CASE009-EVT035,CASE009,2026-07-19T05:03:00,P0725|P0208,LOC0122,meeting,Interaction preceding the reported incident.
CASE009-EVT036,CASE009,2026-07-19T00:03:00,P0725|P0124,LOC0020,vehicle_movement,Interaction preceding the reported incident.
CASE009-EVT037,CASE009,2026-07-19T07:03:00,P0208|P0124,LOC0194,meeting,Interaction preceding the reported incident.
CASE009-EVT038,CASE009,2026-07-15T04:03:00,P0208|P0430,LOC0102,phone_call,Interaction preceding the reported incident.
CASE009-EVT039,CASE009,2026-07-18T09:03:00,P0124|P0430,LOC0023,meeting,Interaction preceding the reported incident.
CASE009-EVT040,CASE009,2026-07-18T00:03:00,P0124|P0547,LOC0250,meeting,Interaction preceding the reported incident.
CASE009-EVT041,CASE009,2026-07-17T20:03:00,P0430|P0547,LOC0035,vehicle_movement,Interaction preceding the reported incident.
CASE009-EVT042,CASE009,2026-07-14T12:03:00,P0430|P0225,LOC0189,meeting,Interaction preceding the reported incident.
CASE009-EVT043,CASE009,2026-07-18T20:03:00,P0547|P0225,LOC0063,phone_call,Interaction preceding the reported incident.
CASE009-EVT044,CASE009,2026-07-12T01:03:00,P0547|P0083,LOC0036,meeting,Interaction preceding the reported incident.
CASE009-EVT045,CASE009,2026-07-12T23:03:00,P0225|P0083,LOC0175,phone_call,Interaction preceding the reported incident.
CASE009-EVT046,CASE009,2026-07-19T12:03:00,P0225|P0798,LOC0024,meeting,Interaction preceding the reported incident.
CASE009-EVT047,CASE009,2026-07-11T11:03:00,P0083|P0798,LOC0241,phone_call,Interaction preceding the reported incident.
CASE009-EVT048,CASE009,2026-07-18T05:03:00,P0083|P0125,LOC0009,phone_call,Interaction preceding the reported incident.
CASE009-EVT049,CASE009,2026-07-11T07:03:00,P0798|P0125,LOC0206,vehicle_movement,Interaction preceding the reported incident.
CASE009-EVT050,CASE009,2026-07-13T10:03:00,P0798|P0670,LOC0240,vehicle_movement,Interaction preceding the reported incident.
CASE009-EVT051,CASE009,2026-07-17T00:03:00,P0125|P0670,LOC0242,meeting,Interaction preceding the reported incident.
CASE009-EVT052,CASE009,2026-07-13T00:03:00,P0125|P0228,LOC0014,phone_call,Interaction preceding the reported incident.
CASE009-EVT053,CASE009,2026-07-14T17:03:00,P0670|P0228,LOC0032,vehicle_movement,Interaction preceding the reported incident.
CASE009-EVT054,CASE009,2026-07-13T12:03:00,P0670|P0340,LOC0166,vehicle_movement,Interaction preceding the reported incident.
CASE009-EVT055,CASE009,2026-07-14T21:03:00,P0228|P0340,LOC0221,phone_call,Interaction preceding the reported incident.
CASE009-EVT056,CASE009,2026-07-17T05:03:00,P0228|P0282,LOC0238,phone_call,Interaction preceding the reported incident.
CASE009-EVT057,CASE009,2026-07-18T18:03:00,P0340|P0282,LOC0176,meeting,Interaction preceding the reported incident.
CASE009-EVT058,CASE009,2026-07-18T06:03:00,P0340|P0374,LOC0272,meeting,Interaction preceding the reported incident.
CASE009-EVT059,CASE009,2026-07-14T02:03:00,P0282|P0374,LOC0132,vehicle_movement,Interaction preceding the reported incident.
CASE009-EVT060,CASE009,2026-07-11T19:03:00,P0282|P0517,LOC0035,vehicle_movement,Interaction preceding the reported incident.
CASE009-EVT061,CASE009,2026-07-10T19:03:00,P0374|P0517,LOC0039,phone_call,Interaction preceding the reported incident.
CASE009-EVT062,CASE009,2026-07-19T07:03:00,P0374|P0814,LOC0047,meeting,Interaction preceding the reported incident.
CASE009-EVT063,CASE009,2026-07-14T08:03:00,P0517|P0814,LOC0106,vehicle_movement,Interaction preceding the reported incident.
CASE009-EVT064,CASE009,2026-07-11T18:03:00,P0517|P0599,LOC0002,phone_call,Interaction preceding the reported incident.
CASE009-EVT065,CASE009,2026-07-15T19:03:00,P0814|P0599,LOC0114,vehicle_movement,Interaction preceding the reported incident.
CASE009-EVT066,CASE009,2026-07-17T01:03:00,P0814|P0905,LOC0111,vehicle_movement,Interaction preceding the reported incident.
CASE009-EVT067,CASE009,2026-07-13T09:03:00,P0599|P0905,LOC0129,meeting,Interaction preceding the reported incident.
CASE009-EVT068,CASE009,2026-07-16T22:03:00,P0599|P0426,LOC0214,phone_call,Interaction preceding the reported incident.
CASE009-EVT069,CASE009,2026-07-19T10:03:00,P0905|P0426,LOC0169,meeting,Interaction preceding the reported incident.
CASE009-EVT070,CASE009,2026-07-14T17:03:00,P0905|P0380,LOC0077,phone_call,Interaction preceding the reported incident.
CASE009-EVT071,CASE009,2026-07-13T22:03:00,P0426|P0380,LOC0070,meeting,Interaction preceding the reported incident.
CASE009-EVT072,CASE009,2026-07-17T12:03:00,P0426|P0103,LOC0225,vehicle_movement,Interaction preceding the reported incident.
CASE009-EVT073,CASE009,2026-07-19T22:03:00,P0380|P0103,LOC0222,phone_call,Interaction preceding the reported incident.
CASE009-EVT074,CASE009,2026-07-19T05:03:00,P0380|P0964,LOC0240,meeting,Interaction preceding the reported incident.
CASE009-EVT075,CASE009,2026-07-19T05:03:00,P0103|P0964,LOC0241,meeting,Interaction preceding the reported incident.
CASE009-EVT076,CASE009,2026-07-18T18:03:00,P0103|P0076,LOC0170,meeting,Interaction preceding the reported incident.
CASE009-EVT077,CASE009,2026-07-15T08:03:00,P0964|P0076,LOC0143,meeting,Interaction preceding the reported incident.
CASE009-EVT078,CASE009,2026-07-18T10:03:00,P0964|P0315,LOC0149,vehicle_movement,Interaction preceding the reported incident.
CASE009-EVT079,CASE009,2026-07-17T17:03:00,P0076|P0315,LOC0180,vehicle_movement,Interaction preceding the reported incident.
CASE009-EVT080,CASE009,2026-07-19T23:03:00,P0076|P0255,LOC0082,meeting,Interaction preceding the reported incident.
CASE009-EVT081,CASE009,2026-07-17T09:03:00,P0315|P0255,LOC0078,phone_call,Interaction preceding the reported incident.
CASE009-EVT082,CASE009,2026-07-19T21:03:00,P0315|P0740,LOC0295,phone_call,Interaction preceding the reported incident.
CASE009-EVT083,CASE009,2026-07-14T08:03:00,P0255|P0740,LOC0229,meeting,Interaction preceding the reported incident.
CASE009-EVT084,CASE009,2026-07-14T05:03:00,P0255|P0505,LOC0056,phone_call,Interaction preceding the reported incident.
CASE009-EVT085,CASE009,2026-07-14T01:03:00,P0740|P0505,LOC0104,meeting,Interaction preceding the reported incident.
CASE009-EVT086,CASE009,2026-07-18T05:03:00,P0740|P0332,LOC0149,meeting,Interaction preceding the reported incident.
CASE009-EVT087,CASE009,2026-07-10T19:03:00,P0505|P0332,LOC0139,phone_call,Interaction preceding the reported incident.
CASE009-EVT088,CASE009,2026-07-13T09:03:00,P0505|P0445,LOC0055,meeting,Interaction preceding the reported incident.
CASE009-EVT089,CASE009,2026-07-16T18:03:00,P0332|P0445,LOC0242,meeting,Interaction preceding the reported incident.
CASE009-EVT090,CASE009,2026-07-19T04:03:00,P0332|P0008,LOC0142,meeting,Interaction preceding the reported incident.
CASE009-EVT091,CASE009,2026-07-12T04:03:00,P0445|P0008,LOC0130,vehicle_movement,Interaction preceding the reported incident.
CASE009-EVT092,CASE009,2026-07-11T17:03:00,P0445|P0140,LOC0109,phone_call,Interaction preceding the reported incident.
CASE009-EVT093,CASE009,2026-07-13T19:03:00,P0008|P0140,LOC0172,vehicle_movement,Interaction preceding the reported incident.
CASE009-EVT094,CASE009,2026-07-16T22:03:00,P0008|P0400,LOC0271,meeting,Interaction preceding the reported incident.
CASE009-EVT095,CASE009,2026-07-12T12:03:00,P0140|P0400,LOC0087,phone_call,Interaction preceding the reported incident.
CASE009-EVT096,CASE009,2026-07-15T19:03:00,P0140|P0886,LOC0085,vehicle_movement,Interaction preceding the reported incident.
CASE009-EVT097,CASE009,2026-07-19T07:03:00,P0400|P0886,LOC0190,phone_call,Interaction preceding the reported incident.
CASE009-EVT098,CASE009,2026-07-11T04:03:00,P0400|P0538,LOC0159,meeting,Interaction preceding the reported incident.
CASE009-EVT099,CASE009,2026-07-18T00:03:00,P0886|P0538,LOC0187,phone_call,Interaction preceding the reported incident.
CASE009-EVT100,CASE009,2026-07-19T11:03:00,P0886|P0164,LOC0173,meeting,Interaction preceding the reported incident.
CASE009-EVT101,CASE009,2026-07-12T23:03:00,P0538|P0164,LOC0143,vehicle_movement,Interaction preceding the reported incident.
CASE009-EVT102,CASE009,2026-07-19T20:03:00,P0538|P0709,LOC0198,meeting,Interaction preceding the reported incident.
CASE009-EVT103,CASE009,2026-07-14T05:03:00,P0164|P0709,LOC0127,phone_call,Interaction preceding the reported incident.
CASE009-EVT104,CASE009,2026-07-18T06:03:00,P0164|P0397,LOC0129,phone_call,Interaction preceding the reported incident.
CASE009-EVT105,CASE009,2026-07-14T21:03:00,P0709|P0397,LOC0202,vehicle_movement,Interaction preceding the reported incident.
CASE009-EVT106,CASE009,2026-07-17T17:03:00,P0709|P0248,LOC0175,meeting,Interaction preceding the reported incident.
CASE009-EVT107,CASE009,2026-07-16T03:03:00,P0397|P0248,LOC0174,vehicle_movement,Interaction preceding the reported incident.
CASE009-EVT108,CASE009,2026-07-17T11:03:00,P0397|P0609,LOC0267,phone_call,Interaction preceding the reported incident.
CASE009-EVT109,CASE009,2026-07-13T11:03:00,P0248|P0609,LOC0229,vehicle_movement,Interaction preceding the reported incident.
CASE009-EVT110,CASE009,2026-07-19T01:03:00,P0248|P0436,LOC0257,meeting,Interaction preceding the reported incident.
CASE009-EVT111,CASE009,2026-07-11T21:03:00,P0609|P0436,LOC0014,vehicle_movement,Interaction preceding the reported incident.
CASE009-EVT112,CASE009,2026-07-16T10:03:00,P0609|P0200,LOC0165,vehicle_movement,Interaction preceding the reported incident.
CASE009-EVT113,CASE009,2026-07-19T20:03:00,P0436|P0200,LOC0135,phone_call,Interaction preceding the reported incident.
CASE009-EVT114,CASE009,2026-07-15T04:03:00,P0436|P0133,LOC0214,vehicle_movement,Interaction preceding the reported incident.
CASE009-EVT115,CASE009,2026-07-11T19:03:00,P0200|P0133,LOC0240,vehicle_movement,Interaction preceding the reported incident.
CASE009-EVT116,CASE009,2026-07-17T20:03:00,P0200|P0567,LOC0152,meeting,Interaction preceding the reported incident.
CASE009-EVT117,CASE009,2026-07-15T17:03:00,P0133|P0567,LOC0036,vehicle_movement,Interaction preceding the reported incident.
CASE009-EVT118,CASE009,2026-07-11T16:03:00,P0133|P0323,LOC0194,meeting,Interaction preceding the reported incident.
CASE009-EVT119,CASE009,2026-07-18T23:03:00,P0567|P0323,LOC0054,vehicle_movement,Interaction preceding the reported incident.
CASE009-EVT120,CASE009,2026-07-14T17:03:00,P0567|P0755,LOC0135,vehicle_movement,Interaction preceding the reported incident.
CASE009-EVT121,CASE009,2026-07-12T09:03:00,P0323|P0755,LOC0132,phone_call,Interaction preceding the reported incident.
CASE009-EVT122,CASE009,2026-07-13T07:03:00,P0323|P0041,LOC0113,vehicle_movement,Interaction preceding the reported incident.
CASE009-EVT123,CASE009,2026-07-19T21:03:00,P0755|P0041,LOC0293,vehicle_movement,Interaction preceding the reported incident.
CASE009-EVT124,CASE009,2026-07-11T20:03:00,P0755|P0250,LOC0183,vehicle_movement,Interaction preceding the reported incident.
CASE009-EVT125,CASE009,2026-07-11T16:03:00,P0041|P0250,LOC0238,meeting,Interaction preceding the reported incident.
CASE009-EVT126,CASE009,2026-07-13T17:03:00,P0041|P0826,LOC0087,phone_call,Interaction preceding the reported incident.
CASE009-EVT127,CASE009,2026-07-16T20:03:00,P0250|P0826,LOC0112,meeting,Interaction preceding the reported incident.
CASE009-EVT128,CASE009,2026-07-14T05:03:00,P0250|P0840,LOC0293,vehicle_movement,Interaction preceding the reported incident.
CASE009-EVT129,CASE009,2026-07-11T05:03:00,P0826|P0840,LOC0145,meeting,Interaction preceding the reported incident.
CASE009-EVT130,CASE009,2026-07-10T21:03:00,P0826|P0990,LOC0121,vehicle_movement,Interaction preceding the reported incident.
CASE009-EVT131,CASE009,2026-07-16T19:03:00,P0840|P0990,LOC0102,phone_call,Interaction preceding the reported incident.
CASE009-EVT132,CASE009,2026-07-17T23:03:00,P0840|P0440,LOC0076,phone_call,Interaction preceding the reported incident.
CASE009-EVT133,CASE009,2026-07-17T07:03:00,P0990|P0440,LOC0107,phone_call,Interaction preceding the reported incident.
CASE009-EVT134,CASE009,2026-07-15T18:03:00,P0990|P0421,LOC0131,phone_call,Interaction preceding the reported incident.
CASE009-EVT135,CASE009,2026-07-15T23:03:00,P0440|P0421,LOC0013,phone_call,Interaction preceding the reported incident.
CASE009-EVT136,CASE009,2026-07-10T18:03:00,P0440|P0787,LOC0107,phone_call,Interaction preceding the reported incident.
CASE009-EVT137,CASE009,2026-07-16T18:03:00,P0421|P0787,LOC0135,phone_call,Interaction preceding the reported incident.
CASE009-EVT138,CASE009,2026-07-15T08:03:00,P0421|P0376,LOC0072,vehicle_movement,Interaction preceding the reported incident.
CASE009-EVT139,CASE009,2026-07-11T20:03:00,P0787|P0376,LOC0066,phone_call,Interaction preceding the reported incident.
CASE009-EVT140,CASE009,2026-07-12T02:03:00,P0787|P0572,LOC0027,phone_call,Interaction preceding the reported incident.
CASE009-EVT141,CASE009,2026-07-20T03:03:00,P0376|P0572,LOC0260,meeting,Interaction preceding the reported incident.
CASE009-EVT142,CASE009,2026-07-11T00:03:00,P0376|P0651,LOC0073,meeting,Interaction preceding the reported incident.
CASE009-EVT143,CASE009,2026-07-14T02:03:00,P0572|P0651,LOC0061,meeting,Interaction preceding the reported incident.
CASE009-EVT144,CASE009,2026-07-13T01:03:00,P0572|P0247,LOC0223,phone_call,Interaction preceding the reported incident.
CASE009-EVT145,CASE009,2026-07-14T05:03:00,P0651|P0247,LOC0028,meeting,Interaction preceding the reported incident.
CASE009-EVT146,CASE009,2026-07-20T11:03:00,P0651|P0153,LOC0054,vehicle_movement,Interaction preceding the reported incident.
CASE009-EVT147,CASE009,2026-07-11T16:03:00,P0247|P0153,LOC0105,phone_call,Interaction preceding the reported incident.
CASE009-EVT148,CASE009,2026-07-13T20:03:00,P0247|P0658,LOC0019,vehicle_movement,Interaction preceding the reported incident.
CASE009-EVT149,CASE009,2026-07-18T23:03:00,P0153|P0658,LOC0193,phone_call,Interaction preceding the reported incident.
CASE009-EVT150,CASE009,2026-07-20T09:03:00,P0153|P0294,LOC0016,phone_call,Interaction preceding the reported incident.
CASE009-EVT151,CASE009,2026-07-11T21:03:00,P0658|P0294,LOC0018,phone_call,Interaction preceding the reported incident.
CASE009-EVT152,CASE009,2026-07-19T12:03:00,P0658|P0861,LOC0267,vehicle_movement,Interaction preceding the reported incident.
CASE009-EVT153,CASE009,2026-07-17T01:03:00,P0294|P0861,LOC0243,phone_call,Interaction preceding the reported incident.
CASE009-EVT154,CASE009,2026-07-18T06:03:00,P0294|P0827,LOC0260,phone_call,Interaction preceding the reported incident.
CASE009-EVT155,CASE009,2026-07-18T12:03:00,P0861|P0827,LOC0170,vehicle_movement,Interaction preceding the reported incident.
CASE009-EVT156,CASE009,2026-07-21T12:03:00,P0763,LOC0162,incident,Reported insurance fraud incident.
CASE010-EVT001,CASE010,2025-10-08T05:38:00,P0288|P0534,LOC0178,phone_call,Interaction preceding the reported incident.
CASE010-EVT002,CASE010,2025-10-01T10:38:00,P0288|P0141,LOC0291,vehicle_movement,Interaction preceding the reported incident.
CASE010-EVT003,CASE010,2025-10-04T19:38:00,P0288|P0978,LOC0095,vehicle_movement,Interaction preceding the reported incident.
CASE010-EVT004,CASE010,2025-10-03T00:38:00,P0288|P0730,LOC0063,vehicle_movement,Interaction preceding the reported incident.
CASE010-EVT005,CASE010,2025-10-01T19:38:00,P0288|P0231,LOC0174,vehicle_movement,Interaction preceding the reported incident.
CASE010-EVT006,CASE010,2025-10-03T20:38:00,P0288|P0794,LOC0185,vehicle_movement,Interaction preceding the reported incident.
CASE010-EVT007,CASE010,2025-10-08T02:38:00,P0288|P0353,LOC0087,meeting,Interaction preceding the reported incident.
CASE010-EVT008,CASE010,2025-10-01T10:38:00,P0288|P0210,LOC0048,meeting,Interaction preceding the reported incident.
CASE010-EVT009,CASE010,2025-10-03T21:38:00,P0288|P0006,LOC0256,meeting,Interaction preceding the reported incident.
CASE010-EVT010,CASE010,2025-10-05T15:38:00,P0288|P0720,LOC0161,vehicle_movement,Interaction preceding the reported incident.
CASE010-EVT011,CASE010,2025-10-07T19:38:00,P0288|P0815,LOC0178,vehicle_movement,Interaction preceding the reported incident.
CASE010-EVT012,CASE010,2025-10-02T15:38:00,P0288|P0694,LOC0162,phone_call,Interaction preceding the reported incident.
CASE010-EVT013,CASE010,2025-10-05T03:38:00,P0288|P0319,LOC0071,vehicle_movement,Interaction preceding the reported incident.
CASE010-EVT014,CASE010,2025-09-29T03:38:00,P0288|P0960,LOC0108,vehicle_movement,Interaction preceding the reported incident.
CASE010-EVT015,CASE010,2025-10-04T12:38:00,P0288|P0129,LOC0034,meeting,Interaction preceding the reported incident.
CASE010-EVT016,CASE010,2025-10-03T23:38:00,P0288|P0510,LOC0094,vehicle_movement,Interaction preceding the reported incident.
CASE010-EVT017,CASE010,2025-10-02T09:38:00,P0288|P0746,LOC0166,meeting,Interaction preceding the reported incident.
CASE010-EVT018,CASE010,2025-09-28T17:38:00,P0288|P0967,LOC0286,vehicle_movement,Interaction preceding the reported incident.
CASE010-EVT019,CASE010,2025-10-05T10:38:00,P0288|P0486,LOC0063,vehicle_movement,Interaction preceding the reported incident.
CASE010-EVT020,CASE010,2025-09-29T20:38:00,P0288|P0061,LOC0191,phone_call,Interaction preceding the reported incident.
CASE010-EVT021,CASE010,2025-09-30T21:38:00,P0288|P0124,LOC0079,vehicle_movement,Interaction preceding the reported incident.
CASE010-EVT022,CASE010,2025-09-29T20:38:00,P0288|P0809,LOC0001,vehicle_movement,Interaction preceding the reported incident.
CASE010-EVT023,CASE010,2025-10-04T13:38:00,P0288|P0159,LOC0058,phone_call,Interaction preceding the reported incident.
CASE010-EVT024,CASE010,2025-09-28T19:38:00,P0288|P0506,LOC0280,meeting,Interaction preceding the reported incident.
CASE010-EVT025,CASE010,2025-09-29T05:38:00,P0288|P0814,LOC0041,meeting,Interaction preceding the reported incident.
CASE010-EVT026,CASE010,2025-09-30T09:38:00,P0288|P0440,LOC0276,meeting,Interaction preceding the reported incident.
CASE010-EVT027,CASE010,2025-10-02T14:38:00,P0288|P0436,LOC0251,phone_call,Interaction preceding the reported incident.
CASE010-EVT028,CASE010,2025-10-06T16:38:00,P0288|P0499,LOC0287,vehicle_movement,Interaction preceding the reported incident.
CASE010-EVT029,CASE010,2025-10-04T21:38:00,P0288|P0832,LOC0143,vehicle_movement,Interaction preceding the reported incident.
CASE010-EVT030,CASE010,2025-10-04T02:38:00,P0288|P0076,LOC0163,phone_call,Interaction preceding the reported incident.
CASE010-EVT031,CASE010,2025-10-05T03:38:00,P0288|P0594,LOC0264,meeting,Interaction preceding the reported incident.
CASE010-EVT032,CASE010,2025-10-07T17:38:00,P0288|P0428,LOC0121,vehicle_movement,Interaction preceding the reported incident.
CASE010-EVT033,CASE010,2025-10-04T20:38:00,P0288|P0280,LOC0075,vehicle_movement,Interaction preceding the reported incident.
CASE010-EVT034,CASE010,2025-10-05T05:38:00,P0288|P0144,LOC0121,phone_call,Interaction preceding the reported incident.
CASE010-EVT035,CASE010,2025-10-06T14:38:00,P0288|P0999,LOC0049,vehicle_movement,Interaction preceding the reported incident.
CASE010-EVT036,CASE010,2025-10-06T19:38:00,P0288|P0983,LOC0239,meeting,Interaction preceding the reported incident.
CASE010-EVT037,CASE010,2025-10-06T23:38:00,P0288|P0939,LOC0174,phone_call,Interaction preceding the reported incident.
CASE010-EVT038,CASE010,2025-10-06T03:38:00,P0288|P0028,LOC0239,phone_call,Interaction preceding the reported incident.
CASE010-EVT039,CASE010,2025-10-04T03:38:00,P0288|P0830,LOC0293,vehicle_movement,Interaction preceding the reported incident.
CASE010-EVT040,CASE010,2025-10-07T10:38:00,P0288|P0085,LOC0282,vehicle_movement,Interaction preceding the reported incident.
CASE010-EVT041,CASE010,2025-10-03T16:38:00,P0288|P0416,LOC0077,phone_call,Interaction preceding the reported incident.
CASE010-EVT042,CASE010,2025-10-04T19:38:00,P0288|P0840,LOC0188,meeting,Interaction preceding the reported incident.
CASE010-EVT043,CASE010,2025-10-02T04:38:00,P0288|P0807,LOC0149,phone_call,Interaction preceding the reported incident.
CASE010-EVT044,CASE010,2025-10-06T16:38:00,P0288|P0565,LOC0080,vehicle_movement,Interaction preceding the reported incident.
CASE010-EVT045,CASE010,2025-10-04T11:38:00,P0288|P0904,LOC0205,phone_call,Interaction preceding the reported incident.
CASE010-EVT046,CASE010,2025-10-09T05:38:00,P0288,LOC0028,incident,Reported cyber-enabled fraud incident.
CASE011-EVT001,CASE011,2025-09-21T22:12:00,P0649|P0510,LOC0249,vehicle_movement,Interaction preceding the reported incident.
CASE011-EVT002,CASE011,2025-09-19T00:12:00,P0649|P0437,LOC0176,meeting,Interaction preceding the reported incident.
CASE011-EVT003,CASE011,2025-09-25T14:12:00,P0510|P0437,LOC0158,phone_call,Interaction preceding the reported incident.
CASE011-EVT004,CASE011,2025-09-17T21:12:00,P0510|P0137,LOC0196,phone_call,Interaction preceding the reported incident.
CASE011-EVT005,CASE011,2025-09-18T21:12:00,P0437|P0137,LOC0164,phone_call,Interaction preceding the reported incident.
CASE011-EVT006,CASE011,2025-09-19T21:12:00,P0437|P0361,LOC0005,vehicle_movement,Interaction preceding the reported incident.
CASE011-EVT007,CASE011,2025-09-26T15:12:00,P0137|P0361,LOC0276,phone_call,Interaction preceding the reported incident.
CASE011-EVT008,CASE011,2025-09-24T00:12:00,P0137|P0705,LOC0014,vehicle_movement,Interaction preceding the reported incident.
CASE011-EVT009,CASE011,2025-09-21T15:12:00,P0361|P0705,LOC0182,meeting,Interaction preceding the reported incident.
CASE011-EVT010,CASE011,2025-09-26T22:12:00,P0361|P0402,LOC0283,vehicle_movement,Interaction preceding the reported incident.
CASE011-EVT011,CASE011,2025-09-24T23:12:00,P0705|P0402,LOC0189,vehicle_movement,Interaction preceding the reported incident.
CASE011-EVT012,CASE011,2025-09-25T22:12:00,P0705|P0842,LOC0208,vehicle_movement,Interaction preceding the reported incident.
CASE011-EVT013,CASE011,2025-09-25T01:12:00,P0402|P0842,LOC0063,meeting,Interaction preceding the reported incident.
CASE011-EVT014,CASE011,2025-09-17T19:12:00,P0402|P0549,LOC0056,vehicle_movement,Interaction preceding the reported incident.
CASE011-EVT015,CASE011,2025-09-27T03:12:00,P0842|P0549,LOC0163,meeting,Interaction preceding the reported incident.
CASE011-EVT016,CASE011,2025-09-20T19:12:00,P0842|P0587,LOC0251,meeting,Interaction preceding the reported incident.
CASE011-EVT017,CASE011,2025-09-18T17:12:00,P0549|P0587,LOC0231,phone_call,Interaction preceding the reported incident.
CASE011-EVT018,CASE011,2025-09-18T00:12:00,P0549|P0794,LOC0078,phone_call,Interaction preceding the reported incident.
CASE011-EVT019,CASE011,2025-09-26T14:12:00,P0587|P0794,LOC0118,vehicle_movement,Interaction preceding the reported incident.
CASE011-EVT020,CASE011,2025-09-23T14:12:00,P0587|P0416,LOC0142,meeting,Interaction preceding the reported incident.
CASE011-EVT021,CASE011,2025-09-26T07:12:00,P0794|P0416,LOC0300,meeting,Interaction preceding the reported incident.
CASE011-EVT022,CASE011,2025-09-25T18:12:00,P0794|P0034,LOC0282,meeting,Interaction preceding the reported incident.
CASE011-EVT023,CASE011,2025-09-17T13:12:00,P0416|P0034,LOC0236,meeting,Interaction preceding the reported incident.
CASE011-EVT024,CASE011,2025-09-28T03:12:00,P0649,LOC0071,incident,Reported investment fraud incident.
CASE012-EVT001,CASE012,2026-05-21T22:40:00,P0174|P0927,LOC0181,phone_call,Interaction preceding the reported incident.
CASE012-EVT002,CASE012,2026-05-14T10:40:00,P0927|P0235,LOC0194,vehicle_movement,Interaction preceding the reported incident.
CASE012-EVT003,CASE012,2026-05-16T03:40:00,P0235|P0670,LOC0028,vehicle_movement,Interaction preceding the reported incident.
CASE012-EVT004,CASE012,2026-05-23T03:40:00,P0715|P0637,LOC0023,phone_call,Interaction preceding the reported incident.
CASE012-EVT005,CASE012,2026-05-16T02:40:00,P0637|P0257,LOC0273,vehicle_movement,Interaction preceding the reported incident.
CASE012-EVT006,CASE012,2026-05-14T04:40:00,P0257|P0096,LOC0110,meeting,Interaction preceding the reported incident.
CASE012-EVT007,CASE012,2026-05-14T17:40:00,P0670|P0715,LOC0133,meeting,Interaction preceding the reported incident.
CASE012-EVT008,CASE012,2026-05-24T10:40:00,P0174,LOC0046,incident,Reported illegal goods distribution incident.
CASE013-EVT001,CASE013,2025-10-02T17:12:00,P0196|P0759,LOC0195,vehicle_movement,Interaction preceding the reported incident.
CASE013-EVT002,CASE013,2025-09-30T17:12:00,P0325|P0759,LOC0168,vehicle_movement,Interaction preceding the reported incident.
CASE013-EVT003,CASE013,2025-10-04T12:12:00,P0309|P0383,LOC0145,meeting,Interaction preceding the reported incident.
CASE013-EVT004,CASE013,2025-10-02T03:12:00,P0759|P0344,LOC0292,phone_call,Interaction preceding the reported incident.
CASE013-EVT005,CASE013,2025-10-08T21:12:00,P0196,LOC0209,incident,Reported courier-based criminal network incident.
CASE014-EVT001,CASE014,2026-02-11T11:41:00,P0454|P0801,LOC0245,meeting,Interaction preceding the reported incident.
CASE014-EVT002,CASE014,2026-02-14T07:41:00,P0801|P0233,LOC0175,meeting,Interaction preceding the reported incident.
CASE014-EVT003,CASE014,2026-02-11T21:41:00,P0233|P0754,LOC0288,vehicle_movement,Interaction preceding the reported incident.
CASE014-EVT004,CASE014,2026-02-07T04:41:00,P0754|P0842,LOC0049,vehicle_movement,Interaction preceding the reported incident.
CASE014-EVT005,CASE014,2026-02-09T16:41:00,P0842|P0026,LOC0052,vehicle_movement,Interaction preceding the reported incident.
CASE014-EVT006,CASE014,2026-02-14T02:41:00,P0026|P0234,LOC0176,vehicle_movement,Interaction preceding the reported incident.
CASE014-EVT007,CASE014,2026-02-11T09:41:00,P0234|P0666,LOC0056,vehicle_movement,Interaction preceding the reported incident.
CASE014-EVT008,CASE014,2026-02-11T01:41:00,P0666|P0610,LOC0010,meeting,Interaction preceding the reported incident.
CASE014-EVT009,CASE014,2026-02-12T11:41:00,P0610|P0332,LOC0211,phone_call,Interaction preceding the reported incident.
CASE014-EVT010,CASE014,2026-02-06T23:41:00,P0332|P0889,LOC0031,meeting,Interaction preceding the reported incident.
CASE014-EVT011,CASE014,2026-02-10T23:41:00,P0889|P0703,LOC0295,meeting,Interaction preceding the reported incident.
CASE014-EVT012,CASE014,2026-02-12T13:41:00,P0703|P0643,LOC0080,meeting,Interaction preceding the reported incident.
CASE014-EVT013,CASE014,2026-02-10T16:41:00,P0643|P0414,LOC0232,vehicle_movement,Interaction preceding the reported incident.
CASE014-EVT014,CASE014,2026-02-09T09:41:00,P0414|P0861,LOC0009,vehicle_movement,Interaction preceding the reported incident.
CASE014-EVT015,CASE014,2026-02-12T21:41:00,P0861|P0266,LOC0159,vehicle_movement,Interaction preceding the reported incident.
CASE014-EVT016,CASE014,2026-02-11T21:41:00,P0266|P0627,LOC0074,meeting,Interaction preceding the reported incident.
CASE014-EVT017,CASE014,2026-02-14T14:41:00,P0627|P0807,LOC0062,vehicle_movement,Interaction preceding the reported incident.
CASE014-EVT018,CASE014,2026-02-08T15:41:00,P0807|P0342,LOC0099,meeting,Interaction preceding the reported incident.
CASE014-EVT019,CASE014,2026-02-12T02:41:00,P0342|P0843,LOC0261,phone_call,Interaction preceding the reported incident.
CASE014-EVT020,CASE014,2026-02-08T15:41:00,P0843|P0168,LOC0261,phone_call,Interaction preceding the reported incident.
CASE014-EVT021,CASE014,2026-02-10T04:41:00,P0168|P0697,LOC0187,vehicle_movement,Interaction preceding the reported incident.
CASE014-EVT022,CASE014,2026-02-11T05:41:00,P0697|P0171,LOC0158,vehicle_movement,Interaction preceding the reported incident.
CASE014-EVT023,CASE014,2026-02-08T21:41:00,P0171|P0001,LOC0160,meeting,Interaction preceding the reported incident.
CASE014-EVT024,CASE014,2026-02-12T04:41:00,P0001|P0691,LOC0234,phone_call,Interaction preceding the reported incident.
CASE014-EVT025,CASE014,2026-02-13T17:41:00,P0691|P0116,LOC0027,meeting,Interaction preceding the reported incident.
CASE014-EVT026,CASE014,2026-02-10T10:41:00,P0116|P0616,LOC0131,meeting,Interaction preceding the reported incident.
CASE014-EVT027,CASE014,2026-02-09T15:41:00,P0616|P0449,LOC0025,meeting,Interaction preceding the reported incident.
CASE014-EVT028,CASE014,2026-02-08T04:41:00,P0449|P0502,LOC0170,vehicle_movement,Interaction preceding the reported incident.
CASE014-EVT029,CASE014,2026-02-17T17:41:00,P0454,LOC0189,incident,Reported insurance fraud incident.
CASE015-EVT001,CASE015,2026-05-01T06:34:00,P0930|P0261,LOC0241,meeting,Interaction preceding the reported incident.
CASE015-EVT002,CASE015,2026-05-07T07:34:00,P0261|P0587,LOC0155,phone_call,Interaction preceding the reported incident.
CASE015-EVT003,CASE015,2026-05-06T20:34:00,P0587|P0611,LOC0064,meeting,Interaction preceding the reported incident.
CASE015-EVT004,CASE015,2026-05-02T22:34:00,P0611|P0046,LOC0004,phone_call,Interaction preceding the reported incident.
CASE015-EVT005,CASE015,2026-05-09T00:34:00,P0930,LOC0160,incident,Reported warehouse theft incident.
CASE016-EVT001,CASE016,2025-11-18T20:00:00,P0486|P0704,LOC0153,vehicle_movement,Interaction preceding the reported incident.
CASE016-EVT002,CASE016,2025-11-13T21:00:00,P0486|P0099,LOC0193,meeting,Interaction preceding the reported incident.
CASE016-EVT003,CASE016,2025-11-17T06:00:00,P0486|P0130,LOC0251,vehicle_movement,Interaction preceding the reported incident.
CASE016-EVT004,CASE016,2025-11-14T11:00:00,P0486|P0550,LOC0119,vehicle_movement,Interaction preceding the reported incident.
CASE016-EVT005,CASE016,2025-11-16T11:00:00,P0486|P0979,LOC0068,vehicle_movement,Interaction preceding the reported incident.
CASE016-EVT006,CASE016,2025-11-16T16:00:00,P0486|P0591,LOC0206,meeting,Interaction preceding the reported incident.
CASE016-EVT007,CASE016,2025-11-12T21:00:00,P0486|P0319,LOC0102,meeting,Interaction preceding the reported incident.
CASE016-EVT008,CASE016,2025-11-18T11:00:00,P0486|P0566,LOC0166,phone_call,Interaction preceding the reported incident.
CASE016-EVT009,CASE016,2025-11-21T15:00:00,P0486|P0926,LOC0180,meeting,Interaction preceding the reported incident.
CASE016-EVT010,CASE016,2025-11-18T17:00:00,P0486|P0547,LOC0206,phone_call,Interaction preceding the reported incident.
CASE016-EVT011,CASE016,2025-11-19T00:00:00,P0486|P0875,LOC0172,vehicle_movement,Interaction preceding the reported incident.
CASE016-EVT012,CASE016,2025-11-15T04:00:00,P0486|P0962,LOC0191,phone_call,Interaction preceding the reported incident.
CASE016-EVT013,CASE016,2025-11-16T23:00:00,P0486|P0861,LOC0091,meeting,Interaction preceding the reported incident.
CASE016-EVT014,CASE016,2025-11-14T03:00:00,P0486|P0343,LOC0283,vehicle_movement,Interaction preceding the reported incident.
CASE016-EVT015,CASE016,2025-11-17T17:00:00,P0486|P0859,LOC0121,phone_call,Interaction preceding the reported incident.
CASE016-EVT016,CASE016,2025-11-20T19:00:00,P0486|P0801,LOC0144,phone_call,Interaction preceding the reported incident.
CASE016-EVT017,CASE016,2025-11-14T21:00:00,P0486|P0452,LOC0260,meeting,Interaction preceding the reported incident.
CASE016-EVT018,CASE016,2025-11-16T13:00:00,P0486|P0913,LOC0021,meeting,Interaction preceding the reported incident.
CASE016-EVT019,CASE016,2025-11-14T01:00:00,P0486|P0729,LOC0033,vehicle_movement,Interaction preceding the reported incident.
CASE016-EVT020,CASE016,2025-11-22T05:00:00,P0486|P0355,LOC0116,meeting,Interaction preceding the reported incident.
CASE016-EVT021,CASE016,2025-11-14T12:00:00,P0486|P0092,LOC0059,phone_call,Interaction preceding the reported incident.
CASE016-EVT022,CASE016,2025-11-12T13:00:00,P0486|P0826,LOC0290,meeting,Interaction preceding the reported incident.
CASE016-EVT023,CASE016,2025-11-19T21:00:00,P0486|P0737,LOC0256,vehicle_movement,Interaction preceding the reported incident.
CASE016-EVT024,CASE016,2025-11-21T02:00:00,P0486|P0521,LOC0240,vehicle_movement,Interaction preceding the reported incident.
CASE016-EVT025,CASE016,2025-11-17T18:00:00,P0486|P0786,LOC0199,phone_call,Interaction preceding the reported incident.
CASE016-EVT026,CASE016,2025-11-20T15:00:00,P0486|P0909,LOC0292,vehicle_movement,Interaction preceding the reported incident.
CASE016-EVT027,CASE016,2025-11-18T05:00:00,P0486|P0029,LOC0031,phone_call,Interaction preceding the reported incident.
CASE016-EVT028,CASE016,2025-11-13T05:00:00,P0486|P0150,LOC0139,vehicle_movement,Interaction preceding the reported incident.
CASE016-EVT029,CASE016,2025-11-21T21:00:00,P0486|P0189,LOC0268,meeting,Interaction preceding the reported incident.
CASE016-EVT030,CASE016,2025-11-14T03:00:00,P0486|P0384,LOC0095,meeting,Interaction preceding the reported incident.
CASE016-EVT031,CASE016,2025-11-13T15:00:00,P0486|P0002,LOC0278,phone_call,Interaction preceding the reported incident.
CASE016-EVT032,CASE016,2025-11-15T22:00:00,P0486|P0906,LOC0111,meeting,Interaction preceding the reported incident.
CASE016-EVT033,CASE016,2025-11-17T06:00:00,P0486|P0534,LOC0152,meeting,Interaction preceding the reported incident.
CASE016-EVT034,CASE016,2025-11-15T20:00:00,P0486|P0730,LOC0214,vehicle_movement,Interaction preceding the reported incident.
CASE016-EVT035,CASE016,2025-11-13T05:00:00,P0486|P0489,LOC0040,vehicle_movement,Interaction preceding the reported incident.
CASE016-EVT036,CASE016,2025-11-18T19:00:00,P0486|P0889,LOC0019,meeting,Interaction preceding the reported incident.
CASE016-EVT037,CASE016,2025-11-22T04:00:00,P0486|P0447,LOC0053,vehicle_movement,Interaction preceding the reported incident.
CASE016-EVT038,CASE016,2025-11-15T01:00:00,P0486|P0956,LOC0209,vehicle_movement,Interaction preceding the reported incident.
CASE016-EVT039,CASE016,2025-11-16T12:00:00,P0486|P0210,LOC0283,phone_call,Interaction preceding the reported incident.
CASE016-EVT040,CASE016,2025-11-17T18:00:00,P0486|P0829,LOC0080,phone_call,Interaction preceding the reported incident.
CASE016-EVT041,CASE016,2025-11-13T20:00:00,P0486|P0076,LOC0138,vehicle_movement,Interaction preceding the reported incident.
CASE016-EVT042,CASE016,2025-11-18T01:00:00,P0486|P0732,LOC0007,phone_call,Interaction preceding the reported incident.
CASE016-EVT043,CASE016,2025-11-17T01:00:00,P0486|P0032,LOC0140,phone_call,Interaction preceding the reported incident.
CASE016-EVT044,CASE016,2025-11-23T07:00:00,P0486,LOC0286,incident,Reported vehicle theft network incident.
CASE017-EVT001,CASE017,2026-01-07T18:16:00,P0186|P0723,LOC0047,meeting,Interaction preceding the reported incident.
CASE017-EVT002,CASE017,2026-01-06T06:16:00,P0186|P0695,LOC0294,vehicle_movement,Interaction preceding the reported incident.
CASE017-EVT003,CASE017,2026-01-09T13:16:00,P0723|P0695,LOC0049,vehicle_movement,Interaction preceding the reported incident.
CASE017-EVT004,CASE017,2026-01-03T21:16:00,P0723|P0727,LOC0155,meeting,Interaction preceding the reported incident.
CASE017-EVT005,CASE017,2026-01-03T09:16:00,P0695|P0727,LOC0202,phone_call,Interaction preceding the reported incident.
CASE017-EVT006,CASE017,2026-01-07T15:16:00,P0695|P0139,LOC0180,meeting,Interaction preceding the reported incident.
CASE017-EVT007,CASE017,2026-01-04T02:16:00,P0727|P0139,LOC0226,meeting,Interaction preceding the reported incident.
CASE017-EVT008,CASE017,2026-01-09T02:16:00,P0727|P0862,LOC0266,meeting,Interaction preceding the reported incident.
CASE017-EVT009,CASE017,2025-12-31T10:16:00,P0139|P0862,LOC0174,vehicle_movement,Interaction preceding the reported incident.
CASE017-EVT010,CASE017,2025-12-31T14:16:00,P0139|P0318,LOC0268,vehicle_movement,Interaction preceding the reported incident.
CASE017-EVT011,CASE017,2026-01-07T06:16:00,P0862|P0318,LOC0009,phone_call,Interaction preceding the reported incident.
CASE017-EVT012,CASE017,2026-01-04T20:16:00,P0862|P0870,LOC0016,vehicle_movement,Interaction preceding the reported incident.
CASE017-EVT013,CASE017,2026-01-08T00:16:00,P0318|P0870,LOC0142,meeting,Interaction preceding the reported incident.
CASE017-EVT014,CASE017,2026-01-06T12:16:00,P0318|P0219,LOC0299,phone_call,Interaction preceding the reported incident.
CASE017-EVT015,CASE017,2026-01-01T09:16:00,P0870|P0219,LOC0013,meeting,Interaction preceding the reported incident.
CASE017-EVT016,CASE017,2026-01-09T21:16:00,P0870|P0624,LOC0151,meeting,Interaction preceding the reported incident.
CASE017-EVT017,CASE017,2026-01-09T18:16:00,P0219|P0624,LOC0075,vehicle_movement,Interaction preceding the reported incident.
CASE017-EVT018,CASE017,2026-01-01T00:16:00,P0219|P0313,LOC0081,meeting,Interaction preceding the reported incident.
CASE017-EVT019,CASE017,2026-01-09T17:16:00,P0624|P0313,LOC0091,meeting,Interaction preceding the reported incident.
CASE017-EVT020,CASE017,2026-01-05T09:16:00,P0624|P0730,LOC0055,phone_call,Interaction preceding the reported incident.
CASE017-EVT021,CASE017,2026-01-04T17:16:00,P0313|P0730,LOC0181,vehicle_movement,Interaction preceding the reported incident.
CASE017-EVT022,CASE017,2026-01-09T08:16:00,P0313|P0579,LOC0178,vehicle_movement,Interaction preceding the reported incident.
CASE017-EVT023,CASE017,2026-01-05T10:16:00,P0730|P0579,LOC0273,phone_call,Interaction preceding the reported incident.
CASE017-EVT024,CASE017,2026-01-07T12:16:00,P0730|P1000,LOC0219,meeting,Interaction preceding the reported incident.
CASE017-EVT025,CASE017,2026-01-03T20:16:00,P0579|P1000,LOC0164,phone_call,Interaction preceding the reported incident.
CASE017-EVT026,CASE017,2026-01-08T22:16:00,P0579|P0600,LOC0169,meeting,Interaction preceding the reported incident.
CASE017-EVT027,CASE017,2026-01-08T11:16:00,P1000|P0600,LOC0122,meeting,Interaction preceding the reported incident.
CASE017-EVT028,CASE017,2026-01-08T07:16:00,P1000|P0450,LOC0218,phone_call,Interaction preceding the reported incident.
CASE017-EVT029,CASE017,2026-01-04T16:16:00,P0600|P0450,LOC0061,meeting,Interaction preceding the reported incident.
CASE017-EVT030,CASE017,2025-12-31T12:16:00,P0600|P0196,LOC0057,meeting,Interaction preceding the reported incident.
CASE017-EVT031,CASE017,2026-01-02T23:16:00,P0450|P0196,LOC0299,phone_call,Interaction preceding the reported incident.
CASE017-EVT032,CASE017,2026-01-09T13:16:00,P0450|P0359,LOC0198,phone_call,Interaction preceding the reported incident.
CASE017-EVT033,CASE017,2026-01-09T00:16:00,P0196|P0359,LOC0102,phone_call,Interaction preceding the reported incident.
CASE017-EVT034,CASE017,2026-01-09T22:16:00,P0196|P0397,LOC0071,phone_call,Interaction preceding the reported incident.
CASE017-EVT035,CASE017,2026-01-09T21:16:00,P0359|P0397,LOC0278,meeting,Interaction preceding the reported incident.
CASE017-EVT036,CASE017,2026-01-08T22:16:00,P0359|P0953,LOC0265,phone_call,Interaction preceding the reported incident.
CASE017-EVT037,CASE017,2026-01-09T00:16:00,P0397|P0953,LOC0012,vehicle_movement,Interaction preceding the reported incident.
CASE017-EVT038,CASE017,2026-01-08T10:16:00,P0397|P0463,LOC0110,vehicle_movement,Interaction preceding the reported incident.
CASE017-EVT039,CASE017,2026-01-03T00:16:00,P0953|P0463,LOC0170,vehicle_movement,Interaction preceding the reported incident.
CASE017-EVT040,CASE017,2026-01-10T02:16:00,P0953|P0404,LOC0135,vehicle_movement,Interaction preceding the reported incident.
CASE017-EVT041,CASE017,2026-01-03T08:16:00,P0463|P0404,LOC0239,phone_call,Interaction preceding the reported incident.
CASE017-EVT042,CASE017,2026-01-04T10:16:00,P0463|P0693,LOC0261,phone_call,Interaction preceding the reported incident.
CASE017-EVT043,CASE017,2026-01-09T11:16:00,P0404|P0693,LOC0066,meeting,Interaction preceding the reported incident.
CASE017-EVT044,CASE017,2026-01-07T12:16:00,P0404|P0748,LOC0177,meeting,Interaction preceding the reported incident.
CASE017-EVT045,CASE017,2026-01-05T16:16:00,P0693|P0748,LOC0137,vehicle_movement,Interaction preceding the reported incident.
CASE017-EVT046,CASE017,2026-01-03T23:16:00,P0693|P0728,LOC0128,meeting,Interaction preceding the reported incident.
CASE017-EVT047,CASE017,2026-01-02T22:16:00,P0748|P0728,LOC0045,meeting,Interaction preceding the reported incident.
CASE017-EVT048,CASE017,2026-01-06T18:16:00,P0748|P0029,LOC0221,vehicle_movement,Interaction preceding the reported incident.
CASE017-EVT049,CASE017,2026-01-02T07:16:00,P0728|P0029,LOC0079,phone_call,Interaction preceding the reported incident.
CASE017-EVT050,CASE017,2026-01-01T01:16:00,P0728|P0198,LOC0005,meeting,Interaction preceding the reported incident.
CASE017-EVT051,CASE017,2026-01-02T02:16:00,P0029|P0198,LOC0251,phone_call,Interaction preceding the reported incident.
CASE017-EVT052,CASE017,2026-01-07T02:16:00,P0029|P0970,LOC0219,phone_call,Interaction preceding the reported incident.
CASE017-EVT053,CASE017,2026-01-02T20:16:00,P0198|P0970,LOC0005,phone_call,Interaction preceding the reported incident.
CASE017-EVT054,CASE017,2026-01-06T14:16:00,P0198|P0026,LOC0242,phone_call,Interaction preceding the reported incident.
CASE017-EVT055,CASE017,2026-01-05T02:16:00,P0970|P0026,LOC0284,vehicle_movement,Interaction preceding the reported incident.
CASE017-EVT056,CASE017,2026-01-02T22:16:00,P0970|P0356,LOC0013,vehicle_movement,Interaction preceding the reported incident.
CASE017-EVT057,CASE017,2026-01-05T01:16:00,P0026|P0356,LOC0220,vehicle_movement,Interaction preceding the reported incident.
CASE017-EVT058,CASE017,2025-12-31T20:16:00,P0026|P0009,LOC0140,meeting,Interaction preceding the reported incident.
CASE017-EVT059,CASE017,2026-01-05T10:16:00,P0356|P0009,LOC0190,meeting,Interaction preceding the reported incident.
CASE017-EVT060,CASE017,2026-01-05T21:16:00,P0356|P0775,LOC0017,meeting,Interaction preceding the reported incident.
CASE017-EVT061,CASE017,2026-01-10T02:16:00,P0009|P0775,LOC0224,phone_call,Interaction preceding the reported incident.
CASE017-EVT062,CASE017,2026-01-06T08:16:00,P0009|P0520,LOC0037,vehicle_movement,Interaction preceding the reported incident.
CASE017-EVT063,CASE017,2026-01-04T07:16:00,P0775|P0520,LOC0048,phone_call,Interaction preceding the reported incident.
CASE017-EVT064,CASE017,2026-01-02T19:16:00,P0775|P0043,LOC0130,meeting,Interaction preceding the reported incident.
CASE017-EVT065,CASE017,2026-01-02T20:16:00,P0520|P0043,LOC0200,meeting,Interaction preceding the reported incident.
CASE017-EVT066,CASE017,2026-01-02T18:16:00,P0520|P0785,LOC0130,vehicle_movement,Interaction preceding the reported incident.
CASE017-EVT067,CASE017,2026-01-07T10:16:00,P0043|P0785,LOC0009,meeting,Interaction preceding the reported incident.
CASE017-EVT068,CASE017,2026-01-09T09:16:00,P0043|P0456,LOC0158,meeting,Interaction preceding the reported incident.
CASE017-EVT069,CASE017,2026-01-08T12:16:00,P0785|P0456,LOC0127,meeting,Interaction preceding the reported incident.
CASE017-EVT070,CASE017,2026-01-07T07:16:00,P0785|P0806,LOC0010,meeting,Interaction preceding the reported incident.
CASE017-EVT071,CASE017,2026-01-01T09:16:00,P0456|P0806,LOC0038,phone_call,Interaction preceding the reported incident.
CASE017-EVT072,CASE017,2026-01-06T13:16:00,P0456|P0249,LOC0069,phone_call,Interaction preceding the reported incident.
CASE017-EVT073,CASE017,2026-01-06T19:16:00,P0806|P0249,LOC0178,meeting,Interaction preceding the reported incident.
CASE017-EVT074,CASE017,2026-01-08T23:16:00,P0806|P0287,LOC0086,meeting,Interaction preceding the reported incident.
CASE017-EVT075,CASE017,2026-01-08T06:16:00,P0249|P0287,LOC0192,vehicle_movement,Interaction preceding the reported incident.
CASE017-EVT076,CASE017,2026-01-07T09:16:00,P0249|P0550,LOC0272,vehicle_movement,Interaction preceding the reported incident.
CASE017-EVT077,CASE017,2026-01-05T07:16:00,P0287|P0550,LOC0107,meeting,Interaction preceding the reported incident.
CASE017-EVT078,CASE017,2026-01-08T08:16:00,P0287|P0178,LOC0226,meeting,Interaction preceding the reported incident.
CASE017-EVT079,CASE017,2026-01-05T02:16:00,P0550|P0178,LOC0138,phone_call,Interaction preceding the reported incident.
CASE017-EVT080,CASE017,2026-01-01T06:16:00,P0550|P0814,LOC0239,vehicle_movement,Interaction preceding the reported incident.
CASE017-EVT081,CASE017,2026-01-08T06:16:00,P0178|P0814,LOC0196,vehicle_movement,Interaction preceding the reported incident.
CASE017-EVT082,CASE017,2026-01-03T00:16:00,P0178|P0511,LOC0286,meeting,Interaction preceding the reported incident.
CASE017-EVT083,CASE017,2026-01-04T10:16:00,P0814|P0511,LOC0201,phone_call,Interaction preceding the reported incident.
CASE017-EVT084,CASE017,2026-01-08T14:16:00,P0814|P0307,LOC0091,meeting,Interaction preceding the reported incident.
CASE017-EVT085,CASE017,2026-01-09T20:16:00,P0511|P0307,LOC0076,meeting,Interaction preceding the reported incident.
CASE017-EVT086,CASE017,2026-01-11T02:16:00,P0186,LOC0066,incident,Reported document forgery incident.
CASE018-EVT001,CASE018,2025-07-21T02:18:00,P0772|P0613,LOC0282,vehicle_movement,Interaction preceding the reported incident.
CASE018-EVT002,CASE018,2025-07-21T22:18:00,P0772|P0970,LOC0267,meeting,Interaction preceding the reported incident.
CASE018-EVT003,CASE018,2025-07-22T08:18:00,P0772|P0664,LOC0277,meeting,Interaction preceding the reported incident.
CASE018-EVT004,CASE018,2025-07-18T23:18:00,P0772|P0103,LOC0128,phone_call,Interaction preceding the reported incident.
CASE018-EVT005,CASE018,2025-07-17T04:18:00,P0772|P0021,LOC0148,vehicle_movement,Interaction preceding the reported incident.
CASE018-EVT006,CASE018,2025-07-17T16:18:00,P0772|P0273,LOC0032,meeting,Interaction preceding the reported incident.
CASE018-EVT007,CASE018,2025-07-26T05:18:00,P0772|P0810,LOC0051,vehicle_movement,Interaction preceding the reported incident.
CASE018-EVT008,CASE018,2025-07-19T17:18:00,P0772|P0728,LOC0114,phone_call,Interaction preceding the reported incident.
CASE018-EVT009,CASE018,2025-07-22T15:18:00,P0772|P0893,LOC0089,vehicle_movement,Interaction preceding the reported incident.
CASE018-EVT010,CASE018,2025-07-17T11:18:00,P0772|P0930,LOC0096,phone_call,Interaction preceding the reported incident.
CASE018-EVT011,CASE018,2025-07-21T10:18:00,P0772|P0148,LOC0140,vehicle_movement,Interaction preceding the reported incident.
CASE018-EVT012,CASE018,2025-07-20T23:18:00,P0772|P0663,LOC0030,meeting,Interaction preceding the reported incident.
CASE018-EVT013,CASE018,2025-07-26T01:18:00,P0772|P0732,LOC0257,vehicle_movement,Interaction preceding the reported incident.
CASE018-EVT014,CASE018,2025-07-26T11:18:00,P0772|P0355,LOC0251,vehicle_movement,Interaction preceding the reported incident.
CASE018-EVT015,CASE018,2025-07-19T07:18:00,P0772|P0552,LOC0074,meeting,Interaction preceding the reported incident.
CASE018-EVT016,CASE018,2025-07-22T12:18:00,P0772|P0239,LOC0002,phone_call,Interaction preceding the reported incident.
CASE018-EVT017,CASE018,2025-07-19T08:18:00,P0772|P0277,LOC0059,phone_call,Interaction preceding the reported incident.
CASE018-EVT018,CASE018,2025-07-20T07:18:00,P0772|P0589,LOC0034,phone_call,Interaction preceding the reported incident.
CASE018-EVT019,CASE018,2025-07-17T10:18:00,P0772|P0448,LOC0097,phone_call,Interaction preceding the reported incident.
CASE018-EVT020,CASE018,2025-07-25T09:18:00,P0772|P0585,LOC0009,vehicle_movement,Interaction preceding the reported incident.
CASE018-EVT021,CASE018,2025-07-18T16:18:00,P0772|P0120,LOC0158,vehicle_movement,Interaction preceding the reported incident.
CASE018-EVT022,CASE018,2025-07-19T21:18:00,P0772|P0745,LOC0054,meeting,Interaction preceding the reported incident.
CASE018-EVT023,CASE018,2025-07-25T10:18:00,P0772|P0326,LOC0124,vehicle_movement,Interaction preceding the reported incident.
CASE018-EVT024,CASE018,2025-07-24T01:18:00,P0772|P0778,LOC0075,phone_call,Interaction preceding the reported incident.
CASE018-EVT025,CASE018,2025-07-19T08:18:00,P0772|P0535,LOC0241,meeting,Interaction preceding the reported incident.
CASE018-EVT026,CASE018,2025-07-25T22:18:00,P0772|P0757,LOC0232,meeting,Interaction preceding the reported incident.
CASE018-EVT027,CASE018,2025-07-25T10:18:00,P0772|P0921,LOC0099,meeting,Interaction preceding the reported incident.
CASE018-EVT028,CASE018,2025-07-19T04:18:00,P0772|P0924,LOC0089,meeting,Interaction preceding the reported incident.
CASE018-EVT029,CASE018,2025-07-18T03:18:00,P0772|P0036,LOC0181,meeting,Interaction preceding the reported incident.
CASE018-EVT030,CASE018,2025-07-24T22:18:00,P0772|P0248,LOC0270,vehicle_movement,Interaction preceding the reported incident.
CASE018-EVT031,CASE018,2025-07-17T10:18:00,P0772|P0786,LOC0238,vehicle_movement,Interaction preceding the reported incident.
CASE018-EVT032,CASE018,2025-07-22T07:18:00,P0772|P0789,LOC0297,meeting,Interaction preceding the reported incident.
CASE018-EVT033,CASE018,2025-07-24T00:18:00,P0772|P0918,LOC0031,phone_call,Interaction preceding the reported incident.
CASE018-EVT034,CASE018,2025-07-16T22:18:00,P0772|P0219,LOC0272,vehicle_movement,Interaction preceding the reported incident.
CASE018-EVT035,CASE018,2025-07-24T13:18:00,P0772|P0673,LOC0038,phone_call,Interaction preceding the reported incident.
CASE018-EVT036,CASE018,2025-07-19T12:18:00,P0772|P0680,LOC0131,meeting,Interaction preceding the reported incident.
CASE018-EVT037,CASE018,2025-07-18T14:18:00,P0772|P0393,LOC0230,phone_call,Interaction preceding the reported incident.
CASE018-EVT038,CASE018,2025-07-17T06:18:00,P0772|P0012,LOC0025,meeting,Interaction preceding the reported incident.
CASE018-EVT039,CASE018,2025-07-25T05:18:00,P0772|P0991,LOC0162,phone_call,Interaction preceding the reported incident.
CASE018-EVT040,CASE018,2025-07-23T07:18:00,P0772|P0776,LOC0163,vehicle_movement,Interaction preceding the reported incident.
CASE018-EVT041,CASE018,2025-07-17T13:18:00,P0772|P0665,LOC0170,meeting,Interaction preceding the reported incident.
CASE018-EVT042,CASE018,2025-07-25T15:18:00,P0772|P0931,LOC0013,vehicle_movement,Interaction preceding the reported incident.
CASE018-EVT043,CASE018,2025-07-25T15:18:00,P0772|P0246,LOC0090,phone_call,Interaction preceding the reported incident.
CASE018-EVT044,CASE018,2025-07-17T10:18:00,P0772|P0986,LOC0001,meeting,Interaction preceding the reported incident.
CASE018-EVT045,CASE018,2025-07-21T14:18:00,P0772|P0005,LOC0220,phone_call,Interaction preceding the reported incident.
CASE018-EVT046,CASE018,2025-07-23T11:18:00,P0772|P0531,LOC0039,vehicle_movement,Interaction preceding the reported incident.
CASE018-EVT047,CASE018,2025-07-23T01:18:00,P0772|P0466,LOC0154,vehicle_movement,Interaction preceding the reported incident.
CASE018-EVT048,CASE018,2025-07-26T03:18:00,P0772|P0584,LOC0071,meeting,Interaction preceding the reported incident.
CASE018-EVT049,CASE018,2025-07-17T13:18:00,P0772|P0163,LOC0235,vehicle_movement,Interaction preceding the reported incident.
CASE018-EVT050,CASE018,2025-07-26T07:18:00,P0772|P0746,LOC0207,phone_call,Interaction preceding the reported incident.
CASE018-EVT051,CASE018,2025-07-24T17:18:00,P0772|P0168,LOC0033,phone_call,Interaction preceding the reported incident.
CASE018-EVT052,CASE018,2025-07-25T07:18:00,P0772|P0854,LOC0217,phone_call,Interaction preceding the reported incident.
CASE018-EVT053,CASE018,2025-07-21T09:18:00,P0772|P0596,LOC0193,meeting,Interaction preceding the reported incident.
CASE018-EVT054,CASE018,2025-07-27T17:18:00,P0772,LOC0261,incident,Reported missing-person investigation incident.
CASE019-EVT001,CASE019,2025-07-22T09:19:00,P0888|P0333,LOC0029,vehicle_movement,Interaction preceding the reported incident.
CASE019-EVT002,CASE019,2025-07-23T07:19:00,P0333|P0406,LOC0040,vehicle_movement,Interaction preceding the reported incident.
CASE019-EVT003,CASE019,2025-07-23T05:19:00,P0406|P0538,LOC0124,phone_call,Interaction preceding the reported incident.
CASE019-EVT004,CASE019,2025-07-19T03:19:00,P0538|P0283,LOC0090,phone_call,Interaction preceding the reported incident.
CASE019-EVT005,CASE019,2025-07-27T01:19:00,P0283|P0215,LOC0069,vehicle_movement,Interaction preceding the reported incident.
CASE019-EVT006,CASE019,2025-07-27T08:19:00,P0215|P0498,LOC0189,meeting,Interaction preceding the reported incident.
CASE019-EVT007,CASE019,2025-07-18T17:19:00,P0498|P0354,LOC0080,meeting,Interaction preceding the reported incident.
CASE019-EVT008,CASE019,2025-07-20T23:19:00,P0354|P0772,LOC0243,vehicle_movement,Interaction preceding the reported incident.
CASE019-EVT009,CASE019,2025-07-22T20:19:00,P0772|P0222,LOC0224,meeting,Interaction preceding the reported incident.
CASE019-EVT010,CASE019,2025-07-19T23:19:00,P0222|P0547,LOC0278,phone_call,Interaction preceding the reported incident.
CASE019-EVT011,CASE019,2025-07-26T23:19:00,P0547|P0257,LOC0069,vehicle_movement,Interaction preceding the reported incident.
CASE019-EVT012,CASE019,2025-07-23T09:19:00,P0257|P0816,LOC0129,vehicle_movement,Interaction preceding the reported incident.
CASE019-EVT013,CASE019,2025-07-18T10:19:00,P0816|P0723,LOC0232,meeting,Interaction preceding the reported incident.
CASE019-EVT014,CASE019,2025-07-19T11:19:00,P0723|P0242,LOC0044,vehicle_movement,Interaction preceding the reported incident.
CASE019-EVT015,CASE019,2025-07-20T21:19:00,P0242|P0722,LOC0088,vehicle_movement,Interaction preceding the reported incident.
CASE019-EVT016,CASE019,2025-07-27T03:19:00,P0722|P0431,LOC0019,meeting,Interaction preceding the reported incident.
CASE019-EVT017,CASE019,2025-07-20T05:19:00,P0431|P0635,LOC0178,meeting,Interaction preceding the reported incident.
CASE019-EVT018,CASE019,2025-07-20T17:19:00,P0635|P0458,LOC0191,phone_call,Interaction preceding the reported incident.
CASE019-EVT019,CASE019,2025-07-25T05:19:00,P0458|P0929,LOC0077,meeting,Interaction preceding the reported incident.
CASE019-EVT020,CASE019,2025-07-26T02:19:00,P0929|P0404,LOC0241,meeting,Interaction preceding the reported incident.
CASE019-EVT021,CASE019,2025-07-24T20:19:00,P0404|P0052,LOC0137,meeting,Interaction preceding the reported incident.
CASE019-EVT022,CASE019,2025-07-20T06:19:00,P0052|P0228,LOC0083,phone_call,Interaction preceding the reported incident.
CASE019-EVT023,CASE019,2025-07-24T20:19:00,P0228|P0050,LOC0174,phone_call,Interaction preceding the reported incident.
CASE019-EVT024,CASE019,2025-07-20T03:19:00,P0050|P0587,LOC0053,vehicle_movement,Interaction preceding the reported incident.
CASE019-EVT025,CASE019,2025-07-21T00:19:00,P0587|P0613,LOC0126,vehicle_movement,Interaction preceding the reported incident.
CASE019-EVT026,CASE019,2025-07-26T20:19:00,P0613|P0270,LOC0266,vehicle_movement,Interaction preceding the reported incident.
CASE019-EVT027,CASE019,2025-07-23T19:19:00,P0270|P0582,LOC0256,phone_call,Interaction preceding the reported incident.
CASE019-EVT028,CASE019,2025-07-18T23:19:00,P0582|P0710,LOC0272,meeting,Interaction preceding the reported incident.
CASE019-EVT029,CASE019,2025-07-27T03:19:00,P0710|P0703,LOC0097,phone_call,Interaction preceding the reported incident.
CASE019-EVT030,CASE019,2025-07-18T17:19:00,P0703|P0998,LOC0052,phone_call,Interaction preceding the reported incident.
CASE019-EVT031,CASE019,2025-07-26T06:19:00,P0998|P0313,LOC0240,meeting,Interaction preceding the reported incident.
CASE019-EVT032,CASE019,2025-07-25T10:19:00,P0313|P0759,LOC0213,vehicle_movement,Interaction preceding the reported incident.
CASE019-EVT033,CASE019,2025-07-20T03:19:00,P0759|P0741,LOC0206,phone_call,Interaction preceding the reported incident.
CASE019-EVT034,CASE019,2025-07-22T01:19:00,P0741|P0933,LOC0091,phone_call,Interaction preceding the reported incident.
CASE019-EVT035,CASE019,2025-07-18T01:19:00,P0933|P0762,LOC0283,vehicle_movement,Interaction preceding the reported incident.
CASE019-EVT036,CASE019,2025-07-19T07:19:00,P0762|P0528,LOC0199,meeting,Interaction preceding the reported incident.
CASE019-EVT037,CASE019,2025-07-26T09:19:00,P0528|P0734,LOC0068,phone_call,Interaction preceding the reported incident.
CASE019-EVT038,CASE019,2025-07-17T19:19:00,P0734|P0777,LOC0014,phone_call,Interaction preceding the reported incident.
CASE019-EVT039,CASE019,2025-07-26T02:19:00,P0777|P0912,LOC0184,meeting,Interaction preceding the reported incident.
CASE019-EVT040,CASE019,2025-07-24T01:19:00,P0912|P0295,LOC0112,phone_call,Interaction preceding the reported incident.
CASE019-EVT041,CASE019,2025-07-24T23:19:00,P0295|P0438,LOC0122,vehicle_movement,Interaction preceding the reported incident.
CASE019-EVT042,CASE019,2025-07-21T01:19:00,P0438|P0894,LOC0141,phone_call,Interaction preceding the reported incident.
CASE019-EVT043,CASE019,2025-07-27T01:19:00,P0894|P0850,LOC0255,meeting,Interaction preceding the reported incident.
CASE019-EVT044,CASE019,2025-07-19T20:19:00,P0850|P0990,LOC0108,meeting,Interaction preceding the reported incident.
CASE019-EVT045,CASE019,2025-07-19T04:19:00,P0990|P0687,LOC0186,vehicle_movement,Interaction preceding the reported incident.
CASE019-EVT046,CASE019,2025-07-26T02:19:00,P0687|P0755,LOC0018,phone_call,Interaction preceding the reported incident.
CASE019-EVT047,CASE019,2025-07-20T08:19:00,P0755|P0733,LOC0187,meeting,Interaction preceding the reported incident.
CASE019-EVT048,CASE019,2025-07-20T07:19:00,P0733|P0107,LOC0081,vehicle_movement,Interaction preceding the reported incident.
CASE019-EVT049,CASE019,2025-07-20T02:19:00,P0107|P0823,LOC0245,phone_call,Interaction preceding the reported incident.
CASE019-EVT050,CASE019,2025-07-18T20:19:00,P0823|P0532,LOC0117,meeting,Interaction preceding the reported incident.
CASE019-EVT051,CASE019,2025-07-26T00:19:00,P0532|P0463,LOC0100,vehicle_movement,Interaction preceding the reported incident.
CASE019-EVT052,CASE019,2025-07-21T17:19:00,P0463|P0343,LOC0109,meeting,Interaction preceding the reported incident.
CASE019-EVT053,CASE019,2025-07-21T07:19:00,P0343|P0291,LOC0100,phone_call,Interaction preceding the reported incident.
CASE019-EVT054,CASE019,2025-07-22T07:19:00,P0291|P0062,LOC0146,vehicle_movement,Interaction preceding the reported incident.
CASE019-EVT055,CASE019,2025-07-23T01:19:00,P0062|P0649,LOC0042,phone_call,Interaction preceding the reported incident.
CASE019-EVT056,CASE019,2025-07-18T03:19:00,P0649|P0407,LOC0080,vehicle_movement,Interaction preceding the reported incident.
CASE019-EVT057,CASE019,2025-07-20T17:19:00,P0407|P0625,LOC0198,meeting,Interaction preceding the reported incident.
CASE019-EVT058,CASE019,2025-07-28T12:19:00,P0888,LOC0170,incident,Reported procurement fraud incident.
CASE020-EVT001,CASE020,2025-12-04T20:54:00,P0985|P0820,LOC0060,meeting,Interaction preceding the reported incident.
CASE020-EVT002,CASE020,2025-12-02T02:54:00,P0820|P0850,LOC0155,meeting,Interaction preceding the reported incident.
CASE020-EVT003,CASE020,2025-12-07T09:54:00,P0850|P0541,LOC0119,meeting,Interaction preceding the reported incident.
CASE020-EVT004,CASE020,2025-12-07T13:54:00,P0541|P0435,LOC0074,vehicle_movement,Interaction preceding the reported incident.
CASE020-EVT005,CASE020,2025-12-06T01:54:00,P0435|P0023,LOC0199,vehicle_movement,Interaction preceding the reported incident.
CASE020-EVT006,CASE020,2025-12-07T00:54:00,P0023|P0565,LOC0124,phone_call,Interaction preceding the reported incident.
CASE020-EVT007,CASE020,2025-12-07T22:54:00,P0565|P0911,LOC0168,meeting,Interaction preceding the reported incident.
CASE020-EVT008,CASE020,2025-12-03T23:54:00,P0911|P0714,LOC0283,phone_call,Interaction preceding the reported incident.
CASE020-EVT009,CASE020,2025-12-08T07:54:00,P0714|P0693,LOC0102,phone_call,Interaction preceding the reported incident.
CASE020-EVT010,CASE020,2025-12-01T22:54:00,P0693|P0951,LOC0058,phone_call,Interaction preceding the reported incident.
CASE020-EVT011,CASE020,2025-12-05T13:54:00,P0951|P0273,LOC0122,phone_call,Interaction preceding the reported incident.
CASE020-EVT012,CASE020,2025-12-09T05:54:00,P0273|P0065,LOC0016,vehicle_movement,Interaction preceding the reported incident.
CASE020-EVT013,CASE020,2025-12-10T05:54:00,P0065|P0132,LOC0032,phone_call,Interaction preceding the reported incident.
CASE020-EVT014,CASE020,2025-12-09T15:54:00,P0132|P0443,LOC0195,vehicle_movement,Interaction preceding the reported incident.
CASE020-EVT015,CASE020,2025-12-02T02:54:00,P0443|P0494,LOC0298,vehicle_movement,Interaction preceding the reported incident.
CASE020-EVT016,CASE020,2025-12-03T12:54:00,P0494|P0214,LOC0262,vehicle_movement,Interaction preceding the reported incident.
CASE020-EVT017,CASE020,2025-12-10T23:54:00,P0214|P0239,LOC0221,phone_call,Interaction preceding the reported incident.
CASE020-EVT018,CASE020,2025-12-10T20:54:00,P0239|P1000,LOC0238,meeting,Interaction preceding the reported incident.
CASE020-EVT019,CASE020,2025-12-05T02:54:00,P1000|P0041,LOC0076,meeting,Interaction preceding the reported incident.
CASE020-EVT020,CASE020,2025-12-04T03:54:00,P0041|P0669,LOC0105,meeting,Interaction preceding the reported incident.
CASE020-EVT021,CASE020,2025-12-01T23:54:00,P0669|P0206,LOC0191,phone_call,Interaction preceding the reported incident.
CASE020-EVT022,CASE020,2025-12-03T06:54:00,P0206|P0010,LOC0013,phone_call,Interaction preceding the reported incident.
CASE020-EVT023,CASE020,2025-12-09T12:54:00,P0010|P0817,LOC0086,vehicle_movement,Interaction preceding the reported incident.
CASE020-EVT024,CASE020,2025-12-06T04:54:00,P0817|P0345,LOC0022,phone_call,Interaction preceding the reported incident.
CASE020-EVT025,CASE020,2025-12-05T03:54:00,P0345|P0964,LOC0173,phone_call,Interaction preceding the reported incident.
CASE020-EVT026,CASE020,2025-12-04T20:54:00,P0964|P0048,LOC0155,vehicle_movement,Interaction preceding the reported incident.
CASE020-EVT027,CASE020,2025-12-08T07:54:00,P0048|P0763,LOC0296,meeting,Interaction preceding the reported incident.
CASE020-EVT028,CASE020,2025-12-02T03:54:00,P0763|P0203,LOC0206,meeting,Interaction preceding the reported incident.
CASE020-EVT029,CASE020,2025-12-05T23:54:00,P0203|P0572,LOC0086,vehicle_movement,Interaction preceding the reported incident.
CASE020-EVT030,CASE020,2025-12-02T05:54:00,P0572|P0397,LOC0173,meeting,Interaction preceding the reported incident.
CASE020-EVT031,CASE020,2025-12-08T08:54:00,P0397|P0789,LOC0292,meeting,Interaction preceding the reported incident.
CASE020-EVT032,CASE020,2025-12-07T20:54:00,P0789|P0950,LOC0152,vehicle_movement,Interaction preceding the reported incident.
CASE020-EVT033,CASE020,2025-12-03T05:54:00,P0950|P0606,LOC0047,meeting,Interaction preceding the reported incident.
CASE020-EVT034,CASE020,2025-12-11T01:54:00,P0606|P0296,LOC0150,vehicle_movement,Interaction preceding the reported incident.
CASE020-EVT035,CASE020,2025-12-07T11:54:00,P0296|P0487,LOC0141,vehicle_movement,Interaction preceding the reported incident.
CASE020-EVT036,CASE020,2025-12-05T09:54:00,P0487|P0411,LOC0003,meeting,Interaction preceding the reported incident.
CASE020-EVT037,CASE020,2025-12-09T02:54:00,P0949|P0767,LOC0051,meeting,Interaction preceding the reported incident.
CASE020-EVT038,CASE020,2025-12-02T20:54:00,P0767|P0742,LOC0002,vehicle_movement,Interaction preceding the reported incident.
CASE020-EVT039,CASE020,2025-12-03T04:54:00,P0742|P0975,LOC0157,vehicle_movement,Interaction preceding the reported incident.
CASE020-EVT040,CASE020,2025-12-10T21:54:00,P0975|P0007,LOC0182,phone_call,Interaction preceding the reported incident.
CASE020-EVT041,CASE020,2025-12-05T12:54:00,P0007|P0502,LOC0257,vehicle_movement,Interaction preceding the reported incident.
CASE020-EVT042,CASE020,2025-12-05T04:54:00,P0502|P0191,LOC0174,phone_call,Interaction preceding the reported incident.
CASE020-EVT043,CASE020,2025-12-09T21:54:00,P0191|P0621,LOC0079,phone_call,Interaction preceding the reported incident.
CASE020-EVT044,CASE020,2025-12-07T19:54:00,P0621|P0930,LOC0029,vehicle_movement,Interaction preceding the reported incident.
CASE020-EVT045,CASE020,2025-12-08T15:54:00,P0930|P0125,LOC0030,phone_call,Interaction preceding the reported incident.
CASE020-EVT046,CASE020,2025-12-06T22:54:00,P0125|P0927,LOC0124,phone_call,Interaction preceding the reported incident.
CASE020-EVT047,CASE020,2025-12-04T22:54:00,P0927|P0707,LOC0137,meeting,Interaction preceding the reported incident.
CASE020-EVT048,CASE020,2025-12-05T12:54:00,P0707|P0127,LOC0189,vehicle_movement,Interaction preceding the reported incident.
CASE020-EVT049,CASE020,2025-12-03T00:54:00,P0127|P0670,LOC0024,phone_call,Interaction preceding the reported incident.
CASE020-EVT050,CASE020,2025-12-04T08:54:00,P0670|P0842,LOC0086,vehicle_movement,Interaction preceding the reported incident.
CASE020-EVT051,CASE020,2025-12-01T20:54:00,P0842|P0561,LOC0113,meeting,Interaction preceding the reported incident.
CASE020-EVT052,CASE020,2025-12-04T07:54:00,P0561|P0195,LOC0172,phone_call,Interaction preceding the reported incident.
CASE020-EVT053,CASE020,2025-12-11T11:54:00,P0195|P0651,LOC0151,phone_call,Interaction preceding the reported incident.
CASE020-EVT054,CASE020,2025-12-01T20:54:00,P0651|P0674,LOC0210,vehicle_movement,Interaction preceding the reported incident.
CASE020-EVT055,CASE020,2025-12-07T05:54:00,P0674|P0066,LOC0213,vehicle_movement,Interaction preceding the reported incident.
CASE020-EVT056,CASE020,2025-12-06T19:54:00,P0066|P0302,LOC0069,meeting,Interaction preceding the reported incident.
CASE020-EVT057,CASE020,2025-12-10T06:54:00,P0302|P0255,LOC0007,vehicle_movement,Interaction preceding the reported incident.
CASE020-EVT058,CASE020,2025-12-07T10:54:00,P0255|P0076,LOC0053,vehicle_movement,Interaction preceding the reported incident.
CASE020-EVT059,CASE020,2025-12-03T21:54:00,P0076|P0406,LOC0099,phone_call,Interaction preceding the reported incident.
CASE020-EVT060,CASE020,2025-12-08T13:54:00,P0406|P0543,LOC0236,meeting,Interaction preceding the reported incident.
CASE020-EVT061,CASE020,2025-12-11T12:54:00,P0543|P0107,LOC0214,meeting,Interaction preceding the reported incident.
CASE020-EVT062,CASE020,2025-12-07T23:54:00,P0107|P0448,LOC0121,vehicle_movement,Interaction preceding the reported incident.
CASE020-EVT063,CASE020,2025-12-10T12:54:00,P0448|P0708,LOC0122,vehicle_movement,Interaction preceding the reported incident.
CASE020-EVT064,CASE020,2025-12-07T08:54:00,P0708|P0802,LOC0136,phone_call,Interaction preceding the reported incident.
CASE020-EVT065,CASE020,2025-12-08T15:54:00,P0802|P0177,LOC0212,phone_call,Interaction preceding the reported incident.
CASE020-EVT066,CASE020,2025-12-03T05:54:00,P0177|P0826,LOC0037,meeting,Interaction preceding the reported incident.
CASE020-EVT067,CASE020,2025-12-08T02:54:00,P0826|P0038,LOC0057,phone_call,Interaction preceding the reported incident.
CASE020-EVT068,CASE020,2025-12-08T23:54:00,P0038|P0071,LOC0300,vehicle_movement,Interaction preceding the reported incident.
CASE020-EVT069,CASE020,2025-12-02T02:54:00,P0071|P0544,LOC0008,phone_call,Interaction preceding the reported incident.
CASE020-EVT070,CASE020,2025-12-06T23:54:00,P0544|P0620,LOC0025,vehicle_movement,Interaction preceding the reported incident.
CASE020-EVT071,CASE020,2025-12-04T13:54:00,P0620|P0421,LOC0218,phone_call,Interaction preceding the reported incident.
CASE020-EVT072,CASE020,2025-12-05T12:54:00,P0421|P0907,LOC0086,vehicle_movement,Interaction preceding the reported incident.
CASE020-EVT073,CASE020,2025-12-02T07:54:00,P0907|P0812,LOC0057,vehicle_movement,Interaction preceding the reported incident.
CASE020-EVT074,CASE020,2025-12-07T09:54:00,P0411|P0949,LOC0123,meeting,Interaction preceding the reported incident.
CASE020-EVT075,CASE020,2025-12-12T15:54:00,P0985,LOC0257,incident,Reported document forgery incident.
CASE021-EVT001,CASE021,2026-01-23T13:59:00,P0801|P0038,LOC0164,vehicle_movement,Interaction preceding the reported incident.
CASE021-EVT002,CASE021,2026-01-24T04:59:00,P0038|P0127,LOC0101,vehicle_movement,Interaction preceding the reported incident.
CASE021-EVT003,CASE021,2026-01-19T17:59:00,P0127|P0113,LOC0113,phone_call,Interaction preceding the reported incident.
CASE021-EVT004,CASE021,2026-01-24T20:59:00,P0113|P0401,LOC0298,meeting,Interaction preceding the reported incident.
CASE021-EVT005,CASE021,2026-01-24T09:59:00,P0401|P0624,LOC0108,meeting,Interaction preceding the reported incident.
CASE021-EVT006,CASE021,2026-01-19T02:59:00,P0624|P0954,LOC0004,meeting,Interaction preceding the reported incident.
CASE021-EVT007,CASE021,2026-01-17T01:59:00,P0954|P0591,LOC0093,phone_call,Interaction preceding the reported incident.
CASE021-EVT008,CASE021,2026-01-22T16:59:00,P0591|P0738,LOC0119,vehicle_movement,Interaction preceding the reported incident.
CASE021-EVT009,CASE021,2026-01-20T12:59:00,P0738|P0328,LOC0085,meeting,Interaction preceding the reported incident.
CASE021-EVT010,CASE021,2026-01-17T19:59:00,P0328|P0483,LOC0241,phone_call,Interaction preceding the reported incident.
CASE021-EVT011,CASE021,2026-01-19T13:59:00,P0483|P0132,LOC0053,meeting,Interaction preceding the reported incident.
CASE021-EVT012,CASE021,2026-01-26T14:59:00,P0132|P0616,LOC0153,vehicle_movement,Interaction preceding the reported incident.
CASE021-EVT013,CASE021,2026-01-25T01:59:00,P0585|P0431,LOC0262,phone_call,Interaction preceding the reported incident.
CASE021-EVT014,CASE021,2026-01-19T04:59:00,P0431|P0187,LOC0184,meeting,Interaction preceding the reported incident.
CASE021-EVT015,CASE021,2026-01-26T09:59:00,P0187|P0922,LOC0294,meeting,Interaction preceding the reported incident.
CASE021-EVT016,CASE021,2026-01-24T07:59:00,P0922|P0840,LOC0034,phone_call,Interaction preceding the reported incident.
CASE021-EVT017,CASE021,2026-01-18T20:59:00,P0840|P0090,LOC0172,phone_call,Interaction preceding the reported incident.
CASE021-EVT018,CASE021,2026-01-25T04:59:00,P0090|P0974,LOC0120,vehicle_movement,Interaction preceding the reported incident.
CASE021-EVT019,CASE021,2026-01-26T10:59:00,P0974|P0938,LOC0059,phone_call,Interaction preceding the reported incident.
CASE021-EVT020,CASE021,2026-01-19T17:59:00,P0938|P0942,LOC0201,vehicle_movement,Interaction preceding the reported incident.
CASE021-EVT021,CASE021,2026-01-20T09:59:00,P0942|P0200,LOC0115,phone_call,Interaction preceding the reported incident.
CASE021-EVT022,CASE021,2026-01-25T16:59:00,P0200|P0806,LOC0223,meeting,Interaction preceding the reported incident.
CASE021-EVT023,CASE021,2026-01-17T05:59:00,P0806|P0763,LOC0242,meeting,Interaction preceding the reported incident.
CASE021-EVT024,CASE021,2026-01-25T16:59:00,P0763|P0358,LOC0120,phone_call,Interaction preceding the reported incident.
CASE021-EVT025,CASE021,2026-01-17T03:59:00,P0616|P0585,LOC0087,meeting,Interaction preceding the reported incident.
CASE021-EVT026,CASE021,2026-01-27T21:59:00,P0801,LOC0019,incident,Reported investment fraud incident.
CASE022-EVT001,CASE022,2025-09-05T04:54:00,P0875|P0364,LOC0205,vehicle_movement,Interaction preceding the reported incident.
CASE022-EVT002,CASE022,2025-09-04T14:54:00,P0184|P0346,LOC0139,phone_call,Interaction preceding the reported incident.
CASE022-EVT003,CASE022,2025-09-02T05:54:00,P0364|P0498,LOC0158,meeting,Interaction preceding the reported incident.
CASE022-EVT004,CASE022,2025-08-31T07:54:00,P0346|P0908,LOC0116,meeting,Interaction preceding the reported incident.
CASE022-EVT005,CASE022,2025-09-10T20:54:00,P0875,LOC0144,incident,Reported warehouse theft incident.
CASE023-EVT001,CASE023,2025-06-25T23:43:00,P0933|P0760,LOC0013,vehicle_movement,Interaction preceding the reported incident.
CASE023-EVT002,CASE023,2025-06-24T20:43:00,P0760|P0892,LOC0048,vehicle_movement,Interaction preceding the reported incident.
CASE023-EVT003,CASE023,2025-06-21T18:43:00,P0892|P0393,LOC0112,vehicle_movement,Interaction preceding the reported incident.
CASE023-EVT004,CASE023,2025-06-20T12:43:00,P0393|P0246,LOC0197,phone_call,Interaction preceding the reported incident.
CASE023-EVT005,CASE023,2025-06-18T13:43:00,P0246|P0093,LOC0156,phone_call,Interaction preceding the reported incident.
CASE023-EVT006,CASE023,2025-06-23T00:43:00,P0093|P0536,LOC0025,meeting,Interaction preceding the reported incident.
CASE023-EVT007,CASE023,2025-06-24T16:43:00,P0536|P0063,LOC0126,phone_call,Interaction preceding the reported incident.
CASE023-EVT008,CASE023,2025-06-25T18:43:00,P0063|P0992,LOC0242,meeting,Interaction preceding the reported incident.
CASE023-EVT009,CASE023,2025-06-20T00:43:00,P0992|P0678,LOC0145,vehicle_movement,Interaction preceding the reported incident.
CASE023-EVT010,CASE023,2025-06-17T12:43:00,P0678|P0925,LOC0021,meeting,Interaction preceding the reported incident.
CASE023-EVT011,CASE023,2025-06-18T11:43:00,P0925|P0624,LOC0271,meeting,Interaction preceding the reported incident.
CASE023-EVT012,CASE023,2025-06-23T09:43:00,P0624|P0358,LOC0219,meeting,Interaction preceding the reported incident.
CASE023-EVT013,CASE023,2025-06-22T01:43:00,P0358|P0315,LOC0277,phone_call,Interaction preceding the reported incident.
CASE023-EVT014,CASE023,2025-06-19T07:43:00,P0315|P0444,LOC0174,phone_call,Interaction preceding the reported incident.
CASE023-EVT015,CASE023,2025-06-22T05:43:00,P0444|P0679,LOC0252,phone_call,Interaction preceding the reported incident.
CASE023-EVT016,CASE023,2025-06-20T07:43:00,P0679|P0149,LOC0075,phone_call,Interaction preceding the reported incident.
CASE023-EVT017,CASE023,2025-06-23T16:43:00,P0149|P0878,LOC0101,meeting,Interaction preceding the reported incident.
CASE023-EVT018,CASE023,2025-06-17T14:43:00,P0878|P0058,LOC0185,phone_call,Interaction preceding the reported incident.
CASE023-EVT019,CASE023,2025-06-22T15:43:00,P0058|P0434,LOC0214,meeting,Interaction preceding the reported incident.
CASE023-EVT020,CASE023,2025-06-16T06:43:00,P0434|P0191,LOC0239,meeting,Interaction preceding the reported incident.
CASE023-EVT021,CASE023,2025-06-20T06:43:00,P0191|P0575,LOC0113,vehicle_movement,Interaction preceding the reported incident.
CASE023-EVT022,CASE023,2025-06-19T16:43:00,P0575|P0084,LOC0181,meeting,Interaction preceding the reported incident.
CASE023-EVT023,CASE023,2025-06-21T08:43:00,P0084|P0915,LOC0122,phone_call,Interaction preceding the reported incident.
CASE023-EVT024,CASE023,2025-06-23T10:43:00,P0915|P0756,LOC0168,phone_call,Interaction preceding the reported incident.
CASE023-EVT025,CASE023,2025-06-16T13:43:00,P0756|P0048,LOC0002,phone_call,Interaction preceding the reported incident.
CASE023-EVT026,CASE023,2025-06-25T17:43:00,P0048|P0176,LOC0243,phone_call,Interaction preceding the reported incident.
CASE023-EVT027,CASE023,2025-06-19T13:43:00,P0176|P0346,LOC0040,vehicle_movement,Interaction preceding the reported incident.
CASE023-EVT028,CASE023,2025-06-19T22:43:00,P0346|P0479,LOC0046,meeting,Interaction preceding the reported incident.
CASE023-EVT029,CASE023,2025-06-19T00:43:00,P0479|P0182,LOC0006,phone_call,Interaction preceding the reported incident.
CASE023-EVT030,CASE023,2025-06-21T15:43:00,P0182|P0172,LOC0002,phone_call,Interaction preceding the reported incident.
CASE023-EVT031,CASE023,2025-06-16T19:43:00,P0172|P0843,LOC0176,phone_call,Interaction preceding the reported incident.
CASE023-EVT032,CASE023,2025-06-16T15:43:00,P0843|P0245,LOC0060,phone_call,Interaction preceding the reported incident.
CASE023-EVT033,CASE023,2025-06-19T14:43:00,P0245|P0596,LOC0058,phone_call,Interaction preceding the reported incident.
CASE023-EVT034,CASE023,2025-06-18T22:43:00,P0596|P0630,LOC0040,meeting,Interaction preceding the reported incident.
CASE023-EVT035,CASE023,2025-06-25T23:43:00,P0630|P0905,LOC0058,meeting,Interaction preceding the reported incident.
CASE023-EVT036,CASE023,2025-06-17T23:43:00,P0905|P0081,LOC0073,phone_call,Interaction preceding the reported incident.
CASE023-EVT037,CASE023,2025-06-21T11:43:00,P0081|P0531,LOC0243,vehicle_movement,Interaction preceding the reported incident.
CASE023-EVT038,CASE023,2025-06-16T14:43:00,P0714|P0857,LOC0207,vehicle_movement,Interaction preceding the reported incident.
CASE023-EVT039,CASE023,2025-06-20T07:43:00,P0857|P0699,LOC0069,vehicle_movement,Interaction preceding the reported incident.
CASE023-EVT040,CASE023,2025-06-17T20:43:00,P0699|P0024,LOC0092,vehicle_movement,Interaction preceding the reported incident.
CASE023-EVT041,CASE023,2025-06-19T07:43:00,P0024|P0665,LOC0197,vehicle_movement,Interaction preceding the reported incident.
CASE023-EVT042,CASE023,2025-06-20T20:43:00,P0665|P0526,LOC0136,phone_call,Interaction preceding the reported incident.
CASE023-EVT043,CASE023,2025-06-25T23:43:00,P0526|P0303,LOC0251,phone_call,Interaction preceding the reported incident.
CASE023-EVT044,CASE023,2025-06-16T06:43:00,P0303|P0123,LOC0015,phone_call,Interaction preceding the reported incident.
CASE023-EVT045,CASE023,2025-06-23T18:43:00,P0123|P0644,LOC0111,meeting,Interaction preceding the reported incident.
CASE023-EVT046,CASE023,2025-06-21T05:43:00,P0644|P0166,LOC0034,meeting,Interaction preceding the reported incident.
CASE023-EVT047,CASE023,2025-06-24T19:43:00,P0166|P0098,LOC0021,phone_call,Interaction preceding the reported incident.
CASE023-EVT048,CASE023,2025-06-18T22:43:00,P0098|P0380,LOC0091,meeting,Interaction preceding the reported incident.
CASE023-EVT049,CASE023,2025-06-24T17:43:00,P0380|P0340,LOC0078,phone_call,Interaction preceding the reported incident.
CASE023-EVT050,CASE023,2025-06-24T14:43:00,P0340|P0101,LOC0008,phone_call,Interaction preceding the reported incident.
CASE023-EVT051,CASE023,2025-06-25T01:43:00,P0101|P0397,LOC0011,meeting,Interaction preceding the reported incident.
CASE023-EVT052,CASE023,2025-06-18T12:43:00,P0397|P0970,LOC0250,meeting,Interaction preceding the reported incident.
CASE023-EVT053,CASE023,2025-06-19T15:43:00,P0970|P0386,LOC0156,vehicle_movement,Interaction preceding the reported incident.
CASE023-EVT054,CASE023,2025-06-20T01:43:00,P0386|P0602,LOC0166,phone_call,Interaction preceding the reported incident.
CASE023-EVT055,CASE023,2025-06-19T10:43:00,P0602|P0914,LOC0052,meeting,Interaction preceding the reported incident.
CASE023-EVT056,CASE023,2025-06-17T11:43:00,P0914|P0518,LOC0005,phone_call,Interaction preceding the reported incident.
CASE023-EVT057,CASE023,2025-06-21T20:43:00,P0518|P0167,LOC0053,phone_call,Interaction preceding the reported incident.
CASE023-EVT058,CASE023,2025-06-20T17:43:00,P0167|P0208,LOC0232,meeting,Interaction preceding the reported incident.
CASE023-EVT059,CASE023,2025-06-22T11:43:00,P0208|P0731,LOC0279,phone_call,Interaction preceding the reported incident.
CASE023-EVT060,CASE023,2025-06-16T10:43:00,P0731|P0431,LOC0241,meeting,Interaction preceding the reported incident.
CASE023-EVT061,CASE023,2025-06-18T11:43:00,P0431|P0594,LOC0139,phone_call,Interaction preceding the reported incident.
CASE023-EVT062,CASE023,2025-06-22T05:43:00,P0594|P0334,LOC0105,meeting,Interaction preceding the reported incident.
CASE023-EVT063,CASE023,2025-06-17T21:43:00,P0334|P0898,LOC0232,vehicle_movement,Interaction preceding the reported incident.
CASE023-EVT064,CASE023,2025-06-22T18:43:00,P0898|P0803,LOC0234,meeting,Interaction preceding the reported incident.
CASE023-EVT065,CASE023,2025-06-21T01:43:00,P0803|P0522,LOC0285,vehicle_movement,Interaction preceding the reported incident.
CASE023-EVT066,CASE023,2025-06-22T07:43:00,P0522|P0932,LOC0213,phone_call,Interaction preceding the reported incident.
CASE023-EVT067,CASE023,2025-06-22T22:43:00,P0932|P0675,LOC0107,vehicle_movement,Interaction preceding the reported incident.
CASE023-EVT068,CASE023,2025-06-24T08:43:00,P0675|P0832,LOC0083,meeting,Interaction preceding the reported incident.
CASE023-EVT069,CASE023,2025-06-25T00:43:00,P0832|P0827,LOC0068,phone_call,Interaction preceding the reported incident.
CASE023-EVT070,CASE023,2025-06-17T13:43:00,P0827|P0060,LOC0097,meeting,Interaction preceding the reported incident.
CASE023-EVT071,CASE023,2025-06-19T18:43:00,P0060|P0661,LOC0139,meeting,Interaction preceding the reported incident.
CASE023-EVT072,CASE023,2025-06-18T19:43:00,P0661|P0552,LOC0271,meeting,Interaction preceding the reported incident.
CASE023-EVT073,CASE023,2025-06-24T06:43:00,P0552|P0351,LOC0040,phone_call,Interaction preceding the reported incident.
CASE023-EVT074,CASE023,2025-06-25T12:43:00,P0351|P0629,LOC0251,meeting,Interaction preceding the reported incident.
CASE023-EVT075,CASE023,2025-06-19T06:43:00,P0629|P0353,LOC0203,vehicle_movement,Interaction preceding the reported incident.
CASE023-EVT076,CASE023,2025-06-18T12:43:00,P0531|P0714,LOC0153,phone_call,Interaction preceding the reported incident.
CASE023-EVT077,CASE023,2025-06-27T01:43:00,P0933,LOC0131,incident,Reported fake-company network incident.
CASE024-EVT001,CASE024,2025-07-13T02:50:00,P0436|P0824,LOC0056,meeting,Interaction preceding the reported incident.
CASE024-EVT002,CASE024,2025-07-05T08:50:00,P0429|P0337,LOC0152,phone_call,Interaction preceding the reported incident.
CASE024-EVT003,CASE024,2025-07-09T17:50:00,P0236|P0963,LOC0261,meeting,Interaction preceding the reported incident.
CASE024-EVT004,CASE024,2025-07-06T12:50:00,P0630|P0960,LOC0117,vehicle_movement,Interaction preceding the reported incident.
CASE024-EVT005,CASE024,2025-07-11T14:50:00,P0162|P0221,LOC0065,vehicle_movement,Interaction preceding the reported incident.
CASE024-EVT006,CASE024,2025-07-09T13:50:00,P0288|P0205,LOC0062,meeting,Interaction preceding the reported incident.
CASE024-EVT007,CASE024,2025-07-04T16:50:00,P0967|P0240,LOC0085,phone_call,Interaction preceding the reported incident.
CASE024-EVT008,CASE024,2025-07-06T23:50:00,P0366|P0885,LOC0299,phone_call,Interaction preceding the reported incident.
CASE024-EVT009,CASE024,2025-07-09T02:50:00,P0384|P0963,LOC0295,meeting,Interaction preceding the reported incident.
CASE024-EVT010,CASE024,2025-07-06T18:50:00,P0544|P0249,LOC0158,meeting,Interaction preceding the reported incident.
CASE024-EVT011,CASE024,2025-07-05T16:50:00,P0212|P0391,LOC0113,vehicle_movement,Interaction preceding the reported incident.
CASE024-EVT012,CASE024,2025-07-07T13:50:00,P0404|P0824,LOC0208,phone_call,Interaction preceding the reported incident.
CASE024-EVT013,CASE024,2025-07-03T14:50:00,P0169|P0221,LOC0172,vehicle_movement,Interaction preceding the reported incident.
CASE024-EVT014,CASE024,2025-07-10T08:50:00,P0070|P0249,LOC0198,vehicle_movement,Interaction preceding the reported incident.
CASE024-EVT015,CASE024,2025-07-03T12:50:00,P0038|P0885,LOC0219,vehicle_movement,Interaction preceding the reported incident.
CASE024-EVT016,CASE024,2025-07-08T19:50:00,P0318|P0451,LOC0281,phone_call,Interaction preceding the reported incident.
CASE024-EVT017,CASE024,2025-07-08T18:50:00,P0882|P0249,LOC0234,phone_call,Interaction preceding the reported incident.
CASE024-EVT018,CASE024,2025-07-07T23:50:00,P0772|P0240,LOC0160,vehicle_movement,Interaction preceding the reported incident.
CASE024-EVT019,CASE024,2025-07-10T13:50:00,P0206|P0963,LOC0024,vehicle_movement,Interaction preceding the reported incident.
CASE024-EVT020,CASE024,2025-07-10T12:50:00,P0241|P0885,LOC0256,phone_call,Interaction preceding the reported incident.
CASE024-EVT021,CASE024,2025-07-04T08:50:00,P0482|P0451,LOC0260,phone_call,Interaction preceding the reported incident.
CASE024-EVT022,CASE024,2025-07-10T10:50:00,P0263|P0451,LOC0198,meeting,Interaction preceding the reported incident.
CASE024-EVT023,CASE024,2025-07-06T12:50:00,P0684|P0221,LOC0206,meeting,Interaction preceding the reported incident.
CASE024-EVT024,CASE024,2025-07-07T14:50:00,P0590|P0565,LOC0152,vehicle_movement,Interaction preceding the reported incident.
CASE024-EVT025,CASE024,2025-07-08T00:50:00,P0666|P0865,LOC0181,vehicle_movement,Interaction preceding the reported incident.
CASE024-EVT026,CASE024,2025-07-09T20:50:00,P0780|P0297,LOC0272,vehicle_movement,Interaction preceding the reported incident.
CASE024-EVT027,CASE024,2025-07-10T02:50:00,P0221|P0387,LOC0215,vehicle_movement,Interaction preceding the reported incident.
CASE024-EVT028,CASE024,2025-07-04T10:50:00,P0635|P0245,LOC0250,phone_call,Interaction preceding the reported incident.
CASE024-EVT029,CASE024,2025-07-05T15:50:00,P0960|P0364,LOC0136,meeting,Interaction preceding the reported incident.
CASE024-EVT030,CASE024,2025-07-04T16:50:00,P0205|P0421,LOC0253,vehicle_movement,Interaction preceding the reported incident.
CASE024-EVT031,CASE024,2025-07-07T17:50:00,P0063|P0421,LOC0075,vehicle_movement,Interaction preceding the reported incident.
CASE024-EVT032,CASE024,2025-07-09T08:50:00,P0266|P0387,LOC0153,meeting,Interaction preceding the reported incident.
CASE024-EVT033,CASE024,2025-07-09T21:50:00,P0391|P0328,LOC0154,meeting,Interaction preceding the reported incident.
CASE024-EVT034,CASE024,2025-07-07T10:50:00,P0963|P0438,LOC0052,vehicle_movement,Interaction preceding the reported incident.
CASE024-EVT035,CASE024,2025-07-08T03:50:00,P0219|P0731,LOC0272,meeting,Interaction preceding the reported incident.
CASE024-EVT036,CASE024,2025-07-06T17:50:00,P0250|P0310,LOC0089,vehicle_movement,Interaction preceding the reported incident.
CASE024-EVT037,CASE024,2025-07-07T01:50:00,P0249|P0422,LOC0197,meeting,Interaction preceding the reported incident.
CASE024-EVT038,CASE024,2025-07-04T03:50:00,P0297|P0422,LOC0118,phone_call,Interaction preceding the reported incident.
CASE024-EVT039,CASE024,2025-07-04T03:50:00,P0337|P0302,LOC0216,phone_call,Interaction preceding the reported incident.
CASE024-EVT040,CASE024,2025-07-08T11:50:00,P0565|P0310,LOC0040,meeting,Interaction preceding the reported incident.
CASE024-EVT041,CASE024,2025-07-06T17:50:00,P0885|P0925,LOC0294,meeting,Interaction preceding the reported incident.
CASE024-EVT042,CASE024,2025-07-12T02:50:00,P0736|P0302,LOC0032,phone_call,Interaction preceding the reported incident.
CASE024-EVT043,CASE024,2025-07-11T00:50:00,P0865|P0364,LOC0008,phone_call,Interaction preceding the reported incident.
CASE024-EVT044,CASE024,2025-07-07T10:50:00,P0352|P0731,LOC0120,phone_call,Interaction preceding the reported incident.
CASE024-EVT045,CASE024,2025-07-04T19:50:00,P0878|P0310,LOC0253,phone_call,Interaction preceding the reported incident.
CASE024-EVT046,CASE024,2025-07-08T22:50:00,P0824|P0158,LOC0099,vehicle_movement,Interaction preceding the reported incident.
CASE024-EVT047,CASE024,2025-07-07T17:50:00,P0451|P0074,LOC0001,phone_call,Interaction preceding the reported incident.
CASE024-EVT048,CASE024,2025-07-06T11:50:00,P0529|P0074,LOC0235,phone_call,Interaction preceding the reported incident.
CASE024-EVT049,CASE024,2025-07-07T15:50:00,P0240|P0806,LOC0178,phone_call,Interaction preceding the reported incident.
CASE024-EVT050,CASE024,2025-07-03T08:50:00,P0491|P0541,LOC0161,meeting,Interaction preceding the reported incident.
CASE024-EVT051,CASE024,2025-07-06T00:50:00,P0353|P0182,LOC0048,meeting,Interaction preceding the reported incident.
CASE024-EVT052,CASE024,2025-07-07T21:50:00,P0850|P0438,LOC0161,meeting,Interaction preceding the reported incident.
CASE024-EVT053,CASE024,2025-07-14T03:50:00,P0436,LOC0146,incident,Reported organized theft incident.
CASE025-EVT001,CASE025,2026-02-28T03:19:00,P0510|P0603,LOC0134,vehicle_movement,Interaction preceding the reported incident.
CASE025-EVT002,CASE025,2026-02-27T06:19:00,P0510|P0711,LOC0068,meeting,Interaction preceding the reported incident.
CASE025-EVT003,CASE025,2026-02-26T21:19:00,P0603|P0711,LOC0129,vehicle_movement,Interaction preceding the reported incident.
CASE025-EVT004,CASE025,2026-03-05T23:19:00,P0603|P0223,LOC0053,phone_call,Interaction preceding the reported incident.
CASE025-EVT005,CASE025,2026-02-27T08:19:00,P0711|P0223,LOC0164,meeting,Interaction preceding the reported incident.
CASE025-EVT006,CASE025,2026-03-03T09:19:00,P0711|P0550,LOC0201,vehicle_movement,Interaction preceding the reported incident.
CASE025-EVT007,CASE025,2026-03-07T17:19:00,P0223|P0550,LOC0086,meeting,Interaction preceding the reported incident.
CASE025-EVT008,CASE025,2026-03-05T14:19:00,P0223|P0900,LOC0173,vehicle_movement,Interaction preceding the reported incident.
CASE025-EVT009,CASE025,2026-02-26T22:19:00,P0550|P0900,LOC0287,meeting,Interaction preceding the reported incident.
CASE025-EVT010,CASE025,2026-03-06T14:19:00,P0550|P0751,LOC0234,vehicle_movement,Interaction preceding the reported incident.
CASE025-EVT011,CASE025,2026-03-04T02:19:00,P0900|P0751,LOC0267,phone_call,Interaction preceding the reported incident.
CASE025-EVT012,CASE025,2026-02-27T05:19:00,P0900|P0625,LOC0214,phone_call,Interaction preceding the reported incident.
CASE025-EVT013,CASE025,2026-02-28T01:19:00,P0751|P0625,LOC0128,phone_call,Interaction preceding the reported incident.
CASE025-EVT014,CASE025,2026-03-08T17:19:00,P0510,LOC0007,incident,Reported identity fraud incident.
CASE026-EVT001,CASE026,2026-05-23T08:37:00,P0689|P0759,LOC0114,meeting,Interaction preceding the reported incident.
CASE026-EVT002,CASE026,2026-05-30T08:37:00,P0759|P0734,LOC0295,phone_call,Interaction preceding the reported incident.
CASE026-EVT003,CASE026,2026-05-27T12:37:00,P0734|P0095,LOC0158,vehicle_movement,Interaction preceding the reported incident.
CASE026-EVT004,CASE026,2026-05-26T14:37:00,P0095|P0903,LOC0135,vehicle_movement,Interaction preceding the reported incident.
CASE026-EVT005,CASE026,2026-05-26T18:37:00,P0903|P0290,LOC0010,phone_call,Interaction preceding the reported incident.
CASE026-EVT006,CASE026,2026-06-01T17:37:00,P0290|P0069,LOC0184,vehicle_movement,Interaction preceding the reported incident.
CASE026-EVT007,CASE026,2026-05-30T18:37:00,P0069|P0577,LOC0005,phone_call,Interaction preceding the reported incident.
CASE026-EVT008,CASE026,2026-05-28T00:37:00,P0577|P0162,LOC0201,meeting,Interaction preceding the reported incident.
CASE026-EVT009,CASE026,2026-05-25T23:37:00,P0162|P0034,LOC0281,meeting,Interaction preceding the reported incident.
CASE026-EVT010,CASE026,2026-05-30T19:37:00,P0034|P0843,LOC0035,phone_call,Interaction preceding the reported incident.
CASE026-EVT011,CASE026,2026-05-31T00:37:00,P0843|P0397,LOC0149,phone_call,Interaction preceding the reported incident.
CASE026-EVT012,CASE026,2026-05-24T15:37:00,P0397|P0187,LOC0096,phone_call,Interaction preceding the reported incident.
CASE026-EVT013,CASE026,2026-05-31T08:37:00,P0187|P0992,LOC0146,phone_call,Interaction preceding the reported incident.
CASE026-EVT014,CASE026,2026-05-25T21:37:00,P0992|P0946,LOC0143,vehicle_movement,Interaction preceding the reported incident.
CASE026-EVT015,CASE026,2026-05-31T21:37:00,P0946|P0473,LOC0058,vehicle_movement,Interaction preceding the reported incident.
CASE026-EVT016,CASE026,2026-05-31T13:37:00,P0473|P0979,LOC0214,vehicle_movement,Interaction preceding the reported incident.
CASE026-EVT017,CASE026,2026-05-28T15:37:00,P0979|P0767,LOC0284,meeting,Interaction preceding the reported incident.
CASE026-EVT018,CASE026,2026-05-26T20:37:00,P0767|P0895,LOC0066,meeting,Interaction preceding the reported incident.
CASE026-EVT019,CASE026,2026-05-24T19:37:00,P0895|P0431,LOC0195,vehicle_movement,Interaction preceding the reported incident.
CASE026-EVT020,CASE026,2026-06-01T02:37:00,P0431|P0851,LOC0217,meeting,Interaction preceding the reported incident.
CASE026-EVT021,CASE026,2026-05-27T18:37:00,P0851|P0773,LOC0196,vehicle_movement,Interaction preceding the reported incident.
CASE026-EVT022,CASE026,2026-05-28T02:37:00,P0773|P0394,LOC0086,vehicle_movement,Interaction preceding the reported incident.
CASE026-EVT023,CASE026,2026-05-26T21:37:00,P0394|P0153,LOC0162,meeting,Interaction preceding the reported incident.
CASE026-EVT024,CASE026,2026-05-28T01:37:00,P0153|P0849,LOC0270,meeting,Interaction preceding the reported incident.
CASE026-EVT025,CASE026,2026-05-27T14:37:00,P0849|P0883,LOC0067,meeting,Interaction preceding the reported incident.
CASE026-EVT026,CASE026,2026-05-24T00:37:00,P0883|P0094,LOC0299,phone_call,Interaction preceding the reported incident.
CASE026-EVT027,CASE026,2026-06-03T04:37:00,P0689,LOC0070,incident,Reported warehouse theft incident.
CASE027-EVT001,CASE027,2026-06-04T00:13:00,P0627|P0126,LOC0119,vehicle_movement,Interaction preceding the reported incident.
CASE027-EVT002,CASE027,2026-06-07T11:13:00,P0126|P0811,LOC0294,vehicle_movement,Interaction preceding the reported incident.
CASE027-EVT003,CASE027,2026-06-06T22:13:00,P0811|P0937,LOC0128,phone_call,Interaction preceding the reported incident.
CASE027-EVT004,CASE027,2026-06-05T12:13:00,P0937|P0203,LOC0003,phone_call,Interaction preceding the reported incident.
CASE027-EVT005,CASE027,2026-06-08T22:13:00,P0203|P0943,LOC0231,meeting,Interaction preceding the reported incident.
CASE027-EVT006,CASE027,2026-06-07T12:13:00,P0943|P0532,LOC0226,vehicle_movement,Interaction preceding the reported incident.
CASE027-EVT007,CASE027,2026-06-07T18:13:00,P0532|P0292,LOC0204,meeting,Interaction preceding the reported incident.
CASE027-EVT008,CASE027,2026-06-11T06:13:00,P0292|P0149,LOC0197,vehicle_movement,Interaction preceding the reported incident.
CASE027-EVT009,CASE027,2026-06-08T20:13:00,P0149|P0153,LOC0022,phone_call,Interaction preceding the reported incident.
CASE027-EVT010,CASE027,2026-06-09T06:13:00,P0153|P0995,LOC0226,meeting,Interaction preceding the reported incident.
CASE027-EVT011,CASE027,2026-06-04T10:13:00,P0995|P0547,LOC0271,meeting,Interaction preceding the reported incident.
CASE027-EVT012,CASE027,2026-06-06T20:13:00,P0547|P0068,LOC0037,meeting,Interaction preceding the reported incident.
CASE027-EVT013,CASE027,2026-06-11T01:13:00,P0068|P0558,LOC0047,vehicle_movement,Interaction preceding the reported incident.
CASE027-EVT014,CASE027,2026-06-13T07:13:00,P0558|P0688,LOC0059,meeting,Interaction preceding the reported incident.
CASE027-EVT015,CASE027,2026-06-06T09:13:00,P0688|P0870,LOC0282,phone_call,Interaction preceding the reported incident.
CASE027-EVT016,CASE027,2026-06-05T22:13:00,P0870|P0327,LOC0121,meeting,Interaction preceding the reported incident.
CASE027-EVT017,CASE027,2026-06-06T04:13:00,P0327|P0218,LOC0069,vehicle_movement,Interaction preceding the reported incident.
CASE027-EVT018,CASE027,2026-06-08T23:13:00,P0218|P0823,LOC0087,meeting,Interaction preceding the reported incident.
CASE027-EVT019,CASE027,2026-06-09T16:13:00,P0823|P0692,LOC0183,vehicle_movement,Interaction preceding the reported incident.
CASE027-EVT020,CASE027,2026-06-05T01:13:00,P0692|P0971,LOC0021,meeting,Interaction preceding the reported incident.
CASE027-EVT021,CASE027,2026-06-06T23:13:00,P0971|P0586,LOC0048,meeting,Interaction preceding the reported incident.
CASE027-EVT022,CASE027,2026-06-04T10:13:00,P0586|P0975,LOC0203,meeting,Interaction preceding the reported incident.
CASE027-EVT023,CASE027,2026-06-12T04:13:00,P0975|P0154,LOC0170,phone_call,Interaction preceding the reported incident.
CASE027-EVT024,CASE027,2026-06-08T20:13:00,P0154|P0664,LOC0087,meeting,Interaction preceding the reported incident.
CASE027-EVT025,CASE027,2026-06-11T23:13:00,P0664|P0258,LOC0018,meeting,Interaction preceding the reported incident.
CASE027-EVT026,CASE027,2026-06-06T19:13:00,P0258|P0066,LOC0002,vehicle_movement,Interaction preceding the reported incident.
CASE027-EVT027,CASE027,2026-06-08T11:13:00,P0066|P0541,LOC0220,phone_call,Interaction preceding the reported incident.
CASE027-EVT028,CASE027,2026-06-07T00:13:00,P0541|P0259,LOC0223,meeting,Interaction preceding the reported incident.
CASE027-EVT029,CASE027,2026-06-09T07:13:00,P0259|P0899,LOC0119,phone_call,Interaction preceding the reported incident.
CASE027-EVT030,CASE027,2026-06-04T00:13:00,P0899|P0467,LOC0259,phone_call,Interaction preceding the reported incident.
CASE027-EVT031,CASE027,2026-06-07T04:13:00,P0467|P0158,LOC0278,vehicle_movement,Interaction preceding the reported incident.
CASE027-EVT032,CASE027,2026-06-14T12:13:00,P0627,LOC0196,incident,Reported multi-city fraud network incident.
CASE028-EVT001,CASE028,2025-09-15T09:56:00,P0813|P0054,LOC0257,meeting,Interaction preceding the reported incident.
CASE028-EVT002,CASE028,2025-09-12T15:56:00,P0054|P0250,LOC0069,meeting,Interaction preceding the reported incident.
CASE028-EVT003,CASE028,2025-09-09T22:56:00,P0250|P0648,LOC0074,phone_call,Interaction preceding the reported incident.
CASE028-EVT004,CASE028,2025-09-14T11:56:00,P0648|P0502,LOC0217,meeting,Interaction preceding the reported incident.
CASE028-EVT005,CASE028,2025-09-12T20:56:00,P0502|P0146,LOC0121,vehicle_movement,Interaction preceding the reported incident.
CASE028-EVT006,CASE028,2025-09-14T18:56:00,P0431|P0430,LOC0293,phone_call,Interaction preceding the reported incident.
CASE028-EVT007,CASE028,2025-09-06T11:56:00,P0430|P0588,LOC0297,phone_call,Interaction preceding the reported incident.
CASE028-EVT008,CASE028,2025-09-13T16:56:00,P0588|P0226,LOC0158,phone_call,Interaction preceding the reported incident.
CASE028-EVT009,CASE028,2025-09-06T06:56:00,P0226|P0414,LOC0130,phone_call,Interaction preceding the reported incident.
CASE028-EVT010,CASE028,2025-09-14T11:56:00,P0414|P0003,LOC0084,phone_call,Interaction preceding the reported incident.
CASE028-EVT011,CASE028,2025-09-12T20:56:00,P0003|P0170,LOC0008,phone_call,Interaction preceding the reported incident.
CASE028-EVT012,CASE028,2025-09-10T03:56:00,P0146|P0431,LOC0298,meeting,Interaction preceding the reported incident.
CASE028-EVT013,CASE028,2025-09-16T11:56:00,P0813,LOC0079,incident,Reported insurance fraud incident.
CASE029-EVT001,CASE029,2025-09-14T16:21:00,P0849|P0341,LOC0052,vehicle_movement,Interaction preceding the reported incident.
CASE029-EVT002,CASE029,2025-09-20T13:21:00,P0125|P0171,LOC0233,meeting,Interaction preceding the reported incident.
CASE029-EVT003,CASE029,2025-09-10T23:21:00,P0378|P0822,LOC0164,meeting,Interaction preceding the reported incident.
CASE029-EVT004,CASE029,2025-09-14T16:21:00,P0842|P0933,LOC0076,vehicle_movement,Interaction preceding the reported incident.
CASE029-EVT005,CASE029,2025-09-20T08:21:00,P0634|P0810,LOC0221,phone_call,Interaction preceding the reported incident.
CASE029-EVT006,CASE029,2025-09-11T13:21:00,P0282|P0870,LOC0116,phone_call,Interaction preceding the reported incident.
CASE029-EVT007,CASE029,2025-09-11T02:21:00,P0597|P0986,LOC0256,meeting,Interaction preceding the reported incident.
CASE029-EVT008,CASE029,2025-09-15T14:21:00,P0322|P0901,LOC0263,vehicle_movement,Interaction preceding the reported incident.
CASE029-EVT009,CASE029,2025-09-17T19:21:00,P0791|P0845,LOC0188,vehicle_movement,Interaction preceding the reported incident.
CASE029-EVT010,CASE029,2025-09-21T19:21:00,P0849,LOC0140,incident,Reported financial fraud incident.
CASE030-EVT001,CASE030,2025-06-16T14:26:00,P0026|P0501,LOC0075,meeting,Interaction preceding the reported incident.
CASE030-EVT002,CASE030,2025-06-08T02:26:00,P0374|P0320,LOC0260,phone_call,Interaction preceding the reported incident.
CASE030-EVT003,CASE030,2025-06-14T17:26:00,P0477|P0327,LOC0102,vehicle_movement,Interaction preceding the reported incident.
CASE030-EVT004,CASE030,2025-06-08T03:26:00,P0813|P0375,LOC0229,vehicle_movement,Interaction preceding the reported incident.
CASE030-EVT005,CASE030,2025-06-14T01:26:00,P0740|P0011,LOC0065,phone_call,Interaction preceding the reported incident.
CASE030-EVT006,CASE030,2025-06-09T13:26:00,P0857|P0354,LOC0112,meeting,Interaction preceding the reported incident.
CASE030-EVT007,CASE030,2025-06-17T15:26:00,P0411|P0027,LOC0291,phone_call,Interaction preceding the reported incident.
CASE030-EVT008,CASE030,2025-06-13T12:26:00,P0269|P0818,LOC0133,meeting,Interaction preceding the reported incident.
CASE030-EVT009,CASE030,2025-06-14T00:26:00,P0984|P0883,LOC0008,vehicle_movement,Interaction preceding the reported incident.
CASE030-EVT010,CASE030,2025-06-08T13:26:00,P0355|P0055,LOC0276,meeting,Interaction preceding the reported incident.
CASE030-EVT011,CASE030,2025-06-17T15:26:00,P0697|P0716,LOC0283,phone_call,Interaction preceding the reported incident.
CASE030-EVT012,CASE030,2025-06-11T10:26:00,P0478|P0880,LOC0004,meeting,Interaction preceding the reported incident.
CASE030-EVT013,CASE030,2025-06-09T15:26:00,P0409|P0489,LOC0012,vehicle_movement,Interaction preceding the reported incident.
CASE030-EVT014,CASE030,2025-06-09T10:26:00,P0810|P0016,LOC0083,phone_call,Interaction preceding the reported incident.
CASE030-EVT015,CASE030,2025-06-12T16:26:00,P0069|P0184,LOC0186,vehicle_movement,Interaction preceding the reported incident.
CASE030-EVT016,CASE030,2025-06-12T06:26:00,P0758|P0920,LOC0079,meeting,Interaction preceding the reported incident.
CASE030-EVT017,CASE030,2025-06-10T20:26:00,P0266|P0596,LOC0127,vehicle_movement,Interaction preceding the reported incident.
CASE030-EVT018,CASE030,2025-06-18T20:26:00,P0026,LOC0184,incident,Reported robbery network incident.
CASE031-EVT001,CASE031,2026-01-12T00:11:00,P0323|P0805,LOC0264,meeting,Interaction preceding the reported incident.
CASE031-EVT002,CASE031,2026-01-19T04:11:00,P0117|P0170,LOC0020,phone_call,Interaction preceding the reported incident.
CASE031-EVT003,CASE031,2026-01-13T09:11:00,P0160|P0978,LOC0053,meeting,Interaction preceding the reported incident.
CASE031-EVT004,CASE031,2026-01-21T04:11:00,P0694|P0595,LOC0120,meeting,Interaction preceding the reported incident.
CASE031-EVT005,CASE031,2026-01-15T15:11:00,P0139|P0999,LOC0155,meeting,Interaction preceding the reported incident.
CASE031-EVT006,CASE031,2026-01-18T18:11:00,P0998|P0211,LOC0126,phone_call,Interaction preceding the reported incident.
CASE031-EVT007,CASE031,2026-01-15T21:11:00,P0533|P0440,LOC0034,vehicle_movement,Interaction preceding the reported incident.
CASE031-EVT008,CASE031,2026-01-17T22:11:00,P0778|P0927,LOC0221,vehicle_movement,Interaction preceding the reported incident.
CASE031-EVT009,CASE031,2026-01-15T09:11:00,P0770|P0495,LOC0040,phone_call,Interaction preceding the reported incident.
CASE031-EVT010,CASE031,2026-01-13T17:11:00,P0016|P0494,LOC0215,phone_call,Interaction preceding the reported incident.
CASE031-EVT011,CASE031,2026-01-18T09:11:00,P0107|P0603,LOC0143,vehicle_movement,Interaction preceding the reported incident.
CASE031-EVT012,CASE031,2026-01-17T09:11:00,P0539|P0260,LOC0237,meeting,Interaction preceding the reported incident.
CASE031-EVT013,CASE031,2026-01-15T11:11:00,P0898|P0997,LOC0201,phone_call,Interaction preceding the reported incident.
CASE031-EVT014,CASE031,2026-01-15T01:11:00,P0723|P0466,LOC0129,phone_call,Interaction preceding the reported incident.
CASE031-EVT015,CASE031,2026-01-19T23:11:00,P0541|P0480,LOC0124,vehicle_movement,Interaction preceding the reported incident.
CASE031-EVT016,CASE031,2026-01-17T01:11:00,P0492|P0885,LOC0182,meeting,Interaction preceding the reported incident.
CASE031-EVT017,CASE031,2026-01-17T01:11:00,P0922|P0514,LOC0010,meeting,Interaction preceding the reported incident.
CASE031-EVT018,CASE031,2026-01-21T10:11:00,P0940|P0656,LOC0080,phone_call,Interaction preceding the reported incident.
CASE031-EVT019,CASE031,2026-01-15T20:11:00,P0034|P0055,LOC0291,meeting,Interaction preceding the reported incident.
CASE031-EVT020,CASE031,2026-01-20T07:11:00,P0593|P0611,LOC0151,phone_call,Interaction preceding the reported incident.
CASE031-EVT021,CASE031,2026-01-19T23:11:00,P0629|P0780,LOC0258,vehicle_movement,Interaction preceding the reported incident.
CASE031-EVT022,CASE031,2026-01-13T20:11:00,P0022|P0575,LOC0146,phone_call,Interaction preceding the reported incident.
CASE031-EVT023,CASE031,2026-01-21T00:11:00,P0269|P0263,LOC0225,phone_call,Interaction preceding the reported incident.
CASE031-EVT024,CASE031,2026-01-20T21:11:00,P0327|P0423,LOC0034,vehicle_movement,Interaction preceding the reported incident.
CASE031-EVT025,CASE031,2026-01-14T22:11:00,P0243|P0929,LOC0039,vehicle_movement,Interaction preceding the reported incident.
CASE031-EVT026,CASE031,2026-01-13T18:11:00,P0788|P0058,LOC0203,phone_call,Interaction preceding the reported incident.
CASE031-EVT027,CASE031,2026-01-18T18:11:00,P0484|P0100,LOC0039,meeting,Interaction preceding the reported incident.
CASE031-EVT028,CASE031,2026-01-14T02:11:00,P0585|P0353,LOC0075,vehicle_movement,Interaction preceding the reported incident.
CASE031-EVT029,CASE031,2026-01-13T23:11:00,P0763|P0869,LOC0110,vehicle_movement,Interaction preceding the reported incident.
CASE031-EVT030,CASE031,2026-01-21T02:11:00,P0787|P0481,LOC0066,phone_call,Interaction preceding the reported incident.
CASE031-EVT031,CASE031,2026-01-17T07:11:00,P0802|P0883,LOC0268,vehicle_movement,Interaction preceding the reported incident.
CASE031-EVT032,CASE031,2026-01-14T19:11:00,P0919|P0094,LOC0008,meeting,Interaction preceding the reported incident.
CASE031-EVT033,CASE031,2026-01-14T11:11:00,P0738|P0120,LOC0147,vehicle_movement,Interaction preceding the reported incident.
CASE031-EVT034,CASE031,2026-01-12T17:11:00,P0207|P0948,LOC0109,phone_call,Interaction preceding the reported incident.
CASE031-EVT035,CASE031,2026-01-13T07:11:00,P0281|P0635,LOC0093,meeting,Interaction preceding the reported incident.
CASE031-EVT036,CASE031,2026-01-15T06:11:00,P0033|P0512,LOC0002,vehicle_movement,Interaction preceding the reported incident.
CASE031-EVT037,CASE031,2026-01-12T02:11:00,P0192|P0887,LOC0296,phone_call,Interaction preceding the reported incident.
CASE031-EVT038,CASE031,2026-01-17T06:11:00,P0557|P0054,LOC0175,vehicle_movement,Interaction preceding the reported incident.
CASE031-EVT039,CASE031,2026-01-22T11:11:00,P0323,LOC0142,incident,Reported insurance fraud incident.
CASE032-EVT001,CASE032,2025-12-25T06:51:00,P0019|P0207,LOC0028,vehicle_movement,Interaction preceding the reported incident.
CASE032-EVT002,CASE032,2025-12-24T10:51:00,P0791|P0994,LOC0254,phone_call,Interaction preceding the reported incident.
CASE032-EVT003,CASE032,2025-12-26T17:51:00,P0918|P0773,LOC0157,phone_call,Interaction preceding the reported incident.
CASE032-EVT004,CASE032,2025-12-28T08:51:00,P0615|P0207,LOC0035,vehicle_movement,Interaction preceding the reported incident.
CASE032-EVT005,CASE032,2025-12-26T08:51:00,P0716|P0649,LOC0162,meeting,Interaction preceding the reported incident.
CASE032-EVT006,CASE032,2025-12-24T23:51:00,P0210|P0773,LOC0031,phone_call,Interaction preceding the reported incident.
CASE032-EVT007,CASE032,2025-12-28T10:51:00,P0614|P0583,LOC0086,phone_call,Interaction preceding the reported incident.
CASE032-EVT008,CASE032,2025-12-30T05:51:00,P0207|P0138,LOC0027,phone_call,Interaction preceding the reported incident.
CASE032-EVT009,CASE032,2025-12-28T09:51:00,P0773|P0583,LOC0221,phone_call,Interaction preceding the reported incident.
CASE032-EVT010,CASE032,2025-12-24T15:51:00,P0994|P0631,LOC0194,phone_call,Interaction preceding the reported incident.
CASE032-EVT011,CASE032,2025-12-21T00:51:00,P0832|P0138,LOC0261,phone_call,Interaction preceding the reported incident.
CASE032-EVT012,CASE032,2025-12-27T21:51:00,P0649|P0138,LOC0140,vehicle_movement,Interaction preceding the reported incident.
CASE032-EVT013,CASE032,2025-12-31T11:51:00,P0019,LOC0066,incident,Reported document forgery incident.
CASE033-EVT001,CASE033,2025-06-23T09:23:00,P0535|P0490,LOC0149,meeting,Interaction preceding the reported incident.
CASE033-EVT002,CASE033,2025-06-28T17:23:00,P0490|P0979,LOC0174,meeting,Interaction preceding the reported incident.
CASE033-EVT003,CASE033,2025-07-01T02:23:00,P0979|P0095,LOC0008,vehicle_movement,Interaction preceding the reported incident.
CASE033-EVT004,CASE033,2025-06-30T09:23:00,P0095|P0059,LOC0131,meeting,Interaction preceding the reported incident.
CASE033-EVT005,CASE033,2025-06-23T11:23:00,P0059|P0844,LOC0059,vehicle_movement,Interaction preceding the reported incident.
CASE033-EVT006,CASE033,2025-06-28T12:23:00,P0844|P0560,LOC0244,meeting,Interaction preceding the reported incident.
CASE033-EVT007,CASE033,2025-06-26T01:23:00,P0560|P0675,LOC0029,meeting,Interaction preceding the reported incident.
CASE033-EVT008,CASE033,2025-06-28T10:23:00,P0675|P0642,LOC0028,meeting,Interaction preceding the reported incident.
CASE033-EVT009,CASE033,2025-06-24T07:23:00,P0642|P0823,LOC0157,vehicle_movement,Interaction preceding the reported incident.
CASE033-EVT010,CASE033,2025-06-29T06:23:00,P0823|P0752,LOC0093,meeting,Interaction preceding the reported incident.
CASE033-EVT011,CASE033,2025-06-28T02:23:00,P0752|P0799,LOC0264,meeting,Interaction preceding the reported incident.
CASE033-EVT012,CASE033,2025-06-27T11:23:00,P0799|P0388,LOC0171,vehicle_movement,Interaction preceding the reported incident.
CASE033-EVT013,CASE033,2025-06-26T14:23:00,P0388|P0094,LOC0257,meeting,Interaction preceding the reported incident.
CASE033-EVT014,CASE033,2025-07-02T02:23:00,P0535,LOC0151,incident,Reported money-laundering-style financial network incident.
CASE034-EVT001,CASE034,2026-07-01T12:09:00,P0287|P0216,LOC0179,vehicle_movement,Interaction preceding the reported incident.
CASE034-EVT002,CASE034,2026-07-02T12:09:00,P0216|P0251,LOC0103,vehicle_movement,Interaction preceding the reported incident.
CASE034-EVT003,CASE034,2026-07-06T19:09:00,P0287,LOC0191,incident,Reported identity fraud incident.
CASE035-EVT001,CASE035,2025-10-17T22:13:00,P0414|P0894,LOC0277,vehicle_movement,Interaction preceding the reported incident.
CASE035-EVT002,CASE035,2025-10-16T08:13:00,P0414|P0856,LOC0152,meeting,Interaction preceding the reported incident.
CASE035-EVT003,CASE035,2025-10-16T01:13:00,P0414|P0418,LOC0086,vehicle_movement,Interaction preceding the reported incident.
CASE035-EVT004,CASE035,2025-10-20T02:13:00,P0414|P0770,LOC0292,vehicle_movement,Interaction preceding the reported incident.
CASE035-EVT005,CASE035,2025-10-19T23:13:00,P0414|P0180,LOC0124,phone_call,Interaction preceding the reported incident.
CASE035-EVT006,CASE035,2025-10-20T01:13:00,P0414|P0483,LOC0206,vehicle_movement,Interaction preceding the reported incident.
CASE035-EVT007,CASE035,2025-10-17T02:13:00,P0414|P0938,LOC0245,phone_call,Interaction preceding the reported incident.
CASE035-EVT008,CASE035,2025-10-20T20:13:00,P0414|P0064,LOC0184,vehicle_movement,Interaction preceding the reported incident.
CASE035-EVT009,CASE035,2025-10-24T11:13:00,P0414|P0124,LOC0083,phone_call,Interaction preceding the reported incident.
CASE035-EVT010,CASE035,2025-10-16T08:13:00,P0414|P0660,LOC0242,vehicle_movement,Interaction preceding the reported incident.
CASE035-EVT011,CASE035,2025-10-24T09:13:00,P0414|P0076,LOC0192,meeting,Interaction preceding the reported incident.
CASE035-EVT012,CASE035,2025-10-16T10:13:00,P0414|P0235,LOC0237,vehicle_movement,Interaction preceding the reported incident.
CASE035-EVT013,CASE035,2025-10-14T20:13:00,P0414|P0387,LOC0033,vehicle_movement,Interaction preceding the reported incident.
CASE035-EVT014,CASE035,2025-10-20T11:13:00,P0414|P0925,LOC0260,vehicle_movement,Interaction preceding the reported incident.
CASE035-EVT015,CASE035,2025-10-19T23:13:00,P0414|P0299,LOC0199,vehicle_movement,Interaction preceding the reported incident.
CASE035-EVT016,CASE035,2025-10-17T07:13:00,P0414|P0244,LOC0189,phone_call,Interaction preceding the reported incident.
CASE035-EVT017,CASE035,2025-10-24T08:13:00,P0414|P0291,LOC0255,phone_call,Interaction preceding the reported incident.
CASE035-EVT018,CASE035,2025-10-17T12:13:00,P0414|P0530,LOC0104,phone_call,Interaction preceding the reported incident.
CASE035-EVT019,CASE035,2025-10-17T20:13:00,P0414|P0243,LOC0203,meeting,Interaction preceding the reported incident.
CASE035-EVT020,CASE035,2025-10-24T01:13:00,P0414|P0261,LOC0254,meeting,Interaction preceding the reported incident.
CASE035-EVT021,CASE035,2025-10-17T08:13:00,P0414|P0727,LOC0105,meeting,Interaction preceding the reported incident.
CASE035-EVT022,CASE035,2025-10-16T23:13:00,P0414|P0587,LOC0164,vehicle_movement,Interaction preceding the reported incident.
CASE035-EVT023,CASE035,2025-10-22T14:13:00,P0414|P0832,LOC0160,vehicle_movement,Interaction preceding the reported incident.
CASE035-EVT024,CASE035,2025-10-16T16:13:00,P0414|P0210,LOC0258,meeting,Interaction preceding the reported incident.
CASE035-EVT025,CASE035,2025-10-21T10:13:00,P0414|P0070,LOC0161,vehicle_movement,Interaction preceding the reported incident.
CASE035-EVT026,CASE035,2025-10-23T06:13:00,P0414|P0537,LOC0190,vehicle_movement,Interaction preceding the reported incident.
CASE035-EVT027,CASE035,2025-10-20T13:13:00,P0414|P0968,LOC0141,meeting,Interaction preceding the reported incident.
CASE035-EVT028,CASE035,2025-10-24T02:13:00,P0414|P0930,LOC0216,phone_call,Interaction preceding the reported incident.
CASE035-EVT029,CASE035,2025-10-19T10:13:00,P0414|P0741,LOC0099,vehicle_movement,Interaction preceding the reported incident.
CASE035-EVT030,CASE035,2025-10-17T03:13:00,P0414|P0236,LOC0025,vehicle_movement,Interaction preceding the reported incident.
CASE035-EVT031,CASE035,2025-10-24T12:13:00,P0414|P0361,LOC0095,phone_call,Interaction preceding the reported incident.
CASE035-EVT032,CASE035,2025-10-17T13:13:00,P0414|P0569,LOC0222,meeting,Interaction preceding the reported incident.
CASE035-EVT033,CASE035,2025-10-16T04:13:00,P0414|P0628,LOC0213,meeting,Interaction preceding the reported incident.
CASE035-EVT034,CASE035,2025-10-16T14:13:00,P0414|P0276,LOC0252,meeting,Interaction preceding the reported incident.
CASE035-EVT035,CASE035,2025-10-23T23:13:00,P0414|P0931,LOC0052,phone_call,Interaction preceding the reported incident.
CASE035-EVT036,CASE035,2025-10-23T16:13:00,P0414|P0100,LOC0272,vehicle_movement,Interaction preceding the reported incident.
CASE035-EVT037,CASE035,2025-10-18T09:13:00,P0414|P0193,LOC0040,vehicle_movement,Interaction preceding the reported incident.
CASE035-EVT038,CASE035,2025-10-21T13:13:00,P0414|P0839,LOC0264,meeting,Interaction preceding the reported incident.
CASE035-EVT039,CASE035,2025-10-24T10:13:00,P0414|P0428,LOC0033,vehicle_movement,Interaction preceding the reported incident.
CASE035-EVT040,CASE035,2025-10-15T03:13:00,P0414|P0729,LOC0144,meeting,Interaction preceding the reported incident.
CASE035-EVT041,CASE035,2025-10-16T04:13:00,P0414|P0564,LOC0014,vehicle_movement,Interaction preceding the reported incident.
CASE035-EVT042,CASE035,2025-10-19T00:13:00,P0414|P0001,LOC0129,vehicle_movement,Interaction preceding the reported incident.
CASE035-EVT043,CASE035,2025-10-19T12:13:00,P0414|P0423,LOC0048,vehicle_movement,Interaction preceding the reported incident.
CASE035-EVT044,CASE035,2025-10-20T15:13:00,P0414|P0252,LOC0217,phone_call,Interaction preceding the reported incident.
CASE035-EVT045,CASE035,2025-10-14T20:13:00,P0414|P0590,LOC0157,meeting,Interaction preceding the reported incident.
CASE035-EVT046,CASE035,2025-10-22T15:13:00,P0414|P0278,LOC0016,meeting,Interaction preceding the reported incident.
CASE035-EVT047,CASE035,2025-10-22T10:13:00,P0414|P0306,LOC0117,phone_call,Interaction preceding the reported incident.
CASE035-EVT048,CASE035,2025-10-16T03:13:00,P0414|P0972,LOC0185,meeting,Interaction preceding the reported incident.
CASE035-EVT049,CASE035,2025-10-23T02:13:00,P0414|P0020,LOC0246,meeting,Interaction preceding the reported incident.
CASE035-EVT050,CASE035,2025-10-21T22:13:00,P0414|P0300,LOC0201,meeting,Interaction preceding the reported incident.
CASE035-EVT051,CASE035,2025-10-21T06:13:00,P0414|P0634,LOC0102,vehicle_movement,Interaction preceding the reported incident.
CASE035-EVT052,CASE035,2025-10-25T16:13:00,P0414,LOC0298,incident,Reported multi-city fraud network incident.
CASE036-EVT001,CASE036,2025-07-22T18:04:00,P0970|P0954,LOC0203,vehicle_movement,Interaction preceding the reported incident.
CASE036-EVT002,CASE036,2025-07-22T19:04:00,P0954|P0595,LOC0201,meeting,Interaction preceding the reported incident.
CASE036-EVT003,CASE036,2025-07-20T00:04:00,P0595|P0351,LOC0052,vehicle_movement,Interaction preceding the reported incident.
CASE036-EVT004,CASE036,2025-07-28T07:04:00,P0351|P0851,LOC0196,meeting,Interaction preceding the reported incident.
CASE036-EVT005,CASE036,2025-07-29T11:04:00,P0851|P0437,LOC0291,meeting,Interaction preceding the reported incident.
CASE036-EVT006,CASE036,2025-07-24T10:04:00,P0437|P0442,LOC0120,phone_call,Interaction preceding the reported incident.
CASE036-EVT007,CASE036,2025-07-27T09:04:00,P0442|P0644,LOC0037,meeting,Interaction preceding the reported incident.
CASE036-EVT008,CASE036,2025-07-30T20:04:00,P0970,LOC0262,incident,Reported money-laundering-style financial network incident.
CASE037-EVT001,CASE037,2026-06-15T01:16:00,P0557|P0441,LOC0283,vehicle_movement,Interaction preceding the reported incident.
CASE037-EVT002,CASE037,2026-06-14T09:16:00,P0557|P0599,LOC0089,vehicle_movement,Interaction preceding the reported incident.
CASE037-EVT003,CASE037,2026-06-18T14:16:00,P0723|P0094,LOC0188,vehicle_movement,Interaction preceding the reported incident.
CASE037-EVT004,CASE037,2026-06-17T06:16:00,P0557|P0926,LOC0074,meeting,Interaction preceding the reported incident.
CASE037-EVT005,CASE037,2026-06-12T06:16:00,P0557|P0063,LOC0124,vehicle_movement,Interaction preceding the reported incident.
CASE037-EVT006,CASE037,2026-06-15T23:16:00,P0723|P0159,LOC0093,meeting,Interaction preceding the reported incident.
CASE037-EVT007,CASE037,2026-06-16T16:16:00,P0723|P0644,LOC0281,meeting,Interaction preceding the reported incident.
CASE037-EVT008,CASE037,2026-06-17T19:16:00,P0723|P0047,LOC0180,phone_call,Interaction preceding the reported incident.
CASE037-EVT009,CASE037,2026-06-15T14:16:00,P0557|P0708,LOC0036,vehicle_movement,Interaction preceding the reported incident.
CASE037-EVT010,CASE037,2026-06-10T09:16:00,P0723|P0419,LOC0123,phone_call,Interaction preceding the reported incident.
CASE037-EVT011,CASE037,2026-06-11T18:16:00,P0723|P0852,LOC0174,vehicle_movement,Interaction preceding the reported incident.
CASE037-EVT012,CASE037,2026-06-12T04:16:00,P0723|P0545,LOC0170,phone_call,Interaction preceding the reported incident.
CASE037-EVT013,CASE037,2026-06-13T00:16:00,P0723|P0881,LOC0130,vehicle_movement,Interaction preceding the reported incident.
CASE037-EVT014,CASE037,2026-06-11T23:16:00,P0723|P0609,LOC0176,meeting,Interaction preceding the reported incident.
CASE037-EVT015,CASE037,2026-06-13T14:16:00,P0723|P0004,LOC0193,phone_call,Interaction preceding the reported incident.
CASE037-EVT016,CASE037,2026-06-19T19:16:00,P0723,LOC0196,incident,Reported document forgery incident.
CASE038-EVT001,CASE038,2026-06-09T16:56:00,P0899|P0938,LOC0162,meeting,Interaction preceding the reported incident.
CASE038-EVT002,CASE038,2026-06-12T04:56:00,P0938|P0818,LOC0282,vehicle_movement,Interaction preceding the reported incident.
CASE038-EVT003,CASE038,2026-06-08T22:56:00,P0818|P0514,LOC0261,vehicle_movement,Interaction preceding the reported incident.
CASE038-EVT004,CASE038,2026-06-11T07:56:00,P0514|P0426,LOC0265,phone_call,Interaction preceding the reported incident.
CASE038-EVT005,CASE038,2026-06-15T00:56:00,P0426|P0781,LOC0166,meeting,Interaction preceding the reported incident.
CASE038-EVT006,CASE038,2026-06-17T01:56:00,P0781|P0239,LOC0002,phone_call,Interaction preceding the reported incident.
CASE038-EVT007,CASE038,2026-06-15T05:56:00,P0239|P0158,LOC0145,meeting,Interaction preceding the reported incident.
CASE038-EVT008,CASE038,2026-06-19T16:56:00,P0899,LOC0131,incident,Reported courier-based criminal network incident.
CASE039-EVT001,CASE039,2025-12-14T18:22:00,P0826|P0285,LOC0273,meeting,Interaction preceding the reported incident.
CASE039-EVT002,CASE039,2025-12-17T18:22:00,P0826|P0054,LOC0066,vehicle_movement,Interaction preceding the reported incident.
CASE039-EVT003,CASE039,2025-12-17T05:22:00,P0285|P0054,LOC0190,phone_call,Interaction preceding the reported incident.
CASE039-EVT004,CASE039,2025-12-17T23:22:00,P0285|P0608,LOC0017,meeting,Interaction preceding the reported incident.
CASE039-EVT005,CASE039,2025-12-20T15:22:00,P0054|P0608,LOC0282,phone_call,Interaction preceding the reported incident.
CASE039-EVT006,CASE039,2025-12-16T01:22:00,P0054|P0458,LOC0194,vehicle_movement,Interaction preceding the reported incident.
CASE039-EVT007,CASE039,2025-12-20T03:22:00,P0608|P0458,LOC0142,phone_call,Interaction preceding the reported incident.
CASE039-EVT008,CASE039,2025-12-19T09:22:00,P0608|P0364,LOC0278,phone_call,Interaction preceding the reported incident.
CASE039-EVT009,CASE039,2025-12-19T16:22:00,P0458|P0364,LOC0169,vehicle_movement,Interaction preceding the reported incident.
CASE039-EVT010,CASE039,2025-12-19T03:22:00,P0458|P0085,LOC0154,vehicle_movement,Interaction preceding the reported incident.
CASE039-EVT011,CASE039,2025-12-16T22:22:00,P0364|P0085,LOC0063,meeting,Interaction preceding the reported incident.
CASE039-EVT012,CASE039,2025-12-14T00:22:00,P0364|P0244,LOC0030,phone_call,Interaction preceding the reported incident.
CASE039-EVT013,CASE039,2025-12-23T07:22:00,P0085|P0244,LOC0160,phone_call,Interaction preceding the reported incident.
CASE039-EVT014,CASE039,2025-12-19T08:22:00,P0085|P0234,LOC0234,vehicle_movement,Interaction preceding the reported incident.
CASE039-EVT015,CASE039,2025-12-20T19:22:00,P0244|P0234,LOC0020,meeting,Interaction preceding the reported incident.
CASE039-EVT016,CASE039,2025-12-22T19:22:00,P0244|P0463,LOC0300,phone_call,Interaction preceding the reported incident.
CASE039-EVT017,CASE039,2025-12-15T21:22:00,P0234|P0463,LOC0249,meeting,Interaction preceding the reported incident.
CASE039-EVT018,CASE039,2025-12-23T09:22:00,P0234|P0730,LOC0035,vehicle_movement,Interaction preceding the reported incident.
CASE039-EVT019,CASE039,2025-12-23T09:22:00,P0463|P0730,LOC0135,phone_call,Interaction preceding the reported incident.
CASE039-EVT020,CASE039,2025-12-14T11:22:00,P0463|P0564,LOC0094,vehicle_movement,Interaction preceding the reported incident.
CASE039-EVT021,CASE039,2025-12-22T10:22:00,P0730|P0564,LOC0075,vehicle_movement,Interaction preceding the reported incident.
CASE039-EVT022,CASE039,2025-12-22T19:22:00,P0730|P0279,LOC0100,vehicle_movement,Interaction preceding the reported incident.
CASE039-EVT023,CASE039,2025-12-20T07:22:00,P0564|P0279,LOC0239,meeting,Interaction preceding the reported incident.
CASE039-EVT024,CASE039,2025-12-18T16:22:00,P0564|P0981,LOC0178,meeting,Interaction preceding the reported incident.
CASE039-EVT025,CASE039,2025-12-14T08:22:00,P0279|P0981,LOC0148,vehicle_movement,Interaction preceding the reported incident.
CASE039-EVT026,CASE039,2025-12-18T17:22:00,P0279|P0597,LOC0161,meeting,Interaction preceding the reported incident.
CASE039-EVT027,CASE039,2025-12-22T04:22:00,P0981|P0597,LOC0179,vehicle_movement,Interaction preceding the reported incident.
CASE039-EVT028,CASE039,2025-12-22T01:22:00,P0981|P0143,LOC0007,phone_call,Interaction preceding the reported incident.
CASE039-EVT029,CASE039,2025-12-18T00:22:00,P0597|P0143,LOC0095,phone_call,Interaction preceding the reported incident.
CASE039-EVT030,CASE039,2025-12-23T06:22:00,P0597|P0581,LOC0089,phone_call,Interaction preceding the reported incident.
CASE039-EVT031,CASE039,2025-12-18T10:22:00,P0143|P0581,LOC0022,phone_call,Interaction preceding the reported incident.
CASE039-EVT032,CASE039,2025-12-18T07:22:00,P0143|P0264,LOC0137,meeting,Interaction preceding the reported incident.
CASE039-EVT033,CASE039,2025-12-20T06:22:00,P0581|P0264,LOC0257,phone_call,Interaction preceding the reported incident.
CASE039-EVT034,CASE039,2025-12-15T10:22:00,P0581|P0817,LOC0264,meeting,Interaction preceding the reported incident.
CASE039-EVT035,CASE039,2025-12-23T08:22:00,P0264|P0817,LOC0262,vehicle_movement,Interaction preceding the reported incident.
CASE039-EVT036,CASE039,2025-12-22T17:22:00,P0264|P0004,LOC0045,phone_call,Interaction preceding the reported incident.
CASE039-EVT037,CASE039,2025-12-16T08:22:00,P0817|P0004,LOC0240,vehicle_movement,Interaction preceding the reported incident.
CASE039-EVT038,CASE039,2025-12-13T22:22:00,P0817|P0894,LOC0082,vehicle_movement,Interaction preceding the reported incident.
CASE039-EVT039,CASE039,2025-12-16T16:22:00,P0004|P0894,LOC0112,meeting,Interaction preceding the reported incident.
CASE039-EVT040,CASE039,2025-12-16T05:22:00,P0004|P0342,LOC0164,phone_call,Interaction preceding the reported incident.
CASE039-EVT041,CASE039,2025-12-20T07:22:00,P0894|P0342,LOC0197,meeting,Interaction preceding the reported incident.
CASE039-EVT042,CASE039,2025-12-16T16:22:00,P0894|P0920,LOC0032,phone_call,Interaction preceding the reported incident.
CASE039-EVT043,CASE039,2025-12-15T01:22:00,P0342|P0920,LOC0180,phone_call,Interaction preceding the reported incident.
CASE039-EVT044,CASE039,2025-12-14T03:22:00,P0342|P0425,LOC0023,phone_call,Interaction preceding the reported incident.
CASE039-EVT045,CASE039,2025-12-13T23:22:00,P0920|P0425,LOC0020,phone_call,Interaction preceding the reported incident.
CASE039-EVT046,CASE039,2025-12-21T01:22:00,P0920|P0490,LOC0291,vehicle_movement,Interaction preceding the reported incident.
CASE039-EVT047,CASE039,2025-12-21T05:22:00,P0425|P0490,LOC0139,vehicle_movement,Interaction preceding the reported incident.
CASE039-EVT048,CASE039,2025-12-19T21:22:00,P0425|P0711,LOC0081,meeting,Interaction preceding the reported incident.
CASE039-EVT049,CASE039,2025-12-21T06:22:00,P0490|P0711,LOC0077,phone_call,Interaction preceding the reported incident.
CASE039-EVT050,CASE039,2025-12-16T17:22:00,P0490|P0984,LOC0191,phone_call,Interaction preceding the reported incident.
CASE039-EVT051,CASE039,2025-12-21T19:22:00,P0711|P0984,LOC0029,phone_call,Interaction preceding the reported incident.
CASE039-EVT052,CASE039,2025-12-14T01:22:00,P0711|P0737,LOC0176,meeting,Interaction preceding the reported incident.
CASE039-EVT053,CASE039,2025-12-20T23:22:00,P0984|P0737,LOC0019,meeting,Interaction preceding the reported incident.
CASE039-EVT054,CASE039,2025-12-14T01:22:00,P0984|P0811,LOC0272,vehicle_movement,Interaction preceding the reported incident.
CASE039-EVT055,CASE039,2025-12-21T21:22:00,P0737|P0811,LOC0201,phone_call,Interaction preceding the reported incident.
CASE039-EVT056,CASE039,2025-12-22T23:22:00,P0737|P0047,LOC0181,phone_call,Interaction preceding the reported incident.
CASE039-EVT057,CASE039,2025-12-21T20:22:00,P0811|P0047,LOC0077,meeting,Interaction preceding the reported incident.
CASE039-EVT058,CASE039,2025-12-20T23:22:00,P0811|P0697,LOC0200,vehicle_movement,Interaction preceding the reported incident.
CASE039-EVT059,CASE039,2025-12-20T01:22:00,P0047|P0697,LOC0228,meeting,Interaction preceding the reported incident.
CASE039-EVT060,CASE039,2025-12-20T21:22:00,P0047|P0961,LOC0216,meeting,Interaction preceding the reported incident.
CASE039-EVT061,CASE039,2025-12-17T02:22:00,P0697|P0961,LOC0032,meeting,Interaction preceding the reported incident.
CASE039-EVT062,CASE039,2025-12-19T08:22:00,P0697|P0093,LOC0055,vehicle_movement,Interaction preceding the reported incident.
CASE039-EVT063,CASE039,2025-12-14T00:22:00,P0961|P0093,LOC0262,vehicle_movement,Interaction preceding the reported incident.
CASE039-EVT064,CASE039,2025-12-15T18:22:00,P0961|P0231,LOC0248,vehicle_movement,Interaction preceding the reported incident.
CASE039-EVT065,CASE039,2025-12-22T19:22:00,P0093|P0231,LOC0132,phone_call,Interaction preceding the reported incident.
CASE039-EVT066,CASE039,2025-12-15T02:22:00,P0093|P0089,LOC0169,vehicle_movement,Interaction preceding the reported incident.
CASE039-EVT067,CASE039,2025-12-19T01:22:00,P0231|P0089,LOC0258,vehicle_movement,Interaction preceding the reported incident.
CASE039-EVT068,CASE039,2025-12-16T20:22:00,P0231|P0033,LOC0242,phone_call,Interaction preceding the reported incident.
CASE039-EVT069,CASE039,2025-12-15T21:22:00,P0089|P0033,LOC0299,phone_call,Interaction preceding the reported incident.
CASE039-EVT070,CASE039,2025-12-17T23:22:00,P0089|P0945,LOC0207,phone_call,Interaction preceding the reported incident.
CASE039-EVT071,CASE039,2025-12-13T15:22:00,P0033|P0945,LOC0009,phone_call,Interaction preceding the reported incident.
CASE039-EVT072,CASE039,2025-12-18T18:22:00,P0033|P0735,LOC0254,vehicle_movement,Interaction preceding the reported incident.
CASE039-EVT073,CASE039,2025-12-23T08:22:00,P0945|P0735,LOC0219,vehicle_movement,Interaction preceding the reported incident.
CASE039-EVT074,CASE039,2025-12-22T19:22:00,P0945|P0139,LOC0028,vehicle_movement,Interaction preceding the reported incident.
CASE039-EVT075,CASE039,2025-12-22T23:22:00,P0735|P0139,LOC0102,phone_call,Interaction preceding the reported incident.
CASE039-EVT076,CASE039,2025-12-20T20:22:00,P0735|P0947,LOC0063,meeting,Interaction preceding the reported incident.
CASE039-EVT077,CASE039,2025-12-21T11:22:00,P0139|P0947,LOC0028,vehicle_movement,Interaction preceding the reported incident.
CASE039-EVT078,CASE039,2025-12-13T23:22:00,P0139|P0302,LOC0181,phone_call,Interaction preceding the reported incident.
CASE039-EVT079,CASE039,2025-12-14T22:22:00,P0947|P0302,LOC0029,vehicle_movement,Interaction preceding the reported incident.
CASE039-EVT080,CASE039,2025-12-19T00:22:00,P0947|P0477,LOC0037,vehicle_movement,Interaction preceding the reported incident.
CASE039-EVT081,CASE039,2025-12-22T02:22:00,P0302|P0477,LOC0272,meeting,Interaction preceding the reported incident.
CASE039-EVT082,CASE039,2025-12-14T09:22:00,P0302|P0621,LOC0216,vehicle_movement,Interaction preceding the reported incident.
CASE039-EVT083,CASE039,2025-12-20T05:22:00,P0477|P0621,LOC0048,meeting,Interaction preceding the reported incident.
CASE039-EVT084,CASE039,2025-12-21T22:22:00,P0477|P0549,LOC0105,vehicle_movement,Interaction preceding the reported incident.
CASE039-EVT085,CASE039,2025-12-18T23:22:00,P0621|P0549,LOC0169,meeting,Interaction preceding the reported incident.
CASE039-EVT086,CASE039,2025-12-21T03:22:00,P0621|P0413,LOC0276,phone_call,Interaction preceding the reported incident.
CASE039-EVT087,CASE039,2025-12-18T22:22:00,P0549|P0413,LOC0243,phone_call,Interaction preceding the reported incident.
CASE039-EVT088,CASE039,2025-12-13T19:22:00,P0549|P0729,LOC0055,phone_call,Interaction preceding the reported incident.
CASE039-EVT089,CASE039,2025-12-16T08:22:00,P0413|P0729,LOC0013,meeting,Interaction preceding the reported incident.
CASE039-EVT090,CASE039,2025-12-16T05:22:00,P0413|P0024,LOC0247,vehicle_movement,Interaction preceding the reported incident.
CASE039-EVT091,CASE039,2025-12-22T16:22:00,P0729|P0024,LOC0006,phone_call,Interaction preceding the reported incident.
CASE039-EVT092,CASE039,2025-12-14T02:22:00,P0729|P0485,LOC0006,meeting,Interaction preceding the reported incident.
CASE039-EVT093,CASE039,2025-12-21T03:22:00,P0024|P0485,LOC0222,meeting,Interaction preceding the reported incident.
CASE039-EVT094,CASE039,2025-12-16T20:22:00,P0024|P0766,LOC0157,phone_call,Interaction preceding the reported incident.
CASE039-EVT095,CASE039,2025-12-16T18:22:00,P0485|P0766,LOC0082,meeting,Interaction preceding the reported incident.
CASE039-EVT096,CASE039,2025-12-17T22:22:00,P0485|P0319,LOC0083,meeting,Interaction preceding the reported incident.
CASE039-EVT097,CASE039,2025-12-17T05:22:00,P0766|P0319,LOC0227,phone_call,Interaction preceding the reported incident.
CASE039-EVT098,CASE039,2025-12-16T11:22:00,P0766|P0733,LOC0257,vehicle_movement,Interaction preceding the reported incident.
CASE039-EVT099,CASE039,2025-12-20T22:22:00,P0319|P0733,LOC0082,vehicle_movement,Interaction preceding the reported incident.
CASE039-EVT100,CASE039,2025-12-24T11:22:00,P0826,LOC0261,incident,Reported cyber-enabled fraud incident.
CASE040-EVT001,CASE040,2025-12-11T22:40:00,P0869|P0581,LOC0203,meeting,Interaction preceding the reported incident.
CASE040-EVT002,CASE040,2025-12-05T07:40:00,P0581|P0335,LOC0008,vehicle_movement,Interaction preceding the reported incident.
CASE040-EVT003,CASE040,2025-12-13T14:40:00,P0869,LOC0040,incident,Reported multi-city fraud network incident.
CASE041-EVT001,CASE041,2025-06-04T01:25:00,P0772|P0917,LOC0005,phone_call,Interaction preceding the reported incident.
CASE041-EVT002,CASE041,2025-06-05T13:25:00,P0772|P0714,LOC0178,vehicle_movement,Interaction preceding the reported incident.
CASE041-EVT003,CASE041,2025-05-28T18:25:00,P0917|P0714,LOC0133,meeting,Interaction preceding the reported incident.
CASE041-EVT004,CASE041,2025-06-02T20:25:00,P0917|P0659,LOC0182,meeting,Interaction preceding the reported incident.
CASE041-EVT005,CASE041,2025-06-04T14:25:00,P0714|P0659,LOC0159,meeting,Interaction preceding the reported incident.
CASE041-EVT006,CASE041,2025-06-04T02:25:00,P0714|P0311,LOC0125,vehicle_movement,Interaction preceding the reported incident.
CASE041-EVT007,CASE041,2025-06-01T09:25:00,P0659|P0311,LOC0122,vehicle_movement,Interaction preceding the reported incident.
CASE041-EVT008,CASE041,2025-06-02T00:25:00,P0659|P0176,LOC0091,meeting,Interaction preceding the reported incident.
CASE041-EVT009,CASE041,2025-05-30T00:25:00,P0311|P0176,LOC0139,phone_call,Interaction preceding the reported incident.
CASE041-EVT010,CASE041,2025-06-03T21:25:00,P0311|P0535,LOC0239,vehicle_movement,Interaction preceding the reported incident.
CASE041-EVT011,CASE041,2025-06-05T11:25:00,P0176|P0535,LOC0163,phone_call,Interaction preceding the reported incident.
CASE041-EVT012,CASE041,2025-05-30T02:25:00,P0176|P0186,LOC0095,meeting,Interaction preceding the reported incident.
CASE041-EVT013,CASE041,2025-06-03T20:25:00,P0535|P0186,LOC0281,phone_call,Interaction preceding the reported incident.
CASE041-EVT014,CASE041,2025-06-04T09:25:00,P0535|P0095,LOC0034,phone_call,Interaction preceding the reported incident.
CASE041-EVT015,CASE041,2025-05-28T07:25:00,P0186|P0095,LOC0008,vehicle_movement,Interaction preceding the reported incident.
CASE041-EVT016,CASE041,2025-06-01T00:25:00,P0186|P0461,LOC0033,vehicle_movement,Interaction preceding the reported incident.
CASE041-EVT017,CASE041,2025-06-05T11:25:00,P0095|P0461,LOC0075,meeting,Interaction preceding the reported incident.
CASE041-EVT018,CASE041,2025-05-28T18:25:00,P0095|P0544,LOC0242,vehicle_movement,Interaction preceding the reported incident.
CASE041-EVT019,CASE041,2025-06-01T00:25:00,P0461|P0544,LOC0105,phone_call,Interaction preceding the reported incident.
CASE041-EVT020,CASE041,2025-06-01T10:25:00,P0461|P0153,LOC0003,vehicle_movement,Interaction preceding the reported incident.
CASE041-EVT021,CASE041,2025-05-31T03:25:00,P0544|P0153,LOC0228,phone_call,Interaction preceding the reported incident.
CASE041-EVT022,CASE041,2025-05-28T14:25:00,P0544|P0640,LOC0056,vehicle_movement,Interaction preceding the reported incident.
CASE041-EVT023,CASE041,2025-06-01T13:25:00,P0153|P0640,LOC0043,vehicle_movement,Interaction preceding the reported incident.
CASE041-EVT024,CASE041,2025-06-01T02:25:00,P0153|P0382,LOC0139,meeting,Interaction preceding the reported incident.
CASE041-EVT025,CASE041,2025-06-03T12:25:00,P0640|P0382,LOC0190,phone_call,Interaction preceding the reported incident.
CASE041-EVT026,CASE041,2025-05-30T08:25:00,P0640|P0954,LOC0214,phone_call,Interaction preceding the reported incident.
CASE041-EVT027,CASE041,2025-05-30T19:25:00,P0382|P0954,LOC0200,meeting,Interaction preceding the reported incident.
CASE041-EVT028,CASE041,2025-06-05T06:25:00,P0382|P0610,LOC0274,vehicle_movement,Interaction preceding the reported incident.
CASE041-EVT029,CASE041,2025-05-28T02:25:00,P0954|P0610,LOC0195,meeting,Interaction preceding the reported incident.
CASE041-EVT030,CASE041,2025-05-31T01:25:00,P0954|P0759,LOC0286,phone_call,Interaction preceding the reported incident.
CASE041-EVT031,CASE041,2025-06-01T02:25:00,P0610|P0759,LOC0140,phone_call,Interaction preceding the reported incident.
CASE041-EVT032,CASE041,2025-05-31T14:25:00,P0610|P0636,LOC0284,phone_call,Interaction preceding the reported incident.
CASE041-EVT033,CASE041,2025-06-04T20:25:00,P0759|P0636,LOC0087,vehicle_movement,Interaction preceding the reported incident.
CASE041-EVT034,CASE041,2025-06-04T21:25:00,P0759|P0124,LOC0154,vehicle_movement,Interaction preceding the reported incident.
CASE041-EVT035,CASE041,2025-06-04T11:25:00,P0636|P0124,LOC0030,phone_call,Interaction preceding the reported incident.
CASE041-EVT036,CASE041,2025-06-05T13:25:00,P0636|P0947,LOC0270,meeting,Interaction preceding the reported incident.
CASE041-EVT037,CASE041,2025-05-26T19:25:00,P0124|P0947,LOC0024,meeting,Interaction preceding the reported incident.
CASE041-EVT038,CASE041,2025-05-30T14:25:00,P0124|P0928,LOC0116,vehicle_movement,Interaction preceding the reported incident.
CASE041-EVT039,CASE041,2025-05-31T03:25:00,P0947|P0928,LOC0266,meeting,Interaction preceding the reported incident.
CASE041-EVT040,CASE041,2025-06-05T11:25:00,P0947|P0729,LOC0230,meeting,Interaction preceding the reported incident.
CASE041-EVT041,CASE041,2025-05-28T21:25:00,P0928|P0729,LOC0192,vehicle_movement,Interaction preceding the reported incident.
CASE041-EVT042,CASE041,2025-06-04T04:25:00,P0928|P0410,LOC0104,vehicle_movement,Interaction preceding the reported incident.
CASE041-EVT043,CASE041,2025-06-01T09:25:00,P0729|P0410,LOC0016,vehicle_movement,Interaction preceding the reported incident.
CASE041-EVT044,CASE041,2025-05-28T14:25:00,P0729|P0310,LOC0044,vehicle_movement,Interaction preceding the reported incident.
CASE041-EVT045,CASE041,2025-05-28T00:25:00,P0410|P0310,LOC0005,vehicle_movement,Interaction preceding the reported incident.
CASE041-EVT046,CASE041,2025-06-01T05:25:00,P0410|P0534,LOC0206,meeting,Interaction preceding the reported incident.
CASE041-EVT047,CASE041,2025-06-01T13:25:00,P0310|P0534,LOC0182,phone_call,Interaction preceding the reported incident.
CASE041-EVT048,CASE041,2025-05-28T22:25:00,P0310|P0671,LOC0292,phone_call,Interaction preceding the reported incident.
CASE041-EVT049,CASE041,2025-05-28T22:25:00,P0534|P0671,LOC0297,vehicle_movement,Interaction preceding the reported incident.
CASE041-EVT050,CASE041,2025-06-06T14:25:00,P0772,LOC0003,incident,Reported robbery network incident.
CASE042-EVT001,CASE042,2025-07-27T12:53:00,P0431|P0529,LOC0252,phone_call,Interaction preceding the reported incident.
CASE042-EVT002,CASE042,2025-07-25T14:53:00,P0431|P0513,LOC0115,meeting,Interaction preceding the reported incident.
CASE042-EVT003,CASE042,2025-07-25T20:53:00,P0431|P0754,LOC0289,phone_call,Interaction preceding the reported incident.
CASE042-EVT004,CASE042,2025-07-21T14:53:00,P0431|P0013,LOC0290,vehicle_movement,Interaction preceding the reported incident.
CASE042-EVT005,CASE042,2025-07-24T15:53:00,P0431|P0427,LOC0059,phone_call,Interaction preceding the reported incident.
CASE042-EVT006,CASE042,2025-07-26T13:53:00,P0431|P0490,LOC0296,phone_call,Interaction preceding the reported incident.
CASE042-EVT007,CASE042,2025-07-24T13:53:00,P0431|P0512,LOC0070,phone_call,Interaction preceding the reported incident.
CASE042-EVT008,CASE042,2025-07-22T13:53:00,P0431|P0588,LOC0210,vehicle_movement,Interaction preceding the reported incident.
CASE042-EVT009,CASE042,2025-07-28T11:53:00,P0431|P0546,LOC0138,vehicle_movement,Interaction preceding the reported incident.
CASE042-EVT010,CASE042,2025-07-28T12:53:00,P0431|P0987,LOC0030,meeting,Interaction preceding the reported incident.
CASE042-EVT011,CASE042,2025-07-26T16:53:00,P0431|P0954,LOC0119,vehicle_movement,Interaction preceding the reported incident.
CASE042-EVT012,CASE042,2025-07-30T12:53:00,P0431|P0217,LOC0122,vehicle_movement,Interaction preceding the reported incident.
CASE042-EVT013,CASE042,2025-07-28T17:53:00,P0431|P0468,LOC0119,meeting,Interaction preceding the reported incident.
CASE042-EVT014,CASE042,2025-07-21T19:53:00,P0431|P0772,LOC0159,vehicle_movement,Interaction preceding the reported incident.
CASE042-EVT015,CASE042,2025-07-22T19:53:00,P0431|P0194,LOC0101,meeting,Interaction preceding the reported incident.
CASE042-EVT016,CASE042,2025-07-24T07:53:00,P0431|P0583,LOC0119,phone_call,Interaction preceding the reported incident.
CASE042-EVT017,CASE042,2025-07-29T16:53:00,P0431|P0907,LOC0052,vehicle_movement,Interaction preceding the reported incident.
CASE042-EVT018,CASE042,2025-07-23T20:53:00,P0431|P0043,LOC0225,phone_call,Interaction preceding the reported incident.
CASE042-EVT019,CASE042,2025-07-31T21:53:00,P0431,LOC0145,incident,Reported insurance fraud incident.
CASE043-EVT001,CASE043,2026-02-07T06:54:00,P0310|P0133,LOC0052,vehicle_movement,Interaction preceding the reported incident.
CASE043-EVT002,CASE043,2026-02-04T15:54:00,P0310|P0844,LOC0002,vehicle_movement,Interaction preceding the reported incident.
CASE043-EVT003,CASE043,2026-02-01T21:54:00,P0310|P0984,LOC0279,phone_call,Interaction preceding the reported incident.
CASE043-EVT004,CASE043,2026-02-09T19:54:00,P0310|P0074,LOC0153,vehicle_movement,Interaction preceding the reported incident.
CASE043-EVT005,CASE043,2026-02-12T11:54:00,P0310,LOC0098,incident,Reported fake-company network incident.
CASE044-EVT001,CASE044,2026-01-13T16:34:00,P0227|P0758,LOC0154,phone_call,Interaction preceding the reported incident.
CASE044-EVT002,CASE044,2026-01-13T20:34:00,P0227|P0747,LOC0132,phone_call,Interaction preceding the reported incident.
CASE044-EVT003,CASE044,2026-01-12T00:34:00,P0689|P0800,LOC0126,phone_call,Interaction preceding the reported incident.
CASE044-EVT004,CASE044,2026-01-10T14:34:00,P0227|P0449,LOC0144,vehicle_movement,Interaction preceding the reported incident.
CASE044-EVT005,CASE044,2026-01-10T15:34:00,P0227|P0934,LOC0053,vehicle_movement,Interaction preceding the reported incident.
CASE044-EVT006,CASE044,2026-01-14T01:34:00,P0227|P0030,LOC0273,vehicle_movement,Interaction preceding the reported incident.
CASE044-EVT007,CASE044,2026-01-11T23:34:00,P0227|P0823,LOC0032,phone_call,Interaction preceding the reported incident.
CASE044-EVT008,CASE044,2026-01-16T06:34:00,P0689|P0481,LOC0262,meeting,Interaction preceding the reported incident.
CASE044-EVT009,CASE044,2026-01-14T03:34:00,P0227|P0476,LOC0172,meeting,Interaction preceding the reported incident.
CASE044-EVT010,CASE044,2026-01-07T16:34:00,P0227|P0049,LOC0088,phone_call,Interaction preceding the reported incident.
CASE044-EVT011,CASE044,2026-01-08T10:34:00,P0227|P0517,LOC0279,meeting,Interaction preceding the reported incident.
CASE044-EVT012,CASE044,2026-01-11T14:34:00,P0227|P0976,LOC0204,meeting,Interaction preceding the reported incident.
CASE044-EVT013,CASE044,2026-01-06T17:34:00,P0227|P0600,LOC0029,phone_call,Interaction preceding the reported incident.
CASE044-EVT014,CASE044,2026-01-08T02:34:00,P0227|P0052,LOC0242,vehicle_movement,Interaction preceding the reported incident.
CASE044-EVT015,CASE044,2026-01-11T22:34:00,P0689|P0919,LOC0165,vehicle_movement,Interaction preceding the reported incident.
CASE044-EVT016,CASE044,2026-01-09T10:34:00,P0227|P0892,LOC0033,vehicle_movement,Interaction preceding the reported incident.
CASE044-EVT017,CASE044,2026-01-07T10:34:00,P0689|P0729,LOC0276,meeting,Interaction preceding the reported incident.
CASE044-EVT018,CASE044,2026-01-17T06:34:00,P0227,LOC0133,incident,Reported vehicle theft network incident.
CASE045-EVT001,CASE045,2025-11-25T09:01:00,P0125|P0916,LOC0228,vehicle_movement,Interaction preceding the reported incident.
CASE045-EVT002,CASE045,2025-11-26T04:01:00,P0916|P0573,LOC0208,vehicle_movement,Interaction preceding the reported incident.
CASE045-EVT003,CASE045,2025-11-30T12:01:00,P0573|P0755,LOC0147,phone_call,Interaction preceding the reported incident.
CASE045-EVT004,CASE045,2025-11-26T11:01:00,P0755|P0242,LOC0259,vehicle_movement,Interaction preceding the reported incident.
CASE045-EVT005,CASE045,2025-11-24T12:01:00,P0242|P0748,LOC0169,meeting,Interaction preceding the reported incident.
CASE045-EVT006,CASE045,2025-11-29T09:01:00,P0748|P0281,LOC0259,meeting,Interaction preceding the reported incident.
CASE045-EVT007,CASE045,2025-11-26T02:01:00,P0768|P0297,LOC0220,meeting,Interaction preceding the reported incident.
CASE045-EVT008,CASE045,2025-12-02T13:01:00,P0297|P0002,LOC0198,vehicle_movement,Interaction preceding the reported incident.
CASE045-EVT009,CASE045,2025-11-24T01:01:00,P0002|P0785,LOC0157,meeting,Interaction preceding the reported incident.
CASE045-EVT010,CASE045,2025-11-25T14:01:00,P0785|P0261,LOC0264,vehicle_movement,Interaction preceding the reported incident.
CASE045-EVT011,CASE045,2025-11-23T01:01:00,P0261|P0491,LOC0230,meeting,Interaction preceding the reported incident.
CASE045-EVT012,CASE045,2025-12-02T07:01:00,P0491|P0055,LOC0146,meeting,Interaction preceding the reported incident.
CASE045-EVT013,CASE045,2025-11-30T20:01:00,P0281|P0768,LOC0034,phone_call,Interaction preceding the reported incident.
CASE045-EVT014,CASE045,2025-12-03T15:01:00,P0125,LOC0284,incident,Reported procurement fraud incident.
CASE046-EVT001,CASE046,2025-08-19T12:57:00,P0170|P0498,LOC0024,meeting,Interaction preceding the reported incident.
CASE046-EVT002,CASE046,2025-08-21T23:57:00,P0170|P0296,LOC0264,phone_call,Interaction preceding the reported incident.
CASE046-EVT003,CASE046,2025-08-26T12:57:00,P0253,LOC0103,incident,Reported document forgery incident.
CASE047-EVT001,CASE047,2025-07-02T08:09:00,P0296|P0817,LOC0033,meeting,Interaction preceding the reported incident.
CASE047-EVT002,CASE047,2025-07-03T20:09:00,P0817|P0195,LOC0039,vehicle_movement,Interaction preceding the reported incident.
CASE047-EVT003,CASE047,2025-06-26T20:09:00,P0195|P0443,LOC0067,meeting,Interaction preceding the reported incident.
CASE047-EVT004,CASE047,2025-07-06T14:09:00,P0296,LOC0187,incident,Reported identity fraud incident.
CASE048-EVT001,CASE048,2026-03-23T23:23:00,P0632|P0230,LOC0039,phone_call,Interaction preceding the reported incident.
CASE048-EVT002,CASE048,2026-03-26T06:23:00,P0482|P0359,LOC0067,vehicle_movement,Interaction preceding the reported incident.
CASE048-EVT003,CASE048,2026-03-27T20:23:00,P0394|P0709,LOC0114,phone_call,Interaction preceding the reported incident.
CASE048-EVT004,CASE048,2026-03-26T01:23:00,P0947|P0053,LOC0135,vehicle_movement,Interaction preceding the reported incident.
CASE048-EVT005,CASE048,2026-03-27T15:23:00,P0378|P0230,LOC0151,meeting,Interaction preceding the reported incident.
CASE048-EVT006,CASE048,2026-03-28T17:23:00,P0005|P0264,LOC0001,phone_call,Interaction preceding the reported incident.
CASE048-EVT007,CASE048,2026-03-28T02:23:00,P0231|P0053,LOC0277,vehicle_movement,Interaction preceding the reported incident.
CASE048-EVT008,CASE048,2026-03-20T16:23:00,P0346|P0264,LOC0089,meeting,Interaction preceding the reported incident.
CASE048-EVT009,CASE048,2026-03-26T19:23:00,P0228|P0894,LOC0130,phone_call,Interaction preceding the reported incident.
CASE048-EVT010,CASE048,2026-03-29T23:23:00,P0564|P0124,LOC0202,phone_call,Interaction preceding the reported incident.
CASE048-EVT011,CASE048,2026-03-24T01:23:00,P0593|P0359,LOC0259,phone_call,Interaction preceding the reported incident.
CASE048-EVT012,CASE048,2026-03-29T09:23:00,P0930|P0894,LOC0122,phone_call,Interaction preceding the reported incident.
CASE048-EVT013,CASE048,2026-03-27T05:23:00,P0053|P0111,LOC0145,phone_call,Interaction preceding the reported incident.
CASE048-EVT014,CASE048,2026-03-24T17:23:00,P0673|P0297,LOC0132,vehicle_movement,Interaction preceding the reported incident.
CASE048-EVT015,CASE048,2026-03-21T07:23:00,P0124|P0144,LOC0271,vehicle_movement,Interaction preceding the reported incident.
CASE048-EVT016,CASE048,2026-03-24T19:23:00,P0894|P0506,LOC0174,vehicle_movement,Interaction preceding the reported incident.
CASE048-EVT017,CASE048,2026-03-26T01:23:00,P0422|P0558,LOC0045,meeting,Interaction preceding the reported incident.
CASE048-EVT018,CASE048,2026-03-26T05:23:00,P0734|P0961,LOC0186,meeting,Interaction preceding the reported incident.
CASE048-EVT019,CASE048,2026-03-23T03:23:00,P0235|P0111,LOC0083,vehicle_movement,Interaction preceding the reported incident.
CASE048-EVT020,CASE048,2026-03-22T21:23:00,P0264|P0297,LOC0031,meeting,Interaction preceding the reported incident.
CASE048-EVT021,CASE048,2026-03-20T17:23:00,P0359|P0297,LOC0008,phone_call,Interaction preceding the reported incident.
CASE048-EVT022,CASE048,2026-03-21T08:23:00,P0230|P0873,LOC0049,meeting,Interaction preceding the reported incident.
CASE048-EVT023,CASE048,2026-03-21T06:23:00,P0563|P0035,LOC0084,phone_call,Interaction preceding the reported incident.
CASE048-EVT024,CASE048,2026-03-22T05:23:00,P0709|P0144,LOC0194,vehicle_movement,Interaction preceding the reported incident.
CASE048-EVT025,CASE048,2026-03-31T11:23:00,P0632,LOC0151,incident,Reported missing-person investigation incident.
CASE049-EVT001,CASE049,2026-01-16T01:15:00,P0736|P0837,LOC0067,phone_call,Interaction preceding the reported incident.
CASE049-EVT002,CASE049,2026-01-15T20:15:00,P0145|P0224,LOC0094,vehicle_movement,Interaction preceding the reported incident.
CASE049-EVT003,CASE049,2026-01-12T18:15:00,P0923|P0507,LOC0068,phone_call,Interaction preceding the reported incident.
CASE049-EVT004,CASE049,2026-01-10T16:15:00,P0324|P0165,LOC0191,vehicle_movement,Interaction preceding the reported incident.
CASE049-EVT005,CASE049,2026-01-18T01:15:00,P0662|P0059,LOC0218,phone_call,Interaction preceding the reported incident.
CASE049-EVT006,CASE049,2026-01-12T02:15:00,P0998|P0172,LOC0093,phone_call,Interaction preceding the reported incident.
CASE049-EVT007,CASE049,2026-01-13T06:15:00,P0153|P0896,LOC0042,meeting,Interaction preceding the reported incident.
CASE049-EVT008,CASE049,2026-01-16T17:15:00,P0405|P0156,LOC0018,meeting,Interaction preceding the reported incident.
CASE049-EVT009,CASE049,2026-01-17T10:15:00,P1000|P0616,LOC0202,phone_call,Interaction preceding the reported incident.
CASE049-EVT010,CASE049,2026-01-12T21:15:00,P0274|P0843,LOC0096,meeting,Interaction preceding the reported incident.
CASE049-EVT011,CASE049,2026-01-11T22:15:00,P0147|P0818,LOC0110,phone_call,Interaction preceding the reported incident.
CASE049-EVT012,CASE049,2026-01-13T18:15:00,P0287|P0417,LOC0292,meeting,Interaction preceding the reported incident.
CASE049-EVT013,CASE049,2026-01-12T02:15:00,P0125|P0755,LOC0198,phone_call,Interaction preceding the reported incident.
CASE049-EVT014,CASE049,2026-01-19T11:15:00,P0736,LOC0239,incident,Reported robbery network incident.
CASE050-EVT001,CASE050,2025-05-23T00:06:00,P0118|P0156,LOC0189,meeting,Interaction preceding the reported incident.
CASE050-EVT002,CASE050,2025-05-25T10:06:00,P0118|P0700,LOC0165,phone_call,Interaction preceding the reported incident.
CASE050-EVT003,CASE050,2025-05-30T04:06:00,P0118|P0393,LOC0136,vehicle_movement,Interaction preceding the reported incident.
CASE050-EVT004,CASE050,2025-05-24T03:06:00,P0118|P0486,LOC0284,vehicle_movement,Interaction preceding the reported incident.
CASE050-EVT005,CASE050,2025-05-22T10:06:00,P0118|P0691,LOC0216,vehicle_movement,Interaction preceding the reported incident.
CASE050-EVT006,CASE050,2025-05-30T00:06:00,P0118|P0046,LOC0032,vehicle_movement,Interaction preceding the reported incident.
CASE050-EVT007,CASE050,2025-05-30T08:06:00,P0118|P0433,LOC0054,vehicle_movement,Interaction preceding the reported incident.
CASE050-EVT008,CASE050,2025-05-28T17:06:00,P0118|P0503,LOC0209,vehicle_movement,Interaction preceding the reported incident.
CASE050-EVT009,CASE050,2025-05-29T02:06:00,P0118|P0272,LOC0048,vehicle_movement,Interaction preceding the reported incident.
CASE050-EVT010,CASE050,2025-05-24T17:06:00,P0118|P0136,LOC0231,phone_call,Interaction preceding the reported incident.
CASE050-EVT011,CASE050,2025-05-25T14:06:00,P0118|P0630,LOC0058,meeting,Interaction preceding the reported incident.
CASE050-EVT012,CASE050,2025-05-22T09:06:00,P0118|P0544,LOC0232,meeting,Interaction preceding the reported incident.
CASE050-EVT013,CASE050,2025-05-24T17:06:00,P0118|P0533,LOC0253,vehicle_movement,Interaction preceding the reported incident.
CASE050-EVT014,CASE050,2025-05-25T09:06:00,P0118|P0080,LOC0287,phone_call,Interaction preceding the reported incident.
CASE050-EVT015,CASE050,2025-05-29T07:06:00,P0118|P0065,LOC0252,phone_call,Interaction preceding the reported incident.
CASE050-EVT016,CASE050,2025-05-31T07:06:00,P0118|P0575,LOC0194,phone_call,Interaction preceding the reported incident.
CASE050-EVT017,CASE050,2025-05-27T06:06:00,P0118|P0653,LOC0081,meeting,Interaction preceding the reported incident.
CASE050-EVT018,CASE050,2025-05-23T07:06:00,P0118|P0843,LOC0018,phone_call,Interaction preceding the reported incident.
CASE050-EVT019,CASE050,2025-05-28T19:06:00,P0118|P0430,LOC0039,phone_call,Interaction preceding the reported incident.
CASE050-EVT020,CASE050,2025-05-24T04:06:00,P0118|P0453,LOC0198,meeting,Interaction preceding the reported incident.
CASE050-EVT021,CASE050,2025-05-28T05:06:00,P0118|P0333,LOC0044,phone_call,Interaction preceding the reported incident.
CASE050-EVT022,CASE050,2025-05-29T11:06:00,P0118|P0534,LOC0078,vehicle_movement,Interaction preceding the reported incident.
CASE050-EVT023,CASE050,2025-05-24T07:06:00,P0118|P0720,LOC0017,vehicle_movement,Interaction preceding the reported incident.
CASE050-EVT024,CASE050,2025-05-31T00:06:00,P0118|P0021,LOC0109,phone_call,Interaction preceding the reported incident.
CASE050-EVT025,CASE050,2025-05-25T03:06:00,P0118|P0686,LOC0028,meeting,Interaction preceding the reported incident.
CASE050-EVT026,CASE050,2025-05-22T18:06:00,P0118|P0816,LOC0201,meeting,Interaction preceding the reported incident.
CASE050-EVT027,CASE050,2025-05-31T20:06:00,P0118|P0984,LOC0091,vehicle_movement,Interaction preceding the reported incident.
CASE050-EVT028,CASE050,2025-05-28T13:06:00,P0118|P0013,LOC0001,vehicle_movement,Interaction preceding the reported incident.
CASE050-EVT029,CASE050,2025-05-27T17:06:00,P0118|P0938,LOC0295,phone_call,Interaction preceding the reported incident.
CASE050-EVT030,CASE050,2025-05-27T16:06:00,P0118|P0190,LOC0072,phone_call,Interaction preceding the reported incident.
CASE050-EVT031,CASE050,2025-05-29T15:06:00,P0118|P0278,LOC0284,phone_call,Interaction preceding the reported incident.
CASE050-EVT032,CASE050,2025-05-27T02:06:00,P0118|P0378,LOC0165,meeting,Interaction preceding the reported incident.
CASE050-EVT033,CASE050,2025-05-31T05:06:00,P0118|P0942,LOC0024,vehicle_movement,Interaction preceding the reported incident.
CASE050-EVT034,CASE050,2025-05-26T07:06:00,P0118|P0582,LOC0064,vehicle_movement,Interaction preceding the reported incident.
CASE050-EVT035,CASE050,2025-05-27T10:06:00,P0118|P0732,LOC0032,phone_call,Interaction preceding the reported incident.
CASE050-EVT036,CASE050,2025-05-22T13:06:00,P0118|P0956,LOC0095,vehicle_movement,Interaction preceding the reported incident.
CASE050-EVT037,CASE050,2025-05-30T06:06:00,P0118|P0998,LOC0227,phone_call,Interaction preceding the reported incident.
CASE050-EVT038,CASE050,2025-05-23T16:06:00,P0118|P0180,LOC0135,meeting,Interaction preceding the reported incident.
CASE050-EVT039,CASE050,2025-05-24T18:06:00,P0118|P0482,LOC0147,vehicle_movement,Interaction preceding the reported incident.
CASE050-EVT040,CASE050,2025-05-27T00:06:00,P0118|P0227,LOC0217,meeting,Interaction preceding the reported incident.
CASE050-EVT041,CASE050,2025-05-24T01:06:00,P0118|P0943,LOC0148,phone_call,Interaction preceding the reported incident.
CASE050-EVT042,CASE050,2025-05-27T17:06:00,P0118|P0401,LOC0226,phone_call,Interaction preceding the reported incident.
CASE050-EVT043,CASE050,2025-05-22T15:06:00,P0118|P0441,LOC0044,phone_call,Interaction preceding the reported incident.
CASE050-EVT044,CASE050,2025-06-01T20:06:00,P0118,LOC0001,incident,Reported insurance fraud incident.
CASE051-EVT001,CASE051,2026-02-14T01:18:00,P0009|P0201,LOC0196,meeting,Interaction preceding the reported incident.
CASE051-EVT002,CASE051,2026-02-06T18:18:00,P0009|P0145,LOC0102,phone_call,Interaction preceding the reported incident.
CASE051-EVT003,CASE051,2026-02-16T10:18:00,P0009,LOC0263,incident,Reported courier-based criminal network incident.
CASE052-EVT001,CASE052,2026-03-17T02:08:00,P0086|P0716,LOC0022,meeting,Interaction preceding the reported incident.
CASE052-EVT002,CASE052,2026-03-18T06:08:00,P0716|P0783,LOC0025,vehicle_movement,Interaction preceding the reported incident.
CASE052-EVT003,CASE052,2026-03-20T17:08:00,P0086,LOC0279,incident,Reported vehicle theft network incident.
CASE053-EVT001,CASE053,2026-04-29T13:47:00,P0968|P0494,LOC0179,meeting,Interaction preceding the reported incident.
CASE053-EVT002,CASE053,2026-05-02T10:47:00,P0494|P0774,LOC0223,meeting,Interaction preceding the reported incident.
CASE053-EVT003,CASE053,2026-05-01T20:47:00,P0774|P0808,LOC0113,vehicle_movement,Interaction preceding the reported incident.
CASE053-EVT004,CASE053,2026-04-25T18:47:00,P0808|P0438,LOC0141,meeting,Interaction preceding the reported incident.
CASE053-EVT005,CASE053,2026-05-03T12:47:00,P0438|P0874,LOC0002,meeting,Interaction preceding the reported incident.
CASE053-EVT006,CASE053,2026-04-28T16:47:00,P0874|P0873,LOC0082,phone_call,Interaction preceding the reported incident.
CASE053-EVT007,CASE053,2026-05-03T07:47:00,P0873|P0241,LOC0072,vehicle_movement,Interaction preceding the reported incident.
CASE053-EVT008,CASE053,2026-04-27T20:47:00,P0241|P0988,LOC0032,meeting,Interaction preceding the reported incident.
CASE053-EVT009,CASE053,2026-04-28T18:47:00,P0988|P0901,LOC0153,vehicle_movement,Interaction preceding the reported incident.
CASE053-EVT010,CASE053,2026-04-28T05:47:00,P0901|P0688,LOC0025,phone_call,Interaction preceding the reported incident.
CASE053-EVT011,CASE053,2026-04-27T10:47:00,P0688|P0158,LOC0290,phone_call,Interaction preceding the reported incident.
CASE053-EVT012,CASE053,2026-05-04T23:47:00,P0968,LOC0115,incident,Reported vehicle theft network incident.
CASE054-EVT001,CASE054,2026-04-13T08:07:00,P0497|P0126,LOC0109,meeting,Interaction preceding the reported incident.
CASE054-EVT002,CASE054,2026-04-11T09:07:00,P0366|P0126,LOC0043,phone_call,Interaction preceding the reported incident.
CASE054-EVT003,CASE054,2026-04-09T15:07:00,P0251|P0053,LOC0148,vehicle_movement,Interaction preceding the reported incident.
CASE054-EVT004,CASE054,2026-04-08T15:07:00,P0126|P0053,LOC0169,meeting,Interaction preceding the reported incident.
CASE054-EVT005,CASE054,2026-04-17T20:07:00,P0497,LOC0123,incident,Reported fake-company network incident.
CASE055-EVT001,CASE055,2026-03-01T09:06:00,P0476|P0101,LOC0056,phone_call,Interaction preceding the reported incident.
CASE055-EVT002,CASE055,2026-03-01T01:06:00,P0117|P0563,LOC0221,vehicle_movement,Interaction preceding the reported incident.
CASE055-EVT003,CASE055,2026-02-21T15:06:00,P0712|P0398,LOC0214,phone_call,Interaction preceding the reported incident.
CASE055-EVT004,CASE055,2026-02-26T13:06:00,P0856|P0430,LOC0249,vehicle_movement,Interaction preceding the reported incident.
CASE055-EVT005,CASE055,2026-02-26T13:06:00,P0426|P0402,LOC0031,vehicle_movement,Interaction preceding the reported incident.
CASE055-EVT006,CASE055,2026-02-27T02:06:00,P0981|P0280,LOC0249,phone_call,Interaction preceding the reported incident.
CASE055-EVT007,CASE055,2026-02-23T03:06:00,P0996|P0711,LOC0276,phone_call,Interaction preceding the reported incident.
CASE055-EVT008,CASE055,2026-02-24T21:06:00,P0964|P0890,LOC0202,vehicle_movement,Interaction preceding the reported incident.
CASE055-EVT009,CASE055,2026-03-02T16:06:00,P0476,LOC0168,incident,Reported investment fraud incident.
CASE056-EVT001,CASE056,2025-06-11T10:21:00,P0179|P0725,LOC0070,phone_call,Interaction preceding the reported incident.
CASE056-EVT002,CASE056,2025-06-12T17:21:00,P0179|P0688,LOC0091,vehicle_movement,Interaction preceding the reported incident.
CASE056-EVT003,CASE056,2025-06-07T20:21:00,P0725|P0688,LOC0206,vehicle_movement,Interaction preceding the reported incident.
CASE056-EVT004,CASE056,2025-06-10T21:21:00,P0725|P0485,LOC0247,phone_call,Interaction preceding the reported incident.
CASE056-EVT005,CASE056,2025-06-10T12:21:00,P0688|P0485,LOC0257,phone_call,Interaction preceding the reported incident.
CASE056-EVT006,CASE056,2025-06-11T00:21:00,P0688|P0986,LOC0061,phone_call,Interaction preceding the reported incident.
CASE056-EVT007,CASE056,2025-06-12T11:21:00,P0485|P0986,LOC0051,meeting,Interaction preceding the reported incident.
CASE056-EVT008,CASE056,2025-06-08T16:21:00,P0485|P0379,LOC0253,vehicle_movement,Interaction preceding the reported incident.
CASE056-EVT009,CASE056,2025-06-09T19:21:00,P0986|P0379,LOC0257,vehicle_movement,Interaction preceding the reported incident.
CASE056-EVT010,CASE056,2025-06-07T12:21:00,P0986|P0687,LOC0045,vehicle_movement,Interaction preceding the reported incident.
CASE056-EVT011,CASE056,2025-06-10T14:21:00,P0379|P0687,LOC0049,meeting,Interaction preceding the reported incident.
CASE056-EVT012,CASE056,2025-06-05T17:21:00,P0379|P0783,LOC0273,phone_call,Interaction preceding the reported incident.
CASE056-EVT013,CASE056,2025-06-04T09:21:00,P0687|P0783,LOC0258,meeting,Interaction preceding the reported incident.
CASE056-EVT014,CASE056,2025-06-06T17:21:00,P0687|P0607,LOC0262,meeting,Interaction preceding the reported incident.
CASE056-EVT015,CASE056,2025-06-12T12:21:00,P0783|P0607,LOC0297,vehicle_movement,Interaction preceding the reported incident.
CASE056-EVT016,CASE056,2025-06-10T08:21:00,P0783|P0532,LOC0016,meeting,Interaction preceding the reported incident.
CASE056-EVT017,CASE056,2025-06-12T11:21:00,P0607|P0532,LOC0159,meeting,Interaction preceding the reported incident.
CASE056-EVT018,CASE056,2025-06-12T11:21:00,P0607|P0698,LOC0213,vehicle_movement,Interaction preceding the reported incident.
CASE056-EVT019,CASE056,2025-06-11T23:21:00,P0532|P0698,LOC0267,meeting,Interaction preceding the reported incident.
CASE056-EVT020,CASE056,2025-06-07T10:21:00,P0532|P0847,LOC0026,meeting,Interaction preceding the reported incident.
CASE056-EVT021,CASE056,2025-06-11T18:21:00,P0698|P0847,LOC0020,meeting,Interaction preceding the reported incident.
CASE056-EVT022,CASE056,2025-06-08T21:21:00,P0698|P0315,LOC0064,phone_call,Interaction preceding the reported incident.
CASE056-EVT023,CASE056,2025-06-04T10:21:00,P0847|P0315,LOC0122,meeting,Interaction preceding the reported incident.
CASE056-EVT024,CASE056,2025-06-07T23:21:00,P0847|P0702,LOC0144,phone_call,Interaction preceding the reported incident.
CASE056-EVT025,CASE056,2025-06-11T23:21:00,P0315|P0702,LOC0183,phone_call,Interaction preceding the reported incident.
CASE056-EVT026,CASE056,2025-06-09T17:21:00,P0315|P0992,LOC0200,vehicle_movement,Interaction preceding the reported incident.
CASE056-EVT027,CASE056,2025-06-09T18:21:00,P0702|P0992,LOC0067,vehicle_movement,Interaction preceding the reported incident.
CASE056-EVT028,CASE056,2025-06-06T19:21:00,P0702|P0251,LOC0105,meeting,Interaction preceding the reported incident.
CASE056-EVT029,CASE056,2025-06-04T15:21:00,P0992|P0251,LOC0280,meeting,Interaction preceding the reported incident.
CASE056-EVT030,CASE056,2025-06-04T11:21:00,P0992|P0480,LOC0102,meeting,Interaction preceding the reported incident.
CASE056-EVT031,CASE056,2025-06-06T02:21:00,P0251|P0480,LOC0078,vehicle_movement,Interaction preceding the reported incident.
CASE056-EVT032,CASE056,2025-06-11T07:21:00,P0251|P0178,LOC0106,phone_call,Interaction preceding the reported incident.
CASE056-EVT033,CASE056,2025-06-06T07:21:00,P0480|P0178,LOC0247,meeting,Interaction preceding the reported incident.
CASE056-EVT034,CASE056,2025-06-13T18:21:00,P0480|P0728,LOC0175,phone_call,Interaction preceding the reported incident.
CASE056-EVT035,CASE056,2025-06-12T20:21:00,P0178|P0728,LOC0228,meeting,Interaction preceding the reported incident.
CASE056-EVT036,CASE056,2025-06-07T14:21:00,P0178|P0966,LOC0197,phone_call,Interaction preceding the reported incident.
CASE056-EVT037,CASE056,2025-06-10T14:21:00,P0728|P0966,LOC0098,phone_call,Interaction preceding the reported incident.
CASE056-EVT038,CASE056,2025-06-06T02:21:00,P0728|P0555,LOC0031,vehicle_movement,Interaction preceding the reported incident.
CASE056-EVT039,CASE056,2025-06-05T09:21:00,P0966|P0555,LOC0098,phone_call,Interaction preceding the reported incident.
CASE056-EVT040,CASE056,2025-06-08T09:21:00,P0966|P0192,LOC0231,phone_call,Interaction preceding the reported incident.
CASE056-EVT041,CASE056,2025-06-04T16:21:00,P0555|P0192,LOC0297,phone_call,Interaction preceding the reported incident.
CASE056-EVT042,CASE056,2025-06-06T15:21:00,P0555|P0809,LOC0225,vehicle_movement,Interaction preceding the reported incident.
CASE056-EVT043,CASE056,2025-06-11T12:21:00,P0192|P0809,LOC0219,phone_call,Interaction preceding the reported incident.
CASE056-EVT044,CASE056,2025-06-10T20:21:00,P0192|P0406,LOC0222,vehicle_movement,Interaction preceding the reported incident.
CASE056-EVT045,CASE056,2025-06-06T15:21:00,P0809|P0406,LOC0258,meeting,Interaction preceding the reported incident.
CASE056-EVT046,CASE056,2025-06-08T20:21:00,P0809|P0822,LOC0020,phone_call,Interaction preceding the reported incident.
CASE056-EVT047,CASE056,2025-06-11T19:21:00,P0406|P0822,LOC0030,vehicle_movement,Interaction preceding the reported incident.
CASE056-EVT048,CASE056,2025-06-07T17:21:00,P0406|P0699,LOC0036,phone_call,Interaction preceding the reported incident.
CASE056-EVT049,CASE056,2025-06-11T22:21:00,P0822|P0699,LOC0153,vehicle_movement,Interaction preceding the reported incident.
CASE056-EVT050,CASE056,2025-06-05T14:21:00,P0822|P0775,LOC0242,meeting,Interaction preceding the reported incident.
CASE056-EVT051,CASE056,2025-06-13T17:21:00,P0699|P0775,LOC0131,vehicle_movement,Interaction preceding the reported incident.
CASE056-EVT052,CASE056,2025-06-04T07:21:00,P0699|P0297,LOC0062,vehicle_movement,Interaction preceding the reported incident.
CASE056-EVT053,CASE056,2025-06-04T18:21:00,P0775|P0297,LOC0066,meeting,Interaction preceding the reported incident.
CASE056-EVT054,CASE056,2025-06-12T16:21:00,P0775|P0124,LOC0073,meeting,Interaction preceding the reported incident.
CASE056-EVT055,CASE056,2025-06-12T14:21:00,P0297|P0124,LOC0159,vehicle_movement,Interaction preceding the reported incident.
CASE056-EVT056,CASE056,2025-06-08T02:21:00,P0297|P0328,LOC0004,phone_call,Interaction preceding the reported incident.
CASE056-EVT057,CASE056,2025-06-12T18:21:00,P0124|P0328,LOC0287,meeting,Interaction preceding the reported incident.
CASE056-EVT058,CASE056,2025-06-06T02:21:00,P0124|P0429,LOC0294,meeting,Interaction preceding the reported incident.
CASE056-EVT059,CASE056,2025-06-10T03:21:00,P0328|P0429,LOC0119,phone_call,Interaction preceding the reported incident.
CASE056-EVT060,CASE056,2025-06-15T03:21:00,P0179,LOC0099,incident,Reported investment fraud incident.
CASE057-EVT001,CASE057,2026-03-28T01:39:00,P0851|P0285,LOC0285,meeting,Interaction preceding the reported incident.
CASE057-EVT002,CASE057,2026-03-24T20:39:00,P0285|P0714,LOC0197,phone_call,Interaction preceding the reported incident.
CASE057-EVT003,CASE057,2026-03-31T16:39:00,P0851,LOC0226,incident,Reported missing-person investigation incident.
CASE058-EVT001,CASE058,2025-06-21T19:03:00,P0637|P0821,LOC0258,phone_call,Interaction preceding the reported incident.
CASE058-EVT002,CASE058,2025-06-25T12:03:00,P0821|P0193,LOC0229,phone_call,Interaction preceding the reported incident.
CASE058-EVT003,CASE058,2025-06-21T21:03:00,P0193|P0543,LOC0224,phone_call,Interaction preceding the reported incident.
CASE058-EVT004,CASE058,2025-06-28T11:03:00,P0543|P0187,LOC0013,phone_call,Interaction preceding the reported incident.
CASE058-EVT005,CASE058,2025-06-26T13:03:00,P0187|P0487,LOC0279,meeting,Interaction preceding the reported incident.
CASE058-EVT006,CASE058,2025-06-25T21:03:00,P0487|P0862,LOC0204,vehicle_movement,Interaction preceding the reported incident.
CASE058-EVT007,CASE058,2025-06-21T22:03:00,P0373|P0771,LOC0176,meeting,Interaction preceding the reported incident.
CASE058-EVT008,CASE058,2025-06-28T02:03:00,P0771|P0424,LOC0219,meeting,Interaction preceding the reported incident.
CASE058-EVT009,CASE058,2025-06-23T03:03:00,P0424|P0426,LOC0059,phone_call,Interaction preceding the reported incident.
CASE058-EVT010,CASE058,2025-06-20T08:03:00,P0426|P0602,LOC0211,meeting,Interaction preceding the reported incident.
CASE058-EVT011,CASE058,2025-06-22T03:03:00,P0602|P0350,LOC0217,meeting,Interaction preceding the reported incident.
CASE058-EVT012,CASE058,2025-06-21T23:03:00,P0350|P0828,LOC0238,phone_call,Interaction preceding the reported incident.
CASE058-EVT013,CASE058,2025-06-20T12:03:00,P0862|P0373,LOC0253,meeting,Interaction preceding the reported incident.
CASE058-EVT014,CASE058,2025-06-30T14:03:00,P0637,LOC0242,incident,Reported illegal goods distribution incident.
CASE059-EVT001,CASE059,2025-07-16T11:42:00,P0780|P0642,LOC0141,meeting,Interaction preceding the reported incident.
CASE059-EVT002,CASE059,2025-07-16T09:42:00,P0642|P0373,LOC0167,vehicle_movement,Interaction preceding the reported incident.
CASE059-EVT003,CASE059,2025-07-24T06:42:00,P0373|P0223,LOC0265,vehicle_movement,Interaction preceding the reported incident.
CASE059-EVT004,CASE059,2025-07-19T06:42:00,P0223|P0671,LOC0217,vehicle_movement,Interaction preceding the reported incident.
CASE059-EVT005,CASE059,2025-07-20T18:42:00,P0671|P0077,LOC0168,meeting,Interaction preceding the reported incident.
CASE059-EVT006,CASE059,2025-07-20T12:42:00,P0077|P0075,LOC0001,vehicle_movement,Interaction preceding the reported incident.
CASE059-EVT007,CASE059,2025-07-16T09:42:00,P0075|P0325,LOC0282,phone_call,Interaction preceding the reported incident.
CASE059-EVT008,CASE059,2025-07-22T01:42:00,P0325|P0466,LOC0022,meeting,Interaction preceding the reported incident.
CASE059-EVT009,CASE059,2025-07-22T03:42:00,P0466|P0850,LOC0170,meeting,Interaction preceding the reported incident.
CASE059-EVT010,CASE059,2025-07-20T16:42:00,P0850|P0958,LOC0141,phone_call,Interaction preceding the reported incident.
CASE059-EVT011,CASE059,2025-07-18T14:42:00,P0958|P0334,LOC0011,phone_call,Interaction preceding the reported incident.
CASE059-EVT012,CASE059,2025-07-25T02:42:00,P0334|P0117,LOC0155,phone_call,Interaction preceding the reported incident.
CASE059-EVT013,CASE059,2025-07-21T16:42:00,P0117|P0818,LOC0205,vehicle_movement,Interaction preceding the reported incident.
CASE059-EVT014,CASE059,2025-07-24T15:42:00,P0818|P0676,LOC0217,meeting,Interaction preceding the reported incident.
CASE059-EVT015,CASE059,2025-07-19T12:42:00,P0676|P0131,LOC0181,phone_call,Interaction preceding the reported incident.
CASE059-EVT016,CASE059,2025-07-20T15:42:00,P0131|P0425,LOC0266,vehicle_movement,Interaction preceding the reported incident.
CASE059-EVT017,CASE059,2025-07-18T20:42:00,P0425|P0320,LOC0049,meeting,Interaction preceding the reported incident.
CASE059-EVT018,CASE059,2025-07-18T19:42:00,P0320|P0130,LOC0186,meeting,Interaction preceding the reported incident.
CASE059-EVT019,CASE059,2025-07-17T03:42:00,P0130|P0551,LOC0262,meeting,Interaction preceding the reported incident.
CASE059-EVT020,CASE059,2025-07-19T03:42:00,P0551|P0296,LOC0226,phone_call,Interaction preceding the reported incident.
CASE059-EVT021,CASE059,2025-07-19T16:42:00,P0296|P0970,LOC0235,vehicle_movement,Interaction preceding the reported incident.
CASE059-EVT022,CASE059,2025-07-24T05:42:00,P0970|P0405,LOC0040,meeting,Interaction preceding the reported incident.
CASE059-EVT023,CASE059,2025-07-23T14:42:00,P0405|P0248,LOC0132,phone_call,Interaction preceding the reported incident.
CASE059-EVT024,CASE059,2025-07-20T15:42:00,P0960|P0678,LOC0121,phone_call,Interaction preceding the reported incident.
CASE059-EVT025,CASE059,2025-07-22T08:42:00,P0678|P0071,LOC0089,meeting,Interaction preceding the reported incident.
CASE059-EVT026,CASE059,2025-07-17T18:42:00,P0071|P0009,LOC0204,phone_call,Interaction preceding the reported incident.
CASE059-EVT027,CASE059,2025-07-20T08:42:00,P0009|P0541,LOC0292,vehicle_movement,Interaction preceding the reported incident.
CASE059-EVT028,CASE059,2025-07-21T13:42:00,P0541|P0585,LOC0155,meeting,Interaction preceding the reported incident.
CASE059-EVT029,CASE059,2025-07-22T16:42:00,P0585|P0019,LOC0171,meeting,Interaction preceding the reported incident.
CASE059-EVT030,CASE059,2025-07-16T13:42:00,P0019|P0503,LOC0010,meeting,Interaction preceding the reported incident.
CASE059-EVT031,CASE059,2025-07-22T09:42:00,P0503|P0529,LOC0017,phone_call,Interaction preceding the reported incident.
CASE059-EVT032,CASE059,2025-07-22T00:42:00,P0529|P0445,LOC0099,meeting,Interaction preceding the reported incident.
CASE059-EVT033,CASE059,2025-07-21T20:42:00,P0445|P0617,LOC0191,meeting,Interaction preceding the reported incident.
CASE059-EVT034,CASE059,2025-07-24T02:42:00,P0617|P0426,LOC0223,vehicle_movement,Interaction preceding the reported incident.
CASE059-EVT035,CASE059,2025-07-22T17:42:00,P0426|P0157,LOC0181,vehicle_movement,Interaction preceding the reported incident.
CASE059-EVT036,CASE059,2025-07-21T13:42:00,P0157|P0324,LOC0259,meeting,Interaction preceding the reported incident.
CASE059-EVT037,CASE059,2025-07-17T07:42:00,P0324|P0140,LOC0075,meeting,Interaction preceding the reported incident.
CASE059-EVT038,CASE059,2025-07-25T14:42:00,P0140|P0613,LOC0065,phone_call,Interaction preceding the reported incident.
CASE059-EVT039,CASE059,2025-07-18T19:42:00,P0613|P0458,LOC0283,phone_call,Interaction preceding the reported incident.
CASE059-EVT040,CASE059,2025-07-24T04:42:00,P0458|P0193,LOC0003,meeting,Interaction preceding the reported incident.
CASE059-EVT041,CASE059,2025-07-25T00:42:00,P0193|P0603,LOC0195,meeting,Interaction preceding the reported incident.
CASE059-EVT042,CASE059,2025-07-18T20:42:00,P0603|P0885,LOC0278,meeting,Interaction preceding the reported incident.
CASE059-EVT043,CASE059,2025-07-19T10:42:00,P0885|P0207,LOC0273,phone_call,Interaction preceding the reported incident.
CASE059-EVT044,CASE059,2025-07-23T05:42:00,P0207|P0584,LOC0027,vehicle_movement,Interaction preceding the reported incident.
CASE059-EVT045,CASE059,2025-07-20T07:42:00,P0584|P0450,LOC0099,vehicle_movement,Interaction preceding the reported incident.
CASE059-EVT046,CASE059,2025-07-25T12:42:00,P0450|P0692,LOC0033,phone_call,Interaction preceding the reported incident.
CASE059-EVT047,CASE059,2025-07-19T07:42:00,P0248|P0960,LOC0235,meeting,Interaction preceding the reported incident.
CASE059-EVT048,CASE059,2025-07-26T20:42:00,P0780,LOC0209,incident,Reported warehouse theft incident.
CASE060-EVT001,CASE060,2025-07-14T17:03:00,P0577|P0884,LOC0011,meeting,Interaction preceding the reported incident.
CASE060-EVT002,CASE060,2025-07-21T04:03:00,P0577|P0062,LOC0296,vehicle_movement,Interaction preceding the reported incident.
CASE060-EVT003,CASE060,2025-07-23T22:03:00,P0577|P0713,LOC0004,phone_call,Interaction preceding the reported incident.
CASE060-EVT004,CASE060,2025-07-23T15:03:00,P0577|P0373,LOC0035,phone_call,Interaction preceding the reported incident.
CASE060-EVT005,CASE060,2025-07-17T04:03:00,P0577|P0311,LOC0054,meeting,Interaction preceding the reported incident.
CASE060-EVT006,CASE060,2025-07-19T17:03:00,P0577|P0358,LOC0200,phone_call,Interaction preceding the reported incident.
CASE060-EVT007,CASE060,2025-07-23T11:03:00,P0577|P0354,LOC0075,vehicle_movement,Interaction preceding the reported incident.
CASE060-EVT008,CASE060,2025-07-21T07:03:00,P0577|P0374,LOC0220,phone_call,Interaction preceding the reported incident.
CASE060-EVT009,CASE060,2025-07-18T00:03:00,P0577|P0758,LOC0178,vehicle_movement,Interaction preceding the reported incident.
CASE060-EVT010,CASE060,2025-07-22T21:03:00,P0577|P0696,LOC0029,meeting,Interaction preceding the reported incident.
CASE060-EVT011,CASE060,2025-07-16T23:03:00,P0577|P0666,LOC0279,phone_call,Interaction preceding the reported incident.
CASE060-EVT012,CASE060,2025-07-22T20:03:00,P0577|P0968,LOC0041,meeting,Interaction preceding the reported incident.
CASE060-EVT013,CASE060,2025-07-16T05:03:00,P0577|P0498,LOC0224,meeting,Interaction preceding the reported incident.
CASE060-EVT014,CASE060,2025-07-20T16:03:00,P0577|P0371,LOC0275,phone_call,Interaction preceding the reported incident.
CASE060-EVT015,CASE060,2025-07-20T14:03:00,P0577|P1000,LOC0184,phone_call,Interaction preceding the reported incident.
CASE060-EVT016,CASE060,2025-07-15T05:03:00,P0577|P0917,LOC0292,phone_call,Interaction preceding the reported incident.
CASE060-EVT017,CASE060,2025-07-22T23:03:00,P0577|P0035,LOC0058,vehicle_movement,Interaction preceding the reported incident.
CASE060-EVT018,CASE060,2025-07-17T04:03:00,P0577|P0733,LOC0147,vehicle_movement,Interaction preceding the reported incident.
CASE060-EVT019,CASE060,2025-07-21T16:03:00,P0577|P0033,LOC0166,phone_call,Interaction preceding the reported incident.
CASE060-EVT020,CASE060,2025-07-14T06:03:00,P0577|P0316,LOC0297,phone_call,Interaction preceding the reported incident.
CASE060-EVT021,CASE060,2025-07-15T10:03:00,P0577|P0557,LOC0189,meeting,Interaction preceding the reported incident.
CASE060-EVT022,CASE060,2025-07-19T10:03:00,P0577|P0730,LOC0298,meeting,Interaction preceding the reported incident.
CASE060-EVT023,CASE060,2025-07-15T17:03:00,P0577|P0934,LOC0296,vehicle_movement,Interaction preceding the reported incident.
CASE060-EVT024,CASE060,2025-07-20T08:03:00,P0577|P0529,LOC0186,vehicle_movement,Interaction preceding the reported incident.
CASE060-EVT025,CASE060,2025-07-15T16:03:00,P0577|P0263,LOC0212,phone_call,Interaction preceding the reported incident.
CASE060-EVT026,CASE060,2025-07-16T16:03:00,P0577|P0381,LOC0106,phone_call,Interaction preceding the reported incident.
CASE060-EVT027,CASE060,2025-07-22T22:03:00,P0577|P0684,LOC0125,vehicle_movement,Interaction preceding the reported incident.
CASE060-EVT028,CASE060,2025-07-20T21:03:00,P0577|P0981,LOC0170,phone_call,Interaction preceding the reported incident.
CASE060-EVT029,CASE060,2025-07-20T08:03:00,P0577|P0580,LOC0070,vehicle_movement,Interaction preceding the reported incident.
CASE060-EVT030,CASE060,2025-07-22T21:03:00,P0577|P0550,LOC0269,meeting,Interaction preceding the reported incident.
CASE060-EVT031,CASE060,2025-07-21T17:03:00,P0577|P0370,LOC0084,vehicle_movement,Interaction preceding the reported incident.
CASE060-EVT032,CASE060,2025-07-15T19:03:00,P0577|P0830,LOC0096,meeting,Interaction preceding the reported incident.
CASE060-EVT033,CASE060,2025-07-16T19:03:00,P0577|P0559,LOC0015,phone_call,Interaction preceding the reported incident.
CASE060-EVT034,CASE060,2025-07-18T17:03:00,P0577|P0851,LOC0168,meeting,Interaction preceding the reported incident.
CASE060-EVT035,CASE060,2025-07-16T08:03:00,P0577|P0960,LOC0055,vehicle_movement,Interaction preceding the reported incident.
CASE060-EVT036,CASE060,2025-07-15T22:03:00,P0577|P0494,LOC0066,meeting,Interaction preceding the reported incident.
CASE060-EVT037,CASE060,2025-07-17T07:03:00,P0577|P0697,LOC0091,vehicle_movement,Interaction preceding the reported incident.
CASE060-EVT038,CASE060,2025-07-22T04:03:00,P0577|P0241,LOC0094,phone_call,Interaction preceding the reported incident.
CASE060-EVT039,CASE060,2025-07-25T00:03:00,P0577,LOC0086,incident,Reported fake-company network incident.
CASE061-EVT001,CASE061,2026-05-29T07:31:00,P0353|P0432,LOC0179,meeting,Interaction preceding the reported incident.
CASE061-EVT002,CASE061,2026-06-01T08:31:00,P0432|P0035,LOC0278,vehicle_movement,Interaction preceding the reported incident.
CASE061-EVT003,CASE061,2026-05-31T20:31:00,P0035|P0715,LOC0133,vehicle_movement,Interaction preceding the reported incident.
CASE061-EVT004,CASE061,2026-05-26T08:31:00,P0715|P0133,LOC0257,phone_call,Interaction preceding the reported incident.
CASE061-EVT005,CASE061,2026-05-25T13:31:00,P0133|P0497,LOC0002,meeting,Interaction preceding the reported incident.
CASE061-EVT006,CASE061,2026-06-01T06:31:00,P0497|P0879,LOC0195,vehicle_movement,Interaction preceding the reported incident.
CASE061-EVT007,CASE061,2026-05-27T06:31:00,P0879|P0661,LOC0147,meeting,Interaction preceding the reported incident.
CASE061-EVT008,CASE061,2026-05-26T07:31:00,P0661|P0414,LOC0126,phone_call,Interaction preceding the reported incident.
CASE061-EVT009,CASE061,2026-05-29T17:31:00,P0414|P0198,LOC0209,phone_call,Interaction preceding the reported incident.
CASE061-EVT010,CASE061,2026-05-31T16:31:00,P0198|P0474,LOC0085,vehicle_movement,Interaction preceding the reported incident.
CASE061-EVT011,CASE061,2026-05-29T05:31:00,P0474|P0115,LOC0164,vehicle_movement,Interaction preceding the reported incident.
CASE061-EVT012,CASE061,2026-05-28T05:31:00,P0115|P0411,LOC0219,phone_call,Interaction preceding the reported incident.
CASE061-EVT013,CASE061,2026-05-25T08:31:00,P0411|P0617,LOC0281,phone_call,Interaction preceding the reported incident.
CASE061-EVT014,CASE061,2026-05-26T22:31:00,P0617|P0711,LOC0274,phone_call,Interaction preceding the reported incident.
CASE061-EVT015,CASE061,2026-06-01T05:31:00,P0711|P0493,LOC0145,meeting,Interaction preceding the reported incident.
CASE061-EVT016,CASE061,2026-05-23T18:31:00,P0493|P0549,LOC0153,vehicle_movement,Interaction preceding the reported incident.
CASE061-EVT017,CASE061,2026-05-31T12:31:00,P0549|P0899,LOC0219,meeting,Interaction preceding the reported incident.
CASE061-EVT018,CASE061,2026-05-26T14:31:00,P0899|P0294,LOC0182,vehicle_movement,Interaction preceding the reported incident.
CASE061-EVT019,CASE061,2026-05-27T14:31:00,P0294|P0839,LOC0232,vehicle_movement,Interaction preceding the reported incident.
CASE061-EVT020,CASE061,2026-05-30T06:31:00,P0839|P0961,LOC0297,vehicle_movement,Interaction preceding the reported incident.
CASE061-EVT021,CASE061,2026-05-27T16:31:00,P0961|P0345,LOC0047,phone_call,Interaction preceding the reported incident.
CASE061-EVT022,CASE061,2026-06-01T06:31:00,P0345|P0826,LOC0225,vehicle_movement,Interaction preceding the reported incident.
CASE061-EVT023,CASE061,2026-05-25T05:31:00,P0826|P0544,LOC0062,vehicle_movement,Interaction preceding the reported incident.
CASE061-EVT024,CASE061,2026-05-29T20:31:00,P0544|P0923,LOC0228,phone_call,Interaction preceding the reported incident.
CASE061-EVT025,CASE061,2026-05-26T08:31:00,P0923|P0933,LOC0234,meeting,Interaction preceding the reported incident.
CASE061-EVT026,CASE061,2026-06-01T19:31:00,P0933|P0492,LOC0226,meeting,Interaction preceding the reported incident.
CASE061-EVT027,CASE061,2026-05-27T07:31:00,P0492|P0050,LOC0144,phone_call,Interaction preceding the reported incident.
CASE061-EVT028,CASE061,2026-05-24T08:31:00,P0050|P0456,LOC0117,meeting,Interaction preceding the reported incident.
CASE061-EVT029,CASE061,2026-06-01T12:31:00,P0456|P0116,LOC0113,phone_call,Interaction preceding the reported incident.
CASE061-EVT030,CASE061,2026-05-30T23:31:00,P0116|P0356,LOC0118,phone_call,Interaction preceding the reported incident.
CASE061-EVT031,CASE061,2026-05-25T09:31:00,P0356|P0363,LOC0176,meeting,Interaction preceding the reported incident.
CASE061-EVT032,CASE061,2026-05-24T18:31:00,P0363|P0908,LOC0234,vehicle_movement,Interaction preceding the reported incident.
CASE061-EVT033,CASE061,2026-05-25T09:31:00,P0908|P0072,LOC0110,phone_call,Interaction preceding the reported incident.
CASE061-EVT034,CASE061,2026-05-30T04:31:00,P0072|P0752,LOC0031,phone_call,Interaction preceding the reported incident.
CASE061-EVT035,CASE061,2026-05-25T18:31:00,P0752|P0996,LOC0093,phone_call,Interaction preceding the reported incident.
CASE061-EVT036,CASE061,2026-05-30T07:31:00,P0996|P0399,LOC0299,meeting,Interaction preceding the reported incident.
CASE061-EVT037,CASE061,2026-06-01T08:31:00,P0399|P0855,LOC0089,meeting,Interaction preceding the reported incident.
CASE061-EVT038,CASE061,2026-06-01T12:31:00,P0855|P0114,LOC0264,phone_call,Interaction preceding the reported incident.
CASE061-EVT039,CASE061,2026-05-24T09:31:00,P0114|P0800,LOC0140,phone_call,Interaction preceding the reported incident.
CASE061-EVT040,CASE061,2026-05-28T13:31:00,P0800|P0136,LOC0019,meeting,Interaction preceding the reported incident.
CASE061-EVT041,CASE061,2026-05-31T06:31:00,P0136|P0001,LOC0094,meeting,Interaction preceding the reported incident.
CASE061-EVT042,CASE061,2026-05-26T10:31:00,P0001|P0510,LOC0290,vehicle_movement,Interaction preceding the reported incident.
CASE061-EVT043,CASE061,2026-05-28T05:31:00,P0510|P0371,LOC0224,phone_call,Interaction preceding the reported incident.
CASE061-EVT044,CASE061,2026-05-28T07:31:00,P0371|P0620,LOC0132,meeting,Interaction preceding the reported incident.
CASE061-EVT045,CASE061,2026-05-23T04:31:00,P0620|P0272,LOC0142,phone_call,Interaction preceding the reported incident.
CASE061-EVT046,CASE061,2026-05-25T22:31:00,P0272|P0288,LOC0035,vehicle_movement,Interaction preceding the reported incident.
CASE061-EVT047,CASE061,2026-05-24T04:31:00,P0288|P0346,LOC0169,meeting,Interaction preceding the reported incident.
CASE061-EVT048,CASE061,2026-05-31T12:31:00,P0346|P0816,LOC0248,phone_call,Interaction preceding the reported incident.
CASE061-EVT049,CASE061,2026-06-01T11:31:00,P0816|P0331,LOC0217,meeting,Interaction preceding the reported incident.
CASE061-EVT050,CASE061,2026-06-01T23:31:00,P0331|P0103,LOC0103,phone_call,Interaction preceding the reported incident.
CASE061-EVT051,CASE061,2026-05-23T16:31:00,P0103|P0968,LOC0278,vehicle_movement,Interaction preceding the reported incident.
CASE061-EVT052,CASE061,2026-05-24T20:31:00,P0968|P0779,LOC0229,phone_call,Interaction preceding the reported incident.
CASE061-EVT053,CASE061,2026-05-27T07:31:00,P0779|P0350,LOC0233,phone_call,Interaction preceding the reported incident.
CASE061-EVT054,CASE061,2026-05-24T17:31:00,P0350|P0298,LOC0183,meeting,Interaction preceding the reported incident.
CASE061-EVT055,CASE061,2026-05-30T23:31:00,P0298|P0370,LOC0294,vehicle_movement,Interaction preceding the reported incident.
CASE061-EVT056,CASE061,2026-05-25T19:31:00,P0370|P0023,LOC0015,meeting,Interaction preceding the reported incident.
CASE061-EVT057,CASE061,2026-05-26T10:31:00,P0023|P0631,LOC0011,phone_call,Interaction preceding the reported incident.
CASE061-EVT058,CASE061,2026-05-28T03:31:00,P0631|P0650,LOC0148,vehicle_movement,Interaction preceding the reported incident.
CASE061-EVT059,CASE061,2026-05-27T16:31:00,P0650|P0327,LOC0012,vehicle_movement,Interaction preceding the reported incident.
CASE061-EVT060,CASE061,2026-05-27T15:31:00,P0327|P0459,LOC0181,vehicle_movement,Interaction preceding the reported incident.
CASE061-EVT061,CASE061,2026-05-30T19:31:00,P0459|P0890,LOC0028,meeting,Interaction preceding the reported incident.
CASE061-EVT062,CASE061,2026-06-01T07:31:00,P0890|P0725,LOC0023,vehicle_movement,Interaction preceding the reported incident.
CASE061-EVT063,CASE061,2026-05-23T18:31:00,P0725|P0766,LOC0120,vehicle_movement,Interaction preceding the reported incident.
CASE061-EVT064,CASE061,2026-05-24T14:31:00,P0766|P0902,LOC0277,meeting,Interaction preceding the reported incident.
CASE061-EVT065,CASE061,2026-05-30T12:31:00,P0902|P0049,LOC0253,meeting,Interaction preceding the reported incident.
CASE061-EVT066,CASE061,2026-05-31T07:31:00,P0049|P0280,LOC0077,phone_call,Interaction preceding the reported incident.
CASE061-EVT067,CASE061,2026-05-25T19:31:00,P0280|P0435,LOC0205,vehicle_movement,Interaction preceding the reported incident.
CASE061-EVT068,CASE061,2026-05-31T08:31:00,P0435|P0501,LOC0201,phone_call,Interaction preceding the reported incident.
CASE061-EVT069,CASE061,2026-05-27T06:31:00,P0501|P0740,LOC0125,phone_call,Interaction preceding the reported incident.
CASE061-EVT070,CASE061,2026-05-23T23:31:00,P0740|P0601,LOC0246,meeting,Interaction preceding the reported incident.
CASE061-EVT071,CASE061,2026-05-24T12:31:00,P0601|P0379,LOC0120,vehicle_movement,Interaction preceding the reported incident.
CASE061-EVT072,CASE061,2026-05-30T08:31:00,P0379|P0821,LOC0209,vehicle_movement,Interaction preceding the reported incident.
CASE061-EVT073,CASE061,2026-05-27T11:31:00,P0821|P0321,LOC0029,vehicle_movement,Interaction preceding the reported incident.
CASE061-EVT074,CASE061,2026-06-02T23:31:00,P0353,LOC0093,incident,Reported robbery network incident.
CASE062-EVT001,CASE062,2025-12-22T15:17:00,P0901|P0794,LOC0063,vehicle_movement,Interaction preceding the reported incident.
CASE062-EVT002,CASE062,2025-12-19T05:17:00,P0794|P0314,LOC0167,meeting,Interaction preceding the reported incident.
CASE062-EVT003,CASE062,2025-12-23T02:17:00,P0314|P0463,LOC0244,phone_call,Interaction preceding the reported incident.
CASE062-EVT004,CASE062,2025-12-26T12:17:00,P0463|P0366,LOC0197,vehicle_movement,Interaction preceding the reported incident.
CASE062-EVT005,CASE062,2025-12-26T05:17:00,P0366|P0108,LOC0104,vehicle_movement,Interaction preceding the reported incident.
CASE062-EVT006,CASE062,2025-12-19T07:17:00,P0108|P0757,LOC0297,vehicle_movement,Interaction preceding the reported incident.
CASE062-EVT007,CASE062,2025-12-23T08:17:00,P0757|P0456,LOC0140,phone_call,Interaction preceding the reported incident.
CASE062-EVT008,CASE062,2025-12-21T12:17:00,P0456|P0200,LOC0025,vehicle_movement,Interaction preceding the reported incident.
CASE062-EVT009,CASE062,2025-12-26T05:17:00,P0200|P0824,LOC0053,phone_call,Interaction preceding the reported incident.
CASE062-EVT010,CASE062,2025-12-19T14:17:00,P0824|P0363,LOC0239,vehicle_movement,Interaction preceding the reported incident.
CASE062-EVT011,CASE062,2025-12-23T06:17:00,P0363|P0980,LOC0237,phone_call,Interaction preceding the reported incident.
CASE062-EVT012,CASE062,2025-12-24T06:17:00,P0980|P0895,LOC0088,vehicle_movement,Interaction preceding the reported incident.
CASE062-EVT013,CASE062,2025-12-19T00:17:00,P0895|P0328,LOC0224,vehicle_movement,Interaction preceding the reported incident.
CASE062-EVT014,CASE062,2025-12-19T05:17:00,P0328|P0519,LOC0197,phone_call,Interaction preceding the reported incident.
CASE062-EVT015,CASE062,2025-12-25T02:17:00,P0519|P0664,LOC0049,meeting,Interaction preceding the reported incident.
CASE062-EVT016,CASE062,2025-12-21T02:17:00,P0664|P0816,LOC0255,meeting,Interaction preceding the reported incident.
CASE062-EVT017,CASE062,2025-12-27T13:17:00,P0816|P0782,LOC0069,phone_call,Interaction preceding the reported incident.
CASE062-EVT018,CASE062,2025-12-21T07:17:00,P0782|P0199,LOC0018,vehicle_movement,Interaction preceding the reported incident.
CASE062-EVT019,CASE062,2025-12-20T23:17:00,P0199|P0070,LOC0075,vehicle_movement,Interaction preceding the reported incident.
CASE062-EVT020,CASE062,2025-12-25T15:17:00,P0070|P0359,LOC0192,vehicle_movement,Interaction preceding the reported incident.
CASE062-EVT021,CASE062,2025-12-24T11:17:00,P0359|P0053,LOC0040,meeting,Interaction preceding the reported incident.
CASE062-EVT022,CASE062,2025-12-27T05:17:00,P0053|P0287,LOC0191,vehicle_movement,Interaction preceding the reported incident.
CASE062-EVT023,CASE062,2025-12-22T02:17:00,P0287|P0653,LOC0190,phone_call,Interaction preceding the reported incident.
CASE062-EVT024,CASE062,2025-12-18T03:17:00,P0653|P0915,LOC0268,vehicle_movement,Interaction preceding the reported incident.
CASE062-EVT025,CASE062,2025-12-20T10:17:00,P0915|P0446,LOC0093,vehicle_movement,Interaction preceding the reported incident.
CASE062-EVT026,CASE062,2025-12-26T03:17:00,P0446|P0112,LOC0071,vehicle_movement,Interaction preceding the reported incident.
CASE062-EVT027,CASE062,2025-12-27T03:17:00,P0112|P0297,LOC0088,phone_call,Interaction preceding the reported incident.
CASE062-EVT028,CASE062,2025-12-19T12:17:00,P0297|P0060,LOC0264,vehicle_movement,Interaction preceding the reported incident.
CASE062-EVT029,CASE062,2025-12-20T20:17:00,P0060|P0996,LOC0103,meeting,Interaction preceding the reported incident.
CASE062-EVT030,CASE062,2025-12-22T03:17:00,P0996|P0806,LOC0064,vehicle_movement,Interaction preceding the reported incident.
CASE062-EVT031,CASE062,2025-12-18T16:17:00,P0806|P0404,LOC0092,meeting,Interaction preceding the reported incident.
CASE062-EVT032,CASE062,2025-12-20T14:17:00,P0404|P0345,LOC0054,meeting,Interaction preceding the reported incident.
CASE062-EVT033,CASE062,2025-12-20T08:17:00,P0345|P0280,LOC0295,phone_call,Interaction preceding the reported incident.
CASE062-EVT034,CASE062,2025-12-22T10:17:00,P0280|P0853,LOC0179,meeting,Interaction preceding the reported incident.
CASE062-EVT035,CASE062,2025-12-19T12:17:00,P0853|P0370,LOC0196,vehicle_movement,Interaction preceding the reported incident.
CASE062-EVT036,CASE062,2025-12-20T07:17:00,P0370|P0288,LOC0220,vehicle_movement,Interaction preceding the reported incident.
CASE062-EVT037,CASE062,2025-12-25T16:17:00,P0288|P0395,LOC0231,phone_call,Interaction preceding the reported incident.
CASE062-EVT038,CASE062,2025-12-24T23:17:00,P0395|P0181,LOC0300,phone_call,Interaction preceding the reported incident.
CASE062-EVT039,CASE062,2025-12-21T11:17:00,P0181|P0875,LOC0197,vehicle_movement,Interaction preceding the reported incident.
CASE062-EVT040,CASE062,2025-12-24T02:17:00,P0875|P0469,LOC0279,meeting,Interaction preceding the reported incident.
CASE062-EVT041,CASE062,2025-12-21T09:17:00,P0469|P0969,LOC0082,vehicle_movement,Interaction preceding the reported incident.
CASE062-EVT042,CASE062,2025-12-21T05:17:00,P0969|P0544,LOC0046,vehicle_movement,Interaction preceding the reported incident.
CASE062-EVT043,CASE062,2025-12-26T01:17:00,P0544|P0625,LOC0263,meeting,Interaction preceding the reported incident.
CASE062-EVT044,CASE062,2025-12-28T16:17:00,P0901,LOC0276,incident,Reported illegal goods distribution incident.
CASE063-EVT001,CASE063,2025-11-12T10:13:00,P0471|P0116,LOC0229,phone_call,Interaction preceding the reported incident.
CASE063-EVT002,CASE063,2025-11-09T12:13:00,P0148|P0272,LOC0115,phone_call,Interaction preceding the reported incident.
CASE063-EVT003,CASE063,2025-11-09T20:13:00,P0148|P0694,LOC0245,meeting,Interaction preceding the reported incident.
CASE063-EVT004,CASE063,2025-11-07T23:13:00,P0471|P0229,LOC0171,phone_call,Interaction preceding the reported incident.
CASE063-EVT005,CASE063,2025-11-05T19:13:00,P0471|P0005,LOC0122,meeting,Interaction preceding the reported incident.
CASE063-EVT006,CASE063,2025-11-09T11:13:00,P0148|P0017,LOC0002,phone_call,Interaction preceding the reported incident.
CASE063-EVT007,CASE063,2025-11-12T20:13:00,P0148|P0124,LOC0181,meeting,Interaction preceding the reported incident.
CASE063-EVT008,CASE063,2025-11-05T09:13:00,P0148|P0545,LOC0035,meeting,Interaction preceding the reported incident.
CASE063-EVT009,CASE063,2025-11-11T22:13:00,P0471|P0707,LOC0078,meeting,Interaction preceding the reported incident.
CASE063-EVT010,CASE063,2025-11-08T04:13:00,P0148|P0223,LOC0123,vehicle_movement,Interaction preceding the reported incident.
CASE063-EVT011,CASE063,2025-11-12T14:13:00,P0148|P0390,LOC0274,vehicle_movement,Interaction preceding the reported incident.
CASE063-EVT012,CASE063,2025-11-07T04:13:00,P0148|P0659,LOC0088,phone_call,Interaction preceding the reported incident.
CASE063-EVT013,CASE063,2025-11-05T09:13:00,P0148|P0806,LOC0233,phone_call,Interaction preceding the reported incident.
CASE063-EVT014,CASE063,2025-11-09T14:13:00,P0471|P0607,LOC0128,vehicle_movement,Interaction preceding the reported incident.
CASE063-EVT015,CASE063,2025-11-09T16:13:00,P0148|P0689,LOC0169,phone_call,Interaction preceding the reported incident.
CASE063-EVT016,CASE063,2025-11-11T02:13:00,P0148|P0307,LOC0285,phone_call,Interaction preceding the reported incident.
CASE063-EVT017,CASE063,2025-11-12T12:13:00,P0148|P0448,LOC0236,meeting,Interaction preceding the reported incident.
CASE063-EVT018,CASE063,2025-11-05T03:13:00,P0148|P0064,LOC0279,vehicle_movement,Interaction preceding the reported incident.
CASE063-EVT019,CASE063,2025-11-04T00:13:00,P0471|P0999,LOC0118,phone_call,Interaction preceding the reported incident.
CASE063-EVT020,CASE063,2025-11-09T14:13:00,P0471|P0431,LOC0043,meeting,Interaction preceding the reported incident.
CASE063-EVT021,CASE063,2025-11-07T18:13:00,P0148|P0484,LOC0108,meeting,Interaction preceding the reported incident.
CASE063-EVT022,CASE063,2025-11-09T11:13:00,P0148|P0812,LOC0123,meeting,Interaction preceding the reported incident.
CASE063-EVT023,CASE063,2025-11-08T14:13:00,P0471|P0370,LOC0261,meeting,Interaction preceding the reported incident.
CASE063-EVT024,CASE063,2025-11-12T17:13:00,P0471|P0168,LOC0034,phone_call,Interaction preceding the reported incident.
CASE063-EVT025,CASE063,2025-11-05T12:13:00,P0148|P0289,LOC0036,phone_call,Interaction preceding the reported incident.
CASE063-EVT026,CASE063,2025-11-12T04:13:00,P0148|P0930,LOC0087,meeting,Interaction preceding the reported incident.
CASE063-EVT027,CASE063,2025-11-13T03:13:00,P0148|P0306,LOC0133,phone_call,Interaction preceding the reported incident.
CASE063-EVT028,CASE063,2025-11-11T23:13:00,P0471|P0027,LOC0057,vehicle_movement,Interaction preceding the reported incident.
CASE063-EVT029,CASE063,2025-11-10T20:13:00,P0471|P0611,LOC0256,meeting,Interaction preceding the reported incident.
CASE063-EVT030,CASE063,2025-11-07T10:13:00,P0471|P0986,LOC0097,phone_call,Interaction preceding the reported incident.
CASE063-EVT031,CASE063,2025-11-05T04:13:00,P0148|P0145,LOC0086,vehicle_movement,Interaction preceding the reported incident.
CASE063-EVT032,CASE063,2025-11-11T12:13:00,P0471|P0469,LOC0014,phone_call,Interaction preceding the reported incident.
CASE063-EVT033,CASE063,2025-11-08T13:13:00,P0471|P0630,LOC0199,phone_call,Interaction preceding the reported incident.
CASE063-EVT034,CASE063,2025-11-04T11:13:00,P0148|P0451,LOC0020,phone_call,Interaction preceding the reported incident.
CASE063-EVT035,CASE063,2025-11-11T05:13:00,P0148|P0575,LOC0090,meeting,Interaction preceding the reported incident.
CASE063-EVT036,CASE063,2025-11-06T00:13:00,P0471|P0216,LOC0166,phone_call,Interaction preceding the reported incident.
CASE063-EVT037,CASE063,2025-11-07T14:13:00,P0148|P0135,LOC0251,meeting,Interaction preceding the reported incident.
CASE063-EVT038,CASE063,2025-11-12T16:13:00,P0471|P0646,LOC0053,vehicle_movement,Interaction preceding the reported incident.
CASE063-EVT039,CASE063,2025-11-12T13:13:00,P0471|P0947,LOC0280,phone_call,Interaction preceding the reported incident.
CASE063-EVT040,CASE063,2025-11-08T22:13:00,P0148|P0861,LOC0242,vehicle_movement,Interaction preceding the reported incident.
CASE063-EVT041,CASE063,2025-11-12T15:13:00,P0471|P0499,LOC0042,phone_call,Interaction preceding the reported incident.
CASE063-EVT042,CASE063,2025-11-07T03:13:00,P0148|P0786,LOC0159,meeting,Interaction preceding the reported incident.
CASE063-EVT043,CASE063,2025-11-03T18:13:00,P0148|P0134,LOC0169,meeting,Interaction preceding the reported incident.
CASE063-EVT044,CASE063,2025-11-12T22:13:00,P0148|P0350,LOC0075,vehicle_movement,Interaction preceding the reported incident.
CASE063-EVT045,CASE063,2025-11-08T17:13:00,P0471|P0001,LOC0058,meeting,Interaction preceding the reported incident.
CASE063-EVT046,CASE063,2025-11-06T13:13:00,P0148|P0206,LOC0070,vehicle_movement,Interaction preceding the reported incident.
CASE063-EVT047,CASE063,2025-11-05T11:13:00,P0471|P0282,LOC0172,meeting,Interaction preceding the reported incident.
CASE063-EVT048,CASE063,2025-11-04T12:13:00,P0148|P0173,LOC0160,meeting,Interaction preceding the reported incident.
CASE063-EVT049,CASE063,2025-11-09T23:13:00,P0148|P0189,LOC0160,phone_call,Interaction preceding the reported incident.
CASE063-EVT050,CASE063,2025-11-07T02:13:00,P0148|P0943,LOC0063,phone_call,Interaction preceding the reported incident.
CASE063-EVT051,CASE063,2025-11-12T17:13:00,P0471|P0388,LOC0108,phone_call,Interaction preceding the reported incident.
CASE063-EVT052,CASE063,2025-11-10T04:13:00,P0148|P0601,LOC0280,phone_call,Interaction preceding the reported incident.
CASE063-EVT053,CASE063,2025-11-11T03:13:00,P0148|P0746,LOC0265,meeting,Interaction preceding the reported incident.
CASE063-EVT054,CASE063,2025-11-05T09:13:00,P0148|P0615,LOC0165,meeting,Interaction preceding the reported incident.
CASE063-EVT055,CASE063,2025-11-12T00:13:00,P0148|P0973,LOC0140,meeting,Interaction preceding the reported incident.
CASE063-EVT056,CASE063,2025-11-11T03:13:00,P0148|P0164,LOC0098,meeting,Interaction preceding the reported incident.
CASE063-EVT057,CASE063,2025-11-14T05:13:00,P0148,LOC0019,incident,Reported organized theft incident.
CASE064-EVT001,CASE064,2025-05-30T03:02:00,P0753|P0462,LOC0074,meeting,Interaction preceding the reported incident.
CASE064-EVT002,CASE064,2025-06-07T18:02:00,P0753|P0488,LOC0119,vehicle_movement,Interaction preceding the reported incident.
CASE064-EVT003,CASE064,2025-06-03T11:02:00,P0753|P0568,LOC0121,meeting,Interaction preceding the reported incident.
CASE064-EVT004,CASE064,2025-06-03T20:02:00,P0753|P0519,LOC0289,meeting,Interaction preceding the reported incident.
CASE064-EVT005,CASE064,2025-06-05T18:02:00,P0753|P0169,LOC0128,vehicle_movement,Interaction preceding the reported incident.
CASE064-EVT006,CASE064,2025-06-06T13:02:00,P0753|P0848,LOC0219,meeting,Interaction preceding the reported incident.
CASE064-EVT007,CASE064,2025-06-08T20:02:00,P0753,LOC0068,incident,Reported corporate fraud incident.
CASE065-EVT001,CASE065,2025-07-01T04:51:00,P0790|P0401,LOC0165,meeting,Interaction preceding the reported incident.
CASE065-EVT002,CASE065,2025-07-06T04:51:00,P0790|P0795,LOC0087,phone_call,Interaction preceding the reported incident.
CASE065-EVT003,CASE065,2025-06-30T16:51:00,P0560|P0015,LOC0210,meeting,Interaction preceding the reported incident.
CASE065-EVT004,CASE065,2025-07-07T16:51:00,P0790|P0598,LOC0131,vehicle_movement,Interaction preceding the reported incident.
CASE065-EVT005,CASE065,2025-07-07T06:51:00,P0560|P0561,LOC0074,phone_call,Interaction preceding the reported incident.
CASE065-EVT006,CASE065,2025-07-10T08:51:00,P0790,LOC0106,incident,Reported illegal goods distribution incident.
CASE066-EVT001,CASE066,2025-12-22T02:54:00,P0778|P0180,LOC0179,phone_call,Interaction preceding the reported incident.
CASE066-EVT002,CASE066,2025-12-15T13:54:00,P0180|P0743,LOC0207,vehicle_movement,Interaction preceding the reported incident.
CASE066-EVT003,CASE066,2025-12-14T15:54:00,P0743|P0845,LOC0252,meeting,Interaction preceding the reported incident.
CASE066-EVT004,CASE066,2025-12-18T06:54:00,P0845|P0956,LOC0286,vehicle_movement,Interaction preceding the reported incident.
CASE066-EVT005,CASE066,2025-12-20T09:54:00,P0956|P0648,LOC0068,phone_call,Interaction preceding the reported incident.
CASE066-EVT006,CASE066,2025-12-20T02:54:00,P0648|P0368,LOC0295,vehicle_movement,Interaction preceding the reported incident.
CASE066-EVT007,CASE066,2025-12-20T22:54:00,P0368|P0148,LOC0300,vehicle_movement,Interaction preceding the reported incident.
CASE066-EVT008,CASE066,2025-12-20T15:54:00,P0148|P0853,LOC0209,vehicle_movement,Interaction preceding the reported incident.
CASE066-EVT009,CASE066,2025-12-17T13:54:00,P0853|P0809,LOC0010,phone_call,Interaction preceding the reported incident.
CASE066-EVT010,CASE066,2025-12-21T22:54:00,P0809|P0942,LOC0043,vehicle_movement,Interaction preceding the reported incident.
CASE066-EVT011,CASE066,2025-12-21T12:54:00,P0942|P0389,LOC0235,meeting,Interaction preceding the reported incident.
CASE066-EVT012,CASE066,2025-12-21T18:54:00,P0389|P0940,LOC0198,vehicle_movement,Interaction preceding the reported incident.
CASE066-EVT013,CASE066,2025-12-18T07:54:00,P0940|P0606,LOC0066,phone_call,Interaction preceding the reported incident.
CASE066-EVT014,CASE066,2025-12-16T07:54:00,P0606|P0789,LOC0135,vehicle_movement,Interaction preceding the reported incident.
CASE066-EVT015,CASE066,2025-12-21T15:54:00,P0789|P0132,LOC0035,phone_call,Interaction preceding the reported incident.
CASE066-EVT016,CASE066,2025-12-21T06:54:00,P0132|P0274,LOC0195,vehicle_movement,Interaction preceding the reported incident.
CASE066-EVT017,CASE066,2025-12-18T17:54:00,P0274|P0859,LOC0079,vehicle_movement,Interaction preceding the reported incident.
CASE066-EVT018,CASE066,2025-12-15T00:54:00,P0859|P0213,LOC0041,vehicle_movement,Interaction preceding the reported incident.
CASE066-EVT019,CASE066,2025-12-17T17:54:00,P0213|P0450,LOC0207,phone_call,Interaction preceding the reported incident.
CASE066-EVT020,CASE066,2025-12-18T13:54:00,P0450|P0107,LOC0222,phone_call,Interaction preceding the reported incident.
CASE066-EVT021,CASE066,2025-12-14T14:54:00,P0107|P0153,LOC0239,phone_call,Interaction preceding the reported incident.
CASE066-EVT022,CASE066,2025-12-19T17:54:00,P0153|P0932,LOC0172,vehicle_movement,Interaction preceding the reported incident.
CASE066-EVT023,CASE066,2025-12-17T23:54:00,P0932|P0101,LOC0041,vehicle_movement,Interaction preceding the reported incident.
CASE066-EVT024,CASE066,2025-12-15T23:54:00,P0101|P0248,LOC0103,phone_call,Interaction preceding the reported incident.
CASE066-EVT025,CASE066,2025-12-14T05:54:00,P0248|P0090,LOC0037,vehicle_movement,Interaction preceding the reported incident.
CASE066-EVT026,CASE066,2025-12-22T05:54:00,P0090|P0141,LOC0004,meeting,Interaction preceding the reported incident.
CASE066-EVT027,CASE066,2025-12-18T02:54:00,P0141|P0189,LOC0080,vehicle_movement,Interaction preceding the reported incident.
CASE066-EVT028,CASE066,2025-12-22T07:54:00,P0189|P0601,LOC0049,vehicle_movement,Interaction preceding the reported incident.
CASE066-EVT029,CASE066,2025-12-16T12:54:00,P0601|P0725,LOC0253,vehicle_movement,Interaction preceding the reported incident.
CASE066-EVT030,CASE066,2025-12-21T00:54:00,P0725|P0405,LOC0167,meeting,Interaction preceding the reported incident.
CASE066-EVT031,CASE066,2025-12-22T09:54:00,P0405|P0750,LOC0051,vehicle_movement,Interaction preceding the reported incident.
CASE066-EVT032,CASE066,2025-12-20T02:54:00,P0750|P0688,LOC0144,meeting,Interaction preceding the reported incident.
CASE066-EVT033,CASE066,2025-12-14T18:54:00,P0688|P0724,LOC0048,phone_call,Interaction preceding the reported incident.
CASE066-EVT034,CASE066,2025-12-14T10:54:00,P0724|P0957,LOC0092,phone_call,Interaction preceding the reported incident.
CASE066-EVT035,CASE066,2025-12-13T13:54:00,P0957|P0830,LOC0195,meeting,Interaction preceding the reported incident.
CASE066-EVT036,CASE066,2025-12-18T18:54:00,P0830|P0930,LOC0063,vehicle_movement,Interaction preceding the reported incident.
CASE066-EVT037,CASE066,2025-12-15T02:54:00,P0930|P0113,LOC0116,meeting,Interaction preceding the reported incident.
CASE066-EVT038,CASE066,2025-12-22T18:54:00,P0113|P0171,LOC0079,vehicle_movement,Interaction preceding the reported incident.
CASE066-EVT039,CASE066,2025-12-14T02:54:00,P0171|P0475,LOC0086,vehicle_movement,Interaction preceding the reported incident.
CASE066-EVT040,CASE066,2025-12-17T16:54:00,P0475|P0104,LOC0087,phone_call,Interaction preceding the reported incident.
CASE066-EVT041,CASE066,2025-12-20T14:54:00,P0104|P0379,LOC0069,phone_call,Interaction preceding the reported incident.
CASE066-EVT042,CASE066,2025-12-22T16:54:00,P0379|P0850,LOC0089,vehicle_movement,Interaction preceding the reported incident.
CASE066-EVT043,CASE066,2025-12-17T08:54:00,P0850|P0584,LOC0069,meeting,Interaction preceding the reported incident.
CASE066-EVT044,CASE066,2025-12-20T12:54:00,P0584|P0580,LOC0149,vehicle_movement,Interaction preceding the reported incident.
CASE066-EVT045,CASE066,2025-12-18T08:54:00,P0580|P0055,LOC0114,vehicle_movement,Interaction preceding the reported incident.
CASE066-EVT046,CASE066,2025-12-21T14:54:00,P0055|P0410,LOC0105,phone_call,Interaction preceding the reported incident.
CASE066-EVT047,CASE066,2025-12-18T04:54:00,P0410|P0795,LOC0127,vehicle_movement,Interaction preceding the reported incident.
CASE066-EVT048,CASE066,2025-12-17T13:54:00,P0795|P0501,LOC0059,vehicle_movement,Interaction preceding the reported incident.
CASE066-EVT049,CASE066,2025-12-20T08:54:00,P0501|P0543,LOC0006,phone_call,Interaction preceding the reported incident.
CASE066-EVT050,CASE066,2025-12-15T01:54:00,P0543|P0391,LOC0286,phone_call,Interaction preceding the reported incident.
CASE066-EVT051,CASE066,2025-12-13T18:54:00,P0391|P0432,LOC0030,vehicle_movement,Interaction preceding the reported incident.
CASE066-EVT052,CASE066,2025-12-13T05:54:00,P0432|P0498,LOC0271,phone_call,Interaction preceding the reported incident.
CASE066-EVT053,CASE066,2025-12-13T13:54:00,P0498|P0669,LOC0004,vehicle_movement,Interaction preceding the reported incident.
CASE066-EVT054,CASE066,2025-12-20T11:54:00,P0669|P0441,LOC0124,vehicle_movement,Interaction preceding the reported incident.
CASE066-EVT055,CASE066,2025-12-18T03:54:00,P0441|P0121,LOC0256,vehicle_movement,Interaction preceding the reported incident.
CASE066-EVT056,CASE066,2025-12-21T18:54:00,P0121|P0713,LOC0116,vehicle_movement,Interaction preceding the reported incident.
CASE066-EVT057,CASE066,2025-12-16T08:54:00,P0713|P0969,LOC0045,phone_call,Interaction preceding the reported incident.
CASE066-EVT058,CASE066,2025-12-17T04:54:00,P0969|P0697,LOC0237,vehicle_movement,Interaction preceding the reported incident.
CASE066-EVT059,CASE066,2025-12-21T01:54:00,P0697|P0878,LOC0082,phone_call,Interaction preceding the reported incident.
CASE066-EVT060,CASE066,2025-12-15T12:54:00,P0878|P0444,LOC0240,vehicle_movement,Interaction preceding the reported incident.
CASE066-EVT061,CASE066,2025-12-17T17:54:00,P0444|P0357,LOC0127,vehicle_movement,Interaction preceding the reported incident.
CASE066-EVT062,CASE066,2025-12-14T15:54:00,P0357|P0784,LOC0053,phone_call,Interaction preceding the reported incident.
CASE066-EVT063,CASE066,2025-12-13T22:54:00,P0784|P0964,LOC0287,vehicle_movement,Interaction preceding the reported incident.
CASE066-EVT064,CASE066,2025-12-17T08:54:00,P0964|P0553,LOC0300,meeting,Interaction preceding the reported incident.
CASE066-EVT065,CASE066,2025-12-16T22:54:00,P0553|P0003,LOC0106,vehicle_movement,Interaction preceding the reported incident.
CASE066-EVT066,CASE066,2025-12-18T08:54:00,P0003|P0687,LOC0055,vehicle_movement,Interaction preceding the reported incident.
CASE066-EVT067,CASE066,2025-12-13T12:54:00,P0687|P0469,LOC0112,vehicle_movement,Interaction preceding the reported incident.
CASE066-EVT068,CASE066,2025-12-22T16:54:00,P0469|P0806,LOC0086,vehicle_movement,Interaction preceding the reported incident.
CASE066-EVT069,CASE066,2025-12-18T09:54:00,P0806|P0159,LOC0145,vehicle_movement,Interaction preceding the reported incident.
CASE066-EVT070,CASE066,2025-12-17T13:54:00,P0159|P0671,LOC0153,meeting,Interaction preceding the reported incident.
CASE066-EVT071,CASE066,2025-12-23T18:54:00,P0778,LOC0009,incident,Reported smuggling-style network incident.
CASE067-EVT001,CASE067,2026-01-08T17:01:00,P0156|P0258,LOC0223,vehicle_movement,Interaction preceding the reported incident.
CASE067-EVT002,CASE067,2026-01-10T08:01:00,P0156,LOC0111,incident,Reported illegal goods distribution incident.
CASE068-EVT001,CASE068,2026-06-28T17:00:00,P0763|P0309,LOC0120,phone_call,Interaction preceding the reported incident.
CASE068-EVT002,CASE068,2026-07-04T00:00:00,P0309|P0622,LOC0224,phone_call,Interaction preceding the reported incident.
CASE068-EVT003,CASE068,2026-06-29T13:00:00,P0622|P0267,LOC0138,meeting,Interaction preceding the reported incident.
CASE068-EVT004,CASE068,2026-07-04T23:00:00,P0267|P0115,LOC0284,vehicle_movement,Interaction preceding the reported incident.
CASE068-EVT005,CASE068,2026-06-26T11:00:00,P0115|P0932,LOC0250,vehicle_movement,Interaction preceding the reported incident.
CASE068-EVT006,CASE068,2026-07-01T20:00:00,P0932|P0068,LOC0265,vehicle_movement,Interaction preceding the reported incident.
CASE068-EVT007,CASE068,2026-06-28T10:00:00,P0068|P0333,LOC0198,meeting,Interaction preceding the reported incident.
CASE068-EVT008,CASE068,2026-06-26T09:00:00,P0333|P0721,LOC0085,meeting,Interaction preceding the reported incident.
CASE068-EVT009,CASE068,2026-06-29T06:00:00,P0721|P0225,LOC0057,vehicle_movement,Interaction preceding the reported incident.
CASE068-EVT010,CASE068,2026-07-02T23:00:00,P0225|P0107,LOC0152,vehicle_movement,Interaction preceding the reported incident.
CASE068-EVT011,CASE068,2026-06-25T22:00:00,P0107|P0089,LOC0033,meeting,Interaction preceding the reported incident.
CASE068-EVT012,CASE068,2026-07-02T20:00:00,P0089|P0994,LOC0192,meeting,Interaction preceding the reported incident.
CASE068-EVT013,CASE068,2026-06-30T08:00:00,P0994|P0845,LOC0021,meeting,Interaction preceding the reported incident.
CASE068-EVT014,CASE068,2026-06-25T05:00:00,P0845|P0923,LOC0009,phone_call,Interaction preceding the reported incident.
CASE068-EVT015,CASE068,2026-06-28T22:00:00,P0923|P0795,LOC0228,meeting,Interaction preceding the reported incident.
CASE068-EVT016,CASE068,2026-06-29T06:00:00,P0795|P0280,LOC0017,meeting,Interaction preceding the reported incident.
CASE068-EVT017,CASE068,2026-07-01T05:00:00,P0280|P0051,LOC0250,meeting,Interaction preceding the reported incident.
CASE068-EVT018,CASE068,2026-06-25T05:00:00,P0051|P0510,LOC0251,phone_call,Interaction preceding the reported incident.
CASE068-EVT019,CASE068,2026-06-26T22:00:00,P0510|P0971,LOC0169,phone_call,Interaction preceding the reported incident.
CASE068-EVT020,CASE068,2026-07-04T11:00:00,P0971|P0238,LOC0201,phone_call,Interaction preceding the reported incident.
CASE068-EVT021,CASE068,2026-06-26T08:00:00,P0238|P0262,LOC0283,vehicle_movement,Interaction preceding the reported incident.
CASE068-EVT022,CASE068,2026-06-29T00:00:00,P0262|P0724,LOC0173,phone_call,Interaction preceding the reported incident.
CASE068-EVT023,CASE068,2026-06-25T08:00:00,P0724|P0103,LOC0155,vehicle_movement,Interaction preceding the reported incident.
CASE068-EVT024,CASE068,2026-07-02T06:00:00,P0103|P0712,LOC0253,phone_call,Interaction preceding the reported incident.
CASE068-EVT025,CASE068,2026-07-03T08:00:00,P0712|P0788,LOC0158,phone_call,Interaction preceding the reported incident.
CASE068-EVT026,CASE068,2026-06-29T13:00:00,P0788|P0980,LOC0225,vehicle_movement,Interaction preceding the reported incident.
CASE068-EVT027,CASE068,2026-06-27T15:00:00,P0980|P0512,LOC0106,meeting,Interaction preceding the reported incident.
CASE068-EVT028,CASE068,2026-07-01T06:00:00,P0512|P0989,LOC0140,meeting,Interaction preceding the reported incident.
CASE068-EVT029,CASE068,2026-06-26T05:00:00,P0989|P0571,LOC0023,vehicle_movement,Interaction preceding the reported incident.
CASE068-EVT030,CASE068,2026-06-27T04:00:00,P0571|P0939,LOC0115,vehicle_movement,Interaction preceding the reported incident.
CASE068-EVT031,CASE068,2026-07-06T00:00:00,P0763,LOC0019,incident,Reported insurance fraud incident.
CASE069-EVT001,CASE069,2025-05-23T18:46:00,P0195|P0846,LOC0156,phone_call,Interaction preceding the reported incident.
CASE069-EVT002,CASE069,2025-05-27T10:46:00,P0195|P0914,LOC0131,vehicle_movement,Interaction preceding the reported incident.
CASE069-EVT003,CASE069,2025-05-26T03:46:00,P0195|P0906,LOC0183,vehicle_movement,Interaction preceding the reported incident.
CASE069-EVT004,CASE069,2025-05-26T04:46:00,P0195|P0326,LOC0069,phone_call,Interaction preceding the reported incident.
CASE069-EVT005,CASE069,2025-05-25T08:46:00,P0195|P0180,LOC0035,vehicle_movement,Interaction preceding the reported incident.
CASE069-EVT006,CASE069,2025-05-26T09:46:00,P0195|P0737,LOC0074,meeting,Interaction preceding the reported incident.
CASE069-EVT007,CASE069,2025-05-29T07:46:00,P0195|P0212,LOC0220,phone_call,Interaction preceding the reported incident.
CASE069-EVT008,CASE069,2025-05-23T03:46:00,P0195|P0700,LOC0086,phone_call,Interaction preceding the reported incident.
CASE069-EVT009,CASE069,2025-05-25T23:46:00,P0195|P0757,LOC0056,meeting,Interaction preceding the reported incident.
CASE069-EVT010,CASE069,2025-05-24T04:46:00,P0195|P0550,LOC0137,vehicle_movement,Interaction preceding the reported incident.
CASE069-EVT011,CASE069,2025-05-23T02:46:00,P0195|P0016,LOC0079,phone_call,Interaction preceding the reported incident.
CASE069-EVT012,CASE069,2025-05-25T18:46:00,P0195|P0293,LOC0296,phone_call,Interaction preceding the reported incident.
CASE069-EVT013,CASE069,2025-05-29T11:46:00,P0195|P0998,LOC0050,meeting,Interaction preceding the reported incident.
CASE069-EVT014,CASE069,2025-05-26T02:46:00,P0195|P0919,LOC0032,meeting,Interaction preceding the reported incident.
CASE069-EVT015,CASE069,2025-05-27T12:46:00,P0195|P0079,LOC0300,vehicle_movement,Interaction preceding the reported incident.
CASE069-EVT016,CASE069,2025-06-01T19:46:00,P0195,LOC0185,incident,Reported organized theft incident.
CASE070-EVT001,CASE070,2025-09-03T18:16:00,P0300|P0357,LOC0203,vehicle_movement,Interaction preceding the reported incident.
CASE070-EVT002,CASE070,2025-09-07T16:16:00,P0357|P0270,LOC0201,vehicle_movement,Interaction preceding the reported incident.
CASE070-EVT003,CASE070,2025-09-03T04:16:00,P0270|P0738,LOC0039,meeting,Interaction preceding the reported incident.
CASE070-EVT004,CASE070,2025-09-05T19:16:00,P0738|P0469,LOC0152,meeting,Interaction preceding the reported incident.
CASE070-EVT005,CASE070,2025-09-06T10:16:00,P0469|P0262,LOC0264,phone_call,Interaction preceding the reported incident.
CASE070-EVT006,CASE070,2025-09-11T10:16:00,P0262|P0663,LOC0242,vehicle_movement,Interaction preceding the reported incident.
CASE070-EVT007,CASE070,2025-09-06T13:16:00,P0663|P0084,LOC0254,vehicle_movement,Interaction preceding the reported incident.
CASE070-EVT008,CASE070,2025-09-11T01:16:00,P0084|P0861,LOC0193,phone_call,Interaction preceding the reported incident.
CASE070-EVT009,CASE070,2025-09-05T07:16:00,P0861|P0128,LOC0172,phone_call,Interaction preceding the reported incident.
CASE070-EVT010,CASE070,2025-09-09T14:16:00,P0128|P0853,LOC0192,meeting,Interaction preceding the reported incident.
CASE070-EVT011,CASE070,2025-09-05T03:16:00,P0853|P0710,LOC0103,phone_call,Interaction preceding the reported incident.
CASE070-EVT012,CASE070,2025-09-12T03:16:00,P0710|P0418,LOC0101,phone_call,Interaction preceding the reported incident.
CASE070-EVT013,CASE070,2025-09-10T16:16:00,P0418|P0212,LOC0117,vehicle_movement,Interaction preceding the reported incident.
CASE070-EVT014,CASE070,2025-09-05T08:16:00,P0212|P0563,LOC0073,phone_call,Interaction preceding the reported incident.
CASE070-EVT015,CASE070,2025-09-03T13:16:00,P0563|P0766,LOC0109,vehicle_movement,Interaction preceding the reported incident.
CASE070-EVT016,CASE070,2025-09-05T15:16:00,P0766|P0240,LOC0290,phone_call,Interaction preceding the reported incident.
CASE070-EVT017,CASE070,2025-09-03T01:16:00,P0240|P0510,LOC0067,vehicle_movement,Interaction preceding the reported incident.
CASE070-EVT018,CASE070,2025-09-12T03:16:00,P0510|P0175,LOC0127,meeting,Interaction preceding the reported incident.
CASE070-EVT019,CASE070,2025-09-08T16:16:00,P0175|P0770,LOC0039,phone_call,Interaction preceding the reported incident.
CASE070-EVT020,CASE070,2025-09-08T17:16:00,P0770|P0383,LOC0260,meeting,Interaction preceding the reported incident.
CASE070-EVT021,CASE070,2025-09-08T12:16:00,P0383|P0430,LOC0169,phone_call,Interaction preceding the reported incident.
CASE070-EVT022,CASE070,2025-09-04T16:16:00,P0430|P0980,LOC0256,vehicle_movement,Interaction preceding the reported incident.
CASE070-EVT023,CASE070,2025-09-08T03:16:00,P0980|P0316,LOC0092,vehicle_movement,Interaction preceding the reported incident.
CASE070-EVT024,CASE070,2025-09-13T19:16:00,P0300,LOC0211,incident,Reported fake-company network incident.
CASE071-EVT001,CASE071,2026-03-28T12:34:00,P0662|P0023,LOC0095,phone_call,Interaction preceding the reported incident.
CASE071-EVT002,CASE071,2026-03-22T03:34:00,P0023|P0683,LOC0137,vehicle_movement,Interaction preceding the reported incident.
CASE071-EVT003,CASE071,2026-03-27T19:34:00,P0683|P0693,LOC0024,vehicle_movement,Interaction preceding the reported incident.
CASE071-EVT004,CASE071,2026-03-19T09:34:00,P0693|P0061,LOC0227,meeting,Interaction preceding the reported incident.
CASE071-EVT005,CASE071,2026-03-24T21:34:00,P0061|P0175,LOC0060,vehicle_movement,Interaction preceding the reported incident.
CASE071-EVT006,CASE071,2026-03-22T04:34:00,P0175|P0665,LOC0282,vehicle_movement,Interaction preceding the reported incident.
CASE071-EVT007,CASE071,2026-03-21T18:34:00,P0665|P0341,LOC0231,meeting,Interaction preceding the reported incident.
CASE071-EVT008,CASE071,2026-03-25T22:34:00,P0341|P0206,LOC0236,vehicle_movement,Interaction preceding the reported incident.
CASE071-EVT009,CASE071,2026-03-22T08:34:00,P0206|P0737,LOC0148,vehicle_movement,Interaction preceding the reported incident.
CASE071-EVT010,CASE071,2026-03-23T05:34:00,P0737|P0924,LOC0300,phone_call,Interaction preceding the reported incident.
CASE071-EVT011,CASE071,2026-03-20T05:34:00,P0924|P0518,LOC0274,meeting,Interaction preceding the reported incident.
CASE071-EVT012,CASE071,2026-03-21T02:34:00,P0518|P0482,LOC0164,vehicle_movement,Interaction preceding the reported incident.
CASE071-EVT013,CASE071,2026-03-19T18:34:00,P0482|P0990,LOC0241,meeting,Interaction preceding the reported incident.
CASE071-EVT014,CASE071,2026-03-26T05:34:00,P0990|P0549,LOC0035,meeting,Interaction preceding the reported incident.
CASE071-EVT015,CASE071,2026-03-28T03:34:00,P0549|P0689,LOC0282,meeting,Interaction preceding the reported incident.
CASE071-EVT016,CASE071,2026-03-27T23:34:00,P0689|P0126,LOC0282,vehicle_movement,Interaction preceding the reported incident.
CASE071-EVT017,CASE071,2026-03-24T02:34:00,P0126|P0736,LOC0028,phone_call,Interaction preceding the reported incident.
CASE071-EVT018,CASE071,2026-03-24T18:34:00,P0736|P0286,LOC0026,vehicle_movement,Interaction preceding the reported incident.
CASE071-EVT019,CASE071,2026-03-21T20:34:00,P0286|P0954,LOC0274,meeting,Interaction preceding the reported incident.
CASE071-EVT020,CASE071,2026-03-27T01:34:00,P0954|P0197,LOC0115,meeting,Interaction preceding the reported incident.
CASE071-EVT021,CASE071,2026-03-28T11:34:00,P0197|P0059,LOC0262,vehicle_movement,Interaction preceding the reported incident.
CASE071-EVT022,CASE071,2026-03-25T04:34:00,P0059|P0072,LOC0085,phone_call,Interaction preceding the reported incident.
CASE071-EVT023,CASE071,2026-03-22T18:34:00,P0072|P0314,LOC0149,vehicle_movement,Interaction preceding the reported incident.
CASE071-EVT024,CASE071,2026-03-25T20:34:00,P0314|P0459,LOC0218,vehicle_movement,Interaction preceding the reported incident.
CASE071-EVT025,CASE071,2026-03-18T18:34:00,P0459|P0998,LOC0094,vehicle_movement,Interaction preceding the reported incident.
CASE071-EVT026,CASE071,2026-03-19T10:34:00,P0998|P0419,LOC0253,vehicle_movement,Interaction preceding the reported incident.
CASE071-EVT027,CASE071,2026-03-25T05:34:00,P0419|P0310,LOC0209,vehicle_movement,Interaction preceding the reported incident.
CASE071-EVT028,CASE071,2026-03-23T09:34:00,P0310|P0401,LOC0120,meeting,Interaction preceding the reported incident.
CASE071-EVT029,CASE071,2026-03-27T21:34:00,P0401|P0484,LOC0239,vehicle_movement,Interaction preceding the reported incident.
CASE071-EVT030,CASE071,2026-03-27T07:34:00,P0484|P0381,LOC0223,meeting,Interaction preceding the reported incident.
CASE071-EVT031,CASE071,2026-03-20T17:34:00,P0381|P0724,LOC0214,phone_call,Interaction preceding the reported incident.
CASE071-EVT032,CASE071,2026-03-26T00:34:00,P0724|P0232,LOC0070,vehicle_movement,Interaction preceding the reported incident.
CASE071-EVT033,CASE071,2026-03-28T09:34:00,P0232|P0437,LOC0293,phone_call,Interaction preceding the reported incident.
CASE071-EVT034,CASE071,2026-03-27T23:34:00,P0437|P0378,LOC0237,vehicle_movement,Interaction preceding the reported incident.
CASE071-EVT035,CASE071,2026-03-27T03:34:00,P0378|P0553,LOC0234,phone_call,Interaction preceding the reported incident.
CASE071-EVT036,CASE071,2026-03-23T06:34:00,P0553|P0499,LOC0096,phone_call,Interaction preceding the reported incident.
CASE071-EVT037,CASE071,2026-03-22T09:34:00,P0499|P0411,LOC0265,vehicle_movement,Interaction preceding the reported incident.
CASE071-EVT038,CASE071,2026-03-22T22:34:00,P0411|P0649,LOC0024,meeting,Interaction preceding the reported incident.
CASE071-EVT039,CASE071,2026-03-26T07:34:00,P0649|P0651,LOC0283,vehicle_movement,Interaction preceding the reported incident.
CASE071-EVT040,CASE071,2026-03-27T19:34:00,P0651|P0057,LOC0215,meeting,Interaction preceding the reported incident.
CASE071-EVT041,CASE071,2026-03-27T22:34:00,P0057|P0745,LOC0087,vehicle_movement,Interaction preceding the reported incident.
CASE071-EVT042,CASE071,2026-03-21T06:34:00,P0745|P0508,LOC0140,phone_call,Interaction preceding the reported incident.
CASE071-EVT043,CASE071,2026-03-29T12:34:00,P0662,LOC0142,incident,Reported robbery network incident.
CASE072-EVT001,CASE072,2025-08-24T04:34:00,P0958|P0650,LOC0288,phone_call,Interaction preceding the reported incident.
CASE072-EVT002,CASE072,2025-08-14T23:34:00,P0958|P0172,LOC0212,vehicle_movement,Interaction preceding the reported incident.
CASE072-EVT003,CASE072,2025-08-15T15:34:00,P0958|P0938,LOC0117,vehicle_movement,Interaction preceding the reported incident.
CASE072-EVT004,CASE072,2025-08-23T22:34:00,P0958|P0663,LOC0034,phone_call,Interaction preceding the reported incident.
CASE072-EVT005,CASE072,2025-08-19T19:34:00,P0958|P0019,LOC0062,vehicle_movement,Interaction preceding the reported incident.
CASE072-EVT006,CASE072,2025-08-18T23:34:00,P0958|P0615,LOC0142,meeting,Interaction preceding the reported incident.
CASE072-EVT007,CASE072,2025-08-14T19:34:00,P0958|P0450,LOC0139,phone_call,Interaction preceding the reported incident.
CASE072-EVT008,CASE072,2025-08-20T02:34:00,P0958|P0935,LOC0038,phone_call,Interaction preceding the reported incident.
CASE072-EVT009,CASE072,2025-08-21T22:34:00,P0958|P0869,LOC0148,meeting,Interaction preceding the reported incident.
CASE072-EVT010,CASE072,2025-08-19T13:34:00,P0958|P0825,LOC0038,meeting,Interaction preceding the reported incident.
CASE072-EVT011,CASE072,2025-08-19T02:34:00,P0958|P0837,LOC0118,vehicle_movement,Interaction preceding the reported incident.
CASE072-EVT012,CASE072,2025-08-14T14:34:00,P0958|P0336,LOC0022,meeting,Interaction preceding the reported incident.
CASE072-EVT013,CASE072,2025-08-18T03:34:00,P0958|P0323,LOC0238,vehicle_movement,Interaction preceding the reported incident.
CASE072-EVT014,CASE072,2025-08-18T21:34:00,P0958|P0751,LOC0123,vehicle_movement,Interaction preceding the reported incident.
CASE072-EVT015,CASE072,2025-08-22T00:34:00,P0958|P0051,LOC0082,meeting,Interaction preceding the reported incident.
CASE072-EVT016,CASE072,2025-08-19T02:34:00,P0958|P0281,LOC0201,meeting,Interaction preceding the reported incident.
CASE072-EVT017,CASE072,2025-08-22T21:34:00,P0958|P0004,LOC0261,vehicle_movement,Interaction preceding the reported incident.
CASE072-EVT018,CASE072,2025-08-18T05:34:00,P0958|P0261,LOC0220,vehicle_movement,Interaction preceding the reported incident.
CASE072-EVT019,CASE072,2025-08-16T17:34:00,P0958|P0295,LOC0285,phone_call,Interaction preceding the reported incident.
CASE072-EVT020,CASE072,2025-08-22T14:34:00,P0958|P0489,LOC0061,phone_call,Interaction preceding the reported incident.
CASE072-EVT021,CASE072,2025-08-14T15:34:00,P0958|P0401,LOC0154,vehicle_movement,Interaction preceding the reported incident.
CASE072-EVT022,CASE072,2025-08-17T22:34:00,P0958|P0319,LOC0170,vehicle_movement,Interaction preceding the reported incident.
CASE072-EVT023,CASE072,2025-08-15T23:34:00,P0958|P0691,LOC0233,meeting,Interaction preceding the reported incident.
CASE072-EVT024,CASE072,2025-08-23T20:34:00,P0958|P0379,LOC0077,phone_call,Interaction preceding the reported incident.
CASE072-EVT025,CASE072,2025-08-16T20:34:00,P0958|P0757,LOC0160,meeting,Interaction preceding the reported incident.
CASE072-EVT026,CASE072,2025-08-20T01:34:00,P0958|P0906,LOC0039,meeting,Interaction preceding the reported incident.
CASE072-EVT027,CASE072,2025-08-18T02:34:00,P0958|P0808,LOC0190,meeting,Interaction preceding the reported incident.
CASE072-EVT028,CASE072,2025-08-24T02:34:00,P0958|P0070,LOC0033,vehicle_movement,Interaction preceding the reported incident.
CASE072-EVT029,CASE072,2025-08-20T00:34:00,P0958|P0377,LOC0113,phone_call,Interaction preceding the reported incident.
CASE072-EVT030,CASE072,2025-08-23T15:34:00,P0958|P0754,LOC0233,meeting,Interaction preceding the reported incident.
CASE072-EVT031,CASE072,2025-08-24T04:34:00,P0958|P0169,LOC0070,meeting,Interaction preceding the reported incident.
CASE072-EVT032,CASE072,2025-08-18T14:34:00,P0958|P0146,LOC0075,meeting,Interaction preceding the reported incident.
CASE072-EVT033,CASE072,2025-08-15T17:34:00,P0958|P0769,LOC0091,meeting,Interaction preceding the reported incident.
CASE072-EVT034,CASE072,2025-08-19T20:34:00,P0958|P0604,LOC0182,vehicle_movement,Interaction preceding the reported incident.
CASE072-EVT035,CASE072,2025-08-23T20:34:00,P0958|P0164,LOC0173,vehicle_movement,Interaction preceding the reported incident.
CASE072-EVT036,CASE072,2025-08-21T19:34:00,P0958|P0592,LOC0019,meeting,Interaction preceding the reported incident.
CASE072-EVT037,CASE072,2025-08-23T16:34:00,P0958|P0636,LOC0124,vehicle_movement,Interaction preceding the reported incident.
CASE072-EVT038,CASE072,2025-08-20T18:34:00,P0958|P0214,LOC0202,meeting,Interaction preceding the reported incident.
CASE072-EVT039,CASE072,2025-08-16T04:34:00,P0958|P0047,LOC0184,meeting,Interaction preceding the reported incident.
CASE072-EVT040,CASE072,2025-08-17T01:34:00,P0958|P0767,LOC0099,phone_call,Interaction preceding the reported incident.
CASE072-EVT041,CASE072,2025-08-21T04:34:00,P0958|P0588,LOC0006,vehicle_movement,Interaction preceding the reported incident.
CASE072-EVT042,CASE072,2025-08-23T23:34:00,P0958|P0240,LOC0135,phone_call,Interaction preceding the reported incident.
CASE072-EVT043,CASE072,2025-08-21T06:34:00,P0958|P0687,LOC0093,meeting,Interaction preceding the reported incident.
CASE072-EVT044,CASE072,2025-08-19T04:34:00,P0958|P0010,LOC0297,phone_call,Interaction preceding the reported incident.
CASE072-EVT045,CASE072,2025-08-22T20:34:00,P0958|P0968,LOC0215,meeting,Interaction preceding the reported incident.
CASE072-EVT046,CASE072,2025-08-19T15:34:00,P0958|P0599,LOC0274,vehicle_movement,Interaction preceding the reported incident.
CASE072-EVT047,CASE072,2025-08-21T22:34:00,P0958|P0764,LOC0252,vehicle_movement,Interaction preceding the reported incident.
CASE072-EVT048,CASE072,2025-08-24T00:34:00,P0958|P0887,LOC0067,phone_call,Interaction preceding the reported incident.
CASE072-EVT049,CASE072,2025-08-23T22:34:00,P0958|P0048,LOC0111,phone_call,Interaction preceding the reported incident.
CASE072-EVT050,CASE072,2025-08-17T19:34:00,P0958|P0290,LOC0076,phone_call,Interaction preceding the reported incident.
CASE072-EVT051,CASE072,2025-08-23T14:34:00,P0958|P0882,LOC0032,meeting,Interaction preceding the reported incident.
CASE072-EVT052,CASE072,2025-08-17T16:34:00,P0958|P0955,LOC0265,phone_call,Interaction preceding the reported incident.
CASE072-EVT053,CASE072,2025-08-20T14:34:00,P0958|P0846,LOC0034,meeting,Interaction preceding the reported incident.
CASE072-EVT054,CASE072,2025-08-16T22:34:00,P0958|P0883,LOC0242,phone_call,Interaction preceding the reported incident.
CASE072-EVT055,CASE072,2025-08-18T14:34:00,P0958|P0311,LOC0111,meeting,Interaction preceding the reported incident.
CASE072-EVT056,CASE072,2025-08-22T06:34:00,P0958|P0834,LOC0267,meeting,Interaction preceding the reported incident.
CASE072-EVT057,CASE072,2025-08-20T14:34:00,P0958|P0533,LOC0254,meeting,Interaction preceding the reported incident.
CASE072-EVT058,CASE072,2025-08-20T01:34:00,P0958|P0920,LOC0056,meeting,Interaction preceding the reported incident.
CASE072-EVT059,CASE072,2025-08-17T01:34:00,P0958|P0481,LOC0115,meeting,Interaction preceding the reported incident.
CASE072-EVT060,CASE072,2025-08-20T18:34:00,P0958|P0541,LOC0037,meeting,Interaction preceding the reported incident.
CASE072-EVT061,CASE072,2025-08-20T13:34:00,P0958|P0108,LOC0113,phone_call,Interaction preceding the reported incident.
CASE072-EVT062,CASE072,2025-08-16T22:34:00,P0958|P0473,LOC0133,phone_call,Interaction preceding the reported incident.
CASE072-EVT063,CASE072,2025-08-23T15:34:00,P0958|P0670,LOC0184,phone_call,Interaction preceding the reported incident.
CASE072-EVT064,CASE072,2025-08-23T23:34:00,P0958|P0403,LOC0170,meeting,Interaction preceding the reported incident.
CASE072-EVT065,CASE072,2025-08-20T05:34:00,P0958|P0289,LOC0155,vehicle_movement,Interaction preceding the reported incident.
CASE072-EVT066,CASE072,2025-08-22T05:34:00,P0958|P0013,LOC0291,meeting,Interaction preceding the reported incident.
CASE072-EVT067,CASE072,2025-08-21T13:34:00,P0958|P0065,LOC0258,meeting,Interaction preceding the reported incident.
CASE072-EVT068,CASE072,2025-08-25T08:34:00,P0958,LOC0225,incident,Reported identity fraud incident.
CASE073-EVT001,CASE073,2026-06-11T10:06:00,P0664|P0450,LOC0189,phone_call,Interaction preceding the reported incident.
CASE073-EVT002,CASE073,2026-06-07T07:06:00,P0450|P0235,LOC0007,phone_call,Interaction preceding the reported incident.
CASE073-EVT003,CASE073,2026-06-13T19:06:00,P0235|P0286,LOC0122,phone_call,Interaction preceding the reported incident.
CASE073-EVT004,CASE073,2026-06-08T18:06:00,P0286|P0572,LOC0227,meeting,Interaction preceding the reported incident.
CASE073-EVT005,CASE073,2026-06-04T14:06:00,P0572|P0955,LOC0292,phone_call,Interaction preceding the reported incident.
CASE073-EVT006,CASE073,2026-06-12T15:06:00,P0955|P0321,LOC0267,meeting,Interaction preceding the reported incident.
CASE073-EVT007,CASE073,2026-06-05T13:06:00,P0321|P0455,LOC0243,phone_call,Interaction preceding the reported incident.
CASE073-EVT008,CASE073,2026-06-07T20:06:00,P0455|P0409,LOC0241,phone_call,Interaction preceding the reported incident.
CASE073-EVT009,CASE073,2026-06-08T13:06:00,P0409|P0640,LOC0238,phone_call,Interaction preceding the reported incident.
CASE073-EVT010,CASE073,2026-06-06T00:06:00,P0640|P0956,LOC0198,phone_call,Interaction preceding the reported incident.
CASE073-EVT011,CASE073,2026-06-09T02:06:00,P0956|P0904,LOC0025,meeting,Interaction preceding the reported incident.
CASE073-EVT012,CASE073,2026-06-10T23:06:00,P0904|P0987,LOC0132,meeting,Interaction preceding the reported incident.
CASE073-EVT013,CASE073,2026-06-07T09:06:00,P0987|P0189,LOC0141,phone_call,Interaction preceding the reported incident.
CASE073-EVT014,CASE073,2026-06-05T09:06:00,P0189|P0621,LOC0160,phone_call,Interaction preceding the reported incident.
CASE073-EVT015,CASE073,2026-06-10T23:06:00,P0621|P0830,LOC0253,phone_call,Interaction preceding the reported incident.
CASE073-EVT016,CASE073,2026-06-07T11:06:00,P0830|P0428,LOC0186,vehicle_movement,Interaction preceding the reported incident.
CASE073-EVT017,CASE073,2026-06-05T07:06:00,P0428|P0547,LOC0243,vehicle_movement,Interaction preceding the reported incident.
CASE073-EVT018,CASE073,2026-06-04T19:06:00,P0547|P0276,LOC0276,vehicle_movement,Interaction preceding the reported incident.
CASE073-EVT019,CASE073,2026-06-12T10:06:00,P0358|P0036,LOC0276,phone_call,Interaction preceding the reported incident.
CASE073-EVT020,CASE073,2026-06-11T22:06:00,P0036|P0821,LOC0079,vehicle_movement,Interaction preceding the reported incident.
CASE073-EVT021,CASE073,2026-06-09T08:06:00,P0821|P0673,LOC0197,meeting,Interaction preceding the reported incident.
CASE073-EVT022,CASE073,2026-06-11T00:06:00,P0673|P0543,LOC0202,phone_call,Interaction preceding the reported incident.
CASE073-EVT023,CASE073,2026-06-11T21:06:00,P0543|P0711,LOC0225,vehicle_movement,Interaction preceding the reported incident.
CASE073-EVT024,CASE073,2026-06-05T20:06:00,P0711|P0650,LOC0265,vehicle_movement,Interaction preceding the reported incident.
CASE073-EVT025,CASE073,2026-06-11T01:06:00,P0650|P0143,LOC0266,phone_call,Interaction preceding the reported incident.
CASE073-EVT026,CASE073,2026-06-09T17:06:00,P0143|P0209,LOC0001,vehicle_movement,Interaction preceding the reported incident.
CASE073-EVT027,CASE073,2026-06-11T02:06:00,P0209|P0086,LOC0206,vehicle_movement,Interaction preceding the reported incident.
CASE073-EVT028,CASE073,2026-06-12T19:06:00,P0086|P0626,LOC0133,phone_call,Interaction preceding the reported incident.
CASE073-EVT029,CASE073,2026-06-07T09:06:00,P0626|P0954,LOC0111,phone_call,Interaction preceding the reported incident.
CASE073-EVT030,CASE073,2026-06-11T20:06:00,P0954|P0897,LOC0246,meeting,Interaction preceding the reported incident.
CASE073-EVT031,CASE073,2026-06-08T14:06:00,P0897|P0581,LOC0257,meeting,Interaction preceding the reported incident.
CASE073-EVT032,CASE073,2026-06-06T20:06:00,P0581|P0812,LOC0069,phone_call,Interaction preceding the reported incident.
CASE073-EVT033,CASE073,2026-06-10T17:06:00,P0812|P0055,LOC0065,meeting,Interaction preceding the reported incident.
CASE073-EVT034,CASE073,2026-06-05T02:06:00,P0055|P0011,LOC0147,vehicle_movement,Interaction preceding the reported incident.
CASE073-EVT035,CASE073,2026-06-06T09:06:00,P0011|P0600,LOC0076,meeting,Interaction preceding the reported incident.
CASE073-EVT036,CASE073,2026-06-12T01:06:00,P0600|P0493,LOC0066,phone_call,Interaction preceding the reported incident.
CASE073-EVT037,CASE073,2026-06-04T23:06:00,P0493|P0994,LOC0022,meeting,Interaction preceding the reported incident.
CASE073-EVT038,CASE073,2026-06-10T08:06:00,P0276|P0358,LOC0075,phone_call,Interaction preceding the reported incident.
CASE073-EVT039,CASE073,2026-06-15T03:06:00,P0664,LOC0060,incident,Reported robbery network incident.
CASE074-EVT001,CASE074,2025-10-08T09:19:00,P0884|P0056,LOC0300,vehicle_movement,Interaction preceding the reported incident.
CASE074-EVT002,CASE074,2025-10-08T16:19:00,P0056|P0329,LOC0200,meeting,Interaction preceding the reported incident.
CASE074-EVT003,CASE074,2025-10-15T08:19:00,P0329|P0251,LOC0171,vehicle_movement,Interaction preceding the reported incident.
CASE074-EVT004,CASE074,2025-10-16T20:19:00,P0251|P0309,LOC0215,meeting,Interaction preceding the reported incident.
CASE074-EVT005,CASE074,2025-10-08T03:19:00,P0309|P0036,LOC0292,phone_call,Interaction preceding the reported incident.
CASE074-EVT006,CASE074,2025-10-08T22:19:00,P0036|P0821,LOC0098,vehicle_movement,Interaction preceding the reported incident.
CASE074-EVT007,CASE074,2025-10-12T07:19:00,P0821|P0040,LOC0294,meeting,Interaction preceding the reported incident.
CASE074-EVT008,CASE074,2025-10-15T02:19:00,P0040|P0498,LOC0036,vehicle_movement,Interaction preceding the reported incident.
CASE074-EVT009,CASE074,2025-10-17T15:19:00,P0498|P0317,LOC0154,vehicle_movement,Interaction preceding the reported incident.
CASE074-EVT010,CASE074,2025-10-09T02:19:00,P0317|P0402,LOC0254,vehicle_movement,Interaction preceding the reported incident.
CASE074-EVT011,CASE074,2025-10-13T09:19:00,P0402|P0875,LOC0251,phone_call,Interaction preceding the reported incident.
CASE074-EVT012,CASE074,2025-10-17T20:19:00,P0875|P0549,LOC0282,meeting,Interaction preceding the reported incident.
CASE074-EVT013,CASE074,2025-10-15T19:19:00,P0549|P0964,LOC0010,meeting,Interaction preceding the reported incident.
CASE074-EVT014,CASE074,2025-10-09T17:19:00,P0964|P0233,LOC0119,meeting,Interaction preceding the reported incident.
CASE074-EVT015,CASE074,2025-10-14T07:19:00,P0233|P0250,LOC0029,vehicle_movement,Interaction preceding the reported incident.
CASE074-EVT016,CASE074,2025-10-10T11:19:00,P0250|P0843,LOC0256,phone_call,Interaction preceding the reported incident.
CASE074-EVT017,CASE074,2025-10-09T09:19:00,P0843|P0909,LOC0065,phone_call,Interaction preceding the reported incident.
CASE074-EVT018,CASE074,2025-10-13T02:19:00,P0909|P0125,LOC0042,phone_call,Interaction preceding the reported incident.
CASE074-EVT019,CASE074,2025-10-15T02:19:00,P0125|P0734,LOC0017,vehicle_movement,Interaction preceding the reported incident.
CASE074-EVT020,CASE074,2025-10-11T21:19:00,P0734|P0597,LOC0264,meeting,Interaction preceding the reported incident.
CASE074-EVT021,CASE074,2025-10-16T19:19:00,P0597|P0838,LOC0089,meeting,Interaction preceding the reported incident.
CASE074-EVT022,CASE074,2025-10-08T05:19:00,P0838|P0958,LOC0055,meeting,Interaction preceding the reported incident.
CASE074-EVT023,CASE074,2025-10-08T11:19:00,P0958|P0683,LOC0169,vehicle_movement,Interaction preceding the reported incident.
CASE074-EVT024,CASE074,2025-10-17T22:19:00,P0683|P0308,LOC0124,phone_call,Interaction preceding the reported incident.
CASE074-EVT025,CASE074,2025-10-12T16:19:00,P0308|P0577,LOC0014,vehicle_movement,Interaction preceding the reported incident.
CASE074-EVT026,CASE074,2025-10-14T18:19:00,P0577|P0351,LOC0136,vehicle_movement,Interaction preceding the reported incident.
CASE074-EVT027,CASE074,2025-10-15T17:19:00,P0351|P0057,LOC0245,phone_call,Interaction preceding the reported incident.
CASE074-EVT028,CASE074,2025-10-15T19:19:00,P0057|P0963,LOC0130,vehicle_movement,Interaction preceding the reported incident.
CASE074-EVT029,CASE074,2025-10-14T21:19:00,P0963|P0935,LOC0284,vehicle_movement,Interaction preceding the reported incident.
CASE074-EVT030,CASE074,2025-10-11T12:19:00,P0935|P0344,LOC0274,meeting,Interaction preceding the reported incident.
CASE074-EVT031,CASE074,2025-10-11T14:19:00,P0344|P0916,LOC0188,vehicle_movement,Interaction preceding the reported incident.
CASE074-EVT032,CASE074,2025-10-15T10:19:00,P0916|P0650,LOC0270,meeting,Interaction preceding the reported incident.
CASE074-EVT033,CASE074,2025-10-13T19:19:00,P0650|P0401,LOC0231,meeting,Interaction preceding the reported incident.
CASE074-EVT034,CASE074,2025-10-13T10:19:00,P0401|P0678,LOC0069,vehicle_movement,Interaction preceding the reported incident.
CASE074-EVT035,CASE074,2025-10-13T08:19:00,P0678|P0372,LOC0089,vehicle_movement,Interaction preceding the reported incident.
CASE074-EVT036,CASE074,2025-10-16T16:19:00,P0511|P0939,LOC0293,phone_call,Interaction preceding the reported incident.
CASE074-EVT037,CASE074,2025-10-09T11:19:00,P0939|P0934,LOC0158,vehicle_movement,Interaction preceding the reported incident.
CASE074-EVT038,CASE074,2025-10-09T07:19:00,P0934|P0319,LOC0026,meeting,Interaction preceding the reported incident.
CASE074-EVT039,CASE074,2025-10-12T15:19:00,P0319|P0803,LOC0134,meeting,Interaction preceding the reported incident.
CASE074-EVT040,CASE074,2025-10-13T18:19:00,P0803|P0975,LOC0286,meeting,Interaction preceding the reported incident.
CASE074-EVT041,CASE074,2025-10-11T09:19:00,P0975|P0887,LOC0056,phone_call,Interaction preceding the reported incident.
CASE074-EVT042,CASE074,2025-10-17T11:19:00,P0887|P0531,LOC0099,phone_call,Interaction preceding the reported incident.
CASE074-EVT043,CASE074,2025-10-16T19:19:00,P0531|P0374,LOC0194,meeting,Interaction preceding the reported incident.
CASE074-EVT044,CASE074,2025-10-14T22:19:00,P0374|P0991,LOC0030,phone_call,Interaction preceding the reported incident.
CASE074-EVT045,CASE074,2025-10-10T18:19:00,P0991|P0147,LOC0011,meeting,Interaction preceding the reported incident.
CASE074-EVT046,CASE074,2025-10-08T02:19:00,P0147|P0184,LOC0179,phone_call,Interaction preceding the reported incident.
CASE074-EVT047,CASE074,2025-10-17T10:19:00,P0184|P0508,LOC0032,phone_call,Interaction preceding the reported incident.
CASE074-EVT048,CASE074,2025-10-16T02:19:00,P0508|P0676,LOC0056,vehicle_movement,Interaction preceding the reported incident.
CASE074-EVT049,CASE074,2025-10-13T09:19:00,P0676|P0016,LOC0068,phone_call,Interaction preceding the reported incident.
CASE074-EVT050,CASE074,2025-10-16T15:19:00,P0016|P0500,LOC0007,phone_call,Interaction preceding the reported incident.
CASE074-EVT051,CASE074,2025-10-17T06:19:00,P0500|P0273,LOC0034,phone_call,Interaction preceding the reported incident.
CASE074-EVT052,CASE074,2025-10-11T04:19:00,P0273|P0398,LOC0092,phone_call,Interaction preceding the reported incident.
CASE074-EVT053,CASE074,2025-10-14T05:19:00,P0398|P0910,LOC0087,phone_call,Interaction preceding the reported incident.
CASE074-EVT054,CASE074,2025-10-17T14:19:00,P0910|P0456,LOC0062,vehicle_movement,Interaction preceding the reported incident.
CASE074-EVT055,CASE074,2025-10-08T12:19:00,P0456|P0830,LOC0192,phone_call,Interaction preceding the reported incident.
CASE074-EVT056,CASE074,2025-10-17T12:19:00,P0830|P0361,LOC0027,vehicle_movement,Interaction preceding the reported incident.
CASE074-EVT057,CASE074,2025-10-09T12:19:00,P0361|P0264,LOC0128,meeting,Interaction preceding the reported incident.
CASE074-EVT058,CASE074,2025-10-11T13:19:00,P0264|P0522,LOC0027,meeting,Interaction preceding the reported incident.
CASE074-EVT059,CASE074,2025-10-09T04:19:00,P0522|P0285,LOC0117,meeting,Interaction preceding the reported incident.
CASE074-EVT060,CASE074,2025-10-13T19:19:00,P0285|P0258,LOC0169,vehicle_movement,Interaction preceding the reported incident.
CASE074-EVT061,CASE074,2025-10-13T04:19:00,P0258|P0217,LOC0118,meeting,Interaction preceding the reported incident.
CASE074-EVT062,CASE074,2025-10-10T15:19:00,P0217|P0651,LOC0115,meeting,Interaction preceding the reported incident.
CASE074-EVT063,CASE074,2025-10-17T07:19:00,P0651|P0845,LOC0210,phone_call,Interaction preceding the reported incident.
CASE074-EVT064,CASE074,2025-10-09T09:19:00,P0845|P0320,LOC0049,vehicle_movement,Interaction preceding the reported incident.
CASE074-EVT065,CASE074,2025-10-16T11:19:00,P0320|P0529,LOC0092,vehicle_movement,Interaction preceding the reported incident.
CASE074-EVT066,CASE074,2025-10-17T03:19:00,P0529|P0071,LOC0056,vehicle_movement,Interaction preceding the reported incident.
CASE074-EVT067,CASE074,2025-10-11T02:19:00,P0071|P0536,LOC0259,meeting,Interaction preceding the reported incident.
CASE074-EVT068,CASE074,2025-10-11T08:19:00,P0536|P0523,LOC0141,phone_call,Interaction preceding the reported incident.
CASE074-EVT069,CASE074,2025-10-14T14:19:00,P0523|P0978,LOC0058,vehicle_movement,Interaction preceding the reported incident.
CASE074-EVT070,CASE074,2025-10-10T19:19:00,P0978|P0898,LOC0017,phone_call,Interaction preceding the reported incident.
CASE074-EVT071,CASE074,2025-10-09T22:19:00,P0372|P0511,LOC0231,vehicle_movement,Interaction preceding the reported incident.
CASE074-EVT072,CASE074,2025-10-18T22:19:00,P0884,LOC0116,incident,Reported procurement fraud incident.
CASE075-EVT001,CASE075,2026-02-18T03:39:00,P0460|P0143,LOC0020,meeting,Interaction preceding the reported incident.
CASE075-EVT002,CASE075,2026-02-13T16:39:00,P0571|P0143,LOC0286,vehicle_movement,Interaction preceding the reported incident.
CASE075-EVT003,CASE075,2026-02-20T10:39:00,P0143|P0014,LOC0177,phone_call,Interaction preceding the reported incident.
CASE075-EVT004,CASE075,2026-02-13T03:39:00,P0474|P0014,LOC0206,phone_call,Interaction preceding the reported incident.
CASE075-EVT005,CASE075,2026-02-22T06:39:00,P0460,LOC0075,incident,Reported identity fraud incident.
CASE076-EVT001,CASE076,2026-04-28T13:31:00,P0947|P0559,LOC0298,vehicle_movement,Interaction preceding the reported incident.
CASE076-EVT002,CASE076,2026-04-22T00:31:00,P0101|P0771,LOC0166,meeting,Interaction preceding the reported incident.
CASE076-EVT003,CASE076,2026-04-21T22:31:00,P0095|P0240,LOC0219,meeting,Interaction preceding the reported incident.
CASE076-EVT004,CASE076,2026-04-30T18:31:00,P0947,LOC0251,incident,Reported illegal goods distribution incident.
CASE077-EVT001,CASE077,2025-07-12T03:34:00,P0664|P0775,LOC0208,vehicle_movement,Interaction preceding the reported incident.
CASE077-EVT002,CASE077,2025-07-16T01:34:00,P0664|P0968,LOC0056,phone_call,Interaction preceding the reported incident.
CASE077-EVT003,CASE077,2025-07-12T01:34:00,P0775|P0968,LOC0245,phone_call,Interaction preceding the reported incident.
CASE077-EVT004,CASE077,2025-07-16T03:34:00,P0775|P0690,LOC0035,phone_call,Interaction preceding the reported incident.
CASE077-EVT005,CASE077,2025-07-20T07:34:00,P0968|P0690,LOC0188,phone_call,Interaction preceding the reported incident.
CASE077-EVT006,CASE077,2025-07-21T11:34:00,P0968|P0343,LOC0078,meeting,Interaction preceding the reported incident.
CASE077-EVT007,CASE077,2025-07-18T11:34:00,P0690|P0343,LOC0226,phone_call,Interaction preceding the reported incident.
CASE077-EVT008,CASE077,2025-07-18T02:34:00,P0690|P0649,LOC0004,meeting,Interaction preceding the reported incident.
CASE077-EVT009,CASE077,2025-07-19T13:34:00,P0343|P0649,LOC0118,meeting,Interaction preceding the reported incident.
CASE077-EVT010,CASE077,2025-07-20T15:34:00,P0343|P0854,LOC0187,vehicle_movement,Interaction preceding the reported incident.
CASE077-EVT011,CASE077,2025-07-21T13:34:00,P0649|P0854,LOC0037,phone_call,Interaction preceding the reported incident.
CASE077-EVT012,CASE077,2025-07-17T18:34:00,P0649|P0397,LOC0047,phone_call,Interaction preceding the reported incident.
CASE077-EVT013,CASE077,2025-07-18T03:34:00,P0854|P0397,LOC0014,meeting,Interaction preceding the reported incident.
CASE077-EVT014,CASE077,2025-07-20T07:34:00,P0854|P0144,LOC0099,meeting,Interaction preceding the reported incident.
CASE077-EVT015,CASE077,2025-07-13T22:34:00,P0397|P0144,LOC0106,meeting,Interaction preceding the reported incident.
CASE077-EVT016,CASE077,2025-07-21T07:34:00,P0397|P0106,LOC0013,meeting,Interaction preceding the reported incident.
CASE077-EVT017,CASE077,2025-07-21T07:34:00,P0144|P0106,LOC0264,meeting,Interaction preceding the reported incident.
CASE077-EVT018,CASE077,2025-07-13T07:34:00,P0144|P0009,LOC0252,phone_call,Interaction preceding the reported incident.
CASE077-EVT019,CASE077,2025-07-13T07:34:00,P0106|P0009,LOC0136,vehicle_movement,Interaction preceding the reported incident.
CASE077-EVT020,CASE077,2025-07-17T16:34:00,P0106|P0541,LOC0258,phone_call,Interaction preceding the reported incident.
CASE077-EVT021,CASE077,2025-07-13T18:34:00,P0009|P0541,LOC0243,phone_call,Interaction preceding the reported incident.
CASE077-EVT022,CASE077,2025-07-17T07:34:00,P0009|P0286,LOC0289,vehicle_movement,Interaction preceding the reported incident.
CASE077-EVT023,CASE077,2025-07-19T00:34:00,P0541|P0286,LOC0275,meeting,Interaction preceding the reported incident.
CASE077-EVT024,CASE077,2025-07-12T12:34:00,P0541|P0352,LOC0051,meeting,Interaction preceding the reported incident.
CASE077-EVT025,CASE077,2025-07-16T06:34:00,P0286|P0352,LOC0201,phone_call,Interaction preceding the reported incident.
CASE077-EVT026,CASE077,2025-07-14T17:34:00,P0286|P0169,LOC0190,vehicle_movement,Interaction preceding the reported incident.
CASE077-EVT027,CASE077,2025-07-19T13:34:00,P0352|P0169,LOC0012,vehicle_movement,Interaction preceding the reported incident.
CASE077-EVT028,CASE077,2025-07-15T07:34:00,P0352|P0785,LOC0226,meeting,Interaction preceding the reported incident.
CASE077-EVT029,CASE077,2025-07-14T14:34:00,P0169|P0785,LOC0084,vehicle_movement,Interaction preceding the reported incident.
CASE077-EVT030,CASE077,2025-07-12T09:34:00,P0169|P0996,LOC0166,meeting,Interaction preceding the reported incident.
CASE077-EVT031,CASE077,2025-07-17T08:34:00,P0785|P0996,LOC0176,phone_call,Interaction preceding the reported incident.
CASE077-EVT032,CASE077,2025-07-12T06:34:00,P0785|P0572,LOC0165,phone_call,Interaction preceding the reported incident.
CASE077-EVT033,CASE077,2025-07-18T12:34:00,P0996|P0572,LOC0264,meeting,Interaction preceding the reported incident.
CASE077-EVT034,CASE077,2025-07-13T11:34:00,P0996|P0230,LOC0285,vehicle_movement,Interaction preceding the reported incident.
CASE077-EVT035,CASE077,2025-07-12T18:34:00,P0572|P0230,LOC0204,vehicle_movement,Interaction preceding the reported incident.
CASE077-EVT036,CASE077,2025-07-15T14:34:00,P0572|P0692,LOC0260,phone_call,Interaction preceding the reported incident.
CASE077-EVT037,CASE077,2025-07-15T02:34:00,P0230|P0692,LOC0228,meeting,Interaction preceding the reported incident.
CASE077-EVT038,CASE077,2025-07-13T06:34:00,P0230|P0705,LOC0156,phone_call,Interaction preceding the reported incident.
CASE077-EVT039,CASE077,2025-07-17T06:34:00,P0692|P0705,LOC0136,meeting,Interaction preceding the reported incident.
CASE077-EVT040,CASE077,2025-07-19T09:34:00,P0692|P0876,LOC0049,phone_call,Interaction preceding the reported incident.
CASE077-EVT041,CASE077,2025-07-14T15:34:00,P0705|P0876,LOC0200,phone_call,Interaction preceding the reported incident.
CASE077-EVT042,CASE077,2025-07-21T09:34:00,P0705|P0737,LOC0225,vehicle_movement,Interaction preceding the reported incident.
CASE077-EVT043,CASE077,2025-07-18T15:34:00,P0876|P0737,LOC0044,phone_call,Interaction preceding the reported incident.
CASE077-EVT044,CASE077,2025-07-14T14:34:00,P0876|P0904,LOC0016,vehicle_movement,Interaction preceding the reported incident.
CASE077-EVT045,CASE077,2025-07-14T22:34:00,P0737|P0904,LOC0141,phone_call,Interaction preceding the reported incident.
CASE077-EVT046,CASE077,2025-07-19T23:34:00,P0737|P0436,LOC0059,meeting,Interaction preceding the reported incident.
CASE077-EVT047,CASE077,2025-07-15T11:34:00,P0904|P0436,LOC0120,vehicle_movement,Interaction preceding the reported incident.
CASE077-EVT048,CASE077,2025-07-12T03:34:00,P0904|P0618,LOC0024,meeting,Interaction preceding the reported incident.
CASE077-EVT049,CASE077,2025-07-20T03:34:00,P0436|P0618,LOC0037,vehicle_movement,Interaction preceding the reported incident.
CASE077-EVT050,CASE077,2025-07-22T18:34:00,P0664,LOC0033,incident,Reported corporate fraud incident.
CASE078-EVT001,CASE078,2026-07-06T22:19:00,P0200|P0092,LOC0298,vehicle_movement,Interaction preceding the reported incident.
CASE078-EVT002,CASE078,2026-07-07T07:19:00,P0092|P0346,LOC0265,phone_call,Interaction preceding the reported incident.
CASE078-EVT003,CASE078,2026-07-10T00:19:00,P0346|P0248,LOC0205,vehicle_movement,Interaction preceding the reported incident.
CASE078-EVT004,CASE078,2026-07-06T12:19:00,P0248|P0856,LOC0112,phone_call,Interaction preceding the reported incident.
CASE078-EVT005,CASE078,2026-07-09T17:19:00,P0856|P0052,LOC0179,phone_call,Interaction preceding the reported incident.
CASE078-EVT006,CASE078,2026-07-07T21:19:00,P0052|P0832,LOC0109,phone_call,Interaction preceding the reported incident.
CASE078-EVT007,CASE078,2026-07-01T22:19:00,P0832|P0445,LOC0139,phone_call,Interaction preceding the reported incident.
CASE078-EVT008,CASE078,2026-07-07T04:19:00,P0445|P0107,LOC0128,vehicle_movement,Interaction preceding the reported incident.
CASE078-EVT009,CASE078,2026-07-09T20:19:00,P0107|P0981,LOC0101,vehicle_movement,Interaction preceding the reported incident.
CASE078-EVT010,CASE078,2026-07-07T07:19:00,P0981|P0801,LOC0266,meeting,Interaction preceding the reported incident.
CASE078-EVT011,CASE078,2026-07-10T01:19:00,P0801|P0285,LOC0165,phone_call,Interaction preceding the reported incident.
CASE078-EVT012,CASE078,2026-07-02T08:19:00,P0285|P0148,LOC0194,phone_call,Interaction preceding the reported incident.
CASE078-EVT013,CASE078,2026-07-10T04:19:00,P0148|P0833,LOC0225,meeting,Interaction preceding the reported incident.
CASE078-EVT014,CASE078,2026-07-07T17:19:00,P0833|P0691,LOC0030,meeting,Interaction preceding the reported incident.
CASE078-EVT015,CASE078,2026-07-03T12:19:00,P0691|P0597,LOC0101,vehicle_movement,Interaction preceding the reported incident.
CASE078-EVT016,CASE078,2026-07-02T23:19:00,P0597|P0864,LOC0054,vehicle_movement,Interaction preceding the reported incident.
CASE078-EVT017,CASE078,2026-07-08T23:19:00,P0864|P0905,LOC0257,phone_call,Interaction preceding the reported incident.
CASE078-EVT018,CASE078,2026-07-04T22:19:00,P0905|P0612,LOC0253,meeting,Interaction preceding the reported incident.
CASE078-EVT019,CASE078,2026-07-09T05:19:00,P0612|P0777,LOC0200,meeting,Interaction preceding the reported incident.
CASE078-EVT020,CASE078,2026-07-07T16:19:00,P0777|P0295,LOC0208,vehicle_movement,Interaction preceding the reported incident.
CASE078-EVT021,CASE078,2026-07-09T07:19:00,P0295|P0927,LOC0046,meeting,Interaction preceding the reported incident.
CASE078-EVT022,CASE078,2026-07-03T03:19:00,P0927|P0619,LOC0027,phone_call,Interaction preceding the reported incident.
CASE078-EVT023,CASE078,2026-07-01T02:19:00,P0619|P0269,LOC0108,phone_call,Interaction preceding the reported incident.
CASE078-EVT024,CASE078,2026-07-01T21:19:00,P0269|P0325,LOC0227,phone_call,Interaction preceding the reported incident.
CASE078-EVT025,CASE078,2026-07-02T02:19:00,P0325|P0711,LOC0024,meeting,Interaction preceding the reported incident.
CASE078-EVT026,CASE078,2026-07-02T21:19:00,P0711|P0725,LOC0026,meeting,Interaction preceding the reported incident.
CASE078-EVT027,CASE078,2026-07-06T00:19:00,P0725|P0138,LOC0029,phone_call,Interaction preceding the reported incident.
CASE078-EVT028,CASE078,2026-07-10T11:19:00,P0536|P0985,LOC0158,vehicle_movement,Interaction preceding the reported incident.
CASE078-EVT029,CASE078,2026-07-01T20:19:00,P0985|P0002,LOC0244,phone_call,Interaction preceding the reported incident.
CASE078-EVT030,CASE078,2026-07-08T21:19:00,P0002|P0270,LOC0221,phone_call,Interaction preceding the reported incident.
CASE078-EVT031,CASE078,2026-07-08T02:19:00,P0270|P0240,LOC0048,vehicle_movement,Interaction preceding the reported incident.
CASE078-EVT032,CASE078,2026-07-08T00:19:00,P0240|P0868,LOC0209,vehicle_movement,Interaction preceding the reported incident.
CASE078-EVT033,CASE078,2026-06-30T20:19:00,P0868|P0658,LOC0013,meeting,Interaction preceding the reported incident.
CASE078-EVT034,CASE078,2026-07-01T03:19:00,P0658|P0524,LOC0158,vehicle_movement,Interaction preceding the reported incident.
CASE078-EVT035,CASE078,2026-07-06T03:19:00,P0524|P0854,LOC0013,vehicle_movement,Interaction preceding the reported incident.
CASE078-EVT036,CASE078,2026-07-08T17:19:00,P0854|P0489,LOC0232,phone_call,Interaction preceding the reported incident.
CASE078-EVT037,CASE078,2026-07-10T02:19:00,P0489|P0036,LOC0080,phone_call,Interaction preceding the reported incident.
CASE078-EVT038,CASE078,2026-07-03T05:19:00,P0036|P0160,LOC0233,vehicle_movement,Interaction preceding the reported incident.
CASE078-EVT039,CASE078,2026-07-03T17:19:00,P0160|P0019,LOC0249,vehicle_movement,Interaction preceding the reported incident.
CASE078-EVT040,CASE078,2026-07-02T21:19:00,P0019|P0694,LOC0017,meeting,Interaction preceding the reported incident.
CASE078-EVT041,CASE078,2026-07-04T16:19:00,P0694|P0056,LOC0128,meeting,Interaction preceding the reported incident.
CASE078-EVT042,CASE078,2026-07-03T05:19:00,P0056|P0796,LOC0055,vehicle_movement,Interaction preceding the reported incident.
CASE078-EVT043,CASE078,2026-07-05T19:19:00,P0796|P0328,LOC0280,phone_call,Interaction preceding the reported incident.
CASE078-EVT044,CASE078,2026-07-05T23:19:00,P0328|P0222,LOC0163,vehicle_movement,Interaction preceding the reported incident.
CASE078-EVT045,CASE078,2026-07-08T16:19:00,P0222|P0969,LOC0140,phone_call,Interaction preceding the reported incident.
CASE078-EVT046,CASE078,2026-07-02T09:19:00,P0969|P0010,LOC0178,vehicle_movement,Interaction preceding the reported incident.
CASE078-EVT047,CASE078,2026-07-09T21:19:00,P0010|P0128,LOC0040,meeting,Interaction preceding the reported incident.
CASE078-EVT048,CASE078,2026-07-01T10:19:00,P0128|P0561,LOC0047,meeting,Interaction preceding the reported incident.
CASE078-EVT049,CASE078,2026-07-03T03:19:00,P0561|P0341,LOC0246,vehicle_movement,Interaction preceding the reported incident.
CASE078-EVT050,CASE078,2026-06-30T21:19:00,P0341|P0618,LOC0060,vehicle_movement,Interaction preceding the reported incident.
CASE078-EVT051,CASE078,2026-07-09T12:19:00,P0618|P0701,LOC0009,meeting,Interaction preceding the reported incident.
CASE078-EVT052,CASE078,2026-07-09T22:19:00,P0701|P0474,LOC0103,meeting,Interaction preceding the reported incident.
CASE078-EVT053,CASE078,2026-07-01T10:19:00,P0474|P0225,LOC0239,meeting,Interaction preceding the reported incident.
CASE078-EVT054,CASE078,2026-07-02T22:19:00,P0225|P0719,LOC0122,meeting,Interaction preceding the reported incident.
CASE078-EVT055,CASE078,2026-07-02T20:19:00,P0138|P0536,LOC0187,meeting,Interaction preceding the reported incident.
CASE078-EVT056,CASE078,2026-07-11T12:19:00,P0200,LOC0171,incident,Reported missing-person investigation incident.
CASE079-EVT001,CASE079,2025-11-27T22:28:00,P0701|P0139,LOC0088,meeting,Interaction preceding the reported incident.
CASE079-EVT002,CASE079,2025-11-27T14:28:00,P0701|P0171,LOC0138,phone_call,Interaction preceding the reported incident.
CASE079-EVT003,CASE079,2025-11-25T19:28:00,P0701|P0267,LOC0199,phone_call,Interaction preceding the reported incident.
CASE079-EVT004,CASE079,2025-11-26T09:28:00,P0701|P0007,LOC0077,meeting,Interaction preceding the reported incident.
CASE079-EVT005,CASE079,2025-11-24T05:28:00,P0701|P0313,LOC0180,vehicle_movement,Interaction preceding the reported incident.
CASE079-EVT006,CASE079,2025-11-30T05:28:00,P0701|P0769,LOC0121,phone_call,Interaction preceding the reported incident.
CASE079-EVT007,CASE079,2025-11-29T05:28:00,P0701|P0451,LOC0159,vehicle_movement,Interaction preceding the reported incident.
CASE079-EVT008,CASE079,2025-11-22T21:28:00,P0701|P0784,LOC0214,phone_call,Interaction preceding the reported incident.
CASE079-EVT009,CASE079,2025-11-27T15:28:00,P0701|P0108,LOC0160,phone_call,Interaction preceding the reported incident.
CASE079-EVT010,CASE079,2025-11-30T15:28:00,P0701|P0086,LOC0198,meeting,Interaction preceding the reported incident.
CASE079-EVT011,CASE079,2025-11-24T18:28:00,P0701|P0204,LOC0281,vehicle_movement,Interaction preceding the reported incident.
CASE079-EVT012,CASE079,2025-11-30T08:28:00,P0701|P0507,LOC0037,vehicle_movement,Interaction preceding the reported incident.
CASE079-EVT013,CASE079,2025-12-01T05:28:00,P0701|P0832,LOC0136,phone_call,Interaction preceding the reported incident.
CASE079-EVT014,CASE079,2025-11-24T04:28:00,P0701|P0644,LOC0025,meeting,Interaction preceding the reported incident.
CASE079-EVT015,CASE079,2025-11-22T09:28:00,P0701|P0837,LOC0053,meeting,Interaction preceding the reported incident.
CASE079-EVT016,CASE079,2025-11-29T15:28:00,P0701|P0465,LOC0144,vehicle_movement,Interaction preceding the reported incident.
CASE079-EVT017,CASE079,2025-11-30T19:28:00,P0701|P0594,LOC0223,meeting,Interaction preceding the reported incident.
CASE079-EVT018,CASE079,2025-11-25T08:28:00,P0701|P0373,LOC0253,meeting,Interaction preceding the reported incident.
CASE079-EVT019,CASE079,2025-11-22T18:28:00,P0701|P0867,LOC0147,meeting,Interaction preceding the reported incident.
CASE079-EVT020,CASE079,2025-11-29T08:28:00,P0701|P0541,LOC0041,phone_call,Interaction preceding the reported incident.
CASE079-EVT021,CASE079,2025-11-25T20:28:00,P0701|P0066,LOC0235,phone_call,Interaction preceding the reported incident.
CASE079-EVT022,CASE079,2025-11-27T07:28:00,P0701|P0341,LOC0048,vehicle_movement,Interaction preceding the reported incident.
CASE079-EVT023,CASE079,2025-11-24T05:28:00,P0701|P0670,LOC0110,meeting,Interaction preceding the reported incident.
CASE079-EVT024,CASE079,2025-11-25T04:28:00,P0701|P0745,LOC0222,meeting,Interaction preceding the reported incident.
CASE079-EVT025,CASE079,2025-12-01T23:28:00,P0701|P0210,LOC0200,meeting,Interaction preceding the reported incident.
CASE079-EVT026,CASE079,2025-11-29T15:28:00,P0701|P0535,LOC0285,meeting,Interaction preceding the reported incident.
CASE079-EVT027,CASE079,2025-11-26T00:28:00,P0701|P0704,LOC0001,vehicle_movement,Interaction preceding the reported incident.
CASE079-EVT028,CASE079,2025-11-28T18:28:00,P0701|P0746,LOC0186,vehicle_movement,Interaction preceding the reported incident.
CASE079-EVT029,CASE079,2025-11-25T05:28:00,P0701|P0286,LOC0004,phone_call,Interaction preceding the reported incident.
CASE079-EVT030,CASE079,2025-11-25T21:28:00,P0701|P0367,LOC0012,vehicle_movement,Interaction preceding the reported incident.
CASE079-EVT031,CASE079,2025-11-25T13:28:00,P0701|P0028,LOC0223,meeting,Interaction preceding the reported incident.
CASE079-EVT032,CASE079,2025-11-26T04:28:00,P0701|P0279,LOC0225,vehicle_movement,Interaction preceding the reported incident.
CASE079-EVT033,CASE079,2025-12-03T00:28:00,P0701,LOC0289,incident,Reported robbery network incident.
CASE080-EVT001,CASE080,2025-10-13T18:17:00,P0303|P0779,LOC0026,vehicle_movement,Interaction preceding the reported incident.
CASE080-EVT002,CASE080,2025-10-15T19:17:00,P0303|P0049,LOC0258,phone_call,Interaction preceding the reported incident.
CASE080-EVT003,CASE080,2025-10-11T03:17:00,P0303|P0997,LOC0094,phone_call,Interaction preceding the reported incident.
CASE080-EVT004,CASE080,2025-10-18T15:17:00,P0303|P0881,LOC0053,vehicle_movement,Interaction preceding the reported incident.
CASE080-EVT005,CASE080,2025-10-10T15:17:00,P0303|P0869,LOC0219,phone_call,Interaction preceding the reported incident.
CASE080-EVT006,CASE080,2025-10-14T10:17:00,P0303|P0699,LOC0061,phone_call,Interaction preceding the reported incident.
CASE080-EVT007,CASE080,2025-10-13T14:17:00,P0303|P0105,LOC0128,phone_call,Interaction preceding the reported incident.
CASE080-EVT008,CASE080,2025-10-16T13:17:00,P0303|P0735,LOC0041,phone_call,Interaction preceding the reported incident.
CASE080-EVT009,CASE080,2025-10-12T10:17:00,P0303|P0155,LOC0110,phone_call,Interaction preceding the reported incident.
CASE080-EVT010,CASE080,2025-10-17T09:17:00,P0303|P0131,LOC0274,phone_call,Interaction preceding the reported incident.
CASE080-EVT011,CASE080,2025-10-10T20:17:00,P0303|P0322,LOC0244,phone_call,Interaction preceding the reported incident.
CASE080-EVT012,CASE080,2025-10-13T04:17:00,P0303|P0643,LOC0131,vehicle_movement,Interaction preceding the reported incident.
CASE080-EVT013,CASE080,2025-10-19T01:17:00,P0303|P0026,LOC0105,phone_call,Interaction preceding the reported incident.
CASE080-EVT014,CASE080,2025-10-10T09:17:00,P0303|P0392,LOC0286,meeting,Interaction preceding the reported incident.
CASE080-EVT015,CASE080,2025-10-20T21:17:00,P0303,LOC0276,incident,Reported cyber-enabled fraud incident.
CASE081-EVT001,CASE081,2025-10-23T10:18:00,P0582|P0548,LOC0218,vehicle_movement,Interaction preceding the reported incident.
CASE081-EVT002,CASE081,2025-10-31T06:18:00,P0582|P0117,LOC0278,phone_call,Interaction preceding the reported incident.
CASE081-EVT003,CASE081,2025-10-28T00:18:00,P0548|P0117,LOC0082,phone_call,Interaction preceding the reported incident.
CASE081-EVT004,CASE081,2025-10-23T06:18:00,P0548|P0351,LOC0049,phone_call,Interaction preceding the reported incident.
CASE081-EVT005,CASE081,2025-10-25T13:18:00,P0117|P0351,LOC0050,meeting,Interaction preceding the reported incident.
CASE081-EVT006,CASE081,2025-10-30T20:18:00,P0117|P0233,LOC0036,phone_call,Interaction preceding the reported incident.
CASE081-EVT007,CASE081,2025-11-01T10:18:00,P0351|P0233,LOC0054,phone_call,Interaction preceding the reported incident.
CASE081-EVT008,CASE081,2025-10-23T10:18:00,P0351|P0979,LOC0288,phone_call,Interaction preceding the reported incident.
CASE081-EVT009,CASE081,2025-10-26T16:18:00,P0233|P0979,LOC0158,phone_call,Interaction preceding the reported incident.
CASE081-EVT010,CASE081,2025-10-29T11:18:00,P0233|P0433,LOC0266,vehicle_movement,Interaction preceding the reported incident.
CASE081-EVT011,CASE081,2025-10-28T16:18:00,P0979|P0433,LOC0148,vehicle_movement,Interaction preceding the reported incident.
CASE081-EVT012,CASE081,2025-10-31T08:18:00,P0979|P0872,LOC0198,meeting,Interaction preceding the reported incident.
CASE081-EVT013,CASE081,2025-11-01T15:18:00,P0433|P0872,LOC0107,phone_call,Interaction preceding the reported incident.
CASE081-EVT014,CASE081,2025-10-25T15:18:00,P0433|P0789,LOC0241,phone_call,Interaction preceding the reported incident.
CASE081-EVT015,CASE081,2025-10-30T03:18:00,P0872|P0789,LOC0256,vehicle_movement,Interaction preceding the reported incident.
CASE081-EVT016,CASE081,2025-10-26T00:18:00,P0872|P0525,LOC0088,meeting,Interaction preceding the reported incident.
CASE081-EVT017,CASE081,2025-10-25T21:18:00,P0789|P0525,LOC0037,phone_call,Interaction preceding the reported incident.
CASE081-EVT018,CASE081,2025-10-30T09:18:00,P0789|P0742,LOC0041,vehicle_movement,Interaction preceding the reported incident.
CASE081-EVT019,CASE081,2025-10-31T14:18:00,P0525|P0742,LOC0005,vehicle_movement,Interaction preceding the reported incident.
CASE081-EVT020,CASE081,2025-10-24T09:18:00,P0525|P0493,LOC0079,vehicle_movement,Interaction preceding the reported incident.
CASE081-EVT021,CASE081,2025-10-27T15:18:00,P0742|P0493,LOC0025,phone_call,Interaction preceding the reported incident.
CASE081-EVT022,CASE081,2025-10-27T10:18:00,P0742|P0562,LOC0146,meeting,Interaction preceding the reported incident.
CASE081-EVT023,CASE081,2025-10-22T21:18:00,P0493|P0562,LOC0098,vehicle_movement,Interaction preceding the reported incident.
CASE081-EVT024,CASE081,2025-10-31T14:18:00,P0493|P0107,LOC0179,vehicle_movement,Interaction preceding the reported incident.
CASE081-EVT025,CASE081,2025-10-23T21:18:00,P0562|P0107,LOC0106,vehicle_movement,Interaction preceding the reported incident.
CASE081-EVT026,CASE081,2025-10-31T10:18:00,P0562|P0891,LOC0248,meeting,Interaction preceding the reported incident.
CASE081-EVT027,CASE081,2025-10-23T13:18:00,P0107|P0891,LOC0206,vehicle_movement,Interaction preceding the reported incident.
CASE081-EVT028,CASE081,2025-10-30T05:18:00,P0107|P0429,LOC0006,meeting,Interaction preceding the reported incident.
CASE081-EVT029,CASE081,2025-10-29T20:18:00,P0891|P0429,LOC0027,vehicle_movement,Interaction preceding the reported incident.
CASE081-EVT030,CASE081,2025-10-22T23:18:00,P0891|P0585,LOC0249,vehicle_movement,Interaction preceding the reported incident.
CASE081-EVT031,CASE081,2025-10-26T00:18:00,P0429|P0585,LOC0037,phone_call,Interaction preceding the reported incident.
CASE081-EVT032,CASE081,2025-10-23T06:18:00,P0429|P0620,LOC0300,meeting,Interaction preceding the reported incident.
CASE081-EVT033,CASE081,2025-10-22T20:18:00,P0585|P0620,LOC0034,meeting,Interaction preceding the reported incident.
CASE081-EVT034,CASE081,2025-10-23T10:18:00,P0585|P0499,LOC0087,meeting,Interaction preceding the reported incident.
CASE081-EVT035,CASE081,2025-10-29T20:18:00,P0620|P0499,LOC0054,vehicle_movement,Interaction preceding the reported incident.
CASE081-EVT036,CASE081,2025-10-28T15:18:00,P0620|P0439,LOC0233,phone_call,Interaction preceding the reported incident.
CASE081-EVT037,CASE081,2025-10-28T16:18:00,P0499|P0439,LOC0209,vehicle_movement,Interaction preceding the reported incident.
CASE081-EVT038,CASE081,2025-10-28T16:18:00,P0499|P0075,LOC0176,phone_call,Interaction preceding the reported incident.
CASE081-EVT039,CASE081,2025-10-28T16:18:00,P0439|P0075,LOC0028,meeting,Interaction preceding the reported incident.
CASE081-EVT040,CASE081,2025-10-27T03:18:00,P0439|P0434,LOC0141,meeting,Interaction preceding the reported incident.
CASE081-EVT041,CASE081,2025-10-31T15:18:00,P0075|P0434,LOC0053,phone_call,Interaction preceding the reported incident.
CASE081-EVT042,CASE081,2025-10-25T10:18:00,P0075|P0007,LOC0213,vehicle_movement,Interaction preceding the reported incident.
CASE081-EVT043,CASE081,2025-10-26T12:18:00,P0434|P0007,LOC0026,vehicle_movement,Interaction preceding the reported incident.
CASE081-EVT044,CASE081,2025-10-28T05:18:00,P0434|P0679,LOC0126,meeting,Interaction preceding the reported incident.
CASE081-EVT045,CASE081,2025-10-24T09:18:00,P0007|P0679,LOC0225,vehicle_movement,Interaction preceding the reported incident.
CASE081-EVT046,CASE081,2025-10-27T05:18:00,P0007|P0505,LOC0243,meeting,Interaction preceding the reported incident.
CASE081-EVT047,CASE081,2025-10-25T20:18:00,P0679|P0505,LOC0078,meeting,Interaction preceding the reported incident.
CASE081-EVT048,CASE081,2025-11-01T06:18:00,P0679|P0986,LOC0125,vehicle_movement,Interaction preceding the reported incident.
CASE081-EVT049,CASE081,2025-10-29T03:18:00,P0505|P0986,LOC0049,meeting,Interaction preceding the reported incident.
CASE081-EVT050,CASE081,2025-10-25T02:18:00,P0505|P0946,LOC0091,meeting,Interaction preceding the reported incident.
CASE081-EVT051,CASE081,2025-10-25T16:18:00,P0986|P0946,LOC0011,meeting,Interaction preceding the reported incident.
CASE081-EVT052,CASE081,2025-10-25T04:18:00,P0986|P0945,LOC0114,meeting,Interaction preceding the reported incident.
CASE081-EVT053,CASE081,2025-10-31T22:18:00,P0946|P0945,LOC0140,vehicle_movement,Interaction preceding the reported incident.
CASE081-EVT054,CASE081,2025-11-01T01:18:00,P0946|P0684,LOC0134,phone_call,Interaction preceding the reported incident.
CASE081-EVT055,CASE081,2025-10-27T12:18:00,P0945|P0684,LOC0193,meeting,Interaction preceding the reported incident.
CASE081-EVT056,CASE081,2025-10-29T09:18:00,P0945|P0420,LOC0194,phone_call,Interaction preceding the reported incident.
CASE081-EVT057,CASE081,2025-10-26T03:18:00,P0684|P0420,LOC0070,phone_call,Interaction preceding the reported incident.
CASE081-EVT058,CASE081,2025-10-23T08:18:00,P0684|P0873,LOC0068,vehicle_movement,Interaction preceding the reported incident.
CASE081-EVT059,CASE081,2025-10-24T22:18:00,P0420|P0873,LOC0143,vehicle_movement,Interaction preceding the reported incident.
CASE081-EVT060,CASE081,2025-10-29T21:18:00,P0420|P0992,LOC0223,meeting,Interaction preceding the reported incident.
CASE081-EVT061,CASE081,2025-10-28T03:18:00,P0873|P0992,LOC0085,vehicle_movement,Interaction preceding the reported incident.
CASE081-EVT062,CASE081,2025-10-31T07:18:00,P0873|P0566,LOC0291,phone_call,Interaction preceding the reported incident.
CASE081-EVT063,CASE081,2025-10-23T07:18:00,P0992|P0566,LOC0208,phone_call,Interaction preceding the reported incident.
CASE081-EVT064,CASE081,2025-10-25T02:18:00,P0992|P0393,LOC0095,vehicle_movement,Interaction preceding the reported incident.
CASE081-EVT065,CASE081,2025-10-24T13:18:00,P0566|P0393,LOC0265,phone_call,Interaction preceding the reported incident.
CASE081-EVT066,CASE081,2025-10-23T23:18:00,P0566|P0261,LOC0084,vehicle_movement,Interaction preceding the reported incident.
CASE081-EVT067,CASE081,2025-10-26T11:18:00,P0393|P0261,LOC0040,vehicle_movement,Interaction preceding the reported incident.
CASE081-EVT068,CASE081,2025-10-24T20:18:00,P0393|P0352,LOC0271,vehicle_movement,Interaction preceding the reported incident.
CASE081-EVT069,CASE081,2025-10-30T03:18:00,P0261|P0352,LOC0164,meeting,Interaction preceding the reported incident.
CASE081-EVT070,CASE081,2025-11-01T11:18:00,P0261|P0295,LOC0061,vehicle_movement,Interaction preceding the reported incident.
CASE081-EVT071,CASE081,2025-10-22T22:18:00,P0352|P0295,LOC0063,vehicle_movement,Interaction preceding the reported incident.
CASE081-EVT072,CASE081,2025-10-30T09:18:00,P0352|P0529,LOC0247,vehicle_movement,Interaction preceding the reported incident.
CASE081-EVT073,CASE081,2025-11-01T10:18:00,P0295|P0529,LOC0272,meeting,Interaction preceding the reported incident.
CASE081-EVT074,CASE081,2025-11-01T07:18:00,P0295|P0944,LOC0257,phone_call,Interaction preceding the reported incident.
CASE081-EVT075,CASE081,2025-10-30T05:18:00,P0529|P0944,LOC0225,phone_call,Interaction preceding the reported incident.
CASE081-EVT076,CASE081,2025-11-02T16:18:00,P0582,LOC0132,incident,Reported missing-person investigation incident.
CASE082-EVT001,CASE082,2025-09-15T06:56:00,P0530|P0107,LOC0071,meeting,Interaction preceding the reported incident.
CASE082-EVT002,CASE082,2025-09-20T22:56:00,P0107|P0243,LOC0047,vehicle_movement,Interaction preceding the reported incident.
CASE082-EVT003,CASE082,2025-09-12T10:56:00,P0243|P0525,LOC0221,phone_call,Interaction preceding the reported incident.
CASE082-EVT004,CASE082,2025-09-21T09:56:00,P0525|P0534,LOC0151,meeting,Interaction preceding the reported incident.
CASE082-EVT005,CASE082,2025-09-19T05:56:00,P0534|P0397,LOC0006,phone_call,Interaction preceding the reported incident.
CASE082-EVT006,CASE082,2025-09-16T02:56:00,P0397|P0701,LOC0162,phone_call,Interaction preceding the reported incident.
CASE082-EVT007,CASE082,2025-09-13T01:56:00,P0701|P0547,LOC0232,vehicle_movement,Interaction preceding the reported incident.
CASE082-EVT008,CASE082,2025-09-12T15:56:00,P0547|P0433,LOC0273,vehicle_movement,Interaction preceding the reported incident.
CASE082-EVT009,CASE082,2025-09-19T07:56:00,P0433|P0314,LOC0287,meeting,Interaction preceding the reported incident.
CASE082-EVT010,CASE082,2025-09-16T02:56:00,P0314|P0862,LOC0135,phone_call,Interaction preceding the reported incident.
CASE082-EVT011,CASE082,2025-09-11T16:56:00,P0862|P0325,LOC0102,phone_call,Interaction preceding the reported incident.
CASE082-EVT012,CASE082,2025-09-15T09:56:00,P0325|P0042,LOC0293,meeting,Interaction preceding the reported incident.
CASE082-EVT013,CASE082,2025-09-15T15:56:00,P0042|P0581,LOC0256,phone_call,Interaction preceding the reported incident.
CASE082-EVT014,CASE082,2025-09-20T08:56:00,P0581|P0284,LOC0177,phone_call,Interaction preceding the reported incident.
CASE082-EVT015,CASE082,2025-09-12T09:56:00,P0284|P0103,LOC0049,phone_call,Interaction preceding the reported incident.
CASE082-EVT016,CASE082,2025-09-15T20:56:00,P0103|P0186,LOC0167,meeting,Interaction preceding the reported incident.
CASE082-EVT017,CASE082,2025-09-19T21:56:00,P0186|P0504,LOC0282,meeting,Interaction preceding the reported incident.
CASE082-EVT018,CASE082,2025-09-19T04:56:00,P0504|P0138,LOC0062,vehicle_movement,Interaction preceding the reported incident.
CASE082-EVT019,CASE082,2025-09-20T18:56:00,P0138|P0848,LOC0251,vehicle_movement,Interaction preceding the reported incident.
CASE082-EVT020,CASE082,2025-09-19T08:56:00,P0848|P0404,LOC0068,vehicle_movement,Interaction preceding the reported incident.
CASE082-EVT021,CASE082,2025-09-13T06:56:00,P0404|P0233,LOC0153,vehicle_movement,Interaction preceding the reported incident.
CASE082-EVT022,CASE082,2025-09-17T05:56:00,P0233|P0614,LOC0182,phone_call,Interaction preceding the reported incident.
CASE082-EVT023,CASE082,2025-09-13T22:56:00,P0614|P0145,LOC0132,phone_call,Interaction preceding the reported incident.
CASE082-EVT024,CASE082,2025-09-19T07:56:00,P0145|P0116,LOC0221,vehicle_movement,Interaction preceding the reported incident.
CASE082-EVT025,CASE082,2025-09-12T09:56:00,P0116|P0248,LOC0100,vehicle_movement,Interaction preceding the reported incident.
CASE082-EVT026,CASE082,2025-09-16T17:56:00,P0248|P0528,LOC0167,meeting,Interaction preceding the reported incident.
CASE082-EVT027,CASE082,2025-09-15T05:56:00,P0528|P0387,LOC0120,meeting,Interaction preceding the reported incident.
CASE082-EVT028,CASE082,2025-09-12T07:56:00,P0387|P0255,LOC0255,meeting,Interaction preceding the reported incident.
CASE082-EVT029,CASE082,2025-09-19T09:56:00,P0255|P0236,LOC0217,phone_call,Interaction preceding the reported incident.
CASE082-EVT030,CASE082,2025-09-11T22:56:00,P0236|P0279,LOC0006,vehicle_movement,Interaction preceding the reported incident.
CASE082-EVT031,CASE082,2025-09-22T10:56:00,P0530,LOC0158,incident,Reported money-laundering-style financial network incident.
CASE083-EVT001,CASE083,2026-06-25T13:24:00,P0241|P0435,LOC0174,meeting,Interaction preceding the reported incident.
CASE083-EVT002,CASE083,2026-06-29T13:24:00,P0241|P0827,LOC0007,meeting,Interaction preceding the reported incident.
CASE083-EVT003,CASE083,2026-06-29T05:24:00,P0241|P0351,LOC0020,phone_call,Interaction preceding the reported incident.
CASE083-EVT004,CASE083,2026-06-28T12:24:00,P0241|P0549,LOC0156,phone_call,Interaction preceding the reported incident.
CASE083-EVT005,CASE083,2026-06-28T14:24:00,P0241|P0163,LOC0072,vehicle_movement,Interaction preceding the reported incident.
CASE083-EVT006,CASE083,2026-06-25T18:24:00,P0241|P0277,LOC0229,phone_call,Interaction preceding the reported incident.
CASE083-EVT007,CASE083,2026-06-29T14:24:00,P0241|P0661,LOC0226,vehicle_movement,Interaction preceding the reported incident.
CASE083-EVT008,CASE083,2026-07-02T00:24:00,P0241|P0371,LOC0267,vehicle_movement,Interaction preceding the reported incident.
CASE083-EVT009,CASE083,2026-06-30T11:24:00,P0241|P0321,LOC0026,vehicle_movement,Interaction preceding the reported incident.
CASE083-EVT010,CASE083,2026-06-26T10:24:00,P0241|P0929,LOC0037,meeting,Interaction preceding the reported incident.
CASE083-EVT011,CASE083,2026-06-30T14:24:00,P0241|P0793,LOC0258,vehicle_movement,Interaction preceding the reported incident.
CASE083-EVT012,CASE083,2026-06-27T15:24:00,P0241|P0259,LOC0055,phone_call,Interaction preceding the reported incident.
CASE083-EVT013,CASE083,2026-06-23T06:24:00,P0241|P0857,LOC0281,vehicle_movement,Interaction preceding the reported incident.
CASE083-EVT014,CASE083,2026-07-01T15:24:00,P0241|P0278,LOC0253,meeting,Interaction preceding the reported incident.
CASE083-EVT015,CASE083,2026-06-26T09:24:00,P0241|P0324,LOC0185,meeting,Interaction preceding the reported incident.
CASE083-EVT016,CASE083,2026-06-25T23:24:00,P0241|P0415,LOC0134,meeting,Interaction preceding the reported incident.
CASE083-EVT017,CASE083,2026-06-27T19:24:00,P0241|P0014,LOC0117,meeting,Interaction preceding the reported incident.
CASE083-EVT018,CASE083,2026-06-28T12:24:00,P0241|P0066,LOC0050,meeting,Interaction preceding the reported incident.
CASE083-EVT019,CASE083,2026-06-26T09:24:00,P0241|P0601,LOC0231,meeting,Interaction preceding the reported incident.
CASE083-EVT020,CASE083,2026-06-30T01:24:00,P0241|P0671,LOC0182,meeting,Interaction preceding the reported incident.
CASE083-EVT021,CASE083,2026-06-25T19:24:00,P0241|P0158,LOC0239,phone_call,Interaction preceding the reported incident.
CASE083-EVT022,CASE083,2026-06-23T18:24:00,P0241|P0229,LOC0068,vehicle_movement,Interaction preceding the reported incident.
CASE083-EVT023,CASE083,2026-06-28T19:24:00,P0241|P0660,LOC0035,meeting,Interaction preceding the reported incident.
CASE083-EVT024,CASE083,2026-07-02T19:24:00,P0241|P0288,LOC0051,phone_call,Interaction preceding the reported incident.
CASE083-EVT025,CASE083,2026-06-28T09:24:00,P0241|P0052,LOC0207,phone_call,Interaction preceding the reported incident.
CASE083-EVT026,CASE083,2026-06-27T13:24:00,P0241|P0850,LOC0180,vehicle_movement,Interaction preceding the reported incident.
CASE083-EVT027,CASE083,2026-06-23T14:24:00,P0241|P0247,LOC0128,phone_call,Interaction preceding the reported incident.
CASE083-EVT028,CASE083,2026-07-04T01:24:00,P0241,LOC0197,incident,Reported cyber-enabled fraud incident.
CASE084-EVT001,CASE084,2026-05-31T14:09:00,P0647|P0862,LOC0133,phone_call,Interaction preceding the reported incident.
CASE084-EVT002,CASE084,2026-05-24T09:09:00,P0647|P0612,LOC0178,vehicle_movement,Interaction preceding the reported incident.
CASE084-EVT003,CASE084,2026-05-24T08:09:00,P0862|P0612,LOC0122,meeting,Interaction preceding the reported incident.
CASE084-EVT004,CASE084,2026-05-29T09:09:00,P0862|P0651,LOC0026,phone_call,Interaction preceding the reported incident.
CASE084-EVT005,CASE084,2026-05-25T04:09:00,P0612|P0651,LOC0120,phone_call,Interaction preceding the reported incident.
CASE084-EVT006,CASE084,2026-05-30T20:09:00,P0612|P0870,LOC0215,vehicle_movement,Interaction preceding the reported incident.
CASE084-EVT007,CASE084,2026-05-30T04:09:00,P0651|P0870,LOC0231,meeting,Interaction preceding the reported incident.
CASE084-EVT008,CASE084,2026-05-23T02:09:00,P0651|P0198,LOC0288,vehicle_movement,Interaction preceding the reported incident.
CASE084-EVT009,CASE084,2026-05-29T09:09:00,P0870|P0198,LOC0075,phone_call,Interaction preceding the reported incident.
CASE084-EVT010,CASE084,2026-05-29T23:09:00,P0870|P0960,LOC0066,phone_call,Interaction preceding the reported incident.
CASE084-EVT011,CASE084,2026-06-01T04:09:00,P0198|P0960,LOC0162,phone_call,Interaction preceding the reported incident.
CASE084-EVT012,CASE084,2026-05-24T06:09:00,P0198|P0624,LOC0048,vehicle_movement,Interaction preceding the reported incident.
CASE084-EVT013,CASE084,2026-05-27T20:09:00,P0960|P0624,LOC0150,phone_call,Interaction preceding the reported incident.
CASE084-EVT014,CASE084,2026-05-31T03:09:00,P0960|P0575,LOC0089,meeting,Interaction preceding the reported incident.
CASE084-EVT015,CASE084,2026-05-28T06:09:00,P0624|P0575,LOC0044,phone_call,Interaction preceding the reported incident.
CASE084-EVT016,CASE084,2026-05-23T04:09:00,P0624|P0567,LOC0283,phone_call,Interaction preceding the reported incident.
CASE084-EVT017,CASE084,2026-05-26T12:09:00,P0575|P0567,LOC0040,phone_call,Interaction preceding the reported incident.
CASE084-EVT018,CASE084,2026-05-26T10:09:00,P0575|P0576,LOC0016,meeting,Interaction preceding the reported incident.
CASE084-EVT019,CASE084,2026-05-25T12:09:00,P0567|P0576,LOC0074,vehicle_movement,Interaction preceding the reported incident.
CASE084-EVT020,CASE084,2026-06-01T14:09:00,P0567|P0649,LOC0198,meeting,Interaction preceding the reported incident.
CASE084-EVT021,CASE084,2026-05-28T20:09:00,P0576|P0649,LOC0241,meeting,Interaction preceding the reported incident.
CASE084-EVT022,CASE084,2026-05-28T10:09:00,P0576|P0867,LOC0154,vehicle_movement,Interaction preceding the reported incident.
CASE084-EVT023,CASE084,2026-05-27T09:09:00,P0649|P0867,LOC0279,phone_call,Interaction preceding the reported incident.
CASE084-EVT024,CASE084,2026-05-27T10:09:00,P0649|P0785,LOC0183,phone_call,Interaction preceding the reported incident.
CASE084-EVT025,CASE084,2026-05-25T03:09:00,P0867|P0785,LOC0136,vehicle_movement,Interaction preceding the reported incident.
CASE084-EVT026,CASE084,2026-05-24T12:09:00,P0867|P0077,LOC0237,phone_call,Interaction preceding the reported incident.
CASE084-EVT027,CASE084,2026-05-24T16:09:00,P0785|P0077,LOC0011,phone_call,Interaction preceding the reported incident.
CASE084-EVT028,CASE084,2026-05-24T15:09:00,P0785|P0668,LOC0289,phone_call,Interaction preceding the reported incident.
CASE084-EVT029,CASE084,2026-05-22T22:09:00,P0077|P0668,LOC0283,phone_call,Interaction preceding the reported incident.
CASE084-EVT030,CASE084,2026-05-24T21:09:00,P0077|P0689,LOC0277,vehicle_movement,Interaction preceding the reported incident.
CASE084-EVT031,CASE084,2026-05-24T05:09:00,P0668|P0689,LOC0269,phone_call,Interaction preceding the reported incident.
CASE084-EVT032,CASE084,2026-05-30T10:09:00,P0668|P0096,LOC0212,phone_call,Interaction preceding the reported incident.
CASE084-EVT033,CASE084,2026-05-26T06:09:00,P0689|P0096,LOC0137,vehicle_movement,Interaction preceding the reported incident.
CASE084-EVT034,CASE084,2026-05-31T15:09:00,P0689|P0185,LOC0185,phone_call,Interaction preceding the reported incident.
CASE084-EVT035,CASE084,2026-05-25T02:09:00,P0096|P0185,LOC0223,phone_call,Interaction preceding the reported incident.
CASE084-EVT036,CASE084,2026-05-31T01:09:00,P0096|P0573,LOC0017,vehicle_movement,Interaction preceding the reported incident.
CASE084-EVT037,CASE084,2026-05-28T14:09:00,P0185|P0573,LOC0239,phone_call,Interaction preceding the reported incident.
CASE084-EVT038,CASE084,2026-05-26T21:09:00,P0185|P0699,LOC0213,meeting,Interaction preceding the reported incident.
CASE084-EVT039,CASE084,2026-05-23T12:09:00,P0573|P0699,LOC0030,meeting,Interaction preceding the reported incident.
CASE084-EVT040,CASE084,2026-05-25T02:09:00,P0573|P0740,LOC0275,meeting,Interaction preceding the reported incident.
CASE084-EVT041,CASE084,2026-05-26T09:09:00,P0699|P0740,LOC0197,phone_call,Interaction preceding the reported incident.
CASE084-EVT042,CASE084,2026-05-28T13:09:00,P0699|P0875,LOC0241,phone_call,Interaction preceding the reported incident.
CASE084-EVT043,CASE084,2026-06-01T00:09:00,P0740|P0875,LOC0296,vehicle_movement,Interaction preceding the reported incident.
CASE084-EVT044,CASE084,2026-05-29T12:09:00,P0740|P0719,LOC0126,vehicle_movement,Interaction preceding the reported incident.
CASE084-EVT045,CASE084,2026-05-25T09:09:00,P0875|P0719,LOC0128,vehicle_movement,Interaction preceding the reported incident.
CASE084-EVT046,CASE084,2026-05-29T07:09:00,P0875|P0496,LOC0205,phone_call,Interaction preceding the reported incident.
CASE084-EVT047,CASE084,2026-05-30T12:09:00,P0719|P0496,LOC0185,meeting,Interaction preceding the reported incident.
CASE084-EVT048,CASE084,2026-06-01T13:09:00,P0719|P0724,LOC0091,phone_call,Interaction preceding the reported incident.
CASE084-EVT049,CASE084,2026-06-01T03:09:00,P0496|P0724,LOC0262,meeting,Interaction preceding the reported incident.
CASE084-EVT050,CASE084,2026-06-02T16:09:00,P0647,LOC0156,incident,Reported extortion incident.
CASE085-EVT001,CASE085,2026-05-20T20:57:00,P0182|P0605,LOC0287,vehicle_movement,Interaction preceding the reported incident.
CASE085-EVT002,CASE085,2026-05-27T02:57:00,P0605|P0957,LOC0150,vehicle_movement,Interaction preceding the reported incident.
CASE085-EVT003,CASE085,2026-05-24T00:57:00,P0957|P0105,LOC0265,meeting,Interaction preceding the reported incident.
CASE085-EVT004,CASE085,2026-05-21T13:57:00,P0105|P0426,LOC0125,meeting,Interaction preceding the reported incident.
CASE085-EVT005,CASE085,2026-05-19T21:57:00,P0426|P0637,LOC0172,meeting,Interaction preceding the reported incident.
CASE085-EVT006,CASE085,2026-05-18T21:57:00,P0637|P0577,LOC0180,meeting,Interaction preceding the reported incident.
CASE085-EVT007,CASE085,2026-05-25T15:57:00,P0577|P0329,LOC0199,meeting,Interaction preceding the reported incident.
CASE085-EVT008,CASE085,2026-05-27T16:57:00,P0329|P0158,LOC0276,vehicle_movement,Interaction preceding the reported incident.
CASE085-EVT009,CASE085,2026-05-29T08:57:00,P0182,LOC0225,incident,Reported robbery network incident.
CASE086-EVT001,CASE086,2026-01-27T23:46:00,P0301|P0245,LOC0148,meeting,Interaction preceding the reported incident.
CASE086-EVT002,CASE086,2026-01-28T05:46:00,P0245|P0771,LOC0016,meeting,Interaction preceding the reported incident.
CASE086-EVT003,CASE086,2026-01-23T01:46:00,P0771|P0751,LOC0283,vehicle_movement,Interaction preceding the reported incident.
CASE086-EVT004,CASE086,2026-01-25T00:46:00,P0751|P0445,LOC0292,meeting,Interaction preceding the reported incident.
CASE086-EVT005,CASE086,2026-01-25T00:46:00,P0445|P0839,LOC0085,meeting,Interaction preceding the reported incident.
CASE086-EVT006,CASE086,2026-01-26T05:46:00,P0839|P0020,LOC0062,meeting,Interaction preceding the reported incident.
CASE086-EVT007,CASE086,2026-01-26T00:46:00,P0020|P0469,LOC0289,vehicle_movement,Interaction preceding the reported incident.
CASE086-EVT008,CASE086,2026-01-28T01:46:00,P0469|P0513,LOC0059,vehicle_movement,Interaction preceding the reported incident.
CASE086-EVT009,CASE086,2026-01-22T20:46:00,P0513|P0322,LOC0049,vehicle_movement,Interaction preceding the reported incident.
CASE086-EVT010,CASE086,2026-01-21T21:46:00,P0322|P0106,LOC0111,phone_call,Interaction preceding the reported incident.
CASE086-EVT011,CASE086,2026-01-23T09:46:00,P0106|P0119,LOC0135,phone_call,Interaction preceding the reported incident.
CASE086-EVT012,CASE086,2026-01-30T00:46:00,P0119|P0690,LOC0177,meeting,Interaction preceding the reported incident.
CASE086-EVT013,CASE086,2026-01-28T01:46:00,P0690|P0443,LOC0056,vehicle_movement,Interaction preceding the reported incident.
CASE086-EVT014,CASE086,2026-01-31T05:46:00,P0301,LOC0262,incident,Reported multi-city fraud network incident.
CASE087-EVT001,CASE087,2025-12-05T00:17:00,P0359|P0826,LOC0167,meeting,Interaction preceding the reported incident.
CASE087-EVT002,CASE087,2025-11-28T19:17:00,P0826|P0638,LOC0248,phone_call,Interaction preceding the reported incident.
CASE087-EVT003,CASE087,2025-11-30T15:17:00,P0857|P0754,LOC0029,vehicle_movement,Interaction preceding the reported incident.
CASE087-EVT004,CASE087,2025-12-01T22:17:00,P0754|P0697,LOC0150,phone_call,Interaction preceding the reported incident.
CASE087-EVT005,CASE087,2025-12-08T06:17:00,P0697|P0024,LOC0061,phone_call,Interaction preceding the reported incident.
CASE087-EVT006,CASE087,2025-12-01T17:17:00,P0638|P0857,LOC0113,vehicle_movement,Interaction preceding the reported incident.
CASE087-EVT007,CASE087,2025-12-09T07:17:00,P0359,LOC0017,incident,Reported money-laundering-style financial network incident.
CASE088-EVT001,CASE088,2025-06-20T14:41:00,P0651|P0187,LOC0072,phone_call,Interaction preceding the reported incident.
CASE088-EVT002,CASE088,2025-06-24T09:41:00,P0187|P0696,LOC0161,vehicle_movement,Interaction preceding the reported incident.
CASE088-EVT003,CASE088,2025-06-20T11:41:00,P0696|P0813,LOC0087,vehicle_movement,Interaction preceding the reported incident.
CASE088-EVT004,CASE088,2025-06-17T16:41:00,P0813|P0463,LOC0137,vehicle_movement,Interaction preceding the reported incident.
CASE088-EVT005,CASE088,2025-06-21T21:41:00,P0463|P0985,LOC0268,meeting,Interaction preceding the reported incident.
CASE088-EVT006,CASE088,2025-06-24T13:41:00,P0775|P0016,LOC0071,phone_call,Interaction preceding the reported incident.
CASE088-EVT007,CASE088,2025-06-24T16:41:00,P0016|P0759,LOC0146,vehicle_movement,Interaction preceding the reported incident.
CASE088-EVT008,CASE088,2025-06-22T20:41:00,P0759|P0714,LOC0129,meeting,Interaction preceding the reported incident.
CASE088-EVT009,CASE088,2025-06-22T13:41:00,P0714|P0825,LOC0180,meeting,Interaction preceding the reported incident.
CASE088-EVT010,CASE088,2025-06-23T12:41:00,P0825|P0459,LOC0205,phone_call,Interaction preceding the reported incident.
CASE088-EVT011,CASE088,2025-06-21T18:41:00,P0459|P0279,LOC0115,meeting,Interaction preceding the reported incident.
CASE088-EVT012,CASE088,2025-06-17T10:41:00,P0985|P0775,LOC0030,vehicle_movement,Interaction preceding the reported incident.
CASE088-EVT013,CASE088,2025-06-27T22:41:00,P0651,LOC0102,incident,Reported smuggling-style network incident.
CASE089-EVT001,CASE089,2026-03-28T16:03:00,P0172|P0777,LOC0171,phone_call,Interaction preceding the reported incident.
CASE089-EVT002,CASE089,2026-03-27T07:03:00,P0378|P0014,LOC0100,phone_call,Interaction preceding the reported incident.
CASE089-EVT003,CASE089,2026-03-31T04:03:00,P0014|P0051,LOC0263,phone_call,Interaction preceding the reported incident.
CASE089-EVT004,CASE089,2026-03-28T11:03:00,P0777|P0378,LOC0078,phone_call,Interaction preceding the reported incident.
CASE089-EVT005,CASE089,2026-04-04T23:03:00,P0172,LOC0220,incident,Reported document forgery incident.
CASE090-EVT001,CASE090,2026-04-14T02:37:00,P0906|P0623,LOC0206,phone_call,Interaction preceding the reported incident.
CASE090-EVT002,CASE090,2026-04-12T02:37:00,P0623|P0806,LOC0272,meeting,Interaction preceding the reported incident.
CASE090-EVT003,CASE090,2026-04-16T14:37:00,P0806|P0749,LOC0083,meeting,Interaction preceding the reported incident.
CASE090-EVT004,CASE090,2026-04-18T07:37:00,P0749|P0328,LOC0094,phone_call,Interaction preceding the reported incident.
CASE090-EVT005,CASE090,2026-04-15T00:37:00,P0328|P0643,LOC0260,phone_call,Interaction preceding the reported incident.
CASE090-EVT006,CASE090,2026-04-11T01:37:00,P0643|P0362,LOC0114,meeting,Interaction preceding the reported incident.
CASE090-EVT007,CASE090,2026-04-17T11:37:00,P0362|P0482,LOC0252,vehicle_movement,Interaction preceding the reported incident.
CASE090-EVT008,CASE090,2026-04-19T09:37:00,P0482|P0172,LOC0144,meeting,Interaction preceding the reported incident.
CASE090-EVT009,CASE090,2026-04-20T11:37:00,P0172|P0645,LOC0277,phone_call,Interaction preceding the reported incident.
CASE090-EVT010,CASE090,2026-04-18T15:37:00,P0645|P0994,LOC0067,vehicle_movement,Interaction preceding the reported incident.
CASE090-EVT011,CASE090,2026-04-14T06:37:00,P0994|P0560,LOC0294,vehicle_movement,Interaction preceding the reported incident.
CASE090-EVT012,CASE090,2026-04-18T02:37:00,P0560|P0781,LOC0108,vehicle_movement,Interaction preceding the reported incident.
CASE090-EVT013,CASE090,2026-04-14T10:37:00,P0781|P0263,LOC0125,vehicle_movement,Interaction preceding the reported incident.
CASE090-EVT014,CASE090,2026-04-11T17:37:00,P0263|P0105,LOC0057,vehicle_movement,Interaction preceding the reported incident.
CASE090-EVT015,CASE090,2026-04-11T08:37:00,P0105|P0962,LOC0234,phone_call,Interaction preceding the reported incident.
CASE090-EVT016,CASE090,2026-04-17T03:37:00,P0962|P0376,LOC0082,phone_call,Interaction preceding the reported incident.
CASE090-EVT017,CASE090,2026-04-14T12:37:00,P0376|P0545,LOC0162,meeting,Interaction preceding the reported incident.
CASE090-EVT018,CASE090,2026-04-19T06:37:00,P0545|P0841,LOC0041,meeting,Interaction preceding the reported incident.
CASE090-EVT019,CASE090,2026-04-20T16:37:00,P0841|P0316,LOC0198,meeting,Interaction preceding the reported incident.
CASE090-EVT020,CASE090,2026-04-19T03:37:00,P0316|P0265,LOC0118,meeting,Interaction preceding the reported incident.
CASE090-EVT021,CASE090,2026-04-15T20:37:00,P0265|P0534,LOC0011,vehicle_movement,Interaction preceding the reported incident.
CASE090-EVT022,CASE090,2026-04-11T07:37:00,P0534|P0170,LOC0181,phone_call,Interaction preceding the reported incident.
CASE090-EVT023,CASE090,2026-04-14T03:37:00,P0170|P0700,LOC0079,meeting,Interaction preceding the reported incident.
CASE090-EVT024,CASE090,2026-04-20T09:37:00,P0700|P0928,LOC0115,phone_call,Interaction preceding the reported incident.
CASE090-EVT025,CASE090,2026-04-18T17:37:00,P0928|P0533,LOC0191,meeting,Interaction preceding the reported incident.
CASE090-EVT026,CASE090,2026-04-14T11:37:00,P0533|P0224,LOC0052,vehicle_movement,Interaction preceding the reported incident.
CASE090-EVT027,CASE090,2026-04-15T05:37:00,P0224|P0758,LOC0197,phone_call,Interaction preceding the reported incident.
CASE090-EVT028,CASE090,2026-04-14T07:37:00,P0758|P0966,LOC0109,vehicle_movement,Interaction preceding the reported incident.
CASE090-EVT029,CASE090,2026-04-12T11:37:00,P0966|P0840,LOC0094,phone_call,Interaction preceding the reported incident.
CASE090-EVT030,CASE090,2026-04-14T17:37:00,P0840|P0008,LOC0136,phone_call,Interaction preceding the reported incident.
CASE090-EVT031,CASE090,2026-04-18T07:37:00,P0008|P0486,LOC0051,vehicle_movement,Interaction preceding the reported incident.
CASE090-EVT032,CASE090,2026-04-15T11:37:00,P0486|P0118,LOC0227,meeting,Interaction preceding the reported incident.
CASE090-EVT033,CASE090,2026-04-11T15:37:00,P0118|P0015,LOC0198,meeting,Interaction preceding the reported incident.
CASE090-EVT034,CASE090,2026-04-18T08:37:00,P0015|P0117,LOC0147,vehicle_movement,Interaction preceding the reported incident.
CASE090-EVT035,CASE090,2026-04-12T15:37:00,P0117|P0581,LOC0055,phone_call,Interaction preceding the reported incident.
CASE090-EVT036,CASE090,2026-04-16T07:37:00,P0581|P0595,LOC0218,vehicle_movement,Interaction preceding the reported incident.
CASE090-EVT037,CASE090,2026-04-19T04:37:00,P0746|P0633,LOC0019,meeting,Interaction preceding the reported incident.
CASE090-EVT038,CASE090,2026-04-19T00:37:00,P0633|P0067,LOC0073,vehicle_movement,Interaction preceding the reported incident.
CASE090-EVT039,CASE090,2026-04-15T08:37:00,P0067|P0507,LOC0134,phone_call,Interaction preceding the reported incident.
CASE090-EVT040,CASE090,2026-04-18T07:37:00,P0507|P0195,LOC0277,meeting,Interaction preceding the reported incident.
CASE090-EVT041,CASE090,2026-04-13T09:37:00,P0195|P0986,LOC0222,meeting,Interaction preceding the reported incident.
CASE090-EVT042,CASE090,2026-04-14T20:37:00,P0986|P0152,LOC0243,meeting,Interaction preceding the reported incident.
CASE090-EVT043,CASE090,2026-04-12T15:37:00,P0152|P0524,LOC0267,vehicle_movement,Interaction preceding the reported incident.
CASE090-EVT044,CASE090,2026-04-19T02:37:00,P0524|P0883,LOC0299,vehicle_movement,Interaction preceding the reported incident.
CASE090-EVT045,CASE090,2026-04-18T04:37:00,P0883|P0222,LOC0078,vehicle_movement,Interaction preceding the reported incident.
CASE090-EVT046,CASE090,2026-04-13T02:37:00,P0222|P0852,LOC0225,vehicle_movement,Interaction preceding the reported incident.
CASE090-EVT047,CASE090,2026-04-18T18:37:00,P0852|P0721,LOC0125,phone_call,Interaction preceding the reported incident.
CASE090-EVT048,CASE090,2026-04-19T05:37:00,P0721|P0843,LOC0245,phone_call,Interaction preceding the reported incident.
CASE090-EVT049,CASE090,2026-04-13T15:37:00,P0843|P0449,LOC0011,vehicle_movement,Interaction preceding the reported incident.
CASE090-EVT050,CASE090,2026-04-16T03:37:00,P0449|P0078,LOC0222,vehicle_movement,Interaction preceding the reported incident.
CASE090-EVT051,CASE090,2026-04-20T08:37:00,P0078|P0961,LOC0230,vehicle_movement,Interaction preceding the reported incident.
CASE090-EVT052,CASE090,2026-04-12T01:37:00,P0961|P0327,LOC0068,meeting,Interaction preceding the reported incident.
CASE090-EVT053,CASE090,2026-04-20T16:37:00,P0327|P0663,LOC0064,meeting,Interaction preceding the reported incident.
CASE090-EVT054,CASE090,2026-04-13T18:37:00,P0663|P0978,LOC0116,meeting,Interaction preceding the reported incident.
CASE090-EVT055,CASE090,2026-04-16T04:37:00,P0978|P0814,LOC0124,vehicle_movement,Interaction preceding the reported incident.
CASE090-EVT056,CASE090,2026-04-19T02:37:00,P0814|P0987,LOC0188,phone_call,Interaction preceding the reported incident.
CASE090-EVT057,CASE090,2026-04-15T11:37:00,P0987|P0336,LOC0298,vehicle_movement,Interaction preceding the reported incident.
CASE090-EVT058,CASE090,2026-04-18T08:37:00,P0336|P0703,LOC0191,meeting,Interaction preceding the reported incident.
CASE090-EVT059,CASE090,2026-04-11T11:37:00,P0703|P0651,LOC0099,phone_call,Interaction preceding the reported incident.
CASE090-EVT060,CASE090,2026-04-13T08:37:00,P0651|P0361,LOC0186,phone_call,Interaction preceding the reported incident.
CASE090-EVT061,CASE090,2026-04-19T15:37:00,P0361|P0750,LOC0251,phone_call,Interaction preceding the reported incident.
CASE090-EVT062,CASE090,2026-04-15T00:37:00,P0750|P0691,LOC0125,vehicle_movement,Interaction preceding the reported incident.
CASE090-EVT063,CASE090,2026-04-12T01:37:00,P0691|P0847,LOC0070,phone_call,Interaction preceding the reported incident.
CASE090-EVT064,CASE090,2026-04-12T14:37:00,P0847|P0474,LOC0007,vehicle_movement,Interaction preceding the reported incident.
CASE090-EVT065,CASE090,2026-04-17T20:37:00,P0474|P0257,LOC0198,meeting,Interaction preceding the reported incident.
CASE090-EVT066,CASE090,2026-04-17T18:37:00,P0257|P0812,LOC0169,vehicle_movement,Interaction preceding the reported incident.
CASE090-EVT067,CASE090,2026-04-13T13:37:00,P0812|P0086,LOC0221,meeting,Interaction preceding the reported incident.
CASE090-EVT068,CASE090,2026-04-13T15:37:00,P0086|P0945,LOC0225,vehicle_movement,Interaction preceding the reported incident.
CASE090-EVT069,CASE090,2026-04-11T17:37:00,P0945|P0348,LOC0115,meeting,Interaction preceding the reported incident.
CASE090-EVT070,CASE090,2026-04-15T20:37:00,P0348|P0589,LOC0048,phone_call,Interaction preceding the reported incident.
CASE090-EVT071,CASE090,2026-04-12T05:37:00,P0589|P0392,LOC0088,meeting,Interaction preceding the reported incident.
CASE090-EVT072,CASE090,2026-04-13T10:37:00,P0392|P0732,LOC0178,meeting,Interaction preceding the reported incident.
CASE090-EVT073,CASE090,2026-04-11T06:37:00,P0732|P0740,LOC0158,meeting,Interaction preceding the reported incident.
CASE090-EVT074,CASE090,2026-04-13T01:37:00,P0595|P0746,LOC0228,vehicle_movement,Interaction preceding the reported incident.
CASE090-EVT075,CASE090,2026-04-21T20:37:00,P0906,LOC0194,incident,Reported corporate fraud incident.
CASE091-EVT001,CASE091,2026-01-05T22:52:00,P0462|P0095,LOC0238,vehicle_movement,Interaction preceding the reported incident.
CASE091-EVT002,CASE091,2026-01-07T22:52:00,P0095|P0600,LOC0148,meeting,Interaction preceding the reported incident.
CASE091-EVT003,CASE091,2026-01-05T12:52:00,P0600|P0286,LOC0143,vehicle_movement,Interaction preceding the reported incident.
CASE091-EVT004,CASE091,2026-01-09T06:52:00,P0286|P0738,LOC0039,phone_call,Interaction preceding the reported incident.
CASE091-EVT005,CASE091,2026-01-04T16:52:00,P0738|P0048,LOC0293,phone_call,Interaction preceding the reported incident.
CASE091-EVT006,CASE091,2026-01-04T07:52:00,P0048|P0657,LOC0174,vehicle_movement,Interaction preceding the reported incident.
CASE091-EVT007,CASE091,2026-01-02T05:52:00,P0657|P0828,LOC0202,meeting,Interaction preceding the reported incident.
CASE091-EVT008,CASE091,2026-01-13T00:52:00,P0462,LOC0287,incident,Reported cyber-enabled fraud incident.
CASE092-EVT001,CASE092,2025-10-21T16:02:00,P0706|P0980,LOC0090,meeting,Interaction preceding the reported incident.
CASE092-EVT002,CASE092,2025-10-19T23:02:00,P0980|P0472,LOC0026,vehicle_movement,Interaction preceding the reported incident.
CASE092-EVT003,CASE092,2025-10-20T14:02:00,P0472|P0024,LOC0163,meeting,Interaction preceding the reported incident.
CASE092-EVT004,CASE092,2025-10-24T22:02:00,P0024|P0136,LOC0096,phone_call,Interaction preceding the reported incident.
CASE092-EVT005,CASE092,2025-10-26T02:02:00,P0136|P0309,LOC0084,phone_call,Interaction preceding the reported incident.
CASE092-EVT006,CASE092,2025-10-26T16:02:00,P0822|P0232,LOC0112,vehicle_movement,Interaction preceding the reported incident.
CASE092-EVT007,CASE092,2025-10-23T23:02:00,P0232|P0187,LOC0122,phone_call,Interaction preceding the reported incident.
CASE092-EVT008,CASE092,2025-10-17T14:02:00,P0187|P0840,LOC0290,vehicle_movement,Interaction preceding the reported incident.
CASE092-EVT009,CASE092,2025-10-23T16:02:00,P0840|P0020,LOC0176,meeting,Interaction preceding the reported incident.
CASE092-EVT010,CASE092,2025-10-24T05:02:00,P0020|P0842,LOC0250,phone_call,Interaction preceding the reported incident.
CASE092-EVT011,CASE092,2025-10-22T03:02:00,P0842|P0668,LOC0159,phone_call,Interaction preceding the reported incident.
CASE092-EVT012,CASE092,2025-10-24T05:02:00,P0309|P0822,LOC0233,phone_call,Interaction preceding the reported incident.
CASE092-EVT013,CASE092,2025-10-28T09:02:00,P0706,LOC0292,incident,Reported document forgery incident.
CASE093-EVT001,CASE093,2025-08-07T13:32:00,P0531|P0723,LOC0080,phone_call,Interaction preceding the reported incident.
CASE093-EVT002,CASE093,2025-08-04T10:32:00,P0332|P0455,LOC0168,meeting,Interaction preceding the reported incident.
CASE093-EVT003,CASE093,2025-08-08T17:32:00,P0332|P0811,LOC0272,phone_call,Interaction preceding the reported incident.
CASE093-EVT004,CASE093,2025-08-06T16:32:00,P0332|P0039,LOC0067,phone_call,Interaction preceding the reported incident.
CASE093-EVT005,CASE093,2025-08-03T20:32:00,P0332|P0583,LOC0219,vehicle_movement,Interaction preceding the reported incident.
CASE093-EVT006,CASE093,2025-08-08T19:32:00,P0332|P0311,LOC0054,vehicle_movement,Interaction preceding the reported incident.
CASE093-EVT007,CASE093,2025-08-12T20:32:00,P0531,LOC0015,incident,Reported multi-city fraud network incident.
CASE094-EVT001,CASE094,2026-05-09T18:43:00,P0681|P0502,LOC0101,meeting,Interaction preceding the reported incident.
CASE094-EVT002,CASE094,2026-05-17T03:43:00,P0502|P0733,LOC0069,phone_call,Interaction preceding the reported incident.
CASE094-EVT003,CASE094,2026-05-12T18:43:00,P0733|P0286,LOC0204,meeting,Interaction preceding the reported incident.
CASE094-EVT004,CASE094,2026-05-16T07:43:00,P0286|P0269,LOC0013,vehicle_movement,Interaction preceding the reported incident.
CASE094-EVT005,CASE094,2026-05-17T20:43:00,P0269|P0200,LOC0026,meeting,Interaction preceding the reported incident.
CASE094-EVT006,CASE094,2026-05-10T05:43:00,P0200|P0825,LOC0121,vehicle_movement,Interaction preceding the reported incident.
CASE094-EVT007,CASE094,2026-05-08T05:43:00,P0825|P0104,LOC0043,vehicle_movement,Interaction preceding the reported incident.
CASE094-EVT008,CASE094,2026-05-17T08:43:00,P0104|P0638,LOC0250,meeting,Interaction preceding the reported incident.
CASE094-EVT009,CASE094,2026-05-12T09:43:00,P0638|P0910,LOC0298,meeting,Interaction preceding the reported incident.
CASE094-EVT010,CASE094,2026-05-12T06:43:00,P0910|P0266,LOC0295,meeting,Interaction preceding the reported incident.
CASE094-EVT011,CASE094,2026-05-12T20:43:00,P0266|P0777,LOC0154,vehicle_movement,Interaction preceding the reported incident.
CASE094-EVT012,CASE094,2026-05-12T15:43:00,P0777|P0979,LOC0261,meeting,Interaction preceding the reported incident.
CASE094-EVT013,CASE094,2026-05-13T11:43:00,P0979|P0866,LOC0001,phone_call,Interaction preceding the reported incident.
CASE094-EVT014,CASE094,2026-05-09T20:43:00,P0866|P0226,LOC0168,meeting,Interaction preceding the reported incident.
CASE094-EVT015,CASE094,2026-05-09T05:43:00,P0226|P0765,LOC0210,phone_call,Interaction preceding the reported incident.
CASE094-EVT016,CASE094,2026-05-16T01:43:00,P0765|P0907,LOC0294,phone_call,Interaction preceding the reported incident.
CASE094-EVT017,CASE094,2026-05-09T16:43:00,P0907|P0750,LOC0249,meeting,Interaction preceding the reported incident.
CASE094-EVT018,CASE094,2026-05-09T21:43:00,P0750|P0372,LOC0059,phone_call,Interaction preceding the reported incident.
CASE094-EVT019,CASE094,2026-05-13T02:43:00,P0372|P0186,LOC0211,vehicle_movement,Interaction preceding the reported incident.
CASE094-EVT020,CASE094,2026-05-11T15:43:00,P0186|P0043,LOC0081,phone_call,Interaction preceding the reported incident.
CASE094-EVT021,CASE094,2026-05-13T10:43:00,P0043|P0921,LOC0157,vehicle_movement,Interaction preceding the reported incident.
CASE094-EVT022,CASE094,2026-05-10T18:43:00,P0921|P0088,LOC0005,vehicle_movement,Interaction preceding the reported incident.
CASE094-EVT023,CASE094,2026-05-12T10:43:00,P0088|P0783,LOC0016,vehicle_movement,Interaction preceding the reported incident.
CASE094-EVT024,CASE094,2026-05-11T03:43:00,P0783|P0954,LOC0066,vehicle_movement,Interaction preceding the reported incident.
CASE094-EVT025,CASE094,2026-05-09T13:43:00,P0954|P0356,LOC0149,meeting,Interaction preceding the reported incident.
CASE094-EVT026,CASE094,2026-05-17T17:43:00,P0356|P0171,LOC0007,vehicle_movement,Interaction preceding the reported incident.
CASE094-EVT027,CASE094,2026-05-10T18:43:00,P0171|P0228,LOC0044,phone_call,Interaction preceding the reported incident.
CASE094-EVT028,CASE094,2026-05-15T04:43:00,P0228|P0437,LOC0159,phone_call,Interaction preceding the reported incident.
CASE094-EVT029,CASE094,2026-05-16T21:43:00,P0437|P0268,LOC0246,meeting,Interaction preceding the reported incident.
CASE094-EVT030,CASE094,2026-05-11T19:43:00,P0268|P0352,LOC0173,phone_call,Interaction preceding the reported incident.
CASE094-EVT031,CASE094,2026-05-16T18:43:00,P0352|P0501,LOC0251,phone_call,Interaction preceding the reported incident.
CASE094-EVT032,CASE094,2026-05-13T01:43:00,P0501|P0841,LOC0024,vehicle_movement,Interaction preceding the reported incident.
CASE094-EVT033,CASE094,2026-05-10T07:43:00,P0841|P0865,LOC0204,vehicle_movement,Interaction preceding the reported incident.
CASE094-EVT034,CASE094,2026-05-09T10:43:00,P0865|P0255,LOC0121,meeting,Interaction preceding the reported incident.
CASE094-EVT035,CASE094,2026-05-14T20:43:00,P0255|P0939,LOC0081,vehicle_movement,Interaction preceding the reported incident.
CASE094-EVT036,CASE094,2026-05-15T03:43:00,P0939|P0198,LOC0161,phone_call,Interaction preceding the reported incident.
CASE094-EVT037,CASE094,2026-05-11T17:43:00,P0198|P0026,LOC0271,phone_call,Interaction preceding the reported incident.
CASE094-EVT038,CASE094,2026-05-17T12:43:00,P0026|P0699,LOC0151,vehicle_movement,Interaction preceding the reported incident.
CASE094-EVT039,CASE094,2026-05-15T16:43:00,P0699|P0100,LOC0041,vehicle_movement,Interaction preceding the reported incident.
CASE094-EVT040,CASE094,2026-05-12T12:43:00,P0100|P0562,LOC0205,phone_call,Interaction preceding the reported incident.
CASE094-EVT041,CASE094,2026-05-17T16:43:00,P0562|P0637,LOC0254,meeting,Interaction preceding the reported incident.
CASE094-EVT042,CASE094,2026-05-16T17:43:00,P0637|P0061,LOC0010,phone_call,Interaction preceding the reported incident.
CASE094-EVT043,CASE094,2026-05-11T11:43:00,P0061|P0278,LOC0026,phone_call,Interaction preceding the reported incident.
CASE094-EVT044,CASE094,2026-05-14T08:43:00,P0278|P0419,LOC0145,meeting,Interaction preceding the reported incident.
CASE094-EVT045,CASE094,2026-05-17T12:43:00,P0419|P0076,LOC0115,meeting,Interaction preceding the reported incident.
CASE094-EVT046,CASE094,2026-05-09T13:43:00,P0076|P0872,LOC0095,phone_call,Interaction preceding the reported incident.
CASE094-EVT047,CASE094,2026-05-15T19:43:00,P0872|P0067,LOC0119,meeting,Interaction preceding the reported incident.
CASE094-EVT048,CASE094,2026-05-17T05:43:00,P0067|P0080,LOC0152,meeting,Interaction preceding the reported incident.
CASE094-EVT049,CASE094,2026-05-10T13:43:00,P0080|P0902,LOC0043,meeting,Interaction preceding the reported incident.
CASE094-EVT050,CASE094,2026-05-12T18:43:00,P0902|P0151,LOC0245,vehicle_movement,Interaction preceding the reported incident.
CASE094-EVT051,CASE094,2026-05-15T16:43:00,P0151|P0057,LOC0206,meeting,Interaction preceding the reported incident.
CASE094-EVT052,CASE094,2026-05-12T17:43:00,P0057|P0032,LOC0258,vehicle_movement,Interaction preceding the reported incident.
CASE094-EVT053,CASE094,2026-05-18T21:43:00,P0681,LOC0203,incident,Reported insurance fraud incident.
CASE095-EVT001,CASE095,2026-07-15T13:07:00,P0682|P0933,LOC0070,meeting,Interaction preceding the reported incident.
CASE095-EVT002,CASE095,2026-07-11T23:07:00,P0236|P0315,LOC0216,phone_call,Interaction preceding the reported incident.
CASE095-EVT003,CASE095,2026-07-17T15:07:00,P0682|P0661,LOC0147,vehicle_movement,Interaction preceding the reported incident.
CASE095-EVT004,CASE095,2026-07-11T15:07:00,P0682|P0653,LOC0135,phone_call,Interaction preceding the reported incident.
CASE095-EVT005,CASE095,2026-07-09T20:07:00,P0682|P0125,LOC0036,meeting,Interaction preceding the reported incident.
CASE095-EVT006,CASE095,2026-07-16T14:07:00,P0682|P0987,LOC0132,phone_call,Interaction preceding the reported incident.
CASE095-EVT007,CASE095,2026-07-15T20:07:00,P0682|P0260,LOC0241,meeting,Interaction preceding the reported incident.
CASE095-EVT008,CASE095,2026-07-10T11:07:00,P0236|P0207,LOC0111,vehicle_movement,Interaction preceding the reported incident.
CASE095-EVT009,CASE095,2026-07-17T08:07:00,P0236|P0814,LOC0121,phone_call,Interaction preceding the reported incident.
CASE095-EVT010,CASE095,2026-07-13T11:07:00,P0682|P0519,LOC0140,meeting,Interaction preceding the reported incident.
CASE095-EVT011,CASE095,2026-07-18T00:07:00,P0682|P0679,LOC0193,phone_call,Interaction preceding the reported incident.
CASE095-EVT012,CASE095,2026-07-15T23:07:00,P0682|P0802,LOC0081,vehicle_movement,Interaction preceding the reported incident.
CASE095-EVT013,CASE095,2026-07-15T20:07:00,P0236|P0652,LOC0177,meeting,Interaction preceding the reported incident.
CASE095-EVT014,CASE095,2026-07-18T07:07:00,P0236|P0224,LOC0212,phone_call,Interaction preceding the reported incident.
CASE095-EVT015,CASE095,2026-07-15T13:07:00,P0682|P0497,LOC0144,meeting,Interaction preceding the reported incident.
CASE095-EVT016,CASE095,2026-07-09T23:07:00,P0236|P0729,LOC0210,meeting,Interaction preceding the reported incident.
CASE095-EVT017,CASE095,2026-07-17T09:07:00,P0236|P0637,LOC0108,meeting,Interaction preceding the reported incident.
CASE095-EVT018,CASE095,2026-07-13T04:07:00,P0236|P0546,LOC0268,phone_call,Interaction preceding the reported incident.
CASE095-EVT019,CASE095,2026-07-12T10:07:00,P0682|P0426,LOC0010,meeting,Interaction preceding the reported incident.
CASE095-EVT020,CASE095,2026-07-19T06:07:00,P0236|P0876,LOC0013,meeting,Interaction preceding the reported incident.
CASE095-EVT021,CASE095,2026-07-20T16:07:00,P0236,LOC0133,incident,Reported missing-person investigation incident.
CASE096-EVT001,CASE096,2026-01-14T19:05:00,P0673|P0331,LOC0236,vehicle_movement,Interaction preceding the reported incident.
CASE096-EVT002,CASE096,2026-01-13T19:05:00,P0331|P0304,LOC0163,meeting,Interaction preceding the reported incident.
CASE096-EVT003,CASE096,2026-01-12T17:05:00,P0304|P0851,LOC0181,meeting,Interaction preceding the reported incident.
CASE096-EVT004,CASE096,2026-01-15T05:05:00,P0851|P0238,LOC0068,vehicle_movement,Interaction preceding the reported incident.
CASE096-EVT005,CASE096,2026-01-07T21:05:00,P0238|P0198,LOC0173,vehicle_movement,Interaction preceding the reported incident.
CASE096-EVT006,CASE096,2026-01-07T13:05:00,P0198|P0660,LOC0009,phone_call,Interaction preceding the reported incident.
CASE096-EVT007,CASE096,2026-01-13T09:05:00,P0660|P0907,LOC0152,phone_call,Interaction preceding the reported incident.
CASE096-EVT008,CASE096,2026-01-13T19:05:00,P0907|P0588,LOC0269,vehicle_movement,Interaction preceding the reported incident.
CASE096-EVT009,CASE096,2026-01-06T13:05:00,P0588|P0947,LOC0180,vehicle_movement,Interaction preceding the reported incident.
CASE096-EVT010,CASE096,2026-01-15T03:05:00,P0947|P0788,LOC0089,phone_call,Interaction preceding the reported incident.
CASE096-EVT011,CASE096,2026-01-11T17:05:00,P0788|P0883,LOC0012,meeting,Interaction preceding the reported incident.
CASE096-EVT012,CASE096,2026-01-07T01:05:00,P0883|P0092,LOC0147,phone_call,Interaction preceding the reported incident.
CASE096-EVT013,CASE096,2026-01-09T12:05:00,P0092|P0285,LOC0022,phone_call,Interaction preceding the reported incident.
CASE096-EVT014,CASE096,2026-01-07T20:05:00,P0285|P0809,LOC0273,phone_call,Interaction preceding the reported incident.
CASE096-EVT015,CASE096,2026-01-14T17:05:00,P0809|P0383,LOC0127,phone_call,Interaction preceding the reported incident.
CASE096-EVT016,CASE096,2026-01-11T20:05:00,P0383|P0812,LOC0266,meeting,Interaction preceding the reported incident.
CASE096-EVT017,CASE096,2026-01-12T17:05:00,P0812|P0605,LOC0110,vehicle_movement,Interaction preceding the reported incident.
CASE096-EVT018,CASE096,2026-01-10T04:05:00,P0605|P0692,LOC0093,meeting,Interaction preceding the reported incident.
CASE096-EVT019,CASE096,2026-01-06T23:05:00,P0692|P0290,LOC0001,meeting,Interaction preceding the reported incident.
CASE096-EVT020,CASE096,2026-01-12T12:05:00,P0290|P0561,LOC0137,meeting,Interaction preceding the reported incident.
CASE096-EVT021,CASE096,2026-01-07T01:05:00,P0561|P0334,LOC0021,phone_call,Interaction preceding the reported incident.
CASE096-EVT022,CASE096,2026-01-09T15:05:00,P0334|P0981,LOC0089,phone_call,Interaction preceding the reported incident.
CASE096-EVT023,CASE096,2026-01-07T23:05:00,P0981|P0818,LOC0014,meeting,Interaction preceding the reported incident.
CASE096-EVT024,CASE096,2026-01-08T14:05:00,P0818|P0162,LOC0181,meeting,Interaction preceding the reported incident.
CASE096-EVT025,CASE096,2026-01-10T16:05:00,P0162|P0338,LOC0058,meeting,Interaction preceding the reported incident.
CASE096-EVT026,CASE096,2026-01-15T09:05:00,P0338|P0184,LOC0174,phone_call,Interaction preceding the reported incident.
CASE096-EVT027,CASE096,2026-01-08T21:05:00,P0184|P0597,LOC0225,meeting,Interaction preceding the reported incident.
CASE096-EVT028,CASE096,2026-01-11T22:05:00,P0597|P0576,LOC0198,phone_call,Interaction preceding the reported incident.
CASE096-EVT029,CASE096,2026-01-06T10:05:00,P0576|P0865,LOC0245,phone_call,Interaction preceding the reported incident.
CASE096-EVT030,CASE096,2026-01-12T20:05:00,P0865|P0546,LOC0220,meeting,Interaction preceding the reported incident.
CASE096-EVT031,CASE096,2026-01-06T17:05:00,P0546|P0448,LOC0112,meeting,Interaction preceding the reported incident.
CASE096-EVT032,CASE096,2026-01-07T12:05:00,P0448|P0461,LOC0261,meeting,Interaction preceding the reported incident.
CASE096-EVT033,CASE096,2026-01-15T18:05:00,P0461|P0256,LOC0299,vehicle_movement,Interaction preceding the reported incident.
CASE096-EVT034,CASE096,2026-01-14T11:05:00,P0256|P0654,LOC0220,phone_call,Interaction preceding the reported incident.
CASE096-EVT035,CASE096,2026-01-07T11:05:00,P0654|P0429,LOC0150,phone_call,Interaction preceding the reported incident.
CASE096-EVT036,CASE096,2026-01-08T03:05:00,P0429|P0591,LOC0126,phone_call,Interaction preceding the reported incident.
CASE096-EVT037,CASE096,2026-01-10T02:05:00,P0591|P0997,LOC0092,meeting,Interaction preceding the reported incident.
CASE096-EVT038,CASE096,2026-01-13T03:05:00,P0997|P0980,LOC0031,phone_call,Interaction preceding the reported incident.
CASE096-EVT039,CASE096,2026-01-16T05:05:00,P0980|P0158,LOC0203,vehicle_movement,Interaction preceding the reported incident.
CASE096-EVT040,CASE096,2026-01-10T01:05:00,P0158|P0301,LOC0012,phone_call,Interaction preceding the reported incident.
CASE096-EVT041,CASE096,2026-01-08T14:05:00,P0301|P0884,LOC0237,phone_call,Interaction preceding the reported incident.
CASE096-EVT042,CASE096,2026-01-11T05:05:00,P0884|P0249,LOC0258,meeting,Interaction preceding the reported incident.
CASE096-EVT043,CASE096,2026-01-07T16:05:00,P0249|P0458,LOC0296,vehicle_movement,Interaction preceding the reported incident.
CASE096-EVT044,CASE096,2026-01-16T03:05:00,P0458|P0674,LOC0035,meeting,Interaction preceding the reported incident.
CASE096-EVT045,CASE096,2026-01-10T19:05:00,P0674|P0743,LOC0299,phone_call,Interaction preceding the reported incident.
CASE096-EVT046,CASE096,2026-01-14T13:05:00,P0743|P0072,LOC0036,phone_call,Interaction preceding the reported incident.
CASE096-EVT047,CASE096,2026-01-15T17:05:00,P0072|P0362,LOC0004,vehicle_movement,Interaction preceding the reported incident.
CASE096-EVT048,CASE096,2026-01-11T02:05:00,P0362|P0214,LOC0291,phone_call,Interaction preceding the reported incident.
CASE096-EVT049,CASE096,2026-01-06T11:05:00,P0214|P0211,LOC0053,vehicle_movement,Interaction preceding the reported incident.
CASE096-EVT050,CASE096,2026-01-09T00:05:00,P0211|P0550,LOC0300,phone_call,Interaction preceding the reported incident.
CASE096-EVT051,CASE096,2026-01-09T11:05:00,P0550|P0045,LOC0163,phone_call,Interaction preceding the reported incident.
CASE096-EVT052,CASE096,2026-01-06T16:05:00,P0045|P0121,LOC0118,vehicle_movement,Interaction preceding the reported incident.
CASE096-EVT053,CASE096,2026-01-07T00:05:00,P0121|P0431,LOC0034,meeting,Interaction preceding the reported incident.
CASE096-EVT054,CASE096,2026-01-09T09:05:00,P0431|P0790,LOC0250,meeting,Interaction preceding the reported incident.
CASE096-EVT055,CASE096,2026-01-11T22:05:00,P0790|P0364,LOC0207,meeting,Interaction preceding the reported incident.
CASE096-EVT056,CASE096,2026-01-10T15:05:00,P0364|P0227,LOC0259,meeting,Interaction preceding the reported incident.
CASE096-EVT057,CASE096,2026-01-08T04:05:00,P0227|P0294,LOC0041,vehicle_movement,Interaction preceding the reported incident.
CASE096-EVT058,CASE096,2026-01-10T15:05:00,P0294|P0849,LOC0077,phone_call,Interaction preceding the reported incident.
CASE096-EVT059,CASE096,2026-01-06T14:05:00,P0849|P0459,LOC0062,vehicle_movement,Interaction preceding the reported incident.
CASE096-EVT060,CASE096,2026-01-13T19:05:00,P0459|P0332,LOC0194,phone_call,Interaction preceding the reported incident.
CASE096-EVT061,CASE096,2026-01-11T15:05:00,P0332|P0084,LOC0151,meeting,Interaction preceding the reported incident.
CASE096-EVT062,CASE096,2026-01-09T23:05:00,P0084|P0656,LOC0061,meeting,Interaction preceding the reported incident.
CASE096-EVT063,CASE096,2026-01-14T14:05:00,P0656|P0414,LOC0112,vehicle_movement,Interaction preceding the reported incident.
CASE096-EVT064,CASE096,2026-01-09T10:05:00,P0414|P0363,LOC0020,vehicle_movement,Interaction preceding the reported incident.
CASE096-EVT065,CASE096,2026-01-15T23:05:00,P0363|P0102,LOC0119,meeting,Interaction preceding the reported incident.
CASE096-EVT066,CASE096,2026-01-08T23:05:00,P0102|P0279,LOC0057,meeting,Interaction preceding the reported incident.
CASE096-EVT067,CASE096,2026-01-17T05:05:00,P0673,LOC0075,incident,Reported illegal goods distribution incident.
CASE097-EVT001,CASE097,2026-01-12T06:25:00,P0890|P0664,LOC0161,meeting,Interaction preceding the reported incident.
CASE097-EVT002,CASE097,2026-01-18T17:25:00,P0664|P0788,LOC0175,phone_call,Interaction preceding the reported incident.
CASE097-EVT003,CASE097,2026-01-18T21:25:00,P0788|P0676,LOC0110,meeting,Interaction preceding the reported incident.
CASE097-EVT004,CASE097,2026-01-12T10:25:00,P0676|P0900,LOC0032,phone_call,Interaction preceding the reported incident.
CASE097-EVT005,CASE097,2026-01-14T16:25:00,P0900|P0714,LOC0063,vehicle_movement,Interaction preceding the reported incident.
CASE097-EVT006,CASE097,2026-01-16T00:25:00,P0714|P0717,LOC0234,vehicle_movement,Interaction preceding the reported incident.
CASE097-EVT007,CASE097,2026-01-11T07:25:00,P0717|P0928,LOC0240,phone_call,Interaction preceding the reported incident.
CASE097-EVT008,CASE097,2026-01-11T22:25:00,P0928|P0678,LOC0118,vehicle_movement,Interaction preceding the reported incident.
CASE097-EVT009,CASE097,2026-01-15T04:25:00,P0678|P0003,LOC0257,vehicle_movement,Interaction preceding the reported incident.
CASE097-EVT010,CASE097,2026-01-10T10:25:00,P0003|P0340,LOC0180,meeting,Interaction preceding the reported incident.
CASE097-EVT011,CASE097,2026-01-17T04:25:00,P0340|P0862,LOC0161,vehicle_movement,Interaction preceding the reported incident.
CASE097-EVT012,CASE097,2026-01-14T21:25:00,P0862|P0658,LOC0076,vehicle_movement,Interaction preceding the reported incident.
CASE097-EVT013,CASE097,2026-01-11T05:25:00,P0658|P0535,LOC0276,vehicle_movement,Interaction preceding the reported incident.
CASE097-EVT014,CASE097,2026-01-13T20:25:00,P0535|P0045,LOC0106,meeting,Interaction preceding the reported incident.
CASE097-EVT015,CASE097,2026-01-10T07:25:00,P0045|P0190,LOC0164,meeting,Interaction preceding the reported incident.
CASE097-EVT016,CASE097,2026-01-13T17:25:00,P0190|P0391,LOC0080,vehicle_movement,Interaction preceding the reported incident.
CASE097-EVT017,CASE097,2026-01-12T23:25:00,P0391|P0792,LOC0155,phone_call,Interaction preceding the reported incident.
CASE097-EVT018,CASE097,2026-01-14T23:25:00,P0792|P0593,LOC0048,vehicle_movement,Interaction preceding the reported incident.
CASE097-EVT019,CASE097,2026-01-19T18:25:00,P0593|P0059,LOC0221,meeting,Interaction preceding the reported incident.
CASE097-EVT020,CASE097,2026-01-14T15:25:00,P0059|P0299,LOC0149,meeting,Interaction preceding the reported incident.
CASE097-EVT021,CASE097,2026-01-18T06:25:00,P0299|P0974,LOC0116,vehicle_movement,Interaction preceding the reported incident.
CASE097-EVT022,CASE097,2026-01-21T00:25:00,P0890,LOC0185,incident,Reported corporate fraud incident.
CASE098-EVT001,CASE098,2025-12-07T11:52:00,P0224|P0103,LOC0026,phone_call,Interaction preceding the reported incident.
CASE098-EVT002,CASE098,2025-12-06T14:52:00,P0224|P0241,LOC0299,vehicle_movement,Interaction preceding the reported incident.
CASE098-EVT003,CASE098,2025-12-10T13:52:00,P0103|P0241,LOC0233,phone_call,Interaction preceding the reported incident.
CASE098-EVT004,CASE098,2025-12-13T07:52:00,P0103|P0690,LOC0209,meeting,Interaction preceding the reported incident.
CASE098-EVT005,CASE098,2025-12-09T16:52:00,P0241|P0690,LOC0284,phone_call,Interaction preceding the reported incident.
CASE098-EVT006,CASE098,2025-12-14T16:52:00,P0224,LOC0018,incident,Reported organized theft incident.
CASE099-EVT001,CASE099,2026-06-11T21:57:00,P0519|P0229,LOC0199,meeting,Interaction preceding the reported incident.
CASE099-EVT002,CASE099,2026-06-14T07:57:00,P0935|P0270,LOC0147,meeting,Interaction preceding the reported incident.
CASE099-EVT003,CASE099,2026-06-14T04:57:00,P0935|P0061,LOC0130,vehicle_movement,Interaction preceding the reported incident.
CASE099-EVT004,CASE099,2026-06-08T02:57:00,P0935|P0001,LOC0230,phone_call,Interaction preceding the reported incident.
CASE099-EVT005,CASE099,2026-06-17T07:57:00,P0935|P0246,LOC0141,phone_call,Interaction preceding the reported incident.
CASE099-EVT006,CASE099,2026-06-09T12:57:00,P0935|P0158,LOC0155,vehicle_movement,Interaction preceding the reported incident.
CASE099-EVT007,CASE099,2026-06-07T18:57:00,P0935|P0534,LOC0046,meeting,Interaction preceding the reported incident.
CASE099-EVT008,CASE099,2026-06-15T08:57:00,P0935|P0934,LOC0021,vehicle_movement,Interaction preceding the reported incident.
CASE099-EVT009,CASE099,2026-06-11T17:57:00,P0519|P0701,LOC0223,phone_call,Interaction preceding the reported incident.
CASE099-EVT010,CASE099,2026-06-13T21:57:00,P0519|P0230,LOC0195,phone_call,Interaction preceding the reported incident.
CASE099-EVT011,CASE099,2026-06-11T04:57:00,P0935|P0666,LOC0282,meeting,Interaction preceding the reported incident.
CASE099-EVT012,CASE099,2026-06-12T21:57:00,P0519|P0599,LOC0138,vehicle_movement,Interaction preceding the reported incident.
CASE099-EVT013,CASE099,2026-06-08T23:57:00,P0935|P0971,LOC0269,vehicle_movement,Interaction preceding the reported incident.
CASE099-EVT014,CASE099,2026-06-13T20:57:00,P0935|P0649,LOC0053,meeting,Interaction preceding the reported incident.
CASE099-EVT015,CASE099,2026-06-13T04:57:00,P0519|P0319,LOC0091,vehicle_movement,Interaction preceding the reported incident.
CASE099-EVT016,CASE099,2026-06-15T08:57:00,P0935|P0476,LOC0134,meeting,Interaction preceding the reported incident.
CASE099-EVT017,CASE099,2026-06-12T09:57:00,P0935|P0469,LOC0268,vehicle_movement,Interaction preceding the reported incident.
CASE099-EVT018,CASE099,2026-06-16T17:57:00,P0935|P0918,LOC0076,phone_call,Interaction preceding the reported incident.
CASE099-EVT019,CASE099,2026-06-12T04:57:00,P0935|P0066,LOC0103,phone_call,Interaction preceding the reported incident.
CASE099-EVT020,CASE099,2026-06-10T16:57:00,P0519|P0977,LOC0091,vehicle_movement,Interaction preceding the reported incident.
CASE099-EVT021,CASE099,2026-06-13T06:57:00,P0519|P0700,LOC0288,phone_call,Interaction preceding the reported incident.
CASE099-EVT022,CASE099,2026-06-08T08:57:00,P0519|P0650,LOC0229,phone_call,Interaction preceding the reported incident.
CASE099-EVT023,CASE099,2026-06-07T22:57:00,P0935|P0771,LOC0006,meeting,Interaction preceding the reported incident.
CASE099-EVT024,CASE099,2026-06-16T23:57:00,P0519|P0038,LOC0079,phone_call,Interaction preceding the reported incident.
CASE099-EVT025,CASE099,2026-06-13T06:57:00,P0935|P0808,LOC0159,vehicle_movement,Interaction preceding the reported incident.
CASE099-EVT026,CASE099,2026-06-12T03:57:00,P0519|P0716,LOC0109,vehicle_movement,Interaction preceding the reported incident.
CASE099-EVT027,CASE099,2026-06-08T10:57:00,P0935|P0558,LOC0272,vehicle_movement,Interaction preceding the reported incident.
CASE099-EVT028,CASE099,2026-06-15T12:57:00,P0519|P0118,LOC0205,meeting,Interaction preceding the reported incident.
CASE099-EVT029,CASE099,2026-06-16T21:57:00,P0935|P0682,LOC0029,phone_call,Interaction preceding the reported incident.
CASE099-EVT030,CASE099,2026-06-11T07:57:00,P0935|P0611,LOC0095,vehicle_movement,Interaction preceding the reported incident.
CASE099-EVT031,CASE099,2026-06-14T19:57:00,P0519|P0132,LOC0235,phone_call,Interaction preceding the reported incident.
CASE099-EVT032,CASE099,2026-06-10T03:57:00,P0935|P0778,LOC0192,phone_call,Interaction preceding the reported incident.
CASE099-EVT033,CASE099,2026-06-14T12:57:00,P0935|P0799,LOC0206,vehicle_movement,Interaction preceding the reported incident.
CASE099-EVT034,CASE099,2026-06-15T11:57:00,P0519|P0289,LOC0065,phone_call,Interaction preceding the reported incident.
CASE099-EVT035,CASE099,2026-06-09T02:57:00,P0935|P0513,LOC0066,phone_call,Interaction preceding the reported incident.
CASE099-EVT036,CASE099,2026-06-14T16:57:00,P0935|P0169,LOC0106,meeting,Interaction preceding the reported incident.
CASE099-EVT037,CASE099,2026-06-15T18:57:00,P0935|P0624,LOC0228,meeting,Interaction preceding the reported incident.
CASE099-EVT038,CASE099,2026-06-17T10:57:00,P0519|P0437,LOC0011,vehicle_movement,Interaction preceding the reported incident.
CASE099-EVT039,CASE099,2026-06-11T04:57:00,P0935|P0457,LOC0295,phone_call,Interaction preceding the reported incident.
CASE099-EVT040,CASE099,2026-06-14T04:57:00,P0519|P0931,LOC0262,meeting,Interaction preceding the reported incident.
CASE099-EVT041,CASE099,2026-06-12T11:57:00,P0935|P0082,LOC0111,phone_call,Interaction preceding the reported incident.
CASE099-EVT042,CASE099,2026-06-09T01:57:00,P0519|P0815,LOC0150,meeting,Interaction preceding the reported incident.
CASE099-EVT043,CASE099,2026-06-13T23:57:00,P0935|P0717,LOC0218,phone_call,Interaction preceding the reported incident.
CASE099-EVT044,CASE099,2026-06-16T04:57:00,P0519|P0396,LOC0262,phone_call,Interaction preceding the reported incident.
CASE099-EVT045,CASE099,2026-06-13T16:57:00,P0935|P0911,LOC0289,vehicle_movement,Interaction preceding the reported incident.
CASE099-EVT046,CASE099,2026-06-13T03:57:00,P0935|P0678,LOC0064,vehicle_movement,Interaction preceding the reported incident.
CASE099-EVT047,CASE099,2026-06-15T20:57:00,P0935|P0614,LOC0152,phone_call,Interaction preceding the reported incident.
CASE099-EVT048,CASE099,2026-06-10T18:57:00,P0519|P0190,LOC0248,phone_call,Interaction preceding the reported incident.
CASE099-EVT049,CASE099,2026-06-08T06:57:00,P0935|P0134,LOC0052,phone_call,Interaction preceding the reported incident.
CASE099-EVT050,CASE099,2026-06-14T12:57:00,P0519|P0968,LOC0202,phone_call,Interaction preceding the reported incident.
CASE099-EVT051,CASE099,2026-06-10T20:57:00,P0935|P0062,LOC0003,vehicle_movement,Interaction preceding the reported incident.
CASE099-EVT052,CASE099,2026-06-14T03:57:00,P0935|P0630,LOC0299,meeting,Interaction preceding the reported incident.
CASE099-EVT053,CASE099,2026-06-15T04:57:00,P0519|P0107,LOC0150,meeting,Interaction preceding the reported incident.
CASE099-EVT054,CASE099,2026-06-15T18:57:00,P0519|P0388,LOC0014,phone_call,Interaction preceding the reported incident.
CASE099-EVT055,CASE099,2026-06-14T00:57:00,P0935|P0777,LOC0061,meeting,Interaction preceding the reported incident.
CASE099-EVT056,CASE099,2026-06-14T10:57:00,P0519|P0272,LOC0233,meeting,Interaction preceding the reported incident.
CASE099-EVT057,CASE099,2026-06-17T10:57:00,P0935|P0375,LOC0043,phone_call,Interaction preceding the reported incident.
CASE099-EVT058,CASE099,2026-06-16T04:57:00,P0519|P0401,LOC0072,meeting,Interaction preceding the reported incident.
CASE099-EVT059,CASE099,2026-06-08T03:57:00,P0935|P0427,LOC0135,vehicle_movement,Interaction preceding the reported incident.
CASE099-EVT060,CASE099,2026-06-07T16:57:00,P0519|P0350,LOC0287,vehicle_movement,Interaction preceding the reported incident.
CASE099-EVT061,CASE099,2026-06-13T11:57:00,P0935|P0572,LOC0297,meeting,Interaction preceding the reported incident.
CASE099-EVT062,CASE099,2026-06-09T00:57:00,P0935|P0706,LOC0149,vehicle_movement,Interaction preceding the reported incident.
CASE099-EVT063,CASE099,2026-06-08T06:57:00,P0935|P0471,LOC0066,phone_call,Interaction preceding the reported incident.
CASE099-EVT064,CASE099,2026-06-11T21:57:00,P0935|P0535,LOC0089,meeting,Interaction preceding the reported incident.
CASE099-EVT065,CASE099,2026-06-11T04:57:00,P0519|P0097,LOC0019,phone_call,Interaction preceding the reported incident.
CASE099-EVT066,CASE099,2026-06-14T01:57:00,P0935|P0282,LOC0056,phone_call,Interaction preceding the reported incident.
CASE099-EVT067,CASE099,2026-06-17T04:57:00,P0935|P0423,LOC0247,meeting,Interaction preceding the reported incident.
CASE099-EVT068,CASE099,2026-06-09T19:57:00,P0935|P0510,LOC0299,phone_call,Interaction preceding the reported incident.
CASE099-EVT069,CASE099,2026-06-16T18:57:00,P0519|P0677,LOC0066,vehicle_movement,Interaction preceding the reported incident.
CASE099-EVT070,CASE099,2026-06-12T00:57:00,P0519|P0913,LOC0038,phone_call,Interaction preceding the reported incident.
CASE099-EVT071,CASE099,2026-06-15T23:57:00,P0935|P0866,LOC0294,phone_call,Interaction preceding the reported incident.
CASE099-EVT072,CASE099,2026-06-13T02:57:00,P0935|P0333,LOC0295,phone_call,Interaction preceding the reported incident.
CASE099-EVT073,CASE099,2026-06-15T18:57:00,P0935|P0425,LOC0180,meeting,Interaction preceding the reported incident.
CASE099-EVT074,CASE099,2026-06-15T22:57:00,P0935|P0769,LOC0248,phone_call,Interaction preceding the reported incident.
CASE099-EVT075,CASE099,2026-06-14T23:57:00,P0935|P0010,LOC0172,meeting,Interaction preceding the reported incident.
CASE099-EVT076,CASE099,2026-06-10T11:57:00,P0935|P0833,LOC0298,phone_call,Interaction preceding the reported incident.
CASE099-EVT077,CASE099,2026-06-18T12:57:00,P0519,LOC0113,incident,Reported extortion incident.
CASE100-EVT001,CASE100,2026-05-23T07:07:00,P0789|P0478,LOC0020,vehicle_movement,Interaction preceding the reported incident.
CASE100-EVT002,CASE100,2026-05-22T08:07:00,P0478|P0348,LOC0002,meeting,Interaction preceding the reported incident.
CASE100-EVT003,CASE100,2026-05-25T00:07:00,P0348|P0863,LOC0257,meeting,Interaction preceding the reported incident.
CASE100-EVT004,CASE100,2026-05-24T19:07:00,P0863|P0643,LOC0265,meeting,Interaction preceding the reported incident.
CASE100-EVT005,CASE100,2026-05-27T05:07:00,P0643|P0098,LOC0227,phone_call,Interaction preceding the reported incident.
CASE100-EVT006,CASE100,2026-05-20T04:07:00,P0098|P0019,LOC0196,phone_call,Interaction preceding the reported incident.
CASE100-EVT007,CASE100,2026-05-25T11:07:00,P0019|P0946,LOC0190,meeting,Interaction preceding the reported incident.
CASE100-EVT008,CASE100,2026-05-18T06:07:00,P0946|P0957,LOC0046,vehicle_movement,Interaction preceding the reported incident.
CASE100-EVT009,CASE100,2026-05-25T18:07:00,P0957|P0598,LOC0206,meeting,Interaction preceding the reported incident.
CASE100-EVT010,CASE100,2026-05-22T16:07:00,P0598|P0989,LOC0279,meeting,Interaction preceding the reported incident.
CASE100-EVT011,CASE100,2026-05-26T12:07:00,P0989|P0306,LOC0116,meeting,Interaction preceding the reported incident.
CASE100-EVT012,CASE100,2026-05-22T10:07:00,P0306|P0198,LOC0031,meeting,Interaction preceding the reported incident.
CASE100-EVT013,CASE100,2026-05-22T19:07:00,P0198|P0950,LOC0281,phone_call,Interaction preceding the reported incident.
CASE100-EVT014,CASE100,2026-05-21T07:07:00,P0950|P0674,LOC0084,meeting,Interaction preceding the reported incident.
CASE100-EVT015,CASE100,2026-05-26T19:07:00,P0674|P0625,LOC0183,vehicle_movement,Interaction preceding the reported incident.
CASE100-EVT016,CASE100,2026-05-28T12:07:00,P0789,LOC0258,incident,Reported missing-person investigation incident.
