case_id,source,target,type
CASE001,P0981,P0520,TRUE_NETWORK_EDGE
CASE001,P0520,P0536,TRUE_NETWORK_EDGE
CASE001,P0536,P0624,TRUE_NETWORK_EDGE
CASE001,P0624,P0144,TRUE_NETWORK_EDGE
CASE001,P0144,P0887,TRUE_NETWORK_EDGE
CASE001,P0887,P0607,TRUE_NETWORK_EDGE
CASE001,P0607,P0201,TRUE_NETWORK_EDGE
CASE001,P0201,P0914,TRUE_NETWORK_EDGE
CASE001,P0914,P0469,TRUE_NETWORK_EDGE
CASE001,P0469,P0163,TRUE_NETWORK_EDGE
CASE001,P0163,P0019,TRUE_NETWORK_EDGE
CASE001,P0019,P0635,TRUE_NETWORK_EDGE
CASE001,P0635,P0745,TRUE_NETWORK_EDGE
CASE001,P0745,P0107,TRUE_NETWORK_EDGE
CASE001,P0107,P0076,TRUE_NETWORK_EDGE
CASE001,P0076,P0270,TRUE_NETWORK_EDGE
CASE001,P0270,P0493,TRUE_NETWORK_EDGE
CASE001,P0493,P0824,TRUE_NETWORK_EDGE
CASE001,P0824,P0980,TRUE_NETWORK_EDGE
CASE001,P0980,P0013,TRUE_NETWORK_EDGE
CASE001,P0013,P0269,TRUE_NETWORK_EDGE
CASE001,P0269,P0867,TRUE_NETWORK_EDGE
CASE001,P0867,P0344,TRUE_NETWORK_EDGE
CASE001,P0344,P0172,TRUE_NETWORK_EDGE
CASE001,P0172,P0508,TRUE_NETWORK_EDGE
CASE001,P0508,P0119,TRUE_NETWORK_EDGE
CASE001,P0119,P0212,TRUE_NETWORK_EDGE
CASE001,P0212,P0338,TRUE_NETWORK_EDGE
CASE001,P0338,P0083,TRUE_NETWORK_EDGE
CASE001,P0083,P0286,TRUE_NETWORK_EDGE
CASE001,P0286,P0236,TRUE_NETWORK_EDGE
CASE001,P0236,P0321,TRUE_NETWORK_EDGE
CASE001,P0321,P0861,TRUE_NETWORK_EDGE
CASE001,P0861,P0967,TRUE_NETWORK_EDGE
CASE001,P0967,P0475,TRUE_NETWORK_EDGE
CASE001,P0475,P0038,TRUE_NETWORK_EDGE
CASE001,P0038,P0907,TRUE_NETWORK_EDGE
CASE001,P0907,P0006,TRUE_NETWORK_EDGE
CASE002,P0905,P0555,TRUE_NETWORK_EDGE
CASE002,P0905,P0017,TRUE_NETWORK_EDGE
CASE002,P0905,P0665,TRUE_NETWORK_EDGE
CASE002,P0905,P0029,TRUE_NETWORK_EDGE
CASE002,P0905,P0417,TRUE_NETWORK_EDGE
CASE002,P0905,P0082,TRUE_NETWORK_EDGE
CASE002,P0905,P0925,TRUE_NETWORK_EDGE
CASE002,P0905,P0920,TRUE_NETWORK_EDGE
CASE002,P0905,P0325,TRUE_NETWORK_EDGE
CASE002,P0905,P0917,TRUE_NETWORK_EDGE
CASE002,P0905,P0060,TRUE_NETWORK_EDGE
CASE002,P0905,P0063,TRUE_NETWORK_EDGE
CASE002,P0905,P0919,TRUE_NETWORK_EDGE
CASE002,P0905,P0524,TRUE_NETWORK_EDGE
CASE002,P0905,P0677,TRUE_NETWORK_EDGE
CASE002,P0905,P0730,TRUE_NETWORK_EDGE
CASE002,P0905,P0003,TRUE_NETWORK_EDGE
CASE002,P0905,P0320,TRUE_NETWORK_EDGE
CASE002,P0905,P0552,TRUE_NETWORK_EDGE
CASE002,P0905,P0125,TRUE_NETWORK_EDGE
CASE002,P0905,P0916,TRUE_NETWORK_EDGE
CASE002,P0905,P0844,TRUE_NETWORK_EDGE
CASE002,P0905,P0964,TRUE_NETWORK_EDGE
CASE002,P0905,P0904,TRUE_NETWORK_EDGE
CASE002,P0905,P0949,TRUE_NETWORK_EDGE
CASE002,P0905,P0049,TRUE_NETWORK_EDGE
CASE002,P0905,P0773,TRUE_NETWORK_EDGE
CASE002,P0905,P0234,TRUE_NETWORK_EDGE
CASE002,P0905,P0663,TRUE_NETWORK_EDGE
CASE002,P0905,P0182,TRUE_NETWORK_EDGE
CASE003,P0037,P0154,TRUE_NETWORK_EDGE
CASE003,P0217,P0605,TRUE_NETWORK_EDGE
CASE003,P0037,P0990,TRUE_NETWORK_EDGE
CASE003,P0217,P0423,TRUE_NETWORK_EDGE
CASE003,P0217,P0019,TRUE_NETWORK_EDGE
CASE003,P0217,P0539,TRUE_NETWORK_EDGE
CASE003,P0037,P0584,TRUE_NETWORK_EDGE
CASE003,P0037,P0001,TRUE_NETWORK_EDGE
CASE003,P0037,P1000,TRUE_NETWORK_EDGE
CASE003,P0217,P0894,TRUE_NETWORK_EDGE
CASE003,P0217,P0351,TRUE_NETWORK_EDGE
CASE003,P0037,P0421,TRUE_NETWORK_EDGE
CASE003,P0037,P0173,TRUE_NETWORK_EDGE
CASE003,P0037,P0523,TRUE_NETWORK_EDGE
CASE003,P0037,P0607,TRUE_NETWORK_EDGE
CASE003,P0217,P0784,TRUE_NETWORK_EDGE
CASE004,P0662,P0595,TRUE_NETWORK_EDGE
CASE004,P0662,P0257,TRUE_NETWORK_EDGE
CASE004,P0662,P0726,TRUE_NETWORK_EDGE
CASE004,P0662,P0841,TRUE_NETWORK_EDGE
CASE004,P0662,P0976,TRUE_NETWORK_EDGE
CASE004,P0662,P0081,TRUE_NETWORK_EDGE
CASE004,P0662,P0179,TRUE_NETWORK_EDGE
CASE004,P0662,P0792,TRUE_NETWORK_EDGE
CASE004,P0662,P0307,TRUE_NETWORK_EDGE
CASE004,P0662,P0775,TRUE_NETWORK_EDGE
CASE004,P0662,P0964,TRUE_NETWORK_EDGE
CASE005,P0509,P0765,TRUE_NETWORK_EDGE
CASE005,P0509,P0639,TRUE_NETWORK_EDGE
CASE005,P0509,P0450,TRUE_NETWORK_EDGE
CASE005,P0509,P0705,TRUE_NETWORK_EDGE
CASE005,P0509,P0327,TRUE_NETWORK_EDGE
CASE005,P0509,P0414,TRUE_NETWORK_EDGE
CASE005,P0509,P0432,TRUE_NETWORK_EDGE
CASE005,P0509,P0782,TRUE_NETWORK_EDGE
CASE005,P0509,P0093,TRUE_NETWORK_EDGE
CASE005,P0509,P0622,TRUE_NETWORK_EDGE
CASE006,P0575,P0036,TRUE_NETWORK_EDGE
CASE006,P0036,P0095,TRUE_NETWORK_EDGE
CASE007,P0207,P0303,TRUE_NETWORK_EDGE
CASE007,P0303,P0586,TRUE_NETWORK_EDGE
CASE007,P0586,P0918,TRUE_NETWORK_EDGE
CASE007,P0267,P0584,TRUE_NETWORK_EDGE
CASE007,P0584,P0053,TRUE_NETWORK_EDGE
CASE007,P0053,P0158,TRUE_NETWORK_EDGE
CASE007,P0918,P0267,TRUE_NETWORK_EDGE
CASE008,P0922,P0913,TRUE_NETWORK_EDGE
CASE008,P0922,P0220,TRUE_NETWORK_EDGE
CASE008,P0922,P0004,TRUE_NETWORK_EDGE
CASE008,P0922,P0066,TRUE_NETWORK_EDGE
CASE008,P0922,P0414,TRUE_NETWORK_EDGE
CASE008,P0922,P0954,TRUE_NETWORK_EDGE
CASE008,P0922,P0788,TRUE_NETWORK_EDGE
CASE008,P0922,P0722,TRUE_NETWORK_EDGE
CASE008,P0922,P0463,TRUE_NETWORK_EDGE
CASE008,P0922,P0945,TRUE_NETWORK_EDGE
CASE008,P0922,P0662,TRUE_NETWORK_EDGE
CASE008,P0922,P0298,TRUE_NETWORK_EDGE
CASE008,P0922,P0667,TRUE_NETWORK_EDGE
CASE008,P0922,P0876,TRUE_NETWORK_EDGE
CASE008,P0922,P0941,TRUE_NETWORK_EDGE
CASE008,P0922,P0593,TRUE_NETWORK_EDGE
CASE008,P0922,P0885,TRUE_NETWORK_EDGE
CASE008,P0922,P0459,TRUE_NETWORK_EDGE
CASE008,P0922,P0736,TRUE_NETWORK_EDGE
CASE008,P0922,P0218,TRUE_NETWORK_EDGE
CASE008,P0922,P0108,TRUE_NETWORK_EDGE
CASE008,P0922,P0377,TRUE_NETWORK_EDGE
CASE008,P0922,P0844,TRUE_NETWORK_EDGE
CASE008,P0922,P0490,TRUE_NETWORK_EDGE
CASE008,P0922,P0205,TRUE_NETWORK_EDGE
CASE008,P0922,P0351,TRUE_NETWORK_EDGE
CASE008,P0922,P0135,TRUE_NETWORK_EDGE
CASE008,P0922,P0001,TRUE_NETWORK_EDGE
CASE008,P0922,P0902,TRUE_NETWORK_EDGE
CASE008,P0922,P0926,TRUE_NETWORK_EDGE
CASE008,P0922,P0154,TRUE_NETWORK_EDGE
CASE008,P0922,P0966,TRUE_NETWORK_EDGE
CASE008,P0922,P0763,TRUE_NETWORK_EDGE
CASE008,P0922,P0408,TRUE_NETWORK_EDGE
CASE008,P0922,P0195,TRUE_NETWORK_EDGE
CASE008,P0922,P0447,TRUE_NETWORK_EDGE
CASE008,P0922,P0470,TRUE_NETWORK_EDGE
CASE008,P0922,P0188,TRUE_NETWORK_EDGE
CASE008,P0922,P0806,TRUE_NETWORK_EDGE
CASE008,P0922,P0505,TRUE_NETWORK_EDGE
CASE008,P0922,P0774,TRUE_NETWORK_EDGE
CASE008,P0922,P0023,TRUE_NETWORK_EDGE
CASE008,P0922,P0555,TRUE_NETWORK_EDGE
CASE008,P0922,P0996,TRUE_NETWORK_EDGE
CASE008,P0922,P0661,TRUE_NETWORK_EDGE
CASE008,P0922,P0760,TRUE_NETWORK_EDGE
CASE008,P0922,P0212,TRUE_NETWORK_EDGE
CASE008,P0922,P0746,TRUE_NETWORK_EDGE
CASE008,P0922,P0333,TRUE_NETWORK_EDGE
CASE008,P0922,P0669,TRUE_NETWORK_EDGE
CASE008,P0922,P0908,TRUE_NETWORK_EDGE
CASE008,P0922,P0777,TRUE_NETWORK_EDGE
CASE008,P0922,P0528,TRUE_NETWORK_EDGE
CASE008,P0922,P0586,TRUE_NETWORK_EDGE
CASE008,P0922,P0451,TRUE_NETWORK_EDGE
CASE008,P0922,P0617,TRUE_NETWORK_EDGE
CASE008,P0922,P0043,TRUE_NETWORK_EDGE
CASE008,P0922,P0318,TRUE_NETWORK_EDGE
CASE008,P0922,P0035,TRUE_NETWORK_EDGE
CASE008,P0922,P0674,TRUE_NETWORK_EDGE
CASE008,P0922,P0085,TRUE_NETWORK_EDGE
CASE008,P0922,P0375,TRUE_NETWORK_EDGE
CASE008,P0922,P0148,TRUE_NETWORK_EDGE
CASE008,P0922,P0860,TRUE_NETWORK_EDGE
CASE008,P0922,P0229,TRUE_NETWORK_EDGE
CASE008,P0922,P0964,TRUE_NETWORK_EDGE
CASE008,P0922,P0424,TRUE_NETWORK_EDGE
CASE008,P0922,P0289,TRUE_NETWORK_EDGE
CASE008,P0922,P0293,TRUE_NETWORK_EDGE
CASE008,P0922,P0805,TRUE_NETWORK_EDGE
CASE008,P0922,P0049,TRUE_NETWORK_EDGE
CASE008,P0922,P0301,TRUE_NETWORK_EDGE
CASE008,P0922,P0171,TRUE_NETWORK_EDGE
CASE009,P0763,P0399,TRUE_NETWORK_EDGE
CASE009,P0763,P0967,TRUE_NETWORK_EDGE
CASE009,P0399,P0967,TRUE_NETWORK_EDGE
CASE009,P0399,P0979,TRUE_NETWORK_EDGE
CASE009,P0967,P0979,TRUE_NETWORK_EDGE
CASE009,P0967,P0013,TRUE_NETWORK_EDGE
CASE009,P0979,P0013,TRUE_NETWORK_EDGE
CASE009,P0979,P0351,TRUE_NETWORK_EDGE
CASE009,P0013,P0351,TRUE_NETWORK_EDGE
CASE009,P0013,P0838,TRUE_NETWORK_EDGE
CASE009,P0351,P0838,TRUE_NETWORK_EDGE
CASE009,P0351,P0016,TRUE_NETWORK_EDGE
CASE009,P0838,P0016,TRUE_NETWORK_EDGE
CASE009,P0838,P0472,TRUE_NETWORK_EDGE
CASE009,P0016,P0472,TRUE_NETWORK_EDGE
CASE009,P0016,P0529,TRUE_NETWORK_EDGE
CASE009,P0472,P0529,TRUE_NETWORK_EDGE
CASE009,P0472,P0137,TRUE_NETWORK_EDGE
CASE009,P0529,P0137,TRUE_NETWORK_EDGE
CASE009,P0529,P0141,TRUE_NETWORK_EDGE
CASE009,P0137,P0141,TRUE_NETWORK_EDGE
CASE009,P0137,P0029,TRUE_NETWORK_EDGE
CASE009,P0141,P0029,TRUE_NETWORK_EDGE
CASE009,P0141,P0858,TRUE_NETWORK_EDGE
CASE009,P0029,P0858,TRUE_NETWORK_EDGE
CASE009,P0029,P0012,TRUE_NETWORK_EDGE
CASE009,P0858,P0012,TRUE_NETWORK_EDGE
CASE009,P0858,P0871,TRUE_NETWORK_EDGE
CASE009,P0012,P0871,TRUE_NETWORK_EDGE
CASE009,P0012,P0055,TRUE_NETWORK_EDGE
CASE009,P0871,P0055,TRUE_NETWORK_EDGE
CASE009,P0871,P0725,TRUE_NETWORK_EDGE
CASE009,P0055,P0725,TRUE_NETWORK_EDGE
CASE009,P0055,P0208,TRUE_NETWORK_EDGE
CASE009,P0725,P0208,TRUE_NETWORK_EDGE
CASE009,P0725,P0124,TRUE_NETWORK_EDGE
CASE009,P0208,P0124,TRUE_NETWORK_EDGE
CASE009,P0208,P0430,TRUE_NETWORK_EDGE
CASE009,P0124,P0430,TRUE_NETWORK_EDGE
CASE009,P0124,P0547,TRUE_NETWORK_EDGE
CASE009,P0430,P0547,TRUE_NETWORK_EDGE
CASE009,P0430,P0225,TRUE_NETWORK_EDGE
CASE009,P0547,P0225,TRUE_NETWORK_EDGE
CASE009,P0547,P0083,TRUE_NETWORK_EDGE
CASE009,P0225,P0083,TRUE_NETWORK_EDGE
CASE009,P0225,P0798,TRUE_NETWORK_EDGE
CASE009,P0083,P0798,TRUE_NETWORK_EDGE
CASE009,P0083,P0125,TRUE_NETWORK_EDGE
CASE009,P0798,P0125,TRUE_NETWORK_EDGE
CASE009,P0798,P0670,TRUE_NETWORK_EDGE
CASE009,P0125,P0670,TRUE_NETWORK_EDGE
CASE009,P0125,P0228,TRUE_NETWORK_EDGE
CASE009,P0670,P0228,TRUE_NETWORK_EDGE
CASE009,P0670,P0340,TRUE_NETWORK_EDGE
CASE009,P0228,P0340,TRUE_NETWORK_EDGE
CASE009,P0228,P0282,TRUE_NETWORK_EDGE
CASE009,P0340,P0282,TRUE_NETWORK_EDGE
CASE009,P0340,P0374,TRUE_NETWORK_EDGE
CASE009,P0282,P0374,TRUE_NETWORK_EDGE
CASE009,P0282,P0517,TRUE_NETWORK_EDGE
CASE009,P0374,P0517,TRUE_NETWORK_EDGE
CASE009,P0374,P0814,TRUE_NETWORK_EDGE
CASE009,P0517,P0814,TRUE_NETWORK_EDGE
CASE009,P0517,P0599,TRUE_NETWORK_EDGE
CASE009,P0814,P0599,TRUE_NETWORK_EDGE
CASE009,P0814,P0905,TRUE_NETWORK_EDGE
CASE009,P0599,P0905,TRUE_NETWORK_EDGE
CASE009,P0599,P0426,TRUE_NETWORK_EDGE
CASE009,P0905,P0426,TRUE_NETWORK_EDGE
CASE009,P0905,P0380,TRUE_NETWORK_EDGE
CASE009,P0426,P0380,TRUE_NETWORK_EDGE
CASE009,P0426,P0103,TRUE_NETWORK_EDGE
CASE009,P0380,P0103,TRUE_NETWORK_EDGE
CASE009,P0380,P0964,TRUE_NETWORK_EDGE
CASE009,P0103,P0964,TRUE_NETWORK_EDGE
CASE009,P0103,P0076,TRUE_NETWORK_EDGE
CASE009,P0964,P0076,TRUE_NETWORK_EDGE
CASE009,P0964,P0315,TRUE_NETWORK_EDGE
CASE009,P0076,P0315,TRUE_NETWORK_EDGE
CASE009,P0076,P0255,TRUE_NETWORK_EDGE
CASE009,P0315,P0255,TRUE_NETWORK_EDGE
CASE009,P0315,P0740,TRUE_NETWORK_EDGE
CASE009,P0255,P0740,TRUE_NETWORK_EDGE
CASE009,P0255,P0505,TRUE_NETWORK_EDGE
CASE009,P0740,P0505,TRUE_NETWORK_EDGE
CASE009,P0740,P0332,TRUE_NETWORK_EDGE
CASE009,P0505,P0332,TRUE_NETWORK_EDGE
CASE009,P0505,P0445,TRUE_NETWORK_EDGE
CASE009,P0332,P0445,TRUE_NETWORK_EDGE
CASE009,P0332,P0008,TRUE_NETWORK_EDGE
CASE009,P0445,P0008,TRUE_NETWORK_EDGE
CASE009,P0445,P0140,TRUE_NETWORK_EDGE
CASE009,P0008,P0140,TRUE_NETWORK_EDGE
CASE009,P0008,P0400,TRUE_NETWORK_EDGE
CASE009,P0140,P0400,TRUE_NETWORK_EDGE
CASE009,P0140,P0886,TRUE_NETWORK_EDGE
CASE009,P0400,P0886,TRUE_NETWORK_EDGE
CASE009,P0400,P0538,TRUE_NETWORK_EDGE
CASE009,P0886,P0538,TRUE_NETWORK_EDGE
CASE009,P0886,P0164,TRUE_NETWORK_EDGE
CASE009,P0538,P0164,TRUE_NETWORK_EDGE
CASE009,P0538,P0709,TRUE_NETWORK_EDGE
CASE009,P0164,P0709,TRUE_NETWORK_EDGE
CASE009,P0164,P0397,TRUE_NETWORK_EDGE
CASE009,P0709,P0397,TRUE_NETWORK_EDGE
CASE009,P0709,P0248,TRUE_NETWORK_EDGE
CASE009,P0397,P0248,TRUE_NETWORK_EDGE
CASE009,P0397,P0609,TRUE_NETWORK_EDGE
CASE009,P0248,P0609,TRUE_NETWORK_EDGE
CASE009,P0248,P0436,TRUE_NETWORK_EDGE
CASE009,P0609,P0436,TRUE_NETWORK_EDGE
CASE009,P0609,P0200,TRUE_NETWORK_EDGE
CASE009,P0436,P0200,TRUE_NETWORK_EDGE
CASE009,P0436,P0133,TRUE_NETWORK_EDGE
CASE009,P0200,P0133,TRUE_NETWORK_EDGE
CASE009,P0200,P0567,TRUE_NETWORK_EDGE
CASE009,P0133,P0567,TRUE_NETWORK_EDGE
CASE009,P0133,P0323,TRUE_NETWORK_EDGE
CASE009,P0567,P0323,TRUE_NETWORK_EDGE
CASE009,P0567,P0755,TRUE_NETWORK_EDGE
CASE009,P0323,P0755,TRUE_NETWORK_EDGE
CASE009,P0323,P0041,TRUE_NETWORK_EDGE
CASE009,P0755,P0041,TRUE_NETWORK_EDGE
CASE009,P0755,P0250,TRUE_NETWORK_EDGE
CASE009,P0041,P0250,TRUE_NETWORK_EDGE
CASE009,P0041,P0826,TRUE_NETWORK_EDGE
CASE009,P0250,P0826,TRUE_NETWORK_EDGE
CASE009,P0250,P0840,TRUE_NETWORK_EDGE
CASE009,P0826,P0840,TRUE_NETWORK_EDGE
CASE009,P0826,P0990,TRUE_NETWORK_EDGE
CASE009,P0840,P0990,TRUE_NETWORK_EDGE
CASE009,P0840,P0440,TRUE_NETWORK_EDGE
CASE009,P0990,P0440,TRUE_NETWORK_EDGE
CASE009,P0990,P0421,TRUE_NETWORK_EDGE
CASE009,P0440,P0421,TRUE_NETWORK_EDGE
CASE009,P0440,P0787,TRUE_NETWORK_EDGE
CASE009,P0421,P0787,TRUE_NETWORK_EDGE
CASE009,P0421,P0376,TRUE_NETWORK_EDGE
CASE009,P0787,P0376,TRUE_NETWORK_EDGE
CASE009,P0787,P0572,TRUE_NETWORK_EDGE
CASE009,P0376,P0572,TRUE_NETWORK_EDGE
CASE009,P0376,P0651,TRUE_NETWORK_EDGE
CASE009,P0572,P0651,TRUE_NETWORK_EDGE
CASE009,P0572,P0247,TRUE_NETWORK_EDGE
CASE009,P0651,P0247,TRUE_NETWORK_EDGE
CASE009,P0651,P0153,TRUE_NETWORK_EDGE
CASE009,P0247,P0153,TRUE_NETWORK_EDGE
CASE009,P0247,P0658,TRUE_NETWORK_EDGE
CASE009,P0153,P0658,TRUE_NETWORK_EDGE
CASE009,P0153,P0294,TRUE_NETWORK_EDGE
CASE009,P0658,P0294,TRUE_NETWORK_EDGE
CASE009,P0658,P0861,TRUE_NETWORK_EDGE
CASE009,P0294,P0861,TRUE_NETWORK_EDGE
CASE009,P0294,P0827,TRUE_NETWORK_EDGE
CASE009,P0861,P0827,TRUE_NETWORK_EDGE
CASE010,P0288,P0534,TRUE_NETWORK_EDGE
CASE010,P0288,P0141,TRUE_NETWORK_EDGE
CASE010,P0288,P0978,TRUE_NETWORK_EDGE
CASE010,P0288,P0730,TRUE_NETWORK_EDGE
CASE010,P0288,P0231,TRUE_NETWORK_EDGE
CASE010,P0288,P0794,TRUE_NETWORK_EDGE
CASE010,P0288,P0353,TRUE_NETWORK_EDGE
CASE010,P0288,P0210,TRUE_NETWORK_EDGE
CASE010,P0288,P0006,TRUE_NETWORK_EDGE
CASE010,P0288,P0720,TRUE_NETWORK_EDGE
CASE010,P0288,P0815,TRUE_NETWORK_EDGE
CASE010,P0288,P0694,TRUE_NETWORK_EDGE
CASE010,P0288,P0319,TRUE_NETWORK_EDGE
CASE010,P0288,P0960,TRUE_NETWORK_EDGE
CASE010,P0288,P0129,TRUE_NETWORK_EDGE
CASE010,P0288,P0510,TRUE_NETWORK_EDGE
CASE010,P0288,P0746,TRUE_NETWORK_EDGE
CASE010,P0288,P0967,TRUE_NETWORK_EDGE
CASE010,P0288,P0486,TRUE_NETWORK_EDGE
CASE010,P0288,P0061,TRUE_NETWORK_EDGE
CASE010,P0288,P0124,TRUE_NETWORK_EDGE
CASE010,P0288,P0809,TRUE_NETWORK_EDGE
CASE010,P0288,P0159,TRUE_NETWORK_EDGE
CASE010,P0288,P0506,TRUE_NETWORK_EDGE
CASE010,P0288,P0814,TRUE_NETWORK_EDGE
CASE010,P0288,P0440,TRUE_NETWORK_EDGE
CASE010,P0288,P0436,TRUE_NETWORK_EDGE
CASE010,P0288,P0499,TRUE_NETWORK_EDGE
CASE010,P0288,P0832,TRUE_NETWORK_EDGE
CASE010,P0288,P0076,TRUE_NETWORK_EDGE
CASE010,P0288,P0594,TRUE_NETWORK_EDGE
CASE010,P0288,P0428,TRUE_NETWORK_EDGE
CASE010,P0288,P0280,TRUE_NETWORK_EDGE
CASE010,P0288,P0144,TRUE_NETWORK_EDGE
CASE010,P0288,P0999,TRUE_NETWORK_EDGE
CASE010,P0288,P0983,TRUE_NETWORK_EDGE
CASE010,P0288,P0939,TRUE_NETWORK_EDGE
CASE010,P0288,P0028,TRUE_NETWORK_EDGE
CASE010,P0288,P0830,TRUE_NETWORK_EDGE
CASE010,P0288,P0085,TRUE_NETWORK_EDGE
CASE010,P0288,P0416,TRUE_NETWORK_EDGE
CASE010,P0288,P0840,TRUE_NETWORK_EDGE
CASE010,P0288,P0807,TRUE_NETWORK_EDGE
CASE010,P0288,P0565,TRUE_NETWORK_EDGE
CASE010,P0288,P0904,TRUE_NETWORK_EDGE
CASE011,P0649,P0510,TRUE_NETWORK_EDGE
CASE011,P0649,P0437,TRUE_NETWORK_EDGE
CASE011,P0510,P0437,TRUE_NETWORK_EDGE
CASE011,P0510,P0137,TRUE_NETWORK_EDGE
CASE011,P0437,P0137,TRUE_NETWORK_EDGE
CASE011,P0437,P0361,TRUE_NETWORK_EDGE
CASE011,P0137,P0361,TRUE_NETWORK_EDGE
CASE011,P0137,P0705,TRUE_NETWORK_EDGE
CASE011,P0361,P0705,TRUE_NETWORK_EDGE
CASE011,P0361,P0402,TRUE_NETWORK_EDGE
CASE011,P0705,P0402,TRUE_NETWORK_EDGE
CASE011,P0705,P0842,TRUE_NETWORK_EDGE
CASE011,P0402,P0842,TRUE_NETWORK_EDGE
CASE011,P0402,P0549,TRUE_NETWORK_EDGE
CASE011,P0842,P0549,TRUE_NETWORK_EDGE
CASE011,P0842,P0587,TRUE_NETWORK_EDGE
CASE011,P0549,P0587,TRUE_NETWORK_EDGE
CASE011,P0549,P0794,TRUE_NETWORK_EDGE
CASE011,P0587,P0794,TRUE_NETWORK_EDGE
CASE011,P0587,P0416,TRUE_NETWORK_EDGE
CASE011,P0794,P0416,TRUE_NETWORK_EDGE
CASE011,P0794,P0034,TRUE_NETWORK_EDGE
CASE011,P0416,P0034,TRUE_NETWORK_EDGE
CASE012,P0174,P0927,TRUE_NETWORK_EDGE
CASE012,P0927,P0235,TRUE_NETWORK_EDGE
CASE012,P0235,P0670,TRUE_NETWORK_EDGE
CASE012,P0715,P0637,TRUE_NETWORK_EDGE
CASE012,P0637,P0257,TRUE_NETWORK_EDGE
CASE012,P0257,P0096,TRUE_NETWORK_EDGE
CASE012,P0670,P0715,TRUE_NETWORK_EDGE
CASE013,P0196,P0759,TRUE_NETWORK_EDGE
CASE013,P0325,P0759,TRUE_NETWORK_EDGE
CASE013,P0309,P0383,TRUE_NETWORK_EDGE
CASE013,P0759,P0344,TRUE_NETWORK_EDGE
CASE014,P0454,P0801,TRUE_NETWORK_EDGE
CASE014,P0801,P0233,TRUE_NETWORK_EDGE
CASE014,P0233,P0754,TRUE_NETWORK_EDGE
CASE014,P0754,P0842,TRUE_NETWORK_EDGE
CASE014,P0842,P0026,TRUE_NETWORK_EDGE
CASE014,P0026,P0234,TRUE_NETWORK_EDGE
CASE014,P0234,P0666,TRUE_NETWORK_EDGE
CASE014,P0666,P0610,TRUE_NETWORK_EDGE
CASE014,P0610,P0332,TRUE_NETWORK_EDGE
CASE014,P0332,P0889,TRUE_NETWORK_EDGE
CASE014,P0889,P0703,TRUE_NETWORK_EDGE
CASE014,P0703,P0643,TRUE_NETWORK_EDGE
CASE014,P0643,P0414,TRUE_NETWORK_EDGE
CASE014,P0414,P0861,TRUE_NETWORK_EDGE
CASE014,P0861,P0266,TRUE_NETWORK_EDGE
CASE014,P0266,P0627,TRUE_NETWORK_EDGE
CASE014,P0627,P0807,TRUE_NETWORK_EDGE
CASE014,P0807,P0342,TRUE_NETWORK_EDGE
CASE014,P0342,P0843,TRUE_NETWORK_EDGE
CASE014,P0843,P0168,TRUE_NETWORK_EDGE
CASE014,P0168,P0697,TRUE_NETWORK_EDGE
CASE014,P0697,P0171,TRUE_NETWORK_EDGE
CASE014,P0171,P0001,TRUE_NETWORK_EDGE
CASE014,P0001,P0691,TRUE_NETWORK_EDGE
CASE014,P0691,P0116,TRUE_NETWORK_EDGE
CASE014,P0116,P0616,TRUE_NETWORK_EDGE
CASE014,P0616,P0449,TRUE_NETWORK_EDGE
CASE014,P0449,P0502,TRUE_NETWORK_EDGE
CASE015,P0930,P0261,TRUE_NETWORK_EDGE
CASE015,P0261,P0587,TRUE_NETWORK_EDGE
CASE015,P0587,P0611,TRUE_NETWORK_EDGE
CASE015,P0611,P0046,TRUE_NETWORK_EDGE
CASE016,P0486,P0704,TRUE_NETWORK_EDGE
CASE016,P0486,P0099,TRUE_NETWORK_EDGE
CASE016,P0486,P0130,TRUE_NETWORK_EDGE
CASE016,P0486,P0550,TRUE_NETWORK_EDGE
CASE016,P0486,P0979,TRUE_NETWORK_EDGE
CASE016,P0486,P0591,TRUE_NETWORK_EDGE
CASE016,P0486,P0319,TRUE_NETWORK_EDGE
CASE016,P0486,P0566,TRUE_NETWORK_EDGE
CASE016,P0486,P0926,TRUE_NETWORK_EDGE
CASE016,P0486,P0547,TRUE_NETWORK_EDGE
CASE016,P0486,P0875,TRUE_NETWORK_EDGE
CASE016,P0486,P0962,TRUE_NETWORK_EDGE
CASE016,P0486,P0861,TRUE_NETWORK_EDGE
CASE016,P0486,P0343,TRUE_NETWORK_EDGE
CASE016,P0486,P0859,TRUE_NETWORK_EDGE
CASE016,P0486,P0801,TRUE_NETWORK_EDGE
CASE016,P0486,P0452,TRUE_NETWORK_EDGE
CASE016,P0486,P0913,TRUE_NETWORK_EDGE
CASE016,P0486,P0729,TRUE_NETWORK_EDGE
CASE016,P0486,P0355,TRUE_NETWORK_EDGE
CASE016,P0486,P0092,TRUE_NETWORK_EDGE
CASE016,P0486,P0826,TRUE_NETWORK_EDGE
CASE016,P0486,P0737,TRUE_NETWORK_EDGE
CASE016,P0486,P0521,TRUE_NETWORK_EDGE
CASE016,P0486,P0786,TRUE_NETWORK_EDGE
CASE016,P0486,P0909,TRUE_NETWORK_EDGE
CASE016,P0486,P0029,TRUE_NETWORK_EDGE
CASE016,P0486,P0150,TRUE_NETWORK_EDGE
CASE016,P0486,P0189,TRUE_NETWORK_EDGE
CASE016,P0486,P0384,TRUE_NETWORK_EDGE
CASE016,P0486,P0002,TRUE_NETWORK_EDGE
CASE016,P0486,P0906,TRUE_NETWORK_EDGE
CASE016,P0486,P0534,TRUE_NETWORK_EDGE
CASE016,P0486,P0730,TRUE_NETWORK_EDGE
CASE016,P0486,P0489,TRUE_NETWORK_EDGE
CASE016,P0486,P0889,TRUE_NETWORK_EDGE
CASE016,P0486,P0447,TRUE_NETWORK_EDGE
CASE016,P0486,P0956,TRUE_NETWORK_EDGE
CASE016,P0486,P0210,TRUE_NETWORK_EDGE
CASE016,P0486,P0829,TRUE_NETWORK_EDGE
CASE016,P0486,P0076,TRUE_NETWORK_EDGE
CASE016,P0486,P0732,TRUE_NETWORK_EDGE
CASE016,P0486,P0032,TRUE_NETWORK_EDGE
CASE017,P0186,P0723,TRUE_NETWORK_EDGE
CASE017,P0186,P0695,TRUE_NETWORK_EDGE
CASE017,P0723,P0695,TRUE_NETWORK_EDGE
CASE017,P0723,P0727,TRUE_NETWORK_EDGE
CASE017,P0695,P0727,TRUE_NETWORK_EDGE
CASE017,P0695,P0139,TRUE_NETWORK_EDGE
CASE017,P0727,P0139,TRUE_NETWORK_EDGE
CASE017,P0727,P0862,TRUE_NETWORK_EDGE
CASE017,P0139,P0862,TRUE_NETWORK_EDGE
CASE017,P0139,P0318,TRUE_NETWORK_EDGE
CASE017,P0862,P0318,TRUE_NETWORK_EDGE
CASE017,P0862,P0870,TRUE_NETWORK_EDGE
CASE017,P0318,P0870,TRUE_NETWORK_EDGE
CASE017,P0318,P0219,TRUE_NETWORK_EDGE
CASE017,P0870,P0219,TRUE_NETWORK_EDGE
CASE017,P0870,P0624,TRUE_NETWORK_EDGE
CASE017,P0219,P0624,TRUE_NETWORK_EDGE
CASE017,P0219,P0313,TRUE_NETWORK_EDGE
CASE017,P0624,P0313,TRUE_NETWORK_EDGE
CASE017,P0624,P0730,TRUE_NETWORK_EDGE
CASE017,P0313,P0730,TRUE_NETWORK_EDGE
CASE017,P0313,P0579,TRUE_NETWORK_EDGE
CASE017,P0730,P0579,TRUE_NETWORK_EDGE
CASE017,P0730,P1000,TRUE_NETWORK_EDGE
CASE017,P0579,P1000,TRUE_NETWORK_EDGE
CASE017,P0579,P0600,TRUE_NETWORK_EDGE
CASE017,P1000,P0600,TRUE_NETWORK_EDGE
CASE017,P1000,P0450,TRUE_NETWORK_EDGE
CASE017,P0600,P0450,TRUE_NETWORK_EDGE
CASE017,P0600,P0196,TRUE_NETWORK_EDGE
CASE017,P0450,P0196,TRUE_NETWORK_EDGE
CASE017,P0450,P0359,TRUE_NETWORK_EDGE
CASE017,P0196,P0359,TRUE_NETWORK_EDGE
CASE017,P0196,P0397,TRUE_NETWORK_EDGE
CASE017,P0359,P0397,TRUE_NETWORK_EDGE
CASE017,P0359,P0953,TRUE_NETWORK_EDGE
CASE017,P0397,P0953,TRUE_NETWORK_EDGE
CASE017,P0397,P0463,TRUE_NETWORK_EDGE
CASE017,P0953,P0463,TRUE_NETWORK_EDGE
CASE017,P0953,P0404,TRUE_NETWORK_EDGE
CASE017,P0463,P0404,TRUE_NETWORK_EDGE
CASE017,P0463,P0693,TRUE_NETWORK_EDGE
CASE017,P0404,P0693,TRUE_NETWORK_EDGE
CASE017,P0404,P0748,TRUE_NETWORK_EDGE
CASE017,P0693,P0748,TRUE_NETWORK_EDGE
CASE017,P0693,P0728,TRUE_NETWORK_EDGE
CASE017,P0748,P0728,TRUE_NETWORK_EDGE
CASE017,P0748,P0029,TRUE_NETWORK_EDGE
CASE017,P0728,P0029,TRUE_NETWORK_EDGE
CASE017,P0728,P0198,TRUE_NETWORK_EDGE
CASE017,P0029,P0198,TRUE_NETWORK_EDGE
CASE017,P0029,P0970,TRUE_NETWORK_EDGE
CASE017,P0198,P0970,TRUE_NETWORK_EDGE
CASE017,P0198,P0026,TRUE_NETWORK_EDGE
CASE017,P0970,P0026,TRUE_NETWORK_EDGE
CASE017,P0970,P0356,TRUE_NETWORK_EDGE
CASE017,P0026,P0356,TRUE_NETWORK_EDGE
CASE017,P0026,P0009,TRUE_NETWORK_EDGE
CASE017,P0356,P0009,TRUE_NETWORK_EDGE
CASE017,P0356,P0775,TRUE_NETWORK_EDGE
CASE017,P0009,P0775,TRUE_NETWORK_EDGE
CASE017,P0009,P0520,TRUE_NETWORK_EDGE
CASE017,P0775,P0520,TRUE_NETWORK_EDGE
CASE017,P0775,P0043,TRUE_NETWORK_EDGE
CASE017,P0520,P0043,TRUE_NETWORK_EDGE
CASE017,P0520,P0785,TRUE_NETWORK_EDGE
CASE017,P0043,P0785,TRUE_NETWORK_EDGE
CASE017,P0043,P0456,TRUE_NETWORK_EDGE
CASE017,P0785,P0456,TRUE_NETWORK_EDGE
CASE017,P0785,P0806,TRUE_NETWORK_EDGE
CASE017,P0456,P0806,TRUE_NETWORK_EDGE
CASE017,P0456,P0249,TRUE_NETWORK_EDGE
CASE017,P0806,P0249,TRUE_NETWORK_EDGE
CASE017,P0806,P0287,TRUE_NETWORK_EDGE
CASE017,P0249,P0287,TRUE_NETWORK_EDGE
CASE017,P0249,P0550,TRUE_NETWORK_EDGE
CASE017,P0287,P0550,TRUE_NETWORK_EDGE
CASE017,P0287,P0178,TRUE_NETWORK_EDGE
CASE017,P0550,P0178,TRUE_NETWORK_EDGE
CASE017,P0550,P0814,TRUE_NETWORK_EDGE
CASE017,P0178,P0814,TRUE_NETWORK_EDGE
CASE017,P0178,P0511,TRUE_NETWORK_EDGE
CASE017,P0814,P0511,TRUE_NETWORK_EDGE
CASE017,P0814,P0307,TRUE_NETWORK_EDGE
CASE017,P0511,P0307,TRUE_NETWORK_EDGE
CASE018,P0772,P0613,TRUE_NETWORK_EDGE
CASE018,P0772,P0970,TRUE_NETWORK_EDGE
CASE018,P0772,P0664,TRUE_NETWORK_EDGE
CASE018,P0772,P0103,TRUE_NETWORK_EDGE
CASE018,P0772,P0021,TRUE_NETWORK_EDGE
CASE018,P0772,P0273,TRUE_NETWORK_EDGE
CASE018,P0772,P0810,TRUE_NETWORK_EDGE
CASE018,P0772,P0728,TRUE_NETWORK_EDGE
CASE018,P0772,P0893,TRUE_NETWORK_EDGE
CASE018,P0772,P0930,TRUE_NETWORK_EDGE
CASE018,P0772,P0148,TRUE_NETWORK_EDGE
CASE018,P0772,P0663,TRUE_NETWORK_EDGE
CASE018,P0772,P0732,TRUE_NETWORK_EDGE
CASE018,P0772,P0355,TRUE_NETWORK_EDGE
CASE018,P0772,P0552,TRUE_NETWORK_EDGE
CASE018,P0772,P0239,TRUE_NETWORK_EDGE
CASE018,P0772,P0277,TRUE_NETWORK_EDGE
CASE018,P0772,P0589,TRUE_NETWORK_EDGE
CASE018,P0772,P0448,TRUE_NETWORK_EDGE
CASE018,P0772,P0585,TRUE_NETWORK_EDGE
CASE018,P0772,P0120,TRUE_NETWORK_EDGE
CASE018,P0772,P0745,TRUE_NETWORK_EDGE
CASE018,P0772,P0326,TRUE_NETWORK_EDGE
CASE018,P0772,P0778,TRUE_NETWORK_EDGE
CASE018,P0772,P0535,TRUE_NETWORK_EDGE
CASE018,P0772,P0757,TRUE_NETWORK_EDGE
CASE018,P0772,P0921,TRUE_NETWORK_EDGE
CASE018,P0772,P0924,TRUE_NETWORK_EDGE
CASE018,P0772,P0036,TRUE_NETWORK_EDGE
CASE018,P0772,P0248,TRUE_NETWORK_EDGE
CASE018,P0772,P0786,TRUE_NETWORK_EDGE
CASE018,P0772,P0789,TRUE_NETWORK_EDGE
CASE018,P0772,P0918,TRUE_NETWORK_EDGE
CASE018,P0772,P0219,TRUE_NETWORK_EDGE
CASE018,P0772,P0673,TRUE_NETWORK_EDGE
CASE018,P0772,P0680,TRUE_NETWORK_EDGE
CASE018,P0772,P0393,TRUE_NETWORK_EDGE
CASE018,P0772,P0012,TRUE_NETWORK_EDGE
CASE018,P0772,P0991,TRUE_NETWORK_EDGE
CASE018,P0772,P0776,TRUE_NETWORK_EDGE
CASE018,P0772,P0665,TRUE_NETWORK_EDGE
CASE018,P0772,P0931,TRUE_NETWORK_EDGE
CASE018,P0772,P0246,TRUE_NETWORK_EDGE
CASE018,P0772,P0986,TRUE_NETWORK_EDGE
CASE018,P0772,P0005,TRUE_NETWORK_EDGE
CASE018,P0772,P0531,TRUE_NETWORK_EDGE
CASE018,P0772,P0466,TRUE_NETWORK_EDGE
CASE018,P0772,P0584,TRUE_NETWORK_EDGE
CASE018,P0772,P0163,TRUE_NETWORK_EDGE
CASE018,P0772,P0746,TRUE_NETWORK_EDGE
CASE018,P0772,P0168,TRUE_NETWORK_EDGE
CASE018,P0772,P0854,TRUE_NETWORK_EDGE
CASE018,P0772,P0596,TRUE_NETWORK_EDGE
CASE019,P0888,P0333,TRUE_NETWORK_EDGE
CASE019,P0333,P0406,TRUE_NETWORK_EDGE
CASE019,P0406,P0538,TRUE_NETWORK_EDGE
CASE019,P0538,P0283,TRUE_NETWORK_EDGE
CASE019,P0283,P0215,TRUE_NETWORK_EDGE
CASE019,P0215,P0498,TRUE_NETWORK_EDGE
CASE019,P0498,P0354,TRUE_NETWORK_EDGE
CASE019,P0354,P0772,TRUE_NETWORK_EDGE
CASE019,P0772,P0222,TRUE_NETWORK_EDGE
CASE019,P0222,P0547,TRUE_NETWORK_EDGE
CASE019,P0547,P0257,TRUE_NETWORK_EDGE
CASE019,P0257,P0816,TRUE_NETWORK_EDGE
CASE019,P0816,P0723,TRUE_NETWORK_EDGE
CASE019,P0723,P0242,TRUE_NETWORK_EDGE
CASE019,P0242,P0722,TRUE_NETWORK_EDGE
CASE019,P0722,P0431,TRUE_NETWORK_EDGE
CASE019,P0431,P0635,TRUE_NETWORK_EDGE
CASE019,P0635,P0458,TRUE_NETWORK_EDGE
CASE019,P0458,P0929,TRUE_NETWORK_EDGE
CASE019,P0929,P0404,TRUE_NETWORK_EDGE
CASE019,P0404,P0052,TRUE_NETWORK_EDGE
CASE019,P0052,P0228,TRUE_NETWORK_EDGE
CASE019,P0228,P0050,TRUE_NETWORK_EDGE
CASE019,P0050,P0587,TRUE_NETWORK_EDGE
CASE019,P0587,P0613,TRUE_NETWORK_EDGE
CASE019,P0613,P0270,TRUE_NETWORK_EDGE
CASE019,P0270,P0582,TRUE_NETWORK_EDGE
CASE019,P0582,P0710,TRUE_NETWORK_EDGE
CASE019,P0710,P0703,TRUE_NETWORK_EDGE
CASE019,P0703,P0998,TRUE_NETWORK_EDGE
CASE019,P0998,P0313,TRUE_NETWORK_EDGE
CASE019,P0313,P0759,TRUE_NETWORK_EDGE
CASE019,P0759,P0741,TRUE_NETWORK_EDGE
CASE019,P0741,P0933,TRUE_NETWORK_EDGE
CASE019,P0933,P0762,TRUE_NETWORK_EDGE
CASE019,P0762,P0528,TRUE_NETWORK_EDGE
CASE019,P0528,P0734,TRUE_NETWORK_EDGE
CASE019,P0734,P0777,TRUE_NETWORK_EDGE
CASE019,P0777,P0912,TRUE_NETWORK_EDGE
CASE019,P0912,P0295,TRUE_NETWORK_EDGE
CASE019,P0295,P0438,TRUE_NETWORK_EDGE
CASE019,P0438,P0894,TRUE_NETWORK_EDGE
CASE019,P0894,P0850,TRUE_NETWORK_EDGE
CASE019,P0850,P0990,TRUE_NETWORK_EDGE
CASE019,P0990,P0687,TRUE_NETWORK_EDGE
CASE019,P0687,P0755,TRUE_NETWORK_EDGE
CASE019,P0755,P0733,TRUE_NETWORK_EDGE
CASE019,P0733,P0107,TRUE_NETWORK_EDGE
CASE019,P0107,P0823,TRUE_NETWORK_EDGE
CASE019,P0823,P0532,TRUE_NETWORK_EDGE
CASE019,P0532,P0463,TRUE_NETWORK_EDGE
CASE019,P0463,P0343,TRUE_NETWORK_EDGE
CASE019,P0343,P0291,TRUE_NETWORK_EDGE
CASE019,P0291,P0062,TRUE_NETWORK_EDGE
CASE019,P0062,P0649,TRUE_NETWORK_EDGE
CASE019,P0649,P0407,TRUE_NETWORK_EDGE
CASE019,P0407,P0625,TRUE_NETWORK_EDGE
CASE020,P0985,P0820,TRUE_NETWORK_EDGE
CASE020,P0820,P0850,TRUE_NETWORK_EDGE
CASE020,P0850,P0541,TRUE_NETWORK_EDGE
CASE020,P0541,P0435,TRUE_NETWORK_EDGE
CASE020,P0435,P0023,TRUE_NETWORK_EDGE
CASE020,P0023,P0565,TRUE_NETWORK_EDGE
CASE020,P0565,P0911,TRUE_NETWORK_EDGE
CASE020,P0911,P0714,TRUE_NETWORK_EDGE
CASE020,P0714,P0693,TRUE_NETWORK_EDGE
CASE020,P0693,P0951,TRUE_NETWORK_EDGE
CASE020,P0951,P0273,TRUE_NETWORK_EDGE
CASE020,P0273,P0065,TRUE_NETWORK_EDGE
CASE020,P0065,P0132,TRUE_NETWORK_EDGE
CASE020,P0132,P0443,TRUE_NETWORK_EDGE
CASE020,P0443,P0494,TRUE_NETWORK_EDGE
CASE020,P0494,P0214,TRUE_NETWORK_EDGE
CASE020,P0214,P0239,TRUE_NETWORK_EDGE
CASE020,P0239,P1000,TRUE_NETWORK_EDGE
CASE020,P1000,P0041,TRUE_NETWORK_EDGE
CASE020,P0041,P0669,TRUE_NETWORK_EDGE
CASE020,P0669,P0206,TRUE_NETWORK_EDGE
CASE020,P0206,P0010,TRUE_NETWORK_EDGE
CASE020,P0010,P0817,TRUE_NETWORK_EDGE
CASE020,P0817,P0345,TRUE_NETWORK_EDGE
CASE020,P0345,P0964,TRUE_NETWORK_EDGE
CASE020,P0964,P0048,TRUE_NETWORK_EDGE
CASE020,P0048,P0763,TRUE_NETWORK_EDGE
CASE020,P0763,P0203,TRUE_NETWORK_EDGE
CASE020,P0203,P0572,TRUE_NETWORK_EDGE
CASE020,P0572,P0397,TRUE_NETWORK_EDGE
CASE020,P0397,P0789,TRUE_NETWORK_EDGE
CASE020,P0789,P0950,TRUE_NETWORK_EDGE
CASE020,P0950,P0606,TRUE_NETWORK_EDGE
CASE020,P0606,P0296,TRUE_NETWORK_EDGE
CASE020,P0296,P0487,TRUE_NETWORK_EDGE
CASE020,P0487,P0411,TRUE_NETWORK_EDGE
CASE020,P0949,P0767,TRUE_NETWORK_EDGE
CASE020,P0767,P0742,TRUE_NETWORK_EDGE
CASE020,P0742,P0975,TRUE_NETWORK_EDGE
CASE020,P0975,P0007,TRUE_NETWORK_EDGE
CASE020,P0007,P0502,TRUE_NETWORK_EDGE
CASE020,P0502,P0191,TRUE_NETWORK_EDGE
CASE020,P0191,P0621,TRUE_NETWORK_EDGE
CASE020,P0621,P0930,TRUE_NETWORK_EDGE
CASE020,P0930,P0125,TRUE_NETWORK_EDGE
CASE020,P0125,P0927,TRUE_NETWORK_EDGE
CASE020,P0927,P0707,TRUE_NETWORK_EDGE
CASE020,P0707,P0127,TRUE_NETWORK_EDGE
CASE020,P0127,P0670,TRUE_NETWORK_EDGE
CASE020,P0670,P0842,TRUE_NETWORK_EDGE
CASE020,P0842,P0561,TRUE_NETWORK_EDGE
CASE020,P0561,P0195,TRUE_NETWORK_EDGE
CASE020,P0195,P0651,TRUE_NETWORK_EDGE
CASE020,P0651,P0674,TRUE_NETWORK_EDGE
CASE020,P0674,P0066,TRUE_NETWORK_EDGE
CASE020,P0066,P0302,TRUE_NETWORK_EDGE
CASE020,P0302,P0255,TRUE_NETWORK_EDGE
CASE020,P0255,P0076,TRUE_NETWORK_EDGE
CASE020,P0076,P0406,TRUE_NETWORK_EDGE
CASE020,P0406,P0543,TRUE_NETWORK_EDGE
CASE020,P0543,P0107,TRUE_NETWORK_EDGE
CASE020,P0107,P0448,TRUE_NETWORK_EDGE
CASE020,P0448,P0708,TRUE_NETWORK_EDGE
CASE020,P0708,P0802,TRUE_NETWORK_EDGE
CASE020,P0802,P0177,TRUE_NETWORK_EDGE
CASE020,P0177,P0826,TRUE_NETWORK_EDGE
CASE020,P0826,P0038,TRUE_NETWORK_EDGE
CASE020,P0038,P0071,TRUE_NETWORK_EDGE
CASE020,P0071,P0544,TRUE_NETWORK_EDGE
CASE020,P0544,P0620,TRUE_NETWORK_EDGE
CASE020,P0620,P0421,TRUE_NETWORK_EDGE
CASE020,P0421,P0907,TRUE_NETWORK_EDGE
CASE020,P0907,P0812,TRUE_NETWORK_EDGE
CASE020,P0411,P0949,TRUE_NETWORK_EDGE
CASE021,P0801,P0038,TRUE_NETWORK_EDGE
CASE021,P0038,P0127,TRUE_NETWORK_EDGE
CASE021,P0127,P0113,TRUE_NETWORK_EDGE
CASE021,P0113,P0401,TRUE_NETWORK_EDGE
CASE021,P0401,P0624,TRUE_NETWORK_EDGE
CASE021,P0624,P0954,TRUE_NETWORK_EDGE
CASE021,P0954,P0591,TRUE_NETWORK_EDGE
CASE021,P0591,P0738,TRUE_NETWORK_EDGE
CASE021,P0738,P0328,TRUE_NETWORK_EDGE
CASE021,P0328,P0483,TRUE_NETWORK_EDGE
CASE021,P0483,P0132,TRUE_NETWORK_EDGE
CASE021,P0132,P0616,TRUE_NETWORK_EDGE
CASE021,P0585,P0431,TRUE_NETWORK_EDGE
CASE021,P0431,P0187,TRUE_NETWORK_EDGE
CASE021,P0187,P0922,TRUE_NETWORK_EDGE
CASE021,P0922,P0840,TRUE_NETWORK_EDGE
CASE021,P0840,P0090,TRUE_NETWORK_EDGE
CASE021,P0090,P0974,TRUE_NETWORK_EDGE
CASE021,P0974,P0938,TRUE_NETWORK_EDGE
CASE021,P0938,P0942,TRUE_NETWORK_EDGE
CASE021,P0942,P0200,TRUE_NETWORK_EDGE
CASE021,P0200,P0806,TRUE_NETWORK_EDGE
CASE021,P0806,P0763,TRUE_NETWORK_EDGE
CASE021,P0763,P0358,TRUE_NETWORK_EDGE
CASE021,P0616,P0585,TRUE_NETWORK_EDGE
CASE022,P0875,P0364,TRUE_NETWORK_EDGE
CASE022,P0184,P0346,TRUE_NETWORK_EDGE
CASE022,P0364,P0498,TRUE_NETWORK_EDGE
CASE022,P0346,P0908,TRUE_NETWORK_EDGE
CASE023,P0933,P0760,TRUE_NETWORK_EDGE
CASE023,P0760,P0892,TRUE_NETWORK_EDGE
CASE023,P0892,P0393,TRUE_NETWORK_EDGE
CASE023,P0393,P0246,TRUE_NETWORK_EDGE
CASE023,P0246,P0093,TRUE_NETWORK_EDGE
CASE023,P0093,P0536,TRUE_NETWORK_EDGE
CASE023,P0536,P0063,TRUE_NETWORK_EDGE
CASE023,P0063,P0992,TRUE_NETWORK_EDGE
CASE023,P0992,P0678,TRUE_NETWORK_EDGE
CASE023,P0678,P0925,TRUE_NETWORK_EDGE
CASE023,P0925,P0624,TRUE_NETWORK_EDGE
CASE023,P0624,P0358,TRUE_NETWORK_EDGE
CASE023,P0358,P0315,TRUE_NETWORK_EDGE
CASE023,P0315,P0444,TRUE_NETWORK_EDGE
CASE023,P0444,P0679,TRUE_NETWORK_EDGE
CASE023,P0679,P0149,TRUE_NETWORK_EDGE
CASE023,P0149,P0878,TRUE_NETWORK_EDGE
CASE023,P0878,P0058,TRUE_NETWORK_EDGE
CASE023,P0058,P0434,TRUE_NETWORK_EDGE
CASE023,P0434,P0191,TRUE_NETWORK_EDGE
CASE023,P0191,P0575,TRUE_NETWORK_EDGE
CASE023,P0575,P0084,TRUE_NETWORK_EDGE
CASE023,P0084,P0915,TRUE_NETWORK_EDGE
CASE023,P0915,P0756,TRUE_NETWORK_EDGE
CASE023,P0756,P0048,TRUE_NETWORK_EDGE
CASE023,P0048,P0176,TRUE_NETWORK_EDGE
CASE023,P0176,P0346,TRUE_NETWORK_EDGE
CASE023,P0346,P0479,TRUE_NETWORK_EDGE
CASE023,P0479,P0182,TRUE_NETWORK_EDGE
CASE023,P0182,P0172,TRUE_NETWORK_EDGE
CASE023,P0172,P0843,TRUE_NETWORK_EDGE
CASE023,P0843,P0245,TRUE_NETWORK_EDGE
CASE023,P0245,P0596,TRUE_NETWORK_EDGE
CASE023,P0596,P0630,TRUE_NETWORK_EDGE
CASE023,P0630,P0905,TRUE_NETWORK_EDGE
CASE023,P0905,P0081,TRUE_NETWORK_EDGE
CASE023,P0081,P0531,TRUE_NETWORK_EDGE
CASE023,P0714,P0857,TRUE_NETWORK_EDGE
CASE023,P0857,P0699,TRUE_NETWORK_EDGE
CASE023,P0699,P0024,TRUE_NETWORK_EDGE
CASE023,P0024,P0665,TRUE_NETWORK_EDGE
CASE023,P0665,P0526,TRUE_NETWORK_EDGE
CASE023,P0526,P0303,TRUE_NETWORK_EDGE
CASE023,P0303,P0123,TRUE_NETWORK_EDGE
CASE023,P0123,P0644,TRUE_NETWORK_EDGE
CASE023,P0644,P0166,TRUE_NETWORK_EDGE
CASE023,P0166,P0098,TRUE_NETWORK_EDGE
CASE023,P0098,P0380,TRUE_NETWORK_EDGE
CASE023,P0380,P0340,TRUE_NETWORK_EDGE
CASE023,P0340,P0101,TRUE_NETWORK_EDGE
CASE023,P0101,P0397,TRUE_NETWORK_EDGE
CASE023,P0397,P0970,TRUE_NETWORK_EDGE
CASE023,P0970,P0386,TRUE_NETWORK_EDGE
CASE023,P0386,P0602,TRUE_NETWORK_EDGE
CASE023,P0602,P0914,TRUE_NETWORK_EDGE
CASE023,P0914,P0518,TRUE_NETWORK_EDGE
CASE023,P0518,P0167,TRUE_NETWORK_EDGE
CASE023,P0167,P0208,TRUE_NETWORK_EDGE
CASE023,P0208,P0731,TRUE_NETWORK_EDGE
CASE023,P0731,P0431,TRUE_NETWORK_EDGE
CASE023,P0431,P0594,TRUE_NETWORK_EDGE
CASE023,P0594,P0334,TRUE_NETWORK_EDGE
CASE023,P0334,P0898,TRUE_NETWORK_EDGE
CASE023,P0898,P0803,TRUE_NETWORK_EDGE
CASE023,P0803,P0522,TRUE_NETWORK_EDGE
CASE023,P0522,P0932,TRUE_NETWORK_EDGE
CASE023,P0932,P0675,TRUE_NETWORK_EDGE
CASE023,P0675,P0832,TRUE_NETWORK_EDGE
CASE023,P0832,P0827,TRUE_NETWORK_EDGE
CASE023,P0827,P0060,TRUE_NETWORK_EDGE
CASE023,P0060,P0661,TRUE_NETWORK_EDGE
CASE023,P0661,P0552,TRUE_NETWORK_EDGE
CASE023,P0552,P0351,TRUE_NETWORK_EDGE
CASE023,P0351,P0629,TRUE_NETWORK_EDGE
CASE023,P0629,P0353,TRUE_NETWORK_EDGE
CASE023,P0531,P0714,TRUE_NETWORK_EDGE
CASE024,P0436,P0824,TRUE_NETWORK_EDGE
CASE024,P0429,P0337,TRUE_NETWORK_EDGE
CASE024,P0236,P0963,TRUE_NETWORK_EDGE
CASE024,P0630,P0960,TRUE_NETWORK_EDGE
CASE024,P0162,P0221,TRUE_NETWORK_EDGE
CASE024,P0288,P0205,TRUE_NETWORK_EDGE
CASE024,P0967,P0240,TRUE_NETWORK_EDGE
CASE024,P0366,P0885,TRUE_NETWORK_EDGE
CASE024,P0384,P0963,TRUE_NETWORK_EDGE
CASE024,P0544,P0249,TRUE_NETWORK_EDGE
CASE024,P0212,P0391,TRUE_NETWORK_EDGE
CASE024,P0404,P0824,TRUE_NETWORK_EDGE
CASE024,P0169,P0221,TRUE_NETWORK_EDGE
CASE024,P0070,P0249,TRUE_NETWORK_EDGE
CASE024,P0038,P0885,TRUE_NETWORK_EDGE
CASE024,P0318,P0451,TRUE_NETWORK_EDGE
CASE024,P0882,P0249,TRUE_NETWORK_EDGE
CASE024,P0772,P0240,TRUE_NETWORK_EDGE
CASE024,P0206,P0963,TRUE_NETWORK_EDGE
CASE024,P0241,P0885,TRUE_NETWORK_EDGE
CASE024,P0482,P0451,TRUE_NETWORK_EDGE
CASE024,P0263,P0451,TRUE_NETWORK_EDGE
CASE024,P0684,P0221,TRUE_NETWORK_EDGE
CASE024,P0590,P0565,TRUE_NETWORK_EDGE
CASE024,P0666,P0865,TRUE_NETWORK_EDGE
CASE024,P0780,P0297,TRUE_NETWORK_EDGE
CASE024,P0221,P0387,TRUE_NETWORK_EDGE
CASE024,P0635,P0245,TRUE_NETWORK_EDGE
CASE024,P0960,P0364,TRUE_NETWORK_EDGE
CASE024,P0205,P0421,TRUE_NETWORK_EDGE
CASE024,P0063,P0421,TRUE_NETWORK_EDGE
CASE024,P0266,P0387,TRUE_NETWORK_EDGE
CASE024,P0391,P0328,TRUE_NETWORK_EDGE
CASE024,P0963,P0438,TRUE_NETWORK_EDGE
CASE024,P0219,P0731,TRUE_NETWORK_EDGE
CASE024,P0250,P0310,TRUE_NETWORK_EDGE
CASE024,P0249,P0422,TRUE_NETWORK_EDGE
CASE024,P0297,P0422,TRUE_NETWORK_EDGE
CASE024,P0337,P0302,TRUE_NETWORK_EDGE
CASE024,P0565,P0310,TRUE_NETWORK_EDGE
CASE024,P0885,P0925,TRUE_NETWORK_EDGE
CASE024,P0736,P0302,TRUE_NETWORK_EDGE
CASE024,P0865,P0364,TRUE_NETWORK_EDGE
CASE024,P0352,P0731,TRUE_NETWORK_EDGE
CASE024,P0878,P0310,TRUE_NETWORK_EDGE
CASE024,P0824,P0158,TRUE_NETWORK_EDGE
CASE024,P0451,P0074,TRUE_NETWORK_EDGE
CASE024,P0529,P0074,TRUE_NETWORK_EDGE
CASE024,P0240,P0806,TRUE_NETWORK_EDGE
CASE024,P0491,P0541,TRUE_NETWORK_EDGE
CASE024,P0353,P0182,TRUE_NETWORK_EDGE
CASE024,P0850,P0438,TRUE_NETWORK_EDGE
CASE025,P0510,P0603,TRUE_NETWORK_EDGE
CASE025,P0510,P0711,TRUE_NETWORK_EDGE
CASE025,P0603,P0711,TRUE_NETWORK_EDGE
CASE025,P0603,P0223,TRUE_NETWORK_EDGE
CASE025,P0711,P0223,TRUE_NETWORK_EDGE
CASE025,P0711,P0550,TRUE_NETWORK_EDGE
CASE025,P0223,P0550,TRUE_NETWORK_EDGE
CASE025,P0223,P0900,TRUE_NETWORK_EDGE
CASE025,P0550,P0900,TRUE_NETWORK_EDGE
CASE025,P0550,P0751,TRUE_NETWORK_EDGE
CASE025,P0900,P0751,TRUE_NETWORK_EDGE
CASE025,P0900,P0625,TRUE_NETWORK_EDGE
CASE025,P0751,P0625,TRUE_NETWORK_EDGE
CASE026,P0689,P0759,TRUE_NETWORK_EDGE
CASE026,P0759,P0734,TRUE_NETWORK_EDGE
CASE026,P0734,P0095,TRUE_NETWORK_EDGE
CASE026,P0095,P0903,TRUE_NETWORK_EDGE
CASE026,P0903,P0290,TRUE_NETWORK_EDGE
CASE026,P0290,P0069,TRUE_NETWORK_EDGE
CASE026,P0069,P0577,TRUE_NETWORK_EDGE
CASE026,P0577,P0162,TRUE_NETWORK_EDGE
CASE026,P0162,P0034,TRUE_NETWORK_EDGE
CASE026,P0034,P0843,TRUE_NETWORK_EDGE
CASE026,P0843,P0397,TRUE_NETWORK_EDGE
CASE026,P0397,P0187,TRUE_NETWORK_EDGE
CASE026,P0187,P0992,TRUE_NETWORK_EDGE
CASE026,P0992,P0946,TRUE_NETWORK_EDGE
CASE026,P0946,P0473,TRUE_NETWORK_EDGE
CASE026,P0473,P0979,TRUE_NETWORK_EDGE
CASE026,P0979,P0767,TRUE_NETWORK_EDGE
CASE026,P0767,P0895,TRUE_NETWORK_EDGE
CASE026,P0895,P0431,TRUE_NETWORK_EDGE
CASE026,P0431,P0851,TRUE_NETWORK_EDGE
CASE026,P0851,P0773,TRUE_NETWORK_EDGE
CASE026,P0773,P0394,TRUE_NETWORK_EDGE
CASE026,P0394,P0153,TRUE_NETWORK_EDGE
CASE026,P0153,P0849,TRUE_NETWORK_EDGE
CASE026,P0849,P0883,TRUE_NETWORK_EDGE
CASE026,P0883,P0094,TRUE_NETWORK_EDGE
CASE027,P0627,P0126,TRUE_NETWORK_EDGE
CASE027,P0126,P0811,TRUE_NETWORK_EDGE
CASE027,P0811,P0937,TRUE_NETWORK_EDGE
CASE027,P0937,P0203,TRUE_NETWORK_EDGE
CASE027,P0203,P0943,TRUE_NETWORK_EDGE
CASE027,P0943,P0532,TRUE_NETWORK_EDGE
CASE027,P0532,P0292,TRUE_NETWORK_EDGE
CASE027,P0292,P0149,TRUE_NETWORK_EDGE
CASE027,P0149,P0153,TRUE_NETWORK_EDGE
CASE027,P0153,P0995,TRUE_NETWORK_EDGE
CASE027,P0995,P0547,TRUE_NETWORK_EDGE
CASE027,P0547,P0068,TRUE_NETWORK_EDGE
CASE027,P0068,P0558,TRUE_NETWORK_EDGE
CASE027,P0558,P0688,TRUE_NETWORK_EDGE
CASE027,P0688,P0870,TRUE_NETWORK_EDGE
CASE027,P0870,P0327,TRUE_NETWORK_EDGE
CASE027,P0327,P0218,TRUE_NETWORK_EDGE
CASE027,P0218,P0823,TRUE_NETWORK_EDGE
CASE027,P0823,P0692,TRUE_NETWORK_EDGE
CASE027,P0692,P0971,TRUE_NETWORK_EDGE
CASE027,P0971,P0586,TRUE_NETWORK_EDGE
CASE027,P0586,P0975,TRUE_NETWORK_EDGE
CASE027,P0975,P0154,TRUE_NETWORK_EDGE
CASE027,P0154,P0664,TRUE_NETWORK_EDGE
CASE027,P0664,P0258,TRUE_NETWORK_EDGE
CASE027,P0258,P0066,TRUE_NETWORK_EDGE
CASE027,P0066,P0541,TRUE_NETWORK_EDGE
CASE027,P0541,P0259,TRUE_NETWORK_EDGE
CASE027,P0259,P0899,TRUE_NETWORK_EDGE
CASE027,P0899,P0467,TRUE_NETWORK_EDGE
CASE027,P0467,P0158,TRUE_NETWORK_EDGE
CASE028,P0813,P0054,TRUE_NETWORK_EDGE
CASE028,P0054,P0250,TRUE_NETWORK_EDGE
CASE028,P0250,P0648,TRUE_NETWORK_EDGE
CASE028,P0648,P0502,TRUE_NETWORK_EDGE
CASE028,P0502,P0146,TRUE_NETWORK_EDGE
CASE028,P0431,P0430,TRUE_NETWORK_EDGE
CASE028,P0430,P0588,TRUE_NETWORK_EDGE
CASE028,P0588,P0226,TRUE_NETWORK_EDGE
CASE028,P0226,P0414,TRUE_NETWORK_EDGE
CASE028,P0414,P0003,TRUE_NETWORK_EDGE
CASE028,P0003,P0170,TRUE_NETWORK_EDGE
CASE028,P0146,P0431,TRUE_NETWORK_EDGE
CASE029,P0849,P0341,TRUE_NETWORK_EDGE
CASE029,P0125,P0171,TRUE_NETWORK_EDGE
CASE029,P0378,P0822,TRUE_NETWORK_EDGE
CASE029,P0842,P0933,TRUE_NETWORK_EDGE
CASE029,P0634,P0810,TRUE_NETWORK_EDGE
CASE029,P0282,P0870,TRUE_NETWORK_EDGE
CASE029,P0597,P0986,TRUE_NETWORK_EDGE
CASE029,P0322,P0901,TRUE_NETWORK_EDGE
CASE029,P0791,P0845,TRUE_NETWORK_EDGE
CASE030,P0026,P0501,TRUE_NETWORK_EDGE
CASE030,P0374,P0320,TRUE_NETWORK_EDGE
CASE030,P0477,P0327,TRUE_NETWORK_EDGE
CASE030,P0813,P0375,TRUE_NETWORK_EDGE
CASE030,P0740,P0011,TRUE_NETWORK_EDGE
CASE030,P0857,P0354,TRUE_NETWORK_EDGE
CASE030,P0411,P0027,TRUE_NETWORK_EDGE
CASE030,P0269,P0818,TRUE_NETWORK_EDGE
CASE030,P0984,P0883,TRUE_NETWORK_EDGE
CASE030,P0355,P0055,TRUE_NETWORK_EDGE
CASE030,P0697,P0716,TRUE_NETWORK_EDGE
CASE030,P0478,P0880,TRUE_NETWORK_EDGE
CASE030,P0409,P0489,TRUE_NETWORK_EDGE
CASE030,P0810,P0016,TRUE_NETWORK_EDGE
CASE030,P0069,P0184,TRUE_NETWORK_EDGE
CASE030,P0758,P0920,TRUE_NETWORK_EDGE
CASE030,P0266,P0596,TRUE_NETWORK_EDGE
CASE031,P0323,P0805,TRUE_NETWORK_EDGE
CASE031,P0117,P0170,TRUE_NETWORK_EDGE
CASE031,P0160,P0978,TRUE_NETWORK_EDGE
CASE031,P0694,P0595,TRUE_NETWORK_EDGE
CASE031,P0139,P0999,TRUE_NETWORK_EDGE
CASE031,P0998,P0211,TRUE_NETWORK_EDGE
CASE031,P0533,P0440,TRUE_NETWORK_EDGE
CASE031,P0778,P0927,TRUE_NETWORK_EDGE
CASE031,P0770,P0495,TRUE_NETWORK_EDGE
CASE031,P0016,P0494,TRUE_NETWORK_EDGE
CASE031,P0107,P0603,TRUE_NETWORK_EDGE
CASE031,P0539,P0260,TRUE_NETWORK_EDGE
CASE031,P0898,P0997,TRUE_NETWORK_EDGE
CASE031,P0723,P0466,TRUE_NETWORK_EDGE
CASE031,P0541,P0480,TRUE_NETWORK_EDGE
CASE031,P0492,P0885,TRUE_NETWORK_EDGE
CASE031,P0922,P0514,TRUE_NETWORK_EDGE
CASE031,P0940,P0656,TRUE_NETWORK_EDGE
CASE031,P0034,P0055,TRUE_NETWORK_EDGE
CASE031,P0593,P0611,TRUE_NETWORK_EDGE
CASE031,P0629,P0780,TRUE_NETWORK_EDGE
CASE031,P0022,P0575,TRUE_NETWORK_EDGE
CASE031,P0269,P0263,TRUE_NETWORK_EDGE
CASE031,P0327,P0423,TRUE_NETWORK_EDGE
CASE031,P0243,P0929,TRUE_NETWORK_EDGE
CASE031,P0788,P0058,TRUE_NETWORK_EDGE
CASE031,P0484,P0100,TRUE_NETWORK_EDGE
CASE031,P0585,P0353,TRUE_NETWORK_EDGE
CASE031,P0763,P0869,TRUE_NETWORK_EDGE
CASE031,P0787,P0481,TRUE_NETWORK_EDGE
CASE031,P0802,P0883,TRUE_NETWORK_EDGE
CASE031,P0919,P0094,TRUE_NETWORK_EDGE
CASE031,P0738,P0120,TRUE_NETWORK_EDGE
CASE031,P0207,P0948,TRUE_NETWORK_EDGE
CASE031,P0281,P0635,TRUE_NETWORK_EDGE
CASE031,P0033,P0512,TRUE_NETWORK_EDGE
CASE031,P0192,P0887,TRUE_NETWORK_EDGE
CASE031,P0557,P0054,TRUE_NETWORK_EDGE
CASE032,P0019,P0207,TRUE_NETWORK_EDGE
CASE032,P0791,P0994,TRUE_NETWORK_EDGE
CASE032,P0918,P0773,TRUE_NETWORK_EDGE
CASE032,P0615,P0207,TRUE_NETWORK_EDGE
CASE032,P0716,P0649,TRUE_NETWORK_EDGE
CASE032,P0210,P0773,TRUE_NETWORK_EDGE
CASE032,P0614,P0583,TRUE_NETWORK_EDGE
CASE032,P0207,P0138,TRUE_NETWORK_EDGE
CASE032,P0773,P0583,TRUE_NETWORK_EDGE
CASE032,P0994,P0631,TRUE_NETWORK_EDGE
CASE032,P0832,P0138,TRUE_NETWORK_EDGE
CASE032,P0649,P0138,TRUE_NETWORK_EDGE
CASE033,P0535,P0490,TRUE_NETWORK_EDGE
CASE033,P0490,P0979,TRUE_NETWORK_EDGE
CASE033,P0979,P0095,TRUE_NETWORK_EDGE
CASE033,P0095,P0059,TRUE_NETWORK_EDGE
CASE033,P0059,P0844,TRUE_NETWORK_EDGE
CASE033,P0844,P0560,TRUE_NETWORK_EDGE
CASE033,P0560,P0675,TRUE_NETWORK_EDGE
CASE033,P0675,P0642,TRUE_NETWORK_EDGE
CASE033,P0642,P0823,TRUE_NETWORK_EDGE
CASE033,P0823,P0752,TRUE_NETWORK_EDGE
CASE033,P0752,P0799,TRUE_NETWORK_EDGE
CASE033,P0799,P0388,TRUE_NETWORK_EDGE
CASE033,P0388,P0094,TRUE_NETWORK_EDGE
CASE034,P0287,P0216,TRUE_NETWORK_EDGE
CASE034,P0216,P0251,TRUE_NETWORK_EDGE
CASE035,P0414,P0894,TRUE_NETWORK_EDGE
CASE035,P0414,P0856,TRUE_NETWORK_EDGE
CASE035,P0414,P0418,TRUE_NETWORK_EDGE
CASE035,P0414,P0770,TRUE_NETWORK_EDGE
CASE035,P0414,P0180,TRUE_NETWORK_EDGE
CASE035,P0414,P0483,TRUE_NETWORK_EDGE
CASE035,P0414,P0938,TRUE_NETWORK_EDGE
CASE035,P0414,P0064,TRUE_NETWORK_EDGE
CASE035,P0414,P0124,TRUE_NETWORK_EDGE
CASE035,P0414,P0660,TRUE_NETWORK_EDGE
CASE035,P0414,P0076,TRUE_NETWORK_EDGE
CASE035,P0414,P0235,TRUE_NETWORK_EDGE
CASE035,P0414,P0387,TRUE_NETWORK_EDGE
CASE035,P0414,P0925,TRUE_NETWORK_EDGE
CASE035,P0414,P0299,TRUE_NETWORK_EDGE
CASE035,P0414,P0244,TRUE_NETWORK_EDGE
CASE035,P0414,P0291,TRUE_NETWORK_EDGE
CASE035,P0414,P0530,TRUE_NETWORK_EDGE
CASE035,P0414,P0243,TRUE_NETWORK_EDGE
CASE035,P0414,P0261,TRUE_NETWORK_EDGE
CASE035,P0414,P0727,TRUE_NETWORK_EDGE
CASE035,P0414,P0587,TRUE_NETWORK_EDGE
CASE035,P0414,P0832,TRUE_NETWORK_EDGE
CASE035,P0414,P0210,TRUE_NETWORK_EDGE
CASE035,P0414,P0070,TRUE_NETWORK_EDGE
CASE035,P0414,P0537,TRUE_NETWORK_EDGE
CASE035,P0414,P0968,TRUE_NETWORK_EDGE
CASE035,P0414,P0930,TRUE_NETWORK_EDGE
CASE035,P0414,P0741,TRUE_NETWORK_EDGE
CASE035,P0414,P0236,TRUE_NETWORK_EDGE
CASE035,P0414,P0361,TRUE_NETWORK_EDGE
CASE035,P0414,P0569,TRUE_NETWORK_EDGE
CASE035,P0414,P0628,TRUE_NETWORK_EDGE
CASE035,P0414,P0276,TRUE_NETWORK_EDGE
CASE035,P0414,P0931,TRUE_NETWORK_EDGE
CASE035,P0414,P0100,TRUE_NETWORK_EDGE
CASE035,P0414,P0193,TRUE_NETWORK_EDGE
CASE035,P0414,P0839,TRUE_NETWORK_EDGE
CASE035,P0414,P0428,TRUE_NETWORK_EDGE
CASE035,P0414,P0729,TRUE_NETWORK_EDGE
CASE035,P0414,P0564,TRUE_NETWORK_EDGE
CASE035,P0414,P0001,TRUE_NETWORK_EDGE
CASE035,P0414,P0423,TRUE_NETWORK_EDGE
CASE035,P0414,P0252,TRUE_NETWORK_EDGE
CASE035,P0414,P0590,TRUE_NETWORK_EDGE
CASE035,P0414,P0278,TRUE_NETWORK_EDGE
CASE035,P0414,P0306,TRUE_NETWORK_EDGE
CASE035,P0414,P0972,TRUE_NETWORK_EDGE
CASE035,P0414,P0020,TRUE_NETWORK_EDGE
CASE035,P0414,P0300,TRUE_NETWORK_EDGE
CASE035,P0414,P0634,TRUE_NETWORK_EDGE
CASE036,P0970,P0954,TRUE_NETWORK_EDGE
CASE036,P0954,P0595,TRUE_NETWORK_EDGE
CASE036,P0595,P0351,TRUE_NETWORK_EDGE
CASE036,P0351,P0851,TRUE_NETWORK_EDGE
CASE036,P0851,P0437,TRUE_NETWORK_EDGE
CASE036,P0437,P0442,TRUE_NETWORK_EDGE
CASE036,P0442,P0644,TRUE_NETWORK_EDGE
CASE037,P0557,P0441,TRUE_NETWORK_EDGE
CASE037,P0557,P0599,TRUE_NETWORK_EDGE
CASE037,P0723,P0094,TRUE_NETWORK_EDGE
CASE037,P0557,P0926,TRUE_NETWORK_EDGE
CASE037,P0557,P0063,TRUE_NETWORK_EDGE
CASE037,P0723,P0159,TRUE_NETWORK_EDGE
CASE037,P0723,P0644,TRUE_NETWORK_EDGE
CASE037,P0723,P0047,TRUE_NETWORK_EDGE
CASE037,P0557,P0708,TRUE_NETWORK_EDGE
CASE037,P0723,P0419,TRUE_NETWORK_EDGE
CASE037,P0723,P0852,TRUE_NETWORK_EDGE
CASE037,P0723,P0545,TRUE_NETWORK_EDGE
CASE037,P0723,P0881,TRUE_NETWORK_EDGE
CASE037,P0723,P0609,TRUE_NETWORK_EDGE
CASE037,P0723,P0004,TRUE_NETWORK_EDGE
CASE038,P0899,P0938,TRUE_NETWORK_EDGE
CASE038,P0938,P0818,TRUE_NETWORK_EDGE
CASE038,P0818,P0514,TRUE_NETWORK_EDGE
CASE038,P0514,P0426,TRUE_NETWORK_EDGE
CASE038,P0426,P0781,TRUE_NETWORK_EDGE
CASE038,P0781,P0239,TRUE_NETWORK_EDGE
CASE038,P0239,P0158,TRUE_NETWORK_EDGE
CASE039,P0826,P0285,TRUE_NETWORK_EDGE
CASE039,P0826,P0054,TRUE_NETWORK_EDGE
CASE039,P0285,P0054,TRUE_NETWORK_EDGE
CASE039,P0285,P0608,TRUE_NETWORK_EDGE
CASE039,P0054,P0608,TRUE_NETWORK_EDGE
CASE039,P0054,P0458,TRUE_NETWORK_EDGE
CASE039,P0608,P0458,TRUE_NETWORK_EDGE
CASE039,P0608,P0364,TRUE_NETWORK_EDGE
CASE039,P0458,P0364,TRUE_NETWORK_EDGE
CASE039,P0458,P0085,TRUE_NETWORK_EDGE
CASE039,P0364,P0085,TRUE_NETWORK_EDGE
CASE039,P0364,P0244,TRUE_NETWORK_EDGE
CASE039,P0085,P0244,TRUE_NETWORK_EDGE
CASE039,P0085,P0234,TRUE_NETWORK_EDGE
CASE039,P0244,P0234,TRUE_NETWORK_EDGE
CASE039,P0244,P0463,TRUE_NETWORK_EDGE
CASE039,P0234,P0463,TRUE_NETWORK_EDGE
CASE039,P0234,P0730,TRUE_NETWORK_EDGE
CASE039,P0463,P0730,TRUE_NETWORK_EDGE
CASE039,P0463,P0564,TRUE_NETWORK_EDGE
CASE039,P0730,P0564,TRUE_NETWORK_EDGE
CASE039,P0730,P0279,TRUE_NETWORK_EDGE
CASE039,P0564,P0279,TRUE_NETWORK_EDGE
CASE039,P0564,P0981,TRUE_NETWORK_EDGE
CASE039,P0279,P0981,TRUE_NETWORK_EDGE
CASE039,P0279,P0597,TRUE_NETWORK_EDGE
CASE039,P0981,P0597,TRUE_NETWORK_EDGE
CASE039,P0981,P0143,TRUE_NETWORK_EDGE
CASE039,P0597,P0143,TRUE_NETWORK_EDGE
CASE039,P0597,P0581,TRUE_NETWORK_EDGE
CASE039,P0143,P0581,TRUE_NETWORK_EDGE
CASE039,P0143,P0264,TRUE_NETWORK_EDGE
CASE039,P0581,P0264,TRUE_NETWORK_EDGE
CASE039,P0581,P0817,TRUE_NETWORK_EDGE
CASE039,P0264,P0817,TRUE_NETWORK_EDGE
CASE039,P0264,P0004,TRUE_NETWORK_EDGE
CASE039,P0817,P0004,TRUE_NETWORK_EDGE
CASE039,P0817,P0894,TRUE_NETWORK_EDGE
CASE039,P0004,P0894,TRUE_NETWORK_EDGE
CASE039,P0004,P0342,TRUE_NETWORK_EDGE
CASE039,P0894,P0342,TRUE_NETWORK_EDGE
CASE039,P0894,P0920,TRUE_NETWORK_EDGE
CASE039,P0342,P0920,TRUE_NETWORK_EDGE
CASE039,P0342,P0425,TRUE_NETWORK_EDGE
CASE039,P0920,P0425,TRUE_NETWORK_EDGE
CASE039,P0920,P0490,TRUE_NETWORK_EDGE
CASE039,P0425,P0490,TRUE_NETWORK_EDGE
CASE039,P0425,P0711,TRUE_NETWORK_EDGE
CASE039,P0490,P0711,TRUE_NETWORK_EDGE
CASE039,P0490,P0984,TRUE_NETWORK_EDGE
CASE039,P0711,P0984,TRUE_NETWORK_EDGE
CASE039,P0711,P0737,TRUE_NETWORK_EDGE
CASE039,P0984,P0737,TRUE_NETWORK_EDGE
CASE039,P0984,P0811,TRUE_NETWORK_EDGE
CASE039,P0737,P0811,TRUE_NETWORK_EDGE
CASE039,P0737,P0047,TRUE_NETWORK_EDGE
CASE039,P0811,P0047,TRUE_NETWORK_EDGE
CASE039,P0811,P0697,TRUE_NETWORK_EDGE
CASE039,P0047,P0697,TRUE_NETWORK_EDGE
CASE039,P0047,P0961,TRUE_NETWORK_EDGE
CASE039,P0697,P0961,TRUE_NETWORK_EDGE
CASE039,P0697,P0093,TRUE_NETWORK_EDGE
CASE039,P0961,P0093,TRUE_NETWORK_EDGE
CASE039,P0961,P0231,TRUE_NETWORK_EDGE
CASE039,P0093,P0231,TRUE_NETWORK_EDGE
CASE039,P0093,P0089,TRUE_NETWORK_EDGE
CASE039,P0231,P0089,TRUE_NETWORK_EDGE
CASE039,P0231,P0033,TRUE_NETWORK_EDGE
CASE039,P0089,P0033,TRUE_NETWORK_EDGE
CASE039,P0089,P0945,TRUE_NETWORK_EDGE
CASE039,P0033,P0945,TRUE_NETWORK_EDGE
CASE039,P0033,P0735,TRUE_NETWORK_EDGE
CASE039,P0945,P0735,TRUE_NETWORK_EDGE
CASE039,P0945,P0139,TRUE_NETWORK_EDGE
CASE039,P0735,P0139,TRUE_NETWORK_EDGE
CASE039,P0735,P0947,TRUE_NETWORK_EDGE
CASE039,P0139,P0947,TRUE_NETWORK_EDGE
CASE039,P0139,P0302,TRUE_NETWORK_EDGE
CASE039,P0947,P0302,TRUE_NETWORK_EDGE
CASE039,P0947,P0477,TRUE_NETWORK_EDGE
CASE039,P0302,P0477,TRUE_NETWORK_EDGE
CASE039,P0302,P0621,TRUE_NETWORK_EDGE
CASE039,P0477,P0621,TRUE_NETWORK_EDGE
CASE039,P0477,P0549,TRUE_NETWORK_EDGE
CASE039,P0621,P0549,TRUE_NETWORK_EDGE
CASE039,P0621,P0413,TRUE_NETWORK_EDGE
CASE039,P0549,P0413,TRUE_NETWORK_EDGE
CASE039,P0549,P0729,TRUE_NETWORK_EDGE
CASE039,P0413,P0729,TRUE_NETWORK_EDGE
CASE039,P0413,P0024,TRUE_NETWORK_EDGE
CASE039,P0729,P0024,TRUE_NETWORK_EDGE
CASE039,P0729,P0485,TRUE_NETWORK_EDGE
CASE039,P0024,P0485,TRUE_NETWORK_EDGE
CASE039,P0024,P0766,TRUE_NETWORK_EDGE
CASE039,P0485,P0766,TRUE_NETWORK_EDGE
CASE039,P0485,P0319,TRUE_NETWORK_EDGE
CASE039,P0766,P0319,TRUE_NETWORK_EDGE
CASE039,P0766,P0733,TRUE_NETWORK_EDGE
CASE039,P0319,P0733,TRUE_NETWORK_EDGE
CASE040,P0869,P0581,TRUE_NETWORK_EDGE
CASE040,P0581,P0335,TRUE_NETWORK_EDGE
CASE041,P0772,P0917,TRUE_NETWORK_EDGE
CASE041,P0772,P0714,TRUE_NETWORK_EDGE
CASE041,P0917,P0714,TRUE_NETWORK_EDGE
CASE041,P0917,P0659,TRUE_NETWORK_EDGE
CASE041,P0714,P0659,TRUE_NETWORK_EDGE
CASE041,P0714,P0311,TRUE_NETWORK_EDGE
CASE041,P0659,P0311,TRUE_NETWORK_EDGE
CASE041,P0659,P0176,TRUE_NETWORK_EDGE
CASE041,P0311,P0176,TRUE_NETWORK_EDGE
CASE041,P0311,P0535,TRUE_NETWORK_EDGE
CASE041,P0176,P0535,TRUE_NETWORK_EDGE
CASE041,P0176,P0186,TRUE_NETWORK_EDGE
CASE041,P0535,P0186,TRUE_NETWORK_EDGE
CASE041,P0535,P0095,TRUE_NETWORK_EDGE
CASE041,P0186,P0095,TRUE_NETWORK_EDGE
CASE041,P0186,P0461,TRUE_NETWORK_EDGE
CASE041,P0095,P0461,TRUE_NETWORK_EDGE
CASE041,P0095,P0544,TRUE_NETWORK_EDGE
CASE041,P0461,P0544,TRUE_NETWORK_EDGE
CASE041,P0461,P0153,TRUE_NETWORK_EDGE
CASE041,P0544,P0153,TRUE_NETWORK_EDGE
CASE041,P0544,P0640,TRUE_NETWORK_EDGE
CASE041,P0153,P0640,TRUE_NETWORK_EDGE
CASE041,P0153,P0382,TRUE_NETWORK_EDGE
CASE041,P0640,P0382,TRUE_NETWORK_EDGE
CASE041,P0640,P0954,TRUE_NETWORK_EDGE
CASE041,P0382,P0954,TRUE_NETWORK_EDGE
CASE041,P0382,P0610,TRUE_NETWORK_EDGE
CASE041,P0954,P0610,TRUE_NETWORK_EDGE
CASE041,P0954,P0759,TRUE_NETWORK_EDGE
CASE041,P0610,P0759,TRUE_NETWORK_EDGE
CASE041,P0610,P0636,TRUE_NETWORK_EDGE
CASE041,P0759,P0636,TRUE_NETWORK_EDGE
CASE041,P0759,P0124,TRUE_NETWORK_EDGE
CASE041,P0636,P0124,TRUE_NETWORK_EDGE
CASE041,P0636,P0947,TRUE_NETWORK_EDGE
CASE041,P0124,P0947,TRUE_NETWORK_EDGE
CASE041,P0124,P0928,TRUE_NETWORK_EDGE
CASE041,P0947,P0928,TRUE_NETWORK_EDGE
CASE041,P0947,P0729,TRUE_NETWORK_EDGE
CASE041,P0928,P0729,TRUE_NETWORK_EDGE
CASE041,P0928,P0410,TRUE_NETWORK_EDGE
CASE041,P0729,P0410,TRUE_NETWORK_EDGE
CASE041,P0729,P0310,TRUE_NETWORK_EDGE
CASE041,P0410,P0310,TRUE_NETWORK_EDGE
CASE041,P0410,P0534,TRUE_NETWORK_EDGE
CASE041,P0310,P0534,TRUE_NETWORK_EDGE
CASE041,P0310,P0671,TRUE_NETWORK_EDGE
CASE041,P0534,P0671,TRUE_NETWORK_EDGE
CASE042,P0431,P0529,TRUE_NETWORK_EDGE
CASE042,P0431,P0513,TRUE_NETWORK_EDGE
CASE042,P0431,P0754,TRUE_NETWORK_EDGE
CASE042,P0431,P0013,TRUE_NETWORK_EDGE
CASE042,P0431,P0427,TRUE_NETWORK_EDGE
CASE042,P0431,P0490,TRUE_NETWORK_EDGE
CASE042,P0431,P0512,TRUE_NETWORK_EDGE
CASE042,P0431,P0588,TRUE_NETWORK_EDGE
CASE042,P0431,P0546,TRUE_NETWORK_EDGE
CASE042,P0431,P0987,TRUE_NETWORK_EDGE
CASE042,P0431,P0954,TRUE_NETWORK_EDGE
CASE042,P0431,P0217,TRUE_NETWORK_EDGE
CASE042,P0431,P0468,TRUE_NETWORK_EDGE
CASE042,P0431,P0772,TRUE_NETWORK_EDGE
CASE042,P0431,P0194,TRUE_NETWORK_EDGE
CASE042,P0431,P0583,TRUE_NETWORK_EDGE
CASE042,P0431,P0907,TRUE_NETWORK_EDGE
CASE042,P0431,P0043,TRUE_NETWORK_EDGE
CASE043,P0310,P0133,TRUE_NETWORK_EDGE
CASE043,P0310,P0844,TRUE_NETWORK_EDGE
CASE043,P0310,P0984,TRUE_NETWORK_EDGE
CASE043,P0310,P0074,TRUE_NETWORK_EDGE
CASE044,P0227,P0758,TRUE_NETWORK_EDGE
CASE044,P0227,P0747,TRUE_NETWORK_EDGE
CASE044,P0689,P0800,TRUE_NETWORK_EDGE
CASE044,P0227,P0449,TRUE_NETWORK_EDGE
CASE044,P0227,P0934,TRUE_NETWORK_EDGE
CASE044,P0227,P0030,TRUE_NETWORK_EDGE
CASE044,P0227,P0823,TRUE_NETWORK_EDGE
CASE044,P0689,P0481,TRUE_NETWORK_EDGE
CASE044,P0227,P0476,TRUE_NETWORK_EDGE
CASE044,P0227,P0049,TRUE_NETWORK_EDGE
CASE044,P0227,P0517,TRUE_NETWORK_EDGE
CASE044,P0227,P0976,TRUE_NETWORK_EDGE
CASE044,P0227,P0600,TRUE_NETWORK_EDGE
CASE044,P0227,P0052,TRUE_NETWORK_EDGE
CASE044,P0689,P0919,TRUE_NETWORK_EDGE
CASE044,P0227,P0892,TRUE_NETWORK_EDGE
CASE044,P0689,P0729,TRUE_NETWORK_EDGE
CASE045,P0125,P0916,TRUE_NETWORK_EDGE
CASE045,P0916,P0573,TRUE_NETWORK_EDGE
CASE045,P0573,P0755,TRUE_NETWORK_EDGE
CASE045,P0755,P0242,TRUE_NETWORK_EDGE
CASE045,P0242,P0748,TRUE_NETWORK_EDGE
CASE045,P0748,P0281,TRUE_NETWORK_EDGE
CASE045,P0768,P0297,TRUE_NETWORK_EDGE
CASE045,P0297,P0002,TRUE_NETWORK_EDGE
CASE045,P0002,P0785,TRUE_NETWORK_EDGE
CASE045,P0785,P0261,TRUE_NETWORK_EDGE
CASE045,P0261,P0491,TRUE_NETWORK_EDGE
CASE045,P0491,P0055,TRUE_NETWORK_EDGE
CASE045,P0281,P0768,TRUE_NETWORK_EDGE
CASE046,P0170,P0498,TRUE_NETWORK_EDGE
CASE046,P0170,P0296,TRUE_NETWORK_EDGE
CASE047,P0296,P0817,TRUE_NETWORK_EDGE
CASE047,P0817,P0195,TRUE_NETWORK_EDGE
CASE047,P0195,P0443,TRUE_NETWORK_EDGE
CASE048,P0632,P0230,TRUE_NETWORK_EDGE
CASE048,P0482,P0359,TRUE_NETWORK_EDGE
CASE048,P0394,P0709,TRUE_NETWORK_EDGE
CASE048,P0947,P0053,TRUE_NETWORK_EDGE
CASE048,P0378,P0230,TRUE_NETWORK_EDGE
CASE048,P0005,P0264,TRUE_NETWORK_EDGE
CASE048,P0231,P0053,TRUE_NETWORK_EDGE
CASE048,P0346,P0264,TRUE_NETWORK_EDGE
CASE048,P0228,P0894,TRUE_NETWORK_EDGE
CASE048,P0564,P0124,TRUE_NETWORK_EDGE
CASE048,P0593,P0359,TRUE_NETWORK_EDGE
CASE048,P0930,P0894,TRUE_NETWORK_EDGE
CASE048,P0053,P0111,TRUE_NETWORK_EDGE
CASE048,P0673,P0297,TRUE_NETWORK_EDGE
CASE048,P0124,P0144,TRUE_NETWORK_EDGE
CASE048,P0894,P0506,TRUE_NETWORK_EDGE
CASE048,P0422,P0558,TRUE_NETWORK_EDGE
CASE048,P0734,P0961,TRUE_NETWORK_EDGE
CASE048,P0235,P0111,TRUE_NETWORK_EDGE
CASE048,P0264,P0297,TRUE_NETWORK_EDGE
CASE048,P0359,P0297,TRUE_NETWORK_EDGE
CASE048,P0230,P0873,TRUE_NETWORK_EDGE
CASE048,P0563,P0035,TRUE_NETWORK_EDGE
CASE048,P0709,P0144,TRUE_NETWORK_EDGE
CASE049,P0736,P0837,TRUE_NETWORK_EDGE
CASE049,P0145,P0224,TRUE_NETWORK_EDGE
CASE049,P0923,P0507,TRUE_NETWORK_EDGE
CASE049,P0324,P0165,TRUE_NETWORK_EDGE
CASE049,P0662,P0059,TRUE_NETWORK_EDGE
CASE049,P0998,P0172,TRUE_NETWORK_EDGE
CASE049,P0153,P0896,TRUE_NETWORK_EDGE
CASE049,P0405,P0156,TRUE_NETWORK_EDGE
CASE049,P1000,P0616,TRUE_NETWORK_EDGE
CASE049,P0274,P0843,TRUE_NETWORK_EDGE
CASE049,P0147,P0818,TRUE_NETWORK_EDGE
CASE049,P0287,P0417,TRUE_NETWORK_EDGE
CASE049,P0125,P0755,TRUE_NETWORK_EDGE
CASE050,P0118,P0156,TRUE_NETWORK_EDGE
CASE050,P0118,P0700,TRUE_NETWORK_EDGE
CASE050,P0118,P0393,TRUE_NETWORK_EDGE
CASE050,P0118,P0486,TRUE_NETWORK_EDGE
CASE050,P0118,P0691,TRUE_NETWORK_EDGE
CASE050,P0118,P0046,TRUE_NETWORK_EDGE
CASE050,P0118,P0433,TRUE_NETWORK_EDGE
CASE050,P0118,P0503,TRUE_NETWORK_EDGE
CASE050,P0118,P0272,TRUE_NETWORK_EDGE
CASE050,P0118,P0136,TRUE_NETWORK_EDGE
CASE050,P0118,P0630,TRUE_NETWORK_EDGE
CASE050,P0118,P0544,TRUE_NETWORK_EDGE
CASE050,P0118,P0533,TRUE_NETWORK_EDGE
CASE050,P0118,P0080,TRUE_NETWORK_EDGE
CASE050,P0118,P0065,TRUE_NETWORK_EDGE
CASE050,P0118,P0575,TRUE_NETWORK_EDGE
CASE050,P0118,P0653,TRUE_NETWORK_EDGE
CASE050,P0118,P0843,TRUE_NETWORK_EDGE
CASE050,P0118,P0430,TRUE_NETWORK_EDGE
CASE050,P0118,P0453,TRUE_NETWORK_EDGE
CASE050,P0118,P0333,TRUE_NETWORK_EDGE
CASE050,P0118,P0534,TRUE_NETWORK_EDGE
CASE050,P0118,P0720,TRUE_NETWORK_EDGE
CASE050,P0118,P0021,TRUE_NETWORK_EDGE
CASE050,P0118,P0686,TRUE_NETWORK_EDGE
CASE050,P0118,P0816,TRUE_NETWORK_EDGE
CASE050,P0118,P0984,TRUE_NETWORK_EDGE
CASE050,P0118,P0013,TRUE_NETWORK_EDGE
CASE050,P0118,P0938,TRUE_NETWORK_EDGE
CASE050,P0118,P0190,TRUE_NETWORK_EDGE
CASE050,P0118,P0278,TRUE_NETWORK_EDGE
CASE050,P0118,P0378,TRUE_NETWORK_EDGE
CASE050,P0118,P0942,TRUE_NETWORK_EDGE
CASE050,P0118,P0582,TRUE_NETWORK_EDGE
CASE050,P0118,P0732,TRUE_NETWORK_EDGE
CASE050,P0118,P0956,TRUE_NETWORK_EDGE
CASE050,P0118,P0998,TRUE_NETWORK_EDGE
CASE050,P0118,P0180,TRUE_NETWORK_EDGE
CASE050,P0118,P0482,TRUE_NETWORK_EDGE
CASE050,P0118,P0227,TRUE_NETWORK_EDGE
CASE050,P0118,P0943,TRUE_NETWORK_EDGE
CASE050,P0118,P0401,TRUE_NETWORK_EDGE
CASE050,P0118,P0441,TRUE_NETWORK_EDGE
CASE051,P0009,P0201,TRUE_NETWORK_EDGE
CASE051,P0009,P0145,TRUE_NETWORK_EDGE
CASE052,P0086,P0716,TRUE_NETWORK_EDGE
CASE052,P0716,P0783,TRUE_NETWORK_EDGE
CASE053,P0968,P0494,TRUE_NETWORK_EDGE
CASE053,P0494,P0774,TRUE_NETWORK_EDGE
CASE053,P0774,P0808,TRUE_NETWORK_EDGE
CASE053,P0808,P0438,TRUE_NETWORK_EDGE
CASE053,P0438,P0874,TRUE_NETWORK_EDGE
CASE053,P0874,P0873,TRUE_NETWORK_EDGE
CASE053,P0873,P0241,TRUE_NETWORK_EDGE
CASE053,P0241,P0988,TRUE_NETWORK_EDGE
CASE053,P0988,P0901,TRUE_NETWORK_EDGE
CASE053,P0901,P0688,TRUE_NETWORK_EDGE
CASE053,P0688,P0158,TRUE_NETWORK_EDGE
CASE054,P0497,P0126,TRUE_NETWORK_EDGE
CASE054,P0366,P0126,TRUE_NETWORK_EDGE
CASE054,P0251,P0053,TRUE_NETWORK_EDGE
CASE054,P0126,P0053,TRUE_NETWORK_EDGE
CASE055,P0476,P0101,TRUE_NETWORK_EDGE
CASE055,P0117,P0563,TRUE_NETWORK_EDGE
CASE055,P0712,P0398,TRUE_NETWORK_EDGE
CASE055,P0856,P0430,TRUE_NETWORK_EDGE
CASE055,P0426,P0402,TRUE_NETWORK_EDGE
CASE055,P0981,P0280,TRUE_NETWORK_EDGE
CASE055,P0996,P0711,TRUE_NETWORK_EDGE
CASE055,P0964,P0890,TRUE_NETWORK_EDGE
CASE056,P0179,P0725,TRUE_NETWORK_EDGE
CASE056,P0179,P0688,TRUE_NETWORK_EDGE
CASE056,P0725,P0688,TRUE_NETWORK_EDGE
CASE056,P0725,P0485,TRUE_NETWORK_EDGE
CASE056,P0688,P0485,TRUE_NETWORK_EDGE
CASE056,P0688,P0986,TRUE_NETWORK_EDGE
CASE056,P0485,P0986,TRUE_NETWORK_EDGE
CASE056,P0485,P0379,TRUE_NETWORK_EDGE
CASE056,P0986,P0379,TRUE_NETWORK_EDGE
CASE056,P0986,P0687,TRUE_NETWORK_EDGE
CASE056,P0379,P0687,TRUE_NETWORK_EDGE
CASE056,P0379,P0783,TRUE_NETWORK_EDGE
CASE056,P0687,P0783,TRUE_NETWORK_EDGE
CASE056,P0687,P0607,TRUE_NETWORK_EDGE
CASE056,P0783,P0607,TRUE_NETWORK_EDGE
CASE056,P0783,P0532,TRUE_NETWORK_EDGE
CASE056,P0607,P0532,TRUE_NETWORK_EDGE
CASE056,P0607,P0698,TRUE_NETWORK_EDGE
CASE056,P0532,P0698,TRUE_NETWORK_EDGE
CASE056,P0532,P0847,TRUE_NETWORK_EDGE
CASE056,P0698,P0847,TRUE_NETWORK_EDGE
CASE056,P0698,P0315,TRUE_NETWORK_EDGE
CASE056,P0847,P0315,TRUE_NETWORK_EDGE
CASE056,P0847,P0702,TRUE_NETWORK_EDGE
CASE056,P0315,P0702,TRUE_NETWORK_EDGE
CASE056,P0315,P0992,TRUE_NETWORK_EDGE
CASE056,P0702,P0992,TRUE_NETWORK_EDGE
CASE056,P0702,P0251,TRUE_NETWORK_EDGE
CASE056,P0992,P0251,TRUE_NETWORK_EDGE
CASE056,P0992,P0480,TRUE_NETWORK_EDGE
CASE056,P0251,P0480,TRUE_NETWORK_EDGE
CASE056,P0251,P0178,TRUE_NETWORK_EDGE
CASE056,P0480,P0178,TRUE_NETWORK_EDGE
CASE056,P0480,P0728,TRUE_NETWORK_EDGE
CASE056,P0178,P0728,TRUE_NETWORK_EDGE
CASE056,P0178,P0966,TRUE_NETWORK_EDGE
CASE056,P0728,P0966,TRUE_NETWORK_EDGE
CASE056,P0728,P0555,TRUE_NETWORK_EDGE
CASE056,P0966,P0555,TRUE_NETWORK_EDGE
CASE056,P0966,P0192,TRUE_NETWORK_EDGE
CASE056,P0555,P0192,TRUE_NETWORK_EDGE
CASE056,P0555,P0809,TRUE_NETWORK_EDGE
CASE056,P0192,P0809,TRUE_NETWORK_EDGE
CASE056,P0192,P0406,TRUE_NETWORK_EDGE
CASE056,P0809,P0406,TRUE_NETWORK_EDGE
CASE056,P0809,P0822,TRUE_NETWORK_EDGE
CASE056,P0406,P0822,TRUE_NETWORK_EDGE
CASE056,P0406,P0699,TRUE_NETWORK_EDGE
CASE056,P0822,P0699,TRUE_NETWORK_EDGE
CASE056,P0822,P0775,TRUE_NETWORK_EDGE
CASE056,P0699,P0775,TRUE_NETWORK_EDGE
CASE056,P0699,P0297,TRUE_NETWORK_EDGE
CASE056,P0775,P0297,TRUE_NETWORK_EDGE
CASE056,P0775,P0124,TRUE_NETWORK_EDGE
CASE056,P0297,P0124,TRUE_NETWORK_EDGE
CASE056,P0297,P0328,TRUE_NETWORK_EDGE
CASE056,P0124,P0328,TRUE_NETWORK_EDGE
CASE056,P0124,P0429,TRUE_NETWORK_EDGE
CASE056,P0328,P0429,TRUE_NETWORK_EDGE
CASE057,P0851,P0285,TRUE_NETWORK_EDGE
CASE057,P0285,P0714,TRUE_NETWORK_EDGE
CASE058,P0637,P0821,TRUE_NETWORK_EDGE
CASE058,P0821,P0193,TRUE_NETWORK_EDGE
CASE058,P0193,P0543,TRUE_NETWORK_EDGE
CASE058,P0543,P0187,TRUE_NETWORK_EDGE
CASE058,P0187,P0487,TRUE_NETWORK_EDGE
CASE058,P0487,P0862,TRUE_NETWORK_EDGE
CASE058,P0373,P0771,TRUE_NETWORK_EDGE
CASE058,P0771,P0424,TRUE_NETWORK_EDGE
CASE058,P0424,P0426,TRUE_NETWORK_EDGE
CASE058,P0426,P0602,TRUE_NETWORK_EDGE
CASE058,P0602,P0350,TRUE_NETWORK_EDGE
CASE058,P0350,P0828,TRUE_NETWORK_EDGE
CASE058,P0862,P0373,TRUE_NETWORK_EDGE
CASE059,P0780,P0642,TRUE_NETWORK_EDGE
CASE059,P0642,P0373,TRUE_NETWORK_EDGE
CASE059,P0373,P0223,TRUE_NETWORK_EDGE
CASE059,P0223,P0671,TRUE_NETWORK_EDGE
CASE059,P0671,P0077,TRUE_NETWORK_EDGE
CASE059,P0077,P0075,TRUE_NETWORK_EDGE
CASE059,P0075,P0325,TRUE_NETWORK_EDGE
CASE059,P0325,P0466,TRUE_NETWORK_EDGE
CASE059,P0466,P0850,TRUE_NETWORK_EDGE
CASE059,P0850,P0958,TRUE_NETWORK_EDGE
CASE059,P0958,P0334,TRUE_NETWORK_EDGE
CASE059,P0334,P0117,TRUE_NETWORK_EDGE
CASE059,P0117,P0818,TRUE_NETWORK_EDGE
CASE059,P0818,P0676,TRUE_NETWORK_EDGE
CASE059,P0676,P0131,TRUE_NETWORK_EDGE
CASE059,P0131,P0425,TRUE_NETWORK_EDGE
CASE059,P0425,P0320,TRUE_NETWORK_EDGE
CASE059,P0320,P0130,TRUE_NETWORK_EDGE
CASE059,P0130,P0551,TRUE_NETWORK_EDGE
CASE059,P0551,P0296,TRUE_NETWORK_EDGE
CASE059,P0296,P0970,TRUE_NETWORK_EDGE
CASE059,P0970,P0405,TRUE_NETWORK_EDGE
CASE059,P0405,P0248,TRUE_NETWORK_EDGE
CASE059,P0960,P0678,TRUE_NETWORK_EDGE
CASE059,P0678,P0071,TRUE_NETWORK_EDGE
CASE059,P0071,P0009,TRUE_NETWORK_EDGE
CASE059,P0009,P0541,TRUE_NETWORK_EDGE
CASE059,P0541,P0585,TRUE_NETWORK_EDGE
CASE059,P0585,P0019,TRUE_NETWORK_EDGE
CASE059,P0019,P0503,TRUE_NETWORK_EDGE
CASE059,P0503,P0529,TRUE_NETWORK_EDGE
CASE059,P0529,P0445,TRUE_NETWORK_EDGE
CASE059,P0445,P0617,TRUE_NETWORK_EDGE
CASE059,P0617,P0426,TRUE_NETWORK_EDGE
CASE059,P0426,P0157,TRUE_NETWORK_EDGE
CASE059,P0157,P0324,TRUE_NETWORK_EDGE
CASE059,P0324,P0140,TRUE_NETWORK_EDGE
CASE059,P0140,P0613,TRUE_NETWORK_EDGE
CASE059,P0613,P0458,TRUE_NETWORK_EDGE
CASE059,P0458,P0193,TRUE_NETWORK_EDGE
CASE059,P0193,P0603,TRUE_NETWORK_EDGE
CASE059,P0603,P0885,TRUE_NETWORK_EDGE
CASE059,P0885,P0207,TRUE_NETWORK_EDGE
CASE059,P0207,P0584,TRUE_NETWORK_EDGE
CASE059,P0584,P0450,TRUE_NETWORK_EDGE
CASE059,P0450,P0692,TRUE_NETWORK_EDGE
CASE059,P0248,P0960,TRUE_NETWORK_EDGE
CASE060,P0577,P0884,TRUE_NETWORK_EDGE
CASE060,P0577,P0062,TRUE_NETWORK_EDGE
CASE060,P0577,P0713,TRUE_NETWORK_EDGE
CASE060,P0577,P0373,TRUE_NETWORK_EDGE
CASE060,P0577,P0311,TRUE_NETWORK_EDGE
CASE060,P0577,P0358,TRUE_NETWORK_EDGE
CASE060,P0577,P0354,TRUE_NETWORK_EDGE
CASE060,P0577,P0374,TRUE_NETWORK_EDGE
CASE060,P0577,P0758,TRUE_NETWORK_EDGE
CASE060,P0577,P0696,TRUE_NETWORK_EDGE
CASE060,P0577,P0666,TRUE_NETWORK_EDGE
CASE060,P0577,P0968,TRUE_NETWORK_EDGE
CASE060,P0577,P0498,TRUE_NETWORK_EDGE
CASE060,P0577,P0371,TRUE_NETWORK_EDGE
CASE060,P0577,P1000,TRUE_NETWORK_EDGE
CASE060,P0577,P0917,TRUE_NETWORK_EDGE
CASE060,P0577,P0035,TRUE_NETWORK_EDGE
CASE060,P0577,P0733,TRUE_NETWORK_EDGE
CASE060,P0577,P0033,TRUE_NETWORK_EDGE
CASE060,P0577,P0316,TRUE_NETWORK_EDGE
CASE060,P0577,P0557,TRUE_NETWORK_EDGE
CASE060,P0577,P0730,TRUE_NETWORK_EDGE
CASE060,P0577,P0934,TRUE_NETWORK_EDGE
CASE060,P0577,P0529,TRUE_NETWORK_EDGE
CASE060,P0577,P0263,TRUE_NETWORK_EDGE
CASE060,P0577,P0381,TRUE_NETWORK_EDGE
CASE060,P0577,P0684,TRUE_NETWORK_EDGE
CASE060,P0577,P0981,TRUE_NETWORK_EDGE
CASE060,P0577,P0580,TRUE_NETWORK_EDGE
CASE060,P0577,P0550,TRUE_NETWORK_EDGE
CASE060,P0577,P0370,TRUE_NETWORK_EDGE
CASE060,P0577,P0830,TRUE_NETWORK_EDGE
CASE060,P0577,P0559,TRUE_NETWORK_EDGE
CASE060,P0577,P0851,TRUE_NETWORK_EDGE
CASE060,P0577,P0960,TRUE_NETWORK_EDGE
CASE060,P0577,P0494,TRUE_NETWORK_EDGE
CASE060,P0577,P0697,TRUE_NETWORK_EDGE
CASE060,P0577,P0241,TRUE_NETWORK_EDGE
CASE061,P0353,P0432,TRUE_NETWORK_EDGE
CASE061,P0432,P0035,TRUE_NETWORK_EDGE
CASE061,P0035,P0715,TRUE_NETWORK_EDGE
CASE061,P0715,P0133,TRUE_NETWORK_EDGE
CASE061,P0133,P0497,TRUE_NETWORK_EDGE
CASE061,P0497,P0879,TRUE_NETWORK_EDGE
CASE061,P0879,P0661,TRUE_NETWORK_EDGE
CASE061,P0661,P0414,TRUE_NETWORK_EDGE
CASE061,P0414,P0198,TRUE_NETWORK_EDGE
CASE061,P0198,P0474,TRUE_NETWORK_EDGE
CASE061,P0474,P0115,TRUE_NETWORK_EDGE
CASE061,P0115,P0411,TRUE_NETWORK_EDGE
CASE061,P0411,P0617,TRUE_NETWORK_EDGE
CASE061,P0617,P0711,TRUE_NETWORK_EDGE
CASE061,P0711,P0493,TRUE_NETWORK_EDGE
CASE061,P0493,P0549,TRUE_NETWORK_EDGE
CASE061,P0549,P0899,TRUE_NETWORK_EDGE
CASE061,P0899,P0294,TRUE_NETWORK_EDGE
CASE061,P0294,P0839,TRUE_NETWORK_EDGE
CASE061,P0839,P0961,TRUE_NETWORK_EDGE
CASE061,P0961,P0345,TRUE_NETWORK_EDGE
CASE061,P0345,P0826,TRUE_NETWORK_EDGE
CASE061,P0826,P0544,TRUE_NETWORK_EDGE
CASE061,P0544,P0923,TRUE_NETWORK_EDGE
CASE061,P0923,P0933,TRUE_NETWORK_EDGE
CASE061,P0933,P0492,TRUE_NETWORK_EDGE
CASE061,P0492,P0050,TRUE_NETWORK_EDGE
CASE061,P0050,P0456,TRUE_NETWORK_EDGE
CASE061,P0456,P0116,TRUE_NETWORK_EDGE
CASE061,P0116,P0356,TRUE_NETWORK_EDGE
CASE061,P0356,P0363,TRUE_NETWORK_EDGE
CASE061,P0363,P0908,TRUE_NETWORK_EDGE
CASE061,P0908,P0072,TRUE_NETWORK_EDGE
CASE061,P0072,P0752,TRUE_NETWORK_EDGE
CASE061,P0752,P0996,TRUE_NETWORK_EDGE
CASE061,P0996,P0399,TRUE_NETWORK_EDGE
CASE061,P0399,P0855,TRUE_NETWORK_EDGE
CASE061,P0855,P0114,TRUE_NETWORK_EDGE
CASE061,P0114,P0800,TRUE_NETWORK_EDGE
CASE061,P0800,P0136,TRUE_NETWORK_EDGE
CASE061,P0136,P0001,TRUE_NETWORK_EDGE
CASE061,P0001,P0510,TRUE_NETWORK_EDGE
CASE061,P0510,P0371,TRUE_NETWORK_EDGE
CASE061,P0371,P0620,TRUE_NETWORK_EDGE
CASE061,P0620,P0272,TRUE_NETWORK_EDGE
CASE061,P0272,P0288,TRUE_NETWORK_EDGE
CASE061,P0288,P0346,TRUE_NETWORK_EDGE
CASE061,P0346,P0816,TRUE_NETWORK_EDGE
CASE061,P0816,P0331,TRUE_NETWORK_EDGE
CASE061,P0331,P0103,TRUE_NETWORK_EDGE
CASE061,P0103,P0968,TRUE_NETWORK_EDGE
CASE061,P0968,P0779,TRUE_NETWORK_EDGE
CASE061,P0779,P0350,TRUE_NETWORK_EDGE
CASE061,P0350,P0298,TRUE_NETWORK_EDGE
CASE061,P0298,P0370,TRUE_NETWORK_EDGE
CASE061,P0370,P0023,TRUE_NETWORK_EDGE
CASE061,P0023,P0631,TRUE_NETWORK_EDGE
CASE061,P0631,P0650,TRUE_NETWORK_EDGE
CASE061,P0650,P0327,TRUE_NETWORK_EDGE
CASE061,P0327,P0459,TRUE_NETWORK_EDGE
CASE061,P0459,P0890,TRUE_NETWORK_EDGE
CASE061,P0890,P0725,TRUE_NETWORK_EDGE
CASE061,P0725,P0766,TRUE_NETWORK_EDGE
CASE061,P0766,P0902,TRUE_NETWORK_EDGE
CASE061,P0902,P0049,TRUE_NETWORK_EDGE
CASE061,P0049,P0280,TRUE_NETWORK_EDGE
CASE061,P0280,P0435,TRUE_NETWORK_EDGE
CASE061,P0435,P0501,TRUE_NETWORK_EDGE
CASE061,P0501,P0740,TRUE_NETWORK_EDGE
CASE061,P0740,P0601,TRUE_NETWORK_EDGE
CASE061,P0601,P0379,TRUE_NETWORK_EDGE
CASE061,P0379,P0821,TRUE_NETWORK_EDGE
CASE061,P0821,P0321,TRUE_NETWORK_EDGE
CASE062,P0901,P0794,TRUE_NETWORK_EDGE
CASE062,P0794,P0314,TRUE_NETWORK_EDGE
CASE062,P0314,P0463,TRUE_NETWORK_EDGE
CASE062,P0463,P0366,TRUE_NETWORK_EDGE
CASE062,P0366,P0108,TRUE_NETWORK_EDGE
CASE062,P0108,P0757,TRUE_NETWORK_EDGE
CASE062,P0757,P0456,TRUE_NETWORK_EDGE
CASE062,P0456,P0200,TRUE_NETWORK_EDGE
CASE062,P0200,P0824,TRUE_NETWORK_EDGE
CASE062,P0824,P0363,TRUE_NETWORK_EDGE
CASE062,P0363,P0980,TRUE_NETWORK_EDGE
CASE062,P0980,P0895,TRUE_NETWORK_EDGE
CASE062,P0895,P0328,TRUE_NETWORK_EDGE
CASE062,P0328,P0519,TRUE_NETWORK_EDGE
CASE062,P0519,P0664,TRUE_NETWORK_EDGE
CASE062,P0664,P0816,TRUE_NETWORK_EDGE
CASE062,P0816,P0782,TRUE_NETWORK_EDGE
CASE062,P0782,P0199,TRUE_NETWORK_EDGE
CASE062,P0199,P0070,TRUE_NETWORK_EDGE
CASE062,P0070,P0359,TRUE_NETWORK_EDGE
CASE062,P0359,P0053,TRUE_NETWORK_EDGE
CASE062,P0053,P0287,TRUE_NETWORK_EDGE
CASE062,P0287,P0653,TRUE_NETWORK_EDGE
CASE062,P0653,P0915,TRUE_NETWORK_EDGE
CASE062,P0915,P0446,TRUE_NETWORK_EDGE
CASE062,P0446,P0112,TRUE_NETWORK_EDGE
CASE062,P0112,P0297,TRUE_NETWORK_EDGE
CASE062,P0297,P0060,TRUE_NETWORK_EDGE
CASE062,P0060,P0996,TRUE_NETWORK_EDGE
CASE062,P0996,P0806,TRUE_NETWORK_EDGE
CASE062,P0806,P0404,TRUE_NETWORK_EDGE
CASE062,P0404,P0345,TRUE_NETWORK_EDGE
CASE062,P0345,P0280,TRUE_NETWORK_EDGE
CASE062,P0280,P0853,TRUE_NETWORK_EDGE
CASE062,P0853,P0370,TRUE_NETWORK_EDGE
CASE062,P0370,P0288,TRUE_NETWORK_EDGE
CASE062,P0288,P0395,TRUE_NETWORK_EDGE
CASE062,P0395,P0181,TRUE_NETWORK_EDGE
CASE062,P0181,P0875,TRUE_NETWORK_EDGE
CASE062,P0875,P0469,TRUE_NETWORK_EDGE
CASE062,P0469,P0969,TRUE_NETWORK_EDGE
CASE062,P0969,P0544,TRUE_NETWORK_EDGE
CASE062,P0544,P0625,TRUE_NETWORK_EDGE
CASE063,P0471,P0116,TRUE_NETWORK_EDGE
CASE063,P0148,P0272,TRUE_NETWORK_EDGE
CASE063,P0148,P0694,TRUE_NETWORK_EDGE
CASE063,P0471,P0229,TRUE_NETWORK_EDGE
CASE063,P0471,P0005,TRUE_NETWORK_EDGE
CASE063,P0148,P0017,TRUE_NETWORK_EDGE
CASE063,P0148,P0124,TRUE_NETWORK_EDGE
CASE063,P0148,P0545,TRUE_NETWORK_EDGE
CASE063,P0471,P0707,TRUE_NETWORK_EDGE
CASE063,P0148,P0223,TRUE_NETWORK_EDGE
CASE063,P0148,P0390,TRUE_NETWORK_EDGE
CASE063,P0148,P0659,TRUE_NETWORK_EDGE
CASE063,P0148,P0806,TRUE_NETWORK_EDGE
CASE063,P0471,P0607,TRUE_NETWORK_EDGE
CASE063,P0148,P0689,TRUE_NETWORK_EDGE
CASE063,P0148,P0307,TRUE_NETWORK_EDGE
CASE063,P0148,P0448,TRUE_NETWORK_EDGE
CASE063,P0148,P0064,TRUE_NETWORK_EDGE
CASE063,P0471,P0999,TRUE_NETWORK_EDGE
CASE063,P0471,P0431,TRUE_NETWORK_EDGE
CASE063,P0148,P0484,TRUE_NETWORK_EDGE
CASE063,P0148,P0812,TRUE_NETWORK_EDGE
CASE063,P0471,P0370,TRUE_NETWORK_EDGE
CASE063,P0471,P0168,TRUE_NETWORK_EDGE
CASE063,P0148,P0289,TRUE_NETWORK_EDGE
CASE063,P0148,P0930,TRUE_NETWORK_EDGE
CASE063,P0148,P0306,TRUE_NETWORK_EDGE
CASE063,P0471,P0027,TRUE_NETWORK_EDGE
CASE063,P0471,P0611,TRUE_NETWORK_EDGE
CASE063,P0471,P0986,TRUE_NETWORK_EDGE
CASE063,P0148,P0145,TRUE_NETWORK_EDGE
CASE063,P0471,P0469,TRUE_NETWORK_EDGE
CASE063,P0471,P0630,TRUE_NETWORK_EDGE
CASE063,P0148,P0451,TRUE_NETWORK_EDGE
CASE063,P0148,P0575,TRUE_NETWORK_EDGE
CASE063,P0471,P0216,TRUE_NETWORK_EDGE
CASE063,P0148,P0135,TRUE_NETWORK_EDGE
CASE063,P0471,P0646,TRUE_NETWORK_EDGE
CASE063,P0471,P0947,TRUE_NETWORK_EDGE
CASE063,P0148,P0861,TRUE_NETWORK_EDGE
CASE063,P0471,P0499,TRUE_NETWORK_EDGE
CASE063,P0148,P0786,TRUE_NETWORK_EDGE
CASE063,P0148,P0134,TRUE_NETWORK_EDGE
CASE063,P0148,P0350,TRUE_NETWORK_EDGE
CASE063,P0471,P0001,TRUE_NETWORK_EDGE
CASE063,P0148,P0206,TRUE_NETWORK_EDGE
CASE063,P0471,P0282,TRUE_NETWORK_EDGE
CASE063,P0148,P0173,TRUE_NETWORK_EDGE
CASE063,P0148,P0189,TRUE_NETWORK_EDGE
CASE063,P0148,P0943,TRUE_NETWORK_EDGE
CASE063,P0471,P0388,TRUE_NETWORK_EDGE
CASE063,P0148,P0601,TRUE_NETWORK_EDGE
CASE063,P0148,P0746,TRUE_NETWORK_EDGE
CASE063,P0148,P0615,TRUE_NETWORK_EDGE
CASE063,P0148,P0973,TRUE_NETWORK_EDGE
CASE063,P0148,P0164,TRUE_NETWORK_EDGE
CASE064,P0753,P0462,TRUE_NETWORK_EDGE
CASE064,P0753,P0488,TRUE_NETWORK_EDGE
CASE064,P0753,P0568,TRUE_NETWORK_EDGE
CASE064,P0753,P0519,TRUE_NETWORK_EDGE
CASE064,P0753,P0169,TRUE_NETWORK_EDGE
CASE064,P0753,P0848,TRUE_NETWORK_EDGE
CASE065,P0790,P0401,TRUE_NETWORK_EDGE
CASE065,P0790,P0795,TRUE_NETWORK_EDGE
CASE065,P0560,P0015,TRUE_NETWORK_EDGE
CASE065,P0790,P0598,TRUE_NETWORK_EDGE
CASE065,P0560,P0561,TRUE_NETWORK_EDGE
CASE066,P0778,P0180,TRUE_NETWORK_EDGE
CASE066,P0180,P0743,TRUE_NETWORK_EDGE
CASE066,P0743,P0845,TRUE_NETWORK_EDGE
CASE066,P0845,P0956,TRUE_NETWORK_EDGE
CASE066,P0956,P0648,TRUE_NETWORK_EDGE
CASE066,P0648,P0368,TRUE_NETWORK_EDGE
CASE066,P0368,P0148,TRUE_NETWORK_EDGE
CASE066,P0148,P0853,TRUE_NETWORK_EDGE
CASE066,P0853,P0809,TRUE_NETWORK_EDGE
CASE066,P0809,P0942,TRUE_NETWORK_EDGE
CASE066,P0942,P0389,TRUE_NETWORK_EDGE
CASE066,P0389,P0940,TRUE_NETWORK_EDGE
CASE066,P0940,P0606,TRUE_NETWORK_EDGE
CASE066,P0606,P0789,TRUE_NETWORK_EDGE
CASE066,P0789,P0132,TRUE_NETWORK_EDGE
CASE066,P0132,P0274,TRUE_NETWORK_EDGE
CASE066,P0274,P0859,TRUE_NETWORK_EDGE
CASE066,P0859,P0213,TRUE_NETWORK_EDGE
CASE066,P0213,P0450,TRUE_NETWORK_EDGE
CASE066,P0450,P0107,TRUE_NETWORK_EDGE
CASE066,P0107,P0153,TRUE_NETWORK_EDGE
CASE066,P0153,P0932,TRUE_NETWORK_EDGE
CASE066,P0932,P0101,TRUE_NETWORK_EDGE
CASE066,P0101,P0248,TRUE_NETWORK_EDGE
CASE066,P0248,P0090,TRUE_NETWORK_EDGE
CASE066,P0090,P0141,TRUE_NETWORK_EDGE
CASE066,P0141,P0189,TRUE_NETWORK_EDGE
CASE066,P0189,P0601,TRUE_NETWORK_EDGE
CASE066,P0601,P0725,TRUE_NETWORK_EDGE
CASE066,P0725,P0405,TRUE_NETWORK_EDGE
CASE066,P0405,P0750,TRUE_NETWORK_EDGE
CASE066,P0750,P0688,TRUE_NETWORK_EDGE
CASE066,P0688,P0724,TRUE_NETWORK_EDGE
CASE066,P0724,P0957,TRUE_NETWORK_EDGE
CASE066,P0957,P0830,TRUE_NETWORK_EDGE
CASE066,P0830,P0930,TRUE_NETWORK_EDGE
CASE066,P0930,P0113,TRUE_NETWORK_EDGE
CASE066,P0113,P0171,TRUE_NETWORK_EDGE
CASE066,P0171,P0475,TRUE_NETWORK_EDGE
CASE066,P0475,P0104,TRUE_NETWORK_EDGE
CASE066,P0104,P0379,TRUE_NETWORK_EDGE
CASE066,P0379,P0850,TRUE_NETWORK_EDGE
CASE066,P0850,P0584,TRUE_NETWORK_EDGE
CASE066,P0584,P0580,TRUE_NETWORK_EDGE
CASE066,P0580,P0055,TRUE_NETWORK_EDGE
CASE066,P0055,P0410,TRUE_NETWORK_EDGE
CASE066,P0410,P0795,TRUE_NETWORK_EDGE
CASE066,P0795,P0501,TRUE_NETWORK_EDGE
CASE066,P0501,P0543,TRUE_NETWORK_EDGE
CASE066,P0543,P0391,TRUE_NETWORK_EDGE
CASE066,P0391,P0432,TRUE_NETWORK_EDGE
CASE066,P0432,P0498,TRUE_NETWORK_EDGE
CASE066,P0498,P0669,TRUE_NETWORK_EDGE
CASE066,P0669,P0441,TRUE_NETWORK_EDGE
CASE066,P0441,P0121,TRUE_NETWORK_EDGE
CASE066,P0121,P0713,TRUE_NETWORK_EDGE
CASE066,P0713,P0969,TRUE_NETWORK_EDGE
CASE066,P0969,P0697,TRUE_NETWORK_EDGE
CASE066,P0697,P0878,TRUE_NETWORK_EDGE
CASE066,P0878,P0444,TRUE_NETWORK_EDGE
CASE066,P0444,P0357,TRUE_NETWORK_EDGE
CASE066,P0357,P0784,TRUE_NETWORK_EDGE
CASE066,P0784,P0964,TRUE_NETWORK_EDGE
CASE066,P0964,P0553,TRUE_NETWORK_EDGE
CASE066,P0553,P0003,TRUE_NETWORK_EDGE
CASE066,P0003,P0687,TRUE_NETWORK_EDGE
CASE066,P0687,P0469,TRUE_NETWORK_EDGE
CASE066,P0469,P0806,TRUE_NETWORK_EDGE
CASE066,P0806,P0159,TRUE_NETWORK_EDGE
CASE066,P0159,P0671,TRUE_NETWORK_EDGE
CASE067,P0156,P0258,TRUE_NETWORK_EDGE
CASE068,P0763,P0309,TRUE_NETWORK_EDGE
CASE068,P0309,P0622,TRUE_NETWORK_EDGE
CASE068,P0622,P0267,TRUE_NETWORK_EDGE
CASE068,P0267,P0115,TRUE_NETWORK_EDGE
CASE068,P0115,P0932,TRUE_NETWORK_EDGE
CASE068,P0932,P0068,TRUE_NETWORK_EDGE
CASE068,P0068,P0333,TRUE_NETWORK_EDGE
CASE068,P0333,P0721,TRUE_NETWORK_EDGE
CASE068,P0721,P0225,TRUE_NETWORK_EDGE
CASE068,P0225,P0107,TRUE_NETWORK_EDGE
CASE068,P0107,P0089,TRUE_NETWORK_EDGE
CASE068,P0089,P0994,TRUE_NETWORK_EDGE
CASE068,P0994,P0845,TRUE_NETWORK_EDGE
CASE068,P0845,P0923,TRUE_NETWORK_EDGE
CASE068,P0923,P0795,TRUE_NETWORK_EDGE
CASE068,P0795,P0280,TRUE_NETWORK_EDGE
CASE068,P0280,P0051,TRUE_NETWORK_EDGE
CASE068,P0051,P0510,TRUE_NETWORK_EDGE
CASE068,P0510,P0971,TRUE_NETWORK_EDGE
CASE068,P0971,P0238,TRUE_NETWORK_EDGE
CASE068,P0238,P0262,TRUE_NETWORK_EDGE
CASE068,P0262,P0724,TRUE_NETWORK_EDGE
CASE068,P0724,P0103,TRUE_NETWORK_EDGE
CASE068,P0103,P0712,TRUE_NETWORK_EDGE
CASE068,P0712,P0788,TRUE_NETWORK_EDGE
CASE068,P0788,P0980,TRUE_NETWORK_EDGE
CASE068,P0980,P0512,TRUE_NETWORK_EDGE
CASE068,P0512,P0989,TRUE_NETWORK_EDGE
CASE068,P0989,P0571,TRUE_NETWORK_EDGE
CASE068,P0571,P0939,TRUE_NETWORK_EDGE
CASE069,P0195,P0846,TRUE_NETWORK_EDGE
CASE069,P0195,P0914,TRUE_NETWORK_EDGE
CASE069,P0195,P0906,TRUE_NETWORK_EDGE
CASE069,P0195,P0326,TRUE_NETWORK_EDGE
CASE069,P0195,P0180,TRUE_NETWORK_EDGE
CASE069,P0195,P0737,TRUE_NETWORK_EDGE
CASE069,P0195,P0212,TRUE_NETWORK_EDGE
CASE069,P0195,P0700,TRUE_NETWORK_EDGE
CASE069,P0195,P0757,TRUE_NETWORK_EDGE
CASE069,P0195,P0550,TRUE_NETWORK_EDGE
CASE069,P0195,P0016,TRUE_NETWORK_EDGE
CASE069,P0195,P0293,TRUE_NETWORK_EDGE
CASE069,P0195,P0998,TRUE_NETWORK_EDGE
CASE069,P0195,P0919,TRUE_NETWORK_EDGE
CASE069,P0195,P0079,TRUE_NETWORK_EDGE
CASE070,P0300,P0357,TRUE_NETWORK_EDGE
CASE070,P0357,P0270,TRUE_NETWORK_EDGE
CASE070,P0270,P0738,TRUE_NETWORK_EDGE
CASE070,P0738,P0469,TRUE_NETWORK_EDGE
CASE070,P0469,P0262,TRUE_NETWORK_EDGE
CASE070,P0262,P0663,TRUE_NETWORK_EDGE
CASE070,P0663,P0084,TRUE_NETWORK_EDGE
CASE070,P0084,P0861,TRUE_NETWORK_EDGE
CASE070,P0861,P0128,TRUE_NETWORK_EDGE
CASE070,P0128,P0853,TRUE_NETWORK_EDGE
CASE070,P0853,P0710,TRUE_NETWORK_EDGE
CASE070,P0710,P0418,TRUE_NETWORK_EDGE
CASE070,P0418,P0212,TRUE_NETWORK_EDGE
CASE070,P0212,P0563,TRUE_NETWORK_EDGE
CASE070,P0563,P0766,TRUE_NETWORK_EDGE
CASE070,P0766,P0240,TRUE_NETWORK_EDGE
CASE070,P0240,P0510,TRUE_NETWORK_EDGE
CASE070,P0510,P0175,TRUE_NETWORK_EDGE
CASE070,P0175,P0770,TRUE_NETWORK_EDGE
CASE070,P0770,P0383,TRUE_NETWORK_EDGE
CASE070,P0383,P0430,TRUE_NETWORK_EDGE
CASE070,P0430,P0980,TRUE_NETWORK_EDGE
CASE070,P0980,P0316,TRUE_NETWORK_EDGE
CASE071,P0662,P0023,TRUE_NETWORK_EDGE
CASE071,P0023,P0683,TRUE_NETWORK_EDGE
CASE071,P0683,P0693,TRUE_NETWORK_EDGE
CASE071,P0693,P0061,TRUE_NETWORK_EDGE
CASE071,P0061,P0175,TRUE_NETWORK_EDGE
CASE071,P0175,P0665,TRUE_NETWORK_EDGE
CASE071,P0665,P0341,TRUE_NETWORK_EDGE
CASE071,P0341,P0206,TRUE_NETWORK_EDGE
CASE071,P0206,P0737,TRUE_NETWORK_EDGE
CASE071,P0737,P0924,TRUE_NETWORK_EDGE
CASE071,P0924,P0518,TRUE_NETWORK_EDGE
CASE071,P0518,P0482,TRUE_NETWORK_EDGE
CASE071,P0482,P0990,TRUE_NETWORK_EDGE
CASE071,P0990,P0549,TRUE_NETWORK_EDGE
CASE071,P0549,P0689,TRUE_NETWORK_EDGE
CASE071,P0689,P0126,TRUE_NETWORK_EDGE
CASE071,P0126,P0736,TRUE_NETWORK_EDGE
CASE071,P0736,P0286,TRUE_NETWORK_EDGE
CASE071,P0286,P0954,TRUE_NETWORK_EDGE
CASE071,P0954,P0197,TRUE_NETWORK_EDGE
CASE071,P0197,P0059,TRUE_NETWORK_EDGE
CASE071,P0059,P0072,TRUE_NETWORK_EDGE
CASE071,P0072,P0314,TRUE_NETWORK_EDGE
CASE071,P0314,P0459,TRUE_NETWORK_EDGE
CASE071,P0459,P0998,TRUE_NETWORK_EDGE
CASE071,P0998,P0419,TRUE_NETWORK_EDGE
CASE071,P0419,P0310,TRUE_NETWORK_EDGE
CASE071,P0310,P0401,TRUE_NETWORK_EDGE
CASE071,P0401,P0484,TRUE_NETWORK_EDGE
CASE071,P0484,P0381,TRUE_NETWORK_EDGE
CASE071,P0381,P0724,TRUE_NETWORK_EDGE
CASE071,P0724,P0232,TRUE_NETWORK_EDGE
CASE071,P0232,P0437,TRUE_NETWORK_EDGE
CASE071,P0437,P0378,TRUE_NETWORK_EDGE
CASE071,P0378,P0553,TRUE_NETWORK_EDGE
CASE071,P0553,P0499,TRUE_NETWORK_EDGE
CASE071,P0499,P0411,TRUE_NETWORK_EDGE
CASE071,P0411,P0649,TRUE_NETWORK_EDGE
CASE071,P0649,P0651,TRUE_NETWORK_EDGE
CASE071,P0651,P0057,TRUE_NETWORK_EDGE
CASE071,P0057,P0745,TRUE_NETWORK_EDGE
CASE071,P0745,P0508,TRUE_NETWORK_EDGE
CASE072,P0958,P0650,TRUE_NETWORK_EDGE
CASE072,P0958,P0172,TRUE_NETWORK_EDGE
CASE072,P0958,P0938,TRUE_NETWORK_EDGE
CASE072,P0958,P0663,TRUE_NETWORK_EDGE
CASE072,P0958,P0019,TRUE_NETWORK_EDGE
CASE072,P0958,P0615,TRUE_NETWORK_EDGE
CASE072,P0958,P0450,TRUE_NETWORK_EDGE
CASE072,P0958,P0935,TRUE_NETWORK_EDGE
CASE072,P0958,P0869,TRUE_NETWORK_EDGE
CASE072,P0958,P0825,TRUE_NETWORK_EDGE
CASE072,P0958,P0837,TRUE_NETWORK_EDGE
CASE072,P0958,P0336,TRUE_NETWORK_EDGE
CASE072,P0958,P0323,TRUE_NETWORK_EDGE
CASE072,P0958,P0751,TRUE_NETWORK_EDGE
CASE072,P0958,P0051,TRUE_NETWORK_EDGE
CASE072,P0958,P0281,TRUE_NETWORK_EDGE
CASE072,P0958,P0004,TRUE_NETWORK_EDGE
CASE072,P0958,P0261,TRUE_NETWORK_EDGE
CASE072,P0958,P0295,TRUE_NETWORK_EDGE
CASE072,P0958,P0489,TRUE_NETWORK_EDGE
CASE072,P0958,P0401,TRUE_NETWORK_EDGE
CASE072,P0958,P0319,TRUE_NETWORK_EDGE
CASE072,P0958,P0691,TRUE_NETWORK_EDGE
CASE072,P0958,P0379,TRUE_NETWORK_EDGE
CASE072,P0958,P0757,TRUE_NETWORK_EDGE
CASE072,P0958,P0906,TRUE_NETWORK_EDGE
CASE072,P0958,P0808,TRUE_NETWORK_EDGE
CASE072,P0958,P0070,TRUE_NETWORK_EDGE
CASE072,P0958,P0377,TRUE_NETWORK_EDGE
CASE072,P0958,P0754,TRUE_NETWORK_EDGE
CASE072,P0958,P0169,TRUE_NETWORK_EDGE
CASE072,P0958,P0146,TRUE_NETWORK_EDGE
CASE072,P0958,P0769,TRUE_NETWORK_EDGE
CASE072,P0958,P0604,TRUE_NETWORK_EDGE
CASE072,P0958,P0164,TRUE_NETWORK_EDGE
CASE072,P0958,P0592,TRUE_NETWORK_EDGE
CASE072,P0958,P0636,TRUE_NETWORK_EDGE
CASE072,P0958,P0214,TRUE_NETWORK_EDGE
CASE072,P0958,P0047,TRUE_NETWORK_EDGE
CASE072,P0958,P0767,TRUE_NETWORK_EDGE
CASE072,P0958,P0588,TRUE_NETWORK_EDGE
CASE072,P0958,P0240,TRUE_NETWORK_EDGE
CASE072,P0958,P0687,TRUE_NETWORK_EDGE
CASE072,P0958,P0010,TRUE_NETWORK_EDGE
CASE072,P0958,P0968,TRUE_NETWORK_EDGE
CASE072,P0958,P0599,TRUE_NETWORK_EDGE
CASE072,P0958,P0764,TRUE_NETWORK_EDGE
CASE072,P0958,P0887,TRUE_NETWORK_EDGE
CASE072,P0958,P0048,TRUE_NETWORK_EDGE
CASE072,P0958,P0290,TRUE_NETWORK_EDGE
CASE072,P0958,P0882,TRUE_NETWORK_EDGE
CASE072,P0958,P0955,TRUE_NETWORK_EDGE
CASE072,P0958,P0846,TRUE_NETWORK_EDGE
CASE072,P0958,P0883,TRUE_NETWORK_EDGE
CASE072,P0958,P0311,TRUE_NETWORK_EDGE
CASE072,P0958,P0834,TRUE_NETWORK_EDGE
CASE072,P0958,P0533,TRUE_NETWORK_EDGE
CASE072,P0958,P0920,TRUE_NETWORK_EDGE
CASE072,P0958,P0481,TRUE_NETWORK_EDGE
CASE072,P0958,P0541,TRUE_NETWORK_EDGE
CASE072,P0958,P0108,TRUE_NETWORK_EDGE
CASE072,P0958,P0473,TRUE_NETWORK_EDGE
CASE072,P0958,P0670,TRUE_NETWORK_EDGE
CASE072,P0958,P0403,TRUE_NETWORK_EDGE
CASE072,P0958,P0289,TRUE_NETWORK_EDGE
CASE072,P0958,P0013,TRUE_NETWORK_EDGE
CASE072,P0958,P0065,TRUE_NETWORK_EDGE
CASE073,P0664,P0450,TRUE_NETWORK_EDGE
CASE073,P0450,P0235,TRUE_NETWORK_EDGE
CASE073,P0235,P0286,TRUE_NETWORK_EDGE
CASE073,P0286,P0572,TRUE_NETWORK_EDGE
CASE073,P0572,P0955,TRUE_NETWORK_EDGE
CASE073,P0955,P0321,TRUE_NETWORK_EDGE
CASE073,P0321,P0455,TRUE_NETWORK_EDGE
CASE073,P0455,P0409,TRUE_NETWORK_EDGE
CASE073,P0409,P0640,TRUE_NETWORK_EDGE
CASE073,P0640,P0956,TRUE_NETWORK_EDGE
CASE073,P0956,P0904,TRUE_NETWORK_EDGE
CASE073,P0904,P0987,TRUE_NETWORK_EDGE
CASE073,P0987,P0189,TRUE_NETWORK_EDGE
CASE073,P0189,P0621,TRUE_NETWORK_EDGE
CASE073,P0621,P0830,TRUE_NETWORK_EDGE
CASE073,P0830,P0428,TRUE_NETWORK_EDGE
CASE073,P0428,P0547,TRUE_NETWORK_EDGE
CASE073,P0547,P0276,TRUE_NETWORK_EDGE
CASE073,P0358,P0036,TRUE_NETWORK_EDGE
CASE073,P0036,P0821,TRUE_NETWORK_EDGE
CASE073,P0821,P0673,TRUE_NETWORK_EDGE
CASE073,P0673,P0543,TRUE_NETWORK_EDGE
CASE073,P0543,P0711,TRUE_NETWORK_EDGE
CASE073,P0711,P0650,TRUE_NETWORK_EDGE
CASE073,P0650,P0143,TRUE_NETWORK_EDGE
CASE073,P0143,P0209,TRUE_NETWORK_EDGE
CASE073,P0209,P0086,TRUE_NETWORK_EDGE
CASE073,P0086,P0626,TRUE_NETWORK_EDGE
CASE073,P0626,P0954,TRUE_NETWORK_EDGE
CASE073,P0954,P0897,TRUE_NETWORK_EDGE
CASE073,P0897,P0581,TRUE_NETWORK_EDGE
CASE073,P0581,P0812,TRUE_NETWORK_EDGE
CASE073,P0812,P0055,TRUE_NETWORK_EDGE
CASE073,P0055,P0011,TRUE_NETWORK_EDGE
CASE073,P0011,P0600,TRUE_NETWORK_EDGE
CASE073,P0600,P0493,TRUE_NETWORK_EDGE
CASE073,P0493,P0994,TRUE_NETWORK_EDGE
CASE073,P0276,P0358,TRUE_NETWORK_EDGE
CASE074,P0884,P0056,TRUE_NETWORK_EDGE
CASE074,P0056,P0329,TRUE_NETWORK_EDGE
CASE074,P0329,P0251,TRUE_NETWORK_EDGE
CASE074,P0251,P0309,TRUE_NETWORK_EDGE
CASE074,P0309,P0036,TRUE_NETWORK_EDGE
CASE074,P0036,P0821,TRUE_NETWORK_EDGE
CASE074,P0821,P0040,TRUE_NETWORK_EDGE
CASE074,P0040,P0498,TRUE_NETWORK_EDGE
CASE074,P0498,P0317,TRUE_NETWORK_EDGE
CASE074,P0317,P0402,TRUE_NETWORK_EDGE
CASE074,P0402,P0875,TRUE_NETWORK_EDGE
CASE074,P0875,P0549,TRUE_NETWORK_EDGE
CASE074,P0549,P0964,TRUE_NETWORK_EDGE
CASE074,P0964,P0233,TRUE_NETWORK_EDGE
CASE074,P0233,P0250,TRUE_NETWORK_EDGE
CASE074,P0250,P0843,TRUE_NETWORK_EDGE
CASE074,P0843,P0909,TRUE_NETWORK_EDGE
CASE074,P0909,P0125,TRUE_NETWORK_EDGE
CASE074,P0125,P0734,TRUE_NETWORK_EDGE
CASE074,P0734,P0597,TRUE_NETWORK_EDGE
CASE074,P0597,P0838,TRUE_NETWORK_EDGE
CASE074,P0838,P0958,TRUE_NETWORK_EDGE
CASE074,P0958,P0683,TRUE_NETWORK_EDGE
CASE074,P0683,P0308,TRUE_NETWORK_EDGE
CASE074,P0308,P0577,TRUE_NETWORK_EDGE
CASE074,P0577,P0351,TRUE_NETWORK_EDGE
CASE074,P0351,P0057,TRUE_NETWORK_EDGE
CASE074,P0057,P0963,TRUE_NETWORK_EDGE
CASE074,P0963,P0935,TRUE_NETWORK_EDGE
CASE074,P0935,P0344,TRUE_NETWORK_EDGE
CASE074,P0344,P0916,TRUE_NETWORK_EDGE
CASE074,P0916,P0650,TRUE_NETWORK_EDGE
CASE074,P0650,P0401,TRUE_NETWORK_EDGE
CASE074,P0401,P0678,TRUE_NETWORK_EDGE
CASE074,P0678,P0372,TRUE_NETWORK_EDGE
CASE074,P0511,P0939,TRUE_NETWORK_EDGE
CASE074,P0939,P0934,TRUE_NETWORK_EDGE
CASE074,P0934,P0319,TRUE_NETWORK_EDGE
CASE074,P0319,P0803,TRUE_NETWORK_EDGE
CASE074,P0803,P0975,TRUE_NETWORK_EDGE
CASE074,P0975,P0887,TRUE_NETWORK_EDGE
CASE074,P0887,P0531,TRUE_NETWORK_EDGE
CASE074,P0531,P0374,TRUE_NETWORK_EDGE
CASE074,P0374,P0991,TRUE_NETWORK_EDGE
CASE074,P0991,P0147,TRUE_NETWORK_EDGE
CASE074,P0147,P0184,TRUE_NETWORK_EDGE
CASE074,P0184,P0508,TRUE_NETWORK_EDGE
CASE074,P0508,P0676,TRUE_NETWORK_EDGE
CASE074,P0676,P0016,TRUE_NETWORK_EDGE
CASE074,P0016,P0500,TRUE_NETWORK_EDGE
CASE074,P0500,P0273,TRUE_NETWORK_EDGE
CASE074,P0273,P0398,TRUE_NETWORK_EDGE
CASE074,P0398,P0910,TRUE_NETWORK_EDGE
CASE074,P0910,P0456,TRUE_NETWORK_EDGE
CASE074,P0456,P0830,TRUE_NETWORK_EDGE
CASE074,P0830,P0361,TRUE_NETWORK_EDGE
CASE074,P0361,P0264,TRUE_NETWORK_EDGE
CASE074,P0264,P0522,TRUE_NETWORK_EDGE
CASE074,P0522,P0285,TRUE_NETWORK_EDGE
CASE074,P0285,P0258,TRUE_NETWORK_EDGE
CASE074,P0258,P0217,TRUE_NETWORK_EDGE
CASE074,P0217,P0651,TRUE_NETWORK_EDGE
CASE074,P0651,P0845,TRUE_NETWORK_EDGE
CASE074,P0845,P0320,TRUE_NETWORK_EDGE
CASE074,P0320,P0529,TRUE_NETWORK_EDGE
CASE074,P0529,P0071,TRUE_NETWORK_EDGE
CASE074,P0071,P0536,TRUE_NETWORK_EDGE
CASE074,P0536,P0523,TRUE_NETWORK_EDGE
CASE074,P0523,P0978,TRUE_NETWORK_EDGE
CASE074,P0978,P0898,TRUE_NETWORK_EDGE
CASE074,P0372,P0511,TRUE_NETWORK_EDGE
CASE075,P0460,P0143,TRUE_NETWORK_EDGE
CASE075,P0571,P0143,TRUE_NETWORK_EDGE
CASE075,P0143,P0014,TRUE_NETWORK_EDGE
CASE075,P0474,P0014,TRUE_NETWORK_EDGE
CASE076,P0947,P0559,TRUE_NETWORK_EDGE
CASE076,P0101,P0771,TRUE_NETWORK_EDGE
CASE076,P0095,P0240,TRUE_NETWORK_EDGE
CASE077,P0664,P0775,TRUE_NETWORK_EDGE
CASE077,P0664,P0968,TRUE_NETWORK_EDGE
CASE077,P0775,P0968,TRUE_NETWORK_EDGE
CASE077,P0775,P0690,TRUE_NETWORK_EDGE
CASE077,P0968,P0690,TRUE_NETWORK_EDGE
CASE077,P0968,P0343,TRUE_NETWORK_EDGE
CASE077,P0690,P0343,TRUE_NETWORK_EDGE
CASE077,P0690,P0649,TRUE_NETWORK_EDGE
CASE077,P0343,P0649,TRUE_NETWORK_EDGE
CASE077,P0343,P0854,TRUE_NETWORK_EDGE
CASE077,P0649,P0854,TRUE_NETWORK_EDGE
CASE077,P0649,P0397,TRUE_NETWORK_EDGE
CASE077,P0854,P0397,TRUE_NETWORK_EDGE
CASE077,P0854,P0144,TRUE_NETWORK_EDGE
CASE077,P0397,P0144,TRUE_NETWORK_EDGE
CASE077,P0397,P0106,TRUE_NETWORK_EDGE
CASE077,P0144,P0106,TRUE_NETWORK_EDGE
CASE077,P0144,P0009,TRUE_NETWORK_EDGE
CASE077,P0106,P0009,TRUE_NETWORK_EDGE
CASE077,P0106,P0541,TRUE_NETWORK_EDGE
CASE077,P0009,P0541,TRUE_NETWORK_EDGE
CASE077,P0009,P0286,TRUE_NETWORK_EDGE
CASE077,P0541,P0286,TRUE_NETWORK_EDGE
CASE077,P0541,P0352,TRUE_NETWORK_EDGE
CASE077,P0286,P0352,TRUE_NETWORK_EDGE
CASE077,P0286,P0169,TRUE_NETWORK_EDGE
CASE077,P0352,P0169,TRUE_NETWORK_EDGE
CASE077,P0352,P0785,TRUE_NETWORK_EDGE
CASE077,P0169,P0785,TRUE_NETWORK_EDGE
CASE077,P0169,P0996,TRUE_NETWORK_EDGE
CASE077,P0785,P0996,TRUE_NETWORK_EDGE
CASE077,P0785,P0572,TRUE_NETWORK_EDGE
CASE077,P0996,P0572,TRUE_NETWORK_EDGE
CASE077,P0996,P0230,TRUE_NETWORK_EDGE
CASE077,P0572,P0230,TRUE_NETWORK_EDGE
CASE077,P0572,P0692,TRUE_NETWORK_EDGE
CASE077,P0230,P0692,TRUE_NETWORK_EDGE
CASE077,P0230,P0705,TRUE_NETWORK_EDGE
CASE077,P0692,P0705,TRUE_NETWORK_EDGE
CASE077,P0692,P0876,TRUE_NETWORK_EDGE
CASE077,P0705,P0876,TRUE_NETWORK_EDGE
CASE077,P0705,P0737,TRUE_NETWORK_EDGE
CASE077,P0876,P0737,TRUE_NETWORK_EDGE
CASE077,P0876,P0904,TRUE_NETWORK_EDGE
CASE077,P0737,P0904,TRUE_NETWORK_EDGE
CASE077,P0737,P0436,TRUE_NETWORK_EDGE
CASE077,P0904,P0436,TRUE_NETWORK_EDGE
CASE077,P0904,P0618,TRUE_NETWORK_EDGE
CASE077,P0436,P0618,TRUE_NETWORK_EDGE
CASE078,P0200,P0092,TRUE_NETWORK_EDGE
CASE078,P0092,P0346,TRUE_NETWORK_EDGE
CASE078,P0346,P0248,TRUE_NETWORK_EDGE
CASE078,P0248,P0856,TRUE_NETWORK_EDGE
CASE078,P0856,P0052,TRUE_NETWORK_EDGE
CASE078,P0052,P0832,TRUE_NETWORK_EDGE
CASE078,P0832,P0445,TRUE_NETWORK_EDGE
CASE078,P0445,P0107,TRUE_NETWORK_EDGE
CASE078,P0107,P0981,TRUE_NETWORK_EDGE
CASE078,P0981,P0801,TRUE_NETWORK_EDGE
CASE078,P0801,P0285,TRUE_NETWORK_EDGE
CASE078,P0285,P0148,TRUE_NETWORK_EDGE
CASE078,P0148,P0833,TRUE_NETWORK_EDGE
CASE078,P0833,P0691,TRUE_NETWORK_EDGE
CASE078,P0691,P0597,TRUE_NETWORK_EDGE
CASE078,P0597,P0864,TRUE_NETWORK_EDGE
CASE078,P0864,P0905,TRUE_NETWORK_EDGE
CASE078,P0905,P0612,TRUE_NETWORK_EDGE
CASE078,P0612,P0777,TRUE_NETWORK_EDGE
CASE078,P0777,P0295,TRUE_NETWORK_EDGE
CASE078,P0295,P0927,TRUE_NETWORK_EDGE
CASE078,P0927,P0619,TRUE_NETWORK_EDGE
CASE078,P0619,P0269,TRUE_NETWORK_EDGE
CASE078,P0269,P0325,TRUE_NETWORK_EDGE
CASE078,P0325,P0711,TRUE_NETWORK_EDGE
CASE078,P0711,P0725,TRUE_NETWORK_EDGE
CASE078,P0725,P0138,TRUE_NETWORK_EDGE
CASE078,P0536,P0985,TRUE_NETWORK_EDGE
CASE078,P0985,P0002,TRUE_NETWORK_EDGE
CASE078,P0002,P0270,TRUE_NETWORK_EDGE
CASE078,P0270,P0240,TRUE_NETWORK_EDGE
CASE078,P0240,P0868,TRUE_NETWORK_EDGE
CASE078,P0868,P0658,TRUE_NETWORK_EDGE
CASE078,P0658,P0524,TRUE_NETWORK_EDGE
CASE078,P0524,P0854,TRUE_NETWORK_EDGE
CASE078,P0854,P0489,TRUE_NETWORK_EDGE
CASE078,P0489,P0036,TRUE_NETWORK_EDGE
CASE078,P0036,P0160,TRUE_NETWORK_EDGE
CASE078,P0160,P0019,TRUE_NETWORK_EDGE
CASE078,P0019,P0694,TRUE_NETWORK_EDGE
CASE078,P0694,P0056,TRUE_NETWORK_EDGE
CASE078,P0056,P0796,TRUE_NETWORK_EDGE
CASE078,P0796,P0328,TRUE_NETWORK_EDGE
CASE078,P0328,P0222,TRUE_NETWORK_EDGE
CASE078,P0222,P0969,TRUE_NETWORK_EDGE
CASE078,P0969,P0010,TRUE_NETWORK_EDGE
CASE078,P0010,P0128,TRUE_NETWORK_EDGE
CASE078,P0128,P0561,TRUE_NETWORK_EDGE
CASE078,P0561,P0341,TRUE_NETWORK_EDGE
CASE078,P0341,P0618,TRUE_NETWORK_EDGE
CASE078,P0618,P0701,TRUE_NETWORK_EDGE
CASE078,P0701,P0474,TRUE_NETWORK_EDGE
CASE078,P0474,P0225,TRUE_NETWORK_EDGE
CASE078,P0225,P0719,TRUE_NETWORK_EDGE
CASE078,P0138,P0536,TRUE_NETWORK_EDGE
CASE079,P0701,P0139,TRUE_NETWORK_EDGE
CASE079,P0701,P0171,TRUE_NETWORK_EDGE
CASE079,P0701,P0267,TRUE_NETWORK_EDGE
CASE079,P0701,P0007,TRUE_NETWORK_EDGE
CASE079,P0701,P0313,TRUE_NETWORK_EDGE
CASE079,P0701,P0769,TRUE_NETWORK_EDGE
CASE079,P0701,P0451,TRUE_NETWORK_EDGE
CASE079,P0701,P0784,TRUE_NETWORK_EDGE
CASE079,P0701,P0108,TRUE_NETWORK_EDGE
CASE079,P0701,P0086,TRUE_NETWORK_EDGE
CASE079,P0701,P0204,TRUE_NETWORK_EDGE
CASE079,P0701,P0507,TRUE_NETWORK_EDGE
CASE079,P0701,P0832,TRUE_NETWORK_EDGE
CASE079,P0701,P0644,TRUE_NETWORK_EDGE
CASE079,P0701,P0837,TRUE_NETWORK_EDGE
CASE079,P0701,P0465,TRUE_NETWORK_EDGE
CASE079,P0701,P0594,TRUE_NETWORK_EDGE
CASE079,P0701,P0373,TRUE_NETWORK_EDGE
CASE079,P0701,P0867,TRUE_NETWORK_EDGE
CASE079,P0701,P0541,TRUE_NETWORK_EDGE
CASE079,P0701,P0066,TRUE_NETWORK_EDGE
CASE079,P0701,P0341,TRUE_NETWORK_EDGE
CASE079,P0701,P0670,TRUE_NETWORK_EDGE
CASE079,P0701,P0745,TRUE_NETWORK_EDGE
CASE079,P0701,P0210,TRUE_NETWORK_EDGE
CASE079,P0701,P0535,TRUE_NETWORK_EDGE
CASE079,P0701,P0704,TRUE_NETWORK_EDGE
CASE079,P0701,P0746,TRUE_NETWORK_EDGE
CASE079,P0701,P0286,TRUE_NETWORK_EDGE
CASE079,P0701,P0367,TRUE_NETWORK_EDGE
CASE079,P0701,P0028,TRUE_NETWORK_EDGE
CASE079,P0701,P0279,TRUE_NETWORK_EDGE
CASE080,P0303,P0779,TRUE_NETWORK_EDGE
CASE080,P0303,P0049,TRUE_NETWORK_EDGE
CASE080,P0303,P0997,TRUE_NETWORK_EDGE
CASE080,P0303,P0881,TRUE_NETWORK_EDGE
CASE080,P0303,P0869,TRUE_NETWORK_EDGE
CASE080,P0303,P0699,TRUE_NETWORK_EDGE
CASE080,P0303,P0105,TRUE_NETWORK_EDGE
CASE080,P0303,P0735,TRUE_NETWORK_EDGE
CASE080,P0303,P0155,TRUE_NETWORK_EDGE
CASE080,P0303,P0131,TRUE_NETWORK_EDGE
CASE080,P0303,P0322,TRUE_NETWORK_EDGE
CASE080,P0303,P0643,TRUE_NETWORK_EDGE
CASE080,P0303,P0026,TRUE_NETWORK_EDGE
CASE080,P0303,P0392,TRUE_NETWORK_EDGE
CASE081,P0582,P0548,TRUE_NETWORK_EDGE
CASE081,P0582,P0117,TRUE_NETWORK_EDGE
CASE081,P0548,P0117,TRUE_NETWORK_EDGE
CASE081,P0548,P0351,TRUE_NETWORK_EDGE
CASE081,P0117,P0351,TRUE_NETWORK_EDGE
CASE081,P0117,P0233,TRUE_NETWORK_EDGE
CASE081,P0351,P0233,TRUE_NETWORK_EDGE
CASE081,P0351,P0979,TRUE_NETWORK_EDGE
CASE081,P0233,P0979,TRUE_NETWORK_EDGE
CASE081,P0233,P0433,TRUE_NETWORK_EDGE
CASE081,P0979,P0433,TRUE_NETWORK_EDGE
CASE081,P0979,P0872,TRUE_NETWORK_EDGE
CASE081,P0433,P0872,TRUE_NETWORK_EDGE
CASE081,P0433,P0789,TRUE_NETWORK_EDGE
CASE081,P0872,P0789,TRUE_NETWORK_EDGE
CASE081,P0872,P0525,TRUE_NETWORK_EDGE
CASE081,P0789,P0525,TRUE_NETWORK_EDGE
CASE081,P0789,P0742,TRUE_NETWORK_EDGE
CASE081,P0525,P0742,TRUE_NETWORK_EDGE
CASE081,P0525,P0493,TRUE_NETWORK_EDGE
CASE081,P0742,P0493,TRUE_NETWORK_EDGE
CASE081,P0742,P0562,TRUE_NETWORK_EDGE
CASE081,P0493,P0562,TRUE_NETWORK_EDGE
CASE081,P0493,P0107,TRUE_NETWORK_EDGE
CASE081,P0562,P0107,TRUE_NETWORK_EDGE
CASE081,P0562,P0891,TRUE_NETWORK_EDGE
CASE081,P0107,P0891,TRUE_NETWORK_EDGE
CASE081,P0107,P0429,TRUE_NETWORK_EDGE
CASE081,P0891,P0429,TRUE_NETWORK_EDGE
CASE081,P0891,P0585,TRUE_NETWORK_EDGE
CASE081,P0429,P0585,TRUE_NETWORK_EDGE
CASE081,P0429,P0620,TRUE_NETWORK_EDGE
CASE081,P0585,P0620,TRUE_NETWORK_EDGE
CASE081,P0585,P0499,TRUE_NETWORK_EDGE
CASE081,P0620,P0499,TRUE_NETWORK_EDGE
CASE081,P0620,P0439,TRUE_NETWORK_EDGE
CASE081,P0499,P0439,TRUE_NETWORK_EDGE
CASE081,P0499,P0075,TRUE_NETWORK_EDGE
CASE081,P0439,P0075,TRUE_NETWORK_EDGE
CASE081,P0439,P0434,TRUE_NETWORK_EDGE
CASE081,P0075,P0434,TRUE_NETWORK_EDGE
CASE081,P0075,P0007,TRUE_NETWORK_EDGE
CASE081,P0434,P0007,TRUE_NETWORK_EDGE
CASE081,P0434,P0679,TRUE_NETWORK_EDGE
CASE081,P0007,P0679,TRUE_NETWORK_EDGE
CASE081,P0007,P0505,TRUE_NETWORK_EDGE
CASE081,P0679,P0505,TRUE_NETWORK_EDGE
CASE081,P0679,P0986,TRUE_NETWORK_EDGE
CASE081,P0505,P0986,TRUE_NETWORK_EDGE
CASE081,P0505,P0946,TRUE_NETWORK_EDGE
CASE081,P0986,P0946,TRUE_NETWORK_EDGE
CASE081,P0986,P0945,TRUE_NETWORK_EDGE
CASE081,P0946,P0945,TRUE_NETWORK_EDGE
CASE081,P0946,P0684,TRUE_NETWORK_EDGE
CASE081,P0945,P0684,TRUE_NETWORK_EDGE
CASE081,P0945,P0420,TRUE_NETWORK_EDGE
CASE081,P0684,P0420,TRUE_NETWORK_EDGE
CASE081,P0684,P0873,TRUE_NETWORK_EDGE
CASE081,P0420,P0873,TRUE_NETWORK_EDGE
CASE081,P0420,P0992,TRUE_NETWORK_EDGE
CASE081,P0873,P0992,TRUE_NETWORK_EDGE
CASE081,P0873,P0566,TRUE_NETWORK_EDGE
CASE081,P0992,P0566,TRUE_NETWORK_EDGE
CASE081,P0992,P0393,TRUE_NETWORK_EDGE
CASE081,P0566,P0393,TRUE_NETWORK_EDGE
CASE081,P0566,P0261,TRUE_NETWORK_EDGE
CASE081,P0393,P0261,TRUE_NETWORK_EDGE
CASE081,P0393,P0352,TRUE_NETWORK_EDGE
CASE081,P0261,P0352,TRUE_NETWORK_EDGE
CASE081,P0261,P0295,TRUE_NETWORK_EDGE
CASE081,P0352,P0295,TRUE_NETWORK_EDGE
CASE081,P0352,P0529,TRUE_NETWORK_EDGE
CASE081,P0295,P0529,TRUE_NETWORK_EDGE
CASE081,P0295,P0944,TRUE_NETWORK_EDGE
CASE081,P0529,P0944,TRUE_NETWORK_EDGE
CASE082,P0530,P0107,TRUE_NETWORK_EDGE
CASE082,P0107,P0243,TRUE_NETWORK_EDGE
CASE082,P0243,P0525,TRUE_NETWORK_EDGE
CASE082,P0525,P0534,TRUE_NETWORK_EDGE
CASE082,P0534,P0397,TRUE_NETWORK_EDGE
CASE082,P0397,P0701,TRUE_NETWORK_EDGE
CASE082,P0701,P0547,TRUE_NETWORK_EDGE
CASE082,P0547,P0433,TRUE_NETWORK_EDGE
CASE082,P0433,P0314,TRUE_NETWORK_EDGE
CASE082,P0314,P0862,TRUE_NETWORK_EDGE
CASE082,P0862,P0325,TRUE_NETWORK_EDGE
CASE082,P0325,P0042,TRUE_NETWORK_EDGE
CASE082,P0042,P0581,TRUE_NETWORK_EDGE
CASE082,P0581,P0284,TRUE_NETWORK_EDGE
CASE082,P0284,P0103,TRUE_NETWORK_EDGE
CASE082,P0103,P0186,TRUE_NETWORK_EDGE
CASE082,P0186,P0504,TRUE_NETWORK_EDGE
CASE082,P0504,P0138,TRUE_NETWORK_EDGE
CASE082,P0138,P0848,TRUE_NETWORK_EDGE
CASE082,P0848,P0404,TRUE_NETWORK_EDGE
CASE082,P0404,P0233,TRUE_NETWORK_EDGE
CASE082,P0233,P0614,TRUE_NETWORK_EDGE
CASE082,P0614,P0145,TRUE_NETWORK_EDGE
CASE082,P0145,P0116,TRUE_NETWORK_EDGE
CASE082,P0116,P0248,TRUE_NETWORK_EDGE
CASE082,P0248,P0528,TRUE_NETWORK_EDGE
CASE082,P0528,P0387,TRUE_NETWORK_EDGE
CASE082,P0387,P0255,TRUE_NETWORK_EDGE
CASE082,P0255,P0236,TRUE_NETWORK_EDGE
CASE082,P0236,P0279,TRUE_NETWORK_EDGE
CASE083,P0241,P0435,TRUE_NETWORK_EDGE
CASE083,P0241,P0827,TRUE_NETWORK_EDGE
CASE083,P0241,P0351,TRUE_NETWORK_EDGE
CASE083,P0241,P0549,TRUE_NETWORK_EDGE
CASE083,P0241,P0163,TRUE_NETWORK_EDGE
CASE083,P0241,P0277,TRUE_NETWORK_EDGE
CASE083,P0241,P0661,TRUE_NETWORK_EDGE
CASE083,P0241,P0371,TRUE_NETWORK_EDGE
CASE083,P0241,P0321,TRUE_NETWORK_EDGE
CASE083,P0241,P0929,TRUE_NETWORK_EDGE
CASE083,P0241,P0793,TRUE_NETWORK_EDGE
CASE083,P0241,P0259,TRUE_NETWORK_EDGE
CASE083,P0241,P0857,TRUE_NETWORK_EDGE
CASE083,P0241,P0278,TRUE_NETWORK_EDGE
CASE083,P0241,P0324,TRUE_NETWORK_EDGE
CASE083,P0241,P0415,TRUE_NETWORK_EDGE
CASE083,P0241,P0014,TRUE_NETWORK_EDGE
CASE083,P0241,P0066,TRUE_NETWORK_EDGE
CASE083,P0241,P0601,TRUE_NETWORK_EDGE
CASE083,P0241,P0671,TRUE_NETWORK_EDGE
CASE083,P0241,P0158,TRUE_NETWORK_EDGE
CASE083,P0241,P0229,TRUE_NETWORK_EDGE
CASE083,P0241,P0660,TRUE_NETWORK_EDGE
CASE083,P0241,P0288,TRUE_NETWORK_EDGE
CASE083,P0241,P0052,TRUE_NETWORK_EDGE
CASE083,P0241,P0850,TRUE_NETWORK_EDGE
CASE083,P0241,P0247,TRUE_NETWORK_EDGE
CASE084,P0647,P0862,TRUE_NETWORK_EDGE
CASE084,P0647,P0612,TRUE_NETWORK_EDGE
CASE084,P0862,P0612,TRUE_NETWORK_EDGE
CASE084,P0862,P0651,TRUE_NETWORK_EDGE
CASE084,P0612,P0651,TRUE_NETWORK_EDGE
CASE084,P0612,P0870,TRUE_NETWORK_EDGE
CASE084,P0651,P0870,TRUE_NETWORK_EDGE
CASE084,P0651,P0198,TRUE_NETWORK_EDGE
CASE084,P0870,P0198,TRUE_NETWORK_EDGE
CASE084,P0870,P0960,TRUE_NETWORK_EDGE
CASE084,P0198,P0960,TRUE_NETWORK_EDGE
CASE084,P0198,P0624,TRUE_NETWORK_EDGE
CASE084,P0960,P0624,TRUE_NETWORK_EDGE
CASE084,P0960,P0575,TRUE_NETWORK_EDGE
CASE084,P0624,P0575,TRUE_NETWORK_EDGE
CASE084,P0624,P0567,TRUE_NETWORK_EDGE
CASE084,P0575,P0567,TRUE_NETWORK_EDGE
CASE084,P0575,P0576,TRUE_NETWORK_EDGE
CASE084,P0567,P0576,TRUE_NETWORK_EDGE
CASE084,P0567,P0649,TRUE_NETWORK_EDGE
CASE084,P0576,P0649,TRUE_NETWORK_EDGE
CASE084,P0576,P0867,TRUE_NETWORK_EDGE
CASE084,P0649,P0867,TRUE_NETWORK_EDGE
CASE084,P0649,P0785,TRUE_NETWORK_EDGE
CASE084,P0867,P0785,TRUE_NETWORK_EDGE
CASE084,P0867,P0077,TRUE_NETWORK_EDGE
CASE084,P0785,P0077,TRUE_NETWORK_EDGE
CASE084,P0785,P0668,TRUE_NETWORK_EDGE
CASE084,P0077,P0668,TRUE_NETWORK_EDGE
CASE084,P0077,P0689,TRUE_NETWORK_EDGE
CASE084,P0668,P0689,TRUE_NETWORK_EDGE
CASE084,P0668,P0096,TRUE_NETWORK_EDGE
CASE084,P0689,P0096,TRUE_NETWORK_EDGE
CASE084,P0689,P0185,TRUE_NETWORK_EDGE
CASE084,P0096,P0185,TRUE_NETWORK_EDGE
CASE084,P0096,P0573,TRUE_NETWORK_EDGE
CASE084,P0185,P0573,TRUE_NETWORK_EDGE
CASE084,P0185,P0699,TRUE_NETWORK_EDGE
CASE084,P0573,P0699,TRUE_NETWORK_EDGE
CASE084,P0573,P0740,TRUE_NETWORK_EDGE
CASE084,P0699,P0740,TRUE_NETWORK_EDGE
CASE084,P0699,P0875,TRUE_NETWORK_EDGE
CASE084,P0740,P0875,TRUE_NETWORK_EDGE
CASE084,P0740,P0719,TRUE_NETWORK_EDGE
CASE084,P0875,P0719,TRUE_NETWORK_EDGE
CASE084,P0875,P0496,TRUE_NETWORK_EDGE
CASE084,P0719,P0496,TRUE_NETWORK_EDGE
CASE084,P0719,P0724,TRUE_NETWORK_EDGE
CASE084,P0496,P0724,TRUE_NETWORK_EDGE
CASE085,P0182,P0605,TRUE_NETWORK_EDGE
CASE085,P0605,P0957,TRUE_NETWORK_EDGE
CASE085,P0957,P0105,TRUE_NETWORK_EDGE
CASE085,P0105,P0426,TRUE_NETWORK_EDGE
CASE085,P0426,P0637,TRUE_NETWORK_EDGE
CASE085,P0637,P0577,TRUE_NETWORK_EDGE
CASE085,P0577,P0329,TRUE_NETWORK_EDGE
CASE085,P0329,P0158,TRUE_NETWORK_EDGE
CASE086,P0301,P0245,TRUE_NETWORK_EDGE
CASE086,P0245,P0771,TRUE_NETWORK_EDGE
CASE086,P0771,P0751,TRUE_NETWORK_EDGE
CASE086,P0751,P0445,TRUE_NETWORK_EDGE
CASE086,P0445,P0839,TRUE_NETWORK_EDGE
CASE086,P0839,P0020,TRUE_NETWORK_EDGE
CASE086,P0020,P0469,TRUE_NETWORK_EDGE
CASE086,P0469,P0513,TRUE_NETWORK_EDGE
CASE086,P0513,P0322,TRUE_NETWORK_EDGE
CASE086,P0322,P0106,TRUE_NETWORK_EDGE
CASE086,P0106,P0119,TRUE_NETWORK_EDGE
CASE086,P0119,P0690,TRUE_NETWORK_EDGE
CASE086,P0690,P0443,TRUE_NETWORK_EDGE
CASE087,P0359,P0826,TRUE_NETWORK_EDGE
CASE087,P0826,P0638,TRUE_NETWORK_EDGE
CASE087,P0857,P0754,TRUE_NETWORK_EDGE
CASE087,P0754,P0697,TRUE_NETWORK_EDGE
CASE087,P0697,P0024,TRUE_NETWORK_EDGE
CASE087,P0638,P0857,TRUE_NETWORK_EDGE
CASE088,P0651,P0187,TRUE_NETWORK_EDGE
CASE088,P0187,P0696,TRUE_NETWORK_EDGE
CASE088,P0696,P0813,TRUE_NETWORK_EDGE
CASE088,P0813,P0463,TRUE_NETWORK_EDGE
CASE088,P0463,P0985,TRUE_NETWORK_EDGE
CASE088,P0775,P0016,TRUE_NETWORK_EDGE
CASE088,P0016,P0759,TRUE_NETWORK_EDGE
CASE088,P0759,P0714,TRUE_NETWORK_EDGE
CASE088,P0714,P0825,TRUE_NETWORK_EDGE
CASE088,P0825,P0459,TRUE_NETWORK_EDGE
CASE088,P0459,P0279,TRUE_NETWORK_EDGE
CASE088,P0985,P0775,TRUE_NETWORK_EDGE
CASE089,P0172,P0777,TRUE_NETWORK_EDGE
CASE089,P0378,P0014,TRUE_NETWORK_EDGE
CASE089,P0014,P0051,TRUE_NETWORK_EDGE
CASE089,P0777,P0378,TRUE_NETWORK_EDGE
CASE090,P0906,P0623,TRUE_NETWORK_EDGE
CASE090,P0623,P0806,TRUE_NETWORK_EDGE
CASE090,P0806,P0749,TRUE_NETWORK_EDGE
CASE090,P0749,P0328,TRUE_NETWORK_EDGE
CASE090,P0328,P0643,TRUE_NETWORK_EDGE
CASE090,P0643,P0362,TRUE_NETWORK_EDGE
CASE090,P0362,P0482,TRUE_NETWORK_EDGE
CASE090,P0482,P0172,TRUE_NETWORK_EDGE
CASE090,P0172,P0645,TRUE_NETWORK_EDGE
CASE090,P0645,P0994,TRUE_NETWORK_EDGE
CASE090,P0994,P0560,TRUE_NETWORK_EDGE
CASE090,P0560,P0781,TRUE_NETWORK_EDGE
CASE090,P0781,P0263,TRUE_NETWORK_EDGE
CASE090,P0263,P0105,TRUE_NETWORK_EDGE
CASE090,P0105,P0962,TRUE_NETWORK_EDGE
CASE090,P0962,P0376,TRUE_NETWORK_EDGE
CASE090,P0376,P0545,TRUE_NETWORK_EDGE
CASE090,P0545,P0841,TRUE_NETWORK_EDGE
CASE090,P0841,P0316,TRUE_NETWORK_EDGE
CASE090,P0316,P0265,TRUE_NETWORK_EDGE
CASE090,P0265,P0534,TRUE_NETWORK_EDGE
CASE090,P0534,P0170,TRUE_NETWORK_EDGE
CASE090,P0170,P0700,TRUE_NETWORK_EDGE
CASE090,P0700,P0928,TRUE_NETWORK_EDGE
CASE090,P0928,P0533,TRUE_NETWORK_EDGE
CASE090,P0533,P0224,TRUE_NETWORK_EDGE
CASE090,P0224,P0758,TRUE_NETWORK_EDGE
CASE090,P0758,P0966,TRUE_NETWORK_EDGE
CASE090,P0966,P0840,TRUE_NETWORK_EDGE
CASE090,P0840,P0008,TRUE_NETWORK_EDGE
CASE090,P0008,P0486,TRUE_NETWORK_EDGE
CASE090,P0486,P0118,TRUE_NETWORK_EDGE
CASE090,P0118,P0015,TRUE_NETWORK_EDGE
CASE090,P0015,P0117,TRUE_NETWORK_EDGE
CASE090,P0117,P0581,TRUE_NETWORK_EDGE
CASE090,P0581,P0595,TRUE_NETWORK_EDGE
CASE090,P0746,P0633,TRUE_NETWORK_EDGE
CASE090,P0633,P0067,TRUE_NETWORK_EDGE
CASE090,P0067,P0507,TRUE_NETWORK_EDGE
CASE090,P0507,P0195,TRUE_NETWORK_EDGE
CASE090,P0195,P0986,TRUE_NETWORK_EDGE
CASE090,P0986,P0152,TRUE_NETWORK_EDGE
CASE090,P0152,P0524,TRUE_NETWORK_EDGE
CASE090,P0524,P0883,TRUE_NETWORK_EDGE
CASE090,P0883,P0222,TRUE_NETWORK_EDGE
CASE090,P0222,P0852,TRUE_NETWORK_EDGE
CASE090,P0852,P0721,TRUE_NETWORK_EDGE
CASE090,P0721,P0843,TRUE_NETWORK_EDGE
CASE090,P0843,P0449,TRUE_NETWORK_EDGE
CASE090,P0449,P0078,TRUE_NETWORK_EDGE
CASE090,P0078,P0961,TRUE_NETWORK_EDGE
CASE090,P0961,P0327,TRUE_NETWORK_EDGE
CASE090,P0327,P0663,TRUE_NETWORK_EDGE
CASE090,P0663,P0978,TRUE_NETWORK_EDGE
CASE090,P0978,P0814,TRUE_NETWORK_EDGE
CASE090,P0814,P0987,TRUE_NETWORK_EDGE
CASE090,P0987,P0336,TRUE_NETWORK_EDGE
CASE090,P0336,P0703,TRUE_NETWORK_EDGE
CASE090,P0703,P0651,TRUE_NETWORK_EDGE
CASE090,P0651,P0361,TRUE_NETWORK_EDGE
CASE090,P0361,P0750,TRUE_NETWORK_EDGE
CASE090,P0750,P0691,TRUE_NETWORK_EDGE
CASE090,P0691,P0847,TRUE_NETWORK_EDGE
CASE090,P0847,P0474,TRUE_NETWORK_EDGE
CASE090,P0474,P0257,TRUE_NETWORK_EDGE
CASE090,P0257,P0812,TRUE_NETWORK_EDGE
CASE090,P0812,P0086,TRUE_NETWORK_EDGE
CASE090,P0086,P0945,TRUE_NETWORK_EDGE
CASE090,P0945,P0348,TRUE_NETWORK_EDGE
CASE090,P0348,P0589,TRUE_NETWORK_EDGE
CASE090,P0589,P0392,TRUE_NETWORK_EDGE
CASE090,P0392,P0732,TRUE_NETWORK_EDGE
CASE090,P0732,P0740,TRUE_NETWORK_EDGE
CASE090,P0595,P0746,TRUE_NETWORK_EDGE
CASE091,P0462,P0095,TRUE_NETWORK_EDGE
CASE091,P0095,P0600,TRUE_NETWORK_EDGE
CASE091,P0600,P0286,TRUE_NETWORK_EDGE
CASE091,P0286,P0738,TRUE_NETWORK_EDGE
CASE091,P0738,P0048,TRUE_NETWORK_EDGE
CASE091,P0048,P0657,TRUE_NETWORK_EDGE
CASE091,P0657,P0828,TRUE_NETWORK_EDGE
CASE092,P0706,P0980,TRUE_NETWORK_EDGE
CASE092,P0980,P0472,TRUE_NETWORK_EDGE
CASE092,P0472,P0024,TRUE_NETWORK_EDGE
CASE092,P0024,P0136,TRUE_NETWORK_EDGE
CASE092,P0136,P0309,TRUE_NETWORK_EDGE
CASE092,P0822,P0232,TRUE_NETWORK_EDGE
CASE092,P0232,P0187,TRUE_NETWORK_EDGE
CASE092,P0187,P0840,TRUE_NETWORK_EDGE
CASE092,P0840,P0020,TRUE_NETWORK_EDGE
CASE092,P0020,P0842,TRUE_NETWORK_EDGE
CASE092,P0842,P0668,TRUE_NETWORK_EDGE
CASE092,P0309,P0822,TRUE_NETWORK_EDGE
CASE093,P0531,P0723,TRUE_NETWORK_EDGE
CASE093,P0332,P0455,TRUE_NETWORK_EDGE
CASE093,P0332,P0811,TRUE_NETWORK_EDGE
CASE093,P0332,P0039,TRUE_NETWORK_EDGE
CASE093,P0332,P0583,TRUE_NETWORK_EDGE
CASE093,P0332,P0311,TRUE_NETWORK_EDGE
CASE094,P0681,P0502,TRUE_NETWORK_EDGE
CASE094,P0502,P0733,TRUE_NETWORK_EDGE
CASE094,P0733,P0286,TRUE_NETWORK_EDGE
CASE094,P0286,P0269,TRUE_NETWORK_EDGE
CASE094,P0269,P0200,TRUE_NETWORK_EDGE
CASE094,P0200,P0825,TRUE_NETWORK_EDGE
CASE094,P0825,P0104,TRUE_NETWORK_EDGE
CASE094,P0104,P0638,TRUE_NETWORK_EDGE
CASE094,P0638,P0910,TRUE_NETWORK_EDGE
CASE094,P0910,P0266,TRUE_NETWORK_EDGE
CASE094,P0266,P0777,TRUE_NETWORK_EDGE
CASE094,P0777,P0979,TRUE_NETWORK_EDGE
CASE094,P0979,P0866,TRUE_NETWORK_EDGE
CASE094,P0866,P0226,TRUE_NETWORK_EDGE
CASE094,P0226,P0765,TRUE_NETWORK_EDGE
CASE094,P0765,P0907,TRUE_NETWORK_EDGE
CASE094,P0907,P0750,TRUE_NETWORK_EDGE
CASE094,P0750,P0372,TRUE_NETWORK_EDGE
CASE094,P0372,P0186,TRUE_NETWORK_EDGE
CASE094,P0186,P0043,TRUE_NETWORK_EDGE
CASE094,P0043,P0921,TRUE_NETWORK_EDGE
CASE094,P0921,P0088,TRUE_NETWORK_EDGE
CASE094,P0088,P0783,TRUE_NETWORK_EDGE
CASE094,P0783,P0954,TRUE_NETWORK_EDGE
CASE094,P0954,P0356,TRUE_NETWORK_EDGE
CASE094,P0356,P0171,TRUE_NETWORK_EDGE
CASE094,P0171,P0228,TRUE_NETWORK_EDGE
CASE094,P0228,P0437,TRUE_NETWORK_EDGE
CASE094,P0437,P0268,TRUE_NETWORK_EDGE
CASE094,P0268,P0352,TRUE_NETWORK_EDGE
CASE094,P0352,P0501,TRUE_NETWORK_EDGE
CASE094,P0501,P0841,TRUE_NETWORK_EDGE
CASE094,P0841,P0865,TRUE_NETWORK_EDGE
CASE094,P0865,P0255,TRUE_NETWORK_EDGE
CASE094,P0255,P0939,TRUE_NETWORK_EDGE
CASE094,P0939,P0198,TRUE_NETWORK_EDGE
CASE094,P0198,P0026,TRUE_NETWORK_EDGE
CASE094,P0026,P0699,TRUE_NETWORK_EDGE
CASE094,P0699,P0100,TRUE_NETWORK_EDGE
CASE094,P0100,P0562,TRUE_NETWORK_EDGE
CASE094,P0562,P0637,TRUE_NETWORK_EDGE
CASE094,P0637,P0061,TRUE_NETWORK_EDGE
CASE094,P0061,P0278,TRUE_NETWORK_EDGE
CASE094,P0278,P0419,TRUE_NETWORK_EDGE
CASE094,P0419,P0076,TRUE_NETWORK_EDGE
CASE094,P0076,P0872,TRUE_NETWORK_EDGE
CASE094,P0872,P0067,TRUE_NETWORK_EDGE
CASE094,P0067,P0080,TRUE_NETWORK_EDGE
CASE094,P0080,P0902,TRUE_NETWORK_EDGE
CASE094,P0902,P0151,TRUE_NETWORK_EDGE
CASE094,P0151,P0057,TRUE_NETWORK_EDGE
CASE094,P0057,P0032,TRUE_NETWORK_EDGE
CASE095,P0682,P0933,TRUE_NETWORK_EDGE
CASE095,P0236,P0315,TRUE_NETWORK_EDGE
CASE095,P0682,P0661,TRUE_NETWORK_EDGE
CASE095,P0682,P0653,TRUE_NETWORK_EDGE
CASE095,P0682,P0125,TRUE_NETWORK_EDGE
CASE095,P0682,P0987,TRUE_NETWORK_EDGE
CASE095,P0682,P0260,TRUE_NETWORK_EDGE
CASE095,P0236,P0207,TRUE_NETWORK_EDGE
CASE095,P0236,P0814,TRUE_NETWORK_EDGE
CASE095,P0682,P0519,TRUE_NETWORK_EDGE
CASE095,P0682,P0679,TRUE_NETWORK_EDGE
CASE095,P0682,P0802,TRUE_NETWORK_EDGE
CASE095,P0236,P0652,TRUE_NETWORK_EDGE
CASE095,P0236,P0224,TRUE_NETWORK_EDGE
CASE095,P0682,P0497,TRUE_NETWORK_EDGE
CASE095,P0236,P0729,TRUE_NETWORK_EDGE
CASE095,P0236,P0637,TRUE_NETWORK_EDGE
CASE095,P0236,P0546,TRUE_NETWORK_EDGE
CASE095,P0682,P0426,TRUE_NETWORK_EDGE
CASE095,P0236,P0876,TRUE_NETWORK_EDGE
CASE096,P0673,P0331,TRUE_NETWORK_EDGE
CASE096,P0331,P0304,TRUE_NETWORK_EDGE
CASE096,P0304,P0851,TRUE_NETWORK_EDGE
CASE096,P0851,P0238,TRUE_NETWORK_EDGE
CASE096,P0238,P0198,TRUE_NETWORK_EDGE
CASE096,P0198,P0660,TRUE_NETWORK_EDGE
CASE096,P0660,P0907,TRUE_NETWORK_EDGE
CASE096,P0907,P0588,TRUE_NETWORK_EDGE
CASE096,P0588,P0947,TRUE_NETWORK_EDGE
CASE096,P0947,P0788,TRUE_NETWORK_EDGE
CASE096,P0788,P0883,TRUE_NETWORK_EDGE
CASE096,P0883,P0092,TRUE_NETWORK_EDGE
CASE096,P0092,P0285,TRUE_NETWORK_EDGE
CASE096,P0285,P0809,TRUE_NETWORK_EDGE
CASE096,P0809,P0383,TRUE_NETWORK_EDGE
CASE096,P0383,P0812,TRUE_NETWORK_EDGE
CASE096,P0812,P0605,TRUE_NETWORK_EDGE
CASE096,P0605,P0692,TRUE_NETWORK_EDGE
CASE096,P0692,P0290,TRUE_NETWORK_EDGE
CASE096,P0290,P0561,TRUE_NETWORK_EDGE
CASE096,P0561,P0334,TRUE_NETWORK_EDGE
CASE096,P0334,P0981,TRUE_NETWORK_EDGE
CASE096,P0981,P0818,TRUE_NETWORK_EDGE
CASE096,P0818,P0162,TRUE_NETWORK_EDGE
CASE096,P0162,P0338,TRUE_NETWORK_EDGE
CASE096,P0338,P0184,TRUE_NETWORK_EDGE
CASE096,P0184,P0597,TRUE_NETWORK_EDGE
CASE096,P0597,P0576,TRUE_NETWORK_EDGE
CASE096,P0576,P0865,TRUE_NETWORK_EDGE
CASE096,P0865,P0546,TRUE_NETWORK_EDGE
CASE096,P0546,P0448,TRUE_NETWORK_EDGE
CASE096,P0448,P0461,TRUE_NETWORK_EDGE
CASE096,P0461,P0256,TRUE_NETWORK_EDGE
CASE096,P0256,P0654,TRUE_NETWORK_EDGE
CASE096,P0654,P0429,TRUE_NETWORK_EDGE
CASE096,P0429,P0591,TRUE_NETWORK_EDGE
CASE096,P0591,P0997,TRUE_NETWORK_EDGE
CASE096,P0997,P0980,TRUE_NETWORK_EDGE
CASE096,P0980,P0158,TRUE_NETWORK_EDGE
CASE096,P0158,P0301,TRUE_NETWORK_EDGE
CASE096,P0301,P0884,TRUE_NETWORK_EDGE
CASE096,P0884,P0249,TRUE_NETWORK_EDGE
CASE096,P0249,P0458,TRUE_NETWORK_EDGE
CASE096,P0458,P0674,TRUE_NETWORK_EDGE
CASE096,P0674,P0743,TRUE_NETWORK_EDGE
CASE096,P0743,P0072,TRUE_NETWORK_EDGE
CASE096,P0072,P0362,TRUE_NETWORK_EDGE
CASE096,P0362,P0214,TRUE_NETWORK_EDGE
CASE096,P0214,P0211,TRUE_NETWORK_EDGE
CASE096,P0211,P0550,TRUE_NETWORK_EDGE
CASE096,P0550,P0045,TRUE_NETWORK_EDGE
CASE096,P0045,P0121,TRUE_NETWORK_EDGE
CASE096,P0121,P0431,TRUE_NETWORK_EDGE
CASE096,P0431,P0790,TRUE_NETWORK_EDGE
CASE096,P0790,P0364,TRUE_NETWORK_EDGE
CASE096,P0364,P0227,TRUE_NETWORK_EDGE
CASE096,P0227,P0294,TRUE_NETWORK_EDGE
CASE096,P0294,P0849,TRUE_NETWORK_EDGE
CASE096,P0849,P0459,TRUE_NETWORK_EDGE
CASE096,P0459,P0332,TRUE_NETWORK_EDGE
CASE096,P0332,P0084,TRUE_NETWORK_EDGE
CASE096,P0084,P0656,TRUE_NETWORK_EDGE
CASE096,P0656,P0414,TRUE_NETWORK_EDGE
CASE096,P0414,P0363,TRUE_NETWORK_EDGE
CASE096,P0363,P0102,TRUE_NETWORK_EDGE
CASE096,P0102,P0279,TRUE_NETWORK_EDGE
CASE097,P0890,P0664,TRUE_NETWORK_EDGE
CASE097,P0664,P0788,TRUE_NETWORK_EDGE
CASE097,P0788,P0676,TRUE_NETWORK_EDGE
CASE097,P0676,P0900,TRUE_NETWORK_EDGE
CASE097,P0900,P0714,TRUE_NETWORK_EDGE
CASE097,P0714,P0717,TRUE_NETWORK_EDGE
CASE097,P0717,P0928,TRUE_NETWORK_EDGE
CASE097,P0928,P0678,TRUE_NETWORK_EDGE
CASE097,P0678,P0003,TRUE_NETWORK_EDGE
CASE097,P0003,P0340,TRUE_NETWORK_EDGE
CASE097,P0340,P0862,TRUE_NETWORK_EDGE
CASE097,P0862,P0658,TRUE_NETWORK_EDGE
CASE097,P0658,P0535,TRUE_NETWORK_EDGE
CASE097,P0535,P0045,TRUE_NETWORK_EDGE
CASE097,P0045,P0190,TRUE_NETWORK_EDGE
CASE097,P0190,P0391,TRUE_NETWORK_EDGE
CASE097,P0391,P0792,TRUE_NETWORK_EDGE
CASE097,P0792,P0593,TRUE_NETWORK_EDGE
CASE097,P0593,P0059,TRUE_NETWORK_EDGE
CASE097,P0059,P0299,TRUE_NETWORK_EDGE
CASE097,P0299,P0974,TRUE_NETWORK_EDGE
CASE098,P0224,P0103,TRUE_NETWORK_EDGE
CASE098,P0224,P0241,TRUE_NETWORK_EDGE
CASE098,P0103,P0241,TRUE_NETWORK_EDGE
CASE098,P0103,P0690,TRUE_NETWORK_EDGE
CASE098,P0241,P0690,TRUE_NETWORK_EDGE
CASE099,P0519,P0229,TRUE_NETWORK_EDGE
CASE099,P0935,P0270,TRUE_NETWORK_EDGE
CASE099,P0935,P0061,TRUE_NETWORK_EDGE
CASE099,P0935,P0001,TRUE_NETWORK_EDGE
CASE099,P0935,P0246,TRUE_NETWORK_EDGE
CASE099,P0935,P0158,TRUE_NETWORK_EDGE
CASE099,P0935,P0534,TRUE_NETWORK_EDGE
CASE099,P0935,P0934,TRUE_NETWORK_EDGE
CASE099,P0519,P0701,TRUE_NETWORK_EDGE
CASE099,P0519,P0230,TRUE_NETWORK_EDGE
CASE099,P0935,P0666,TRUE_NETWORK_EDGE
CASE099,P0519,P0599,TRUE_NETWORK_EDGE
CASE099,P0935,P0971,TRUE_NETWORK_EDGE
CASE099,P0935,P0649,TRUE_NETWORK_EDGE
CASE099,P0519,P0319,TRUE_NETWORK_EDGE
CASE099,P0935,P0476,TRUE_NETWORK_EDGE
CASE099,P0935,P0469,TRUE_NETWORK_EDGE
CASE099,P0935,P0918,TRUE_NETWORK_EDGE
CASE099,P0935,P0066,TRUE_NETWORK_EDGE
CASE099,P0519,P0977,TRUE_NETWORK_EDGE
CASE099,P0519,P0700,TRUE_NETWORK_EDGE
CASE099,P0519,P0650,TRUE_NETWORK_EDGE
CASE099,P0935,P0771,TRUE_NETWORK_EDGE
CASE099,P0519,P0038,TRUE_NETWORK_EDGE
CASE099,P0935,P0808,TRUE_NETWORK_EDGE
CASE099,P0519,P0716,TRUE_NETWORK_EDGE
CASE099,P0935,P0558,TRUE_NETWORK_EDGE
CASE099,P0519,P0118,TRUE_NETWORK_EDGE
CASE099,P0935,P0682,TRUE_NETWORK_EDGE
CASE099,P0935,P0611,TRUE_NETWORK_EDGE
CASE099,P0519,P0132,TRUE_NETWORK_EDGE
CASE099,P0935,P0778,TRUE_NETWORK_EDGE
CASE099,P0935,P0799,TRUE_NETWORK_EDGE
CASE099,P0519,P0289,TRUE_NETWORK_EDGE
CASE099,P0935,P0513,TRUE_NETWORK_EDGE
CASE099,P0935,P0169,TRUE_NETWORK_EDGE
CASE099,P0935,P0624,TRUE_NETWORK_EDGE
CASE099,P0519,P0437,TRUE_NETWORK_EDGE
CASE099,P0935,P0457,TRUE_NETWORK_EDGE
CASE099,P0519,P0931,TRUE_NETWORK_EDGE
CASE099,P0935,P0082,TRUE_NETWORK_EDGE
CASE099,P0519,P0815,TRUE_NETWORK_EDGE
CASE099,P0935,P0717,TRUE_NETWORK_EDGE
CASE099,P0519,P0396,TRUE_NETWORK_EDGE
CASE099,P0935,P0911,TRUE_NETWORK_EDGE
CASE099,P0935,P0678,TRUE_NETWORK_EDGE
CASE099,P0935,P0614,TRUE_NETWORK_EDGE
CASE099,P0519,P0190,TRUE_NETWORK_EDGE
CASE099,P0935,P0134,TRUE_NETWORK_EDGE
CASE099,P0519,P0968,TRUE_NETWORK_EDGE
CASE099,P0935,P0062,TRUE_NETWORK_EDGE
CASE099,P0935,P0630,TRUE_NETWORK_EDGE
CASE099,P0519,P0107,TRUE_NETWORK_EDGE
CASE099,P0519,P0388,TRUE_NETWORK_EDGE
CASE099,P0935,P0777,TRUE_NETWORK_EDGE
CASE099,P0519,P0272,TRUE_NETWORK_EDGE
CASE099,P0935,P0375,TRUE_NETWORK_EDGE
CASE099,P0519,P0401,TRUE_NETWORK_EDGE
CASE099,P0935,P0427,TRUE_NETWORK_EDGE
CASE099,P0519,P0350,TRUE_NETWORK_EDGE
CASE099,P0935,P0572,TRUE_NETWORK_EDGE
CASE099,P0935,P0706,TRUE_NETWORK_EDGE
CASE099,P0935,P0471,TRUE_NETWORK_EDGE
CASE099,P0935,P0535,TRUE_NETWORK_EDGE
CASE099,P0519,P0097,TRUE_NETWORK_EDGE
CASE099,P0935,P0282,TRUE_NETWORK_EDGE
CASE099,P0935,P0423,TRUE_NETWORK_EDGE
CASE099,P0935,P0510,TRUE_NETWORK_EDGE
CASE099,P0519,P0677,TRUE_NETWORK_EDGE
CASE099,P0519,P0913,TRUE_NETWORK_EDGE
CASE099,P0935,P0866,TRUE_NETWORK_EDGE
CASE099,P0935,P0333,TRUE_NETWORK_EDGE
CASE099,P0935,P0425,TRUE_NETWORK_EDGE
CASE099,P0935,P0769,TRUE_NETWORK_EDGE
CASE099,P0935,P0010,TRUE_NETWORK_EDGE
CASE099,P0935,P0833,TRUE_NETWORK_EDGE
CASE100,P0789,P0478,TRUE_NETWORK_EDGE
CASE100,P0478,P0348,TRUE_NETWORK_EDGE
CASE100,P0348,P0863,TRUE_NETWORK_EDGE
CASE100,P0863,P0643,TRUE_NETWORK_EDGE
CASE100,P0643,P0098,TRUE_NETWORK_EDGE
CASE100,P0098,P0019,TRUE_NETWORK_EDGE
CASE100,P0019,P0946,TRUE_NETWORK_EDGE
CASE100,P0946,P0957,TRUE_NETWORK_EDGE
CASE100,P0957,P0598,TRUE_NETWORK_EDGE
CASE100,P0598,P0989,TRUE_NETWORK_EDGE
CASE100,P0989,P0306,TRUE_NETWORK_EDGE
CASE100,P0306,P0198,TRUE_NETWORK_EDGE
CASE100,P0198,P0950,TRUE_NETWORK_EDGE
CASE100,P0950,P0674,TRUE_NETWORK_EDGE
CASE100,P0674,P0625,TRUE_NETWORK_EDGE
